origination_id,merchant_id,partner_id,business_vertical,state,funding_date,estimated_maturity_date,avg_monthly_gmv_usd,prior_advances_count,risk_score,industry_risk_tier,advance_amount_usd,factor_rate,total_repayment_usd,total_fee_usd,remittance_rate,term_estimate_days,status,pct_repaid,amount_repaid_usd
ORG-200001,MCH-100001,PTR-006,E-commerce Retail,CA,2022-03-03,2022-06-28,187455.22,0,545,low,70152.4,1.103,77378.1,7225.7,0.105,117,active,0.781,60432.3
ORG-200002,MCH-100002,PTR-003,Retail Store,NC,2025-10-31,2025-12-30,217689.05,1,645,medium,28288.7,1.261,35672.05,7383.35,0.141,60,completed,1.0,35672.05
ORG-200003,MCH-100003,PTR-001,Cafe,MA,2022-10-20,2022-12-19,72793.29,0,802,medium,11497.45,1.319,15165.14,3667.69,0.134,60,active,0.786,11919.8
ORG-200004,MCH-100004,PTR-004,Wellness Clinic,OR,2022-08-17,2022-11-05,68842.22,1,802,low,21375.84,1.152,24624.97,3249.13,0.133,80,completed,1.0,24624.97
ORG-200005,MCH-100005,PTR-005,Restaurant,MN,2026-02-07,2026-05-04,86445.77,0,797,medium,12112.05,1.233,14934.16,2822.11,0.06,86,completed,1.0,14934.16
ORG-200006,MCH-100006,PTR-006,Photography Studio,CO,2022-01-15,2022-03-16,114020.22,1,539,medium,9037.48,1.23,11116.1,2078.62,0.126,60,active,0.921,10237.93
ORG-200007,MCH-100007,PTR-004,Yoga Studio,NJ,2023-01-28,2023-04-14,107486.75,3,517,low,13566.39,1.296,17582.04,4015.65,0.064,76,active,0.857,15067.81
ORG-200008,MCH-100008,PTR-004,Yoga Studio,TN,2025-01-15,2025-03-16,77030.31,2,734,high,9454.12,1.342,12687.43,3233.31,0.125,60,active,0.81,10276.82
ORG-200009,MCH-100009,PTR-001,Bakery,MD,2023-10-10,2023-12-15,144784.92,0,583,medium,22524.87,1.261,28403.86,5878.99,0.089,66,active,0.98,27835.78
ORG-200010,MCH-100010,PTR-006,Photography Studio,PA,2025-05-23,2025-07-22,233484.96,0,781,medium,22709.15,1.229,27909.55,5200.4,0.085,60,active,0.82,22885.83
ORG-200011,MCH-100011,PTR-005,Restaurant,FL,2023-09-24,2024-03-26,26209.01,3,789,low,9665.29,1.12,10825.12,1159.83,0.067,184,completed,1.0,10825.12
ORG-200012,MCH-100012,PTR-001,Restaurant,MN,2022-01-04,2022-03-05,113164.43,2,600,low,25062.29,1.149,28796.57,3734.28,0.142,60,completed,1.0,28796.57
ORG-200013,MCH-100013,PTR-006,Creative Services,AZ,2025-03-11,2025-08-03,105380.89,0,541,high,29138.31,1.282,37355.31,8217.0,0.073,145,completed,1.0,37355.31
ORG-200014,MCH-100014,PTR-002,E-commerce Retail,CA,2025-02-15,2025-04-21,224023.68,3,783,high,42465.62,1.268,53846.41,11380.79,0.11,65,active,0.98,52769.48
ORG-200015,MCH-100015,PTR-002,Marketplace Reseller,OH,2025-01-11,2025-04-15,193326.91,1,701,medium,49934.83,1.143,57075.51,7140.68,0.094,94,active,0.753,42977.86
ORG-200016,MCH-100016,PTR-003,Convenience Store,MI,2024-12-29,2025-03-25,15024.01,0,717,high,5747.16,1.328,7632.23,1885.07,0.177,86,active,0.838,6395.81
ORG-200017,MCH-100017,PTR-002,E-commerce Retail,CA,2022-12-10,2023-02-08,158363.23,0,652,low,35038.87,1.269,44464.33,9425.46,0.15,60,completed,1.0,44464.33
ORG-200018,MCH-100018,PTR-002,E-commerce Retail,PA,2023-11-30,2024-01-29,213770.96,1,539,low,40850.77,1.18,48203.91,7353.14,0.116,60,active,0.847,40828.71
ORG-200019,MCH-100019,PTR-003,Auto Repair,NY,2023-12-28,2024-02-26,75500.64,1,740,high,14780.79,1.168,17263.96,2483.17,0.113,60,active,0.819,14139.18
ORG-200020,MCH-100020,PTR-002,CPG Brand,NC,2023-07-09,2023-09-11,82101.86,1,651,medium,21155.15,1.169,24730.37,3575.22,0.141,64,completed,1.0,24730.37
ORG-200021,MCH-100021,PTR-001,Ghost Kitchen,PA,2022-09-16,2022-11-15,63050.93,0,505,medium,14396.04,1.229,17692.73,3296.69,0.141,60,completed,1.0,17692.73
ORG-200022,MCH-100022,PTR-002,E-commerce Retail,MD,2024-07-11,2024-10-14,237688.41,0,579,high,78403.97,1.141,89458.93,11054.96,0.118,95,active,0.804,71924.98
ORG-200023,MCH-100023,PTR-002,CPG Brand,FL,2025-03-11,2025-05-10,139784.1,1,791,medium,12714.14,1.163,14786.54,2072.4,0.147,60,active,0.854,12627.71
ORG-200024,MCH-100024,PTR-001,Cafe,MD,2024-10-04,2024-12-27,17736.06,2,651,high,5382.14,1.238,6663.09,1280.95,0.133,84,paid_off_early,1.0,6663.09
ORG-200025,MCH-100025,PTR-005,Bar,NJ,2023-08-13,2023-11-14,21117.39,1,699,high,7000.0,1.135,7945.0,945.0,0.121,93,completed,1.0,7945.0
ORG-200026,MCH-100026,PTR-004,Spa,MN,2023-07-02,2023-10-03,130994.3,3,776,medium,52858.76,1.172,61950.47,9091.71,0.152,93,active,0.799,49498.43
ORG-200027,MCH-100027,PTR-001,Ghost Kitchen,OR,2025-09-02,2025-11-13,241615.57,0,532,high,37131.53,1.084,40250.58,3119.05,0.069,72,paid_off_early,1.0,40250.58
ORG-200028,MCH-100028,PTR-004,Fitness Studio,MN,2022-07-25,2022-10-11,24557.82,1,795,medium,7633.9,1.107,8450.73,816.83,0.132,78,completed,1.0,8450.73
ORG-200029,MCH-100029,PTR-003,Convenience Store,OH,2025-04-18,2025-07-17,169375.45,3,649,medium,40555.64,1.199,48626.21,8070.57,0.095,90,completed,1.0,48626.21
ORG-200030,MCH-100030,PTR-002,Marketplace Reseller,CO,2024-06-21,2024-11-17,60999.1,0,580,medium,21810.92,1.255,27372.7,5561.78,0.09,149,active,0.828,22664.6
ORG-200031,MCH-100031,PTR-005,Restaurant,NY,2022-08-26,2022-10-25,161767.75,1,724,high,15002.57,1.09,16352.8,1350.23,0.179,60,active,0.98,16025.74
ORG-200032,MCH-100032,PTR-004,Wellness Clinic,NC,2024-07-20,2024-09-18,215018.95,0,719,medium,20574.17,1.341,27589.96,7015.79,0.173,60,active,0.774,21354.63
ORG-200033,MCH-100033,PTR-003,Auto Repair,IL,2022-02-02,2022-04-03,138732.14,2,535,low,16849.74,1.293,21786.71,4936.97,0.127,60,active,0.718,15642.86
ORG-200034,MCH-100034,PTR-001,Bakery,MA,2023-07-18,2023-09-16,111158.22,0,728,high,9506.3,1.244,11825.84,2319.54,0.059,60,completed,1.0,11825.84
ORG-200035,MCH-100035,PTR-002,CPG Brand,TN,2024-02-06,2024-04-06,222918.03,1,765,high,37150.27,1.195,44394.57,7244.3,0.136,60,paid_off_early,1.0,44394.57
ORG-200036,MCH-100036,PTR-004,Yoga Studio,NJ,2023-04-05,2023-06-04,218078.3,2,810,medium,45955.23,1.137,52251.1,6295.87,0.135,60,active,0.823,43002.66
ORG-200037,MCH-100037,PTR-003,Salon,CO,2024-12-22,2025-05-08,9477.6,3,681,high,2000,1.342,2684.0,684.0,0.062,137,active,0.847,2273.35
ORG-200038,MCH-100038,PTR-006,Creative Services,NY,2025-12-24,2026-05-09,104091.22,2,640,high,48021.69,1.235,59306.79,11285.1,0.125,136,completed,1.0,59306.79
ORG-200039,MCH-100039,PTR-001,Ghost Kitchen,OH,2026-04-06,2026-06-05,55739.78,1,743,low,9554.83,1.213,11590.01,2035.18,0.148,60,completed,1.0,11590.01
ORG-200040,MCH-100040,PTR-005,Restaurant,CO,2022-07-04,2022-09-02,130775.53,0,645,low,23504.34,1.254,29474.44,5970.1,0.177,60,completed,1.0,29474.44
ORG-200041,MCH-100041,PTR-001,Cafe,NY,2023-08-03,2024-01-06,130100.86,0,579,high,52763.31,1.245,65690.32,12927.01,0.097,156,completed,1.0,65690.32
ORG-200042,MCH-100042,PTR-002,E-commerce Retail,PA,2022-11-12,2023-02-26,212351.67,0,747,low,77656.05,1.247,96837.09,19181.04,0.128,106,active,0.98,94900.35
ORG-200043,MCH-100043,PTR-003,Retail Store,OR,2023-03-31,2023-08-25,213982.18,0,744,medium,49942.44,1.304,65124.94,15182.5,0.062,147,active,0.98,63822.44
ORG-200044,MCH-100044,PTR-003,Auto Repair,MD,2025-02-08,2025-04-09,108809.36,2,527,medium,12492.09,1.217,15202.87,2710.78,0.178,60,active,0.98,14898.81
ORG-200045,MCH-100045,PTR-006,Creative Services,MI,2023-10-09,2023-12-08,160880.08,3,520,high,13624.4,1.294,17629.97,4005.57,0.165,60,active,0.88,15514.37
ORG-200046,MCH-100046,PTR-002,CPG Brand,MI,2025-01-22,2025-03-23,96897.96,2,585,low,22898.49,1.243,28462.82,5564.33,0.157,60,completed,1.0,28462.82
ORG-200047,MCH-100047,PTR-005,Bar,OH,2022-10-20,2022-12-19,162751.57,2,518,high,39441.94,1.263,49815.17,10373.23,0.174,60,active,0.937,46676.81
ORG-200048,MCH-100048,PTR-003,Auto Repair,FL,2023-08-08,2023-10-07,14271.03,0,666,low,2112.08,1.2,2534.5,422.42,0.18,60,completed,1.0,2534.5
ORG-200049,MCH-100049,PTR-003,Auto Repair,WA,2025-03-18,2025-07-02,200074.52,1,539,medium,56777.73,1.213,68871.39,12093.66,0.097,106,completed,1.0,68871.39
ORG-200050,MCH-100050,PTR-002,E-commerce Retail,AZ,2022-09-14,2022-12-15,234206.56,0,803,medium,70454.66,1.251,88138.78,17684.12,0.122,92,completed,1.0,88138.78
ORG-200051,MCH-100051,PTR-006,Photography Studio,PA,2024-09-18,2024-11-17,163341.56,0,578,high,22285.41,1.096,24424.81,2139.4,0.107,60,completed,1.0,24424.81
ORG-200052,MCH-100052,PTR-002,CPG Brand,FL,2022-11-24,2023-02-28,72728.15,0,531,medium,34255.19,1.193,40866.44,6611.25,0.175,96,active,0.98,40049.11
ORG-200053,MCH-100053,PTR-001,Ghost Kitchen,CO,2022-07-18,2023-02-11,141879.95,0,661,medium,53117.64,1.245,66131.46,13013.82,0.067,208,completed,1.0,66131.46
ORG-200054,MCH-100054,PTR-002,CPG Brand,GA,2024-09-06,2024-11-09,107311.33,2,795,low,33768.91,1.231,41569.53,7800.62,0.18,64,completed,1.0,41569.53
ORG-200055,MCH-100055,PTR-005,Bar,NC,2026-01-17,2026-04-16,235839.5,5,747,medium,71758.66,1.21,86827.98,15069.32,0.123,89,active,0.743,64513.19
ORG-200056,MCH-100056,PTR-006,E-commerce Retail,TX,2024-09-01,2024-10-31,32247.91,0,651,medium,3111.21,1.331,4141.02,1029.81,0.103,60,completed,1.0,4141.02
ORG-200057,MCH-100057,PTR-002,CPG Brand,WA,2022-03-18,2022-06-03,234009.27,0,768,high,40381.12,1.316,53141.55,12760.43,0.088,77,active,0.899,47774.25
ORG-200058,MCH-100058,PTR-004,Wellness Clinic,OR,2024-07-03,2024-10-09,87358.25,1,531,medium,26555.52,1.082,28733.07,2177.55,0.1,98,default,0.575,16521.52
ORG-200059,MCH-100059,PTR-003,Salon,MN,2024-08-22,2024-12-01,61445.52,4,653,high,21200.93,1.192,25271.51,4070.58,0.121,101,default,0.491,12408.31
ORG-200060,MCH-100060,PTR-005,Restaurant,MD,2024-11-11,2025-01-12,137871.76,0,773,high,14493.47,1.237,17928.42,3434.95,0.062,62,completed,1.0,17928.42
ORG-200061,MCH-100061,PTR-003,Retail Store,GA,2024-08-24,2024-10-23,147951.33,0,610,low,28174.16,1.321,37218.07,9043.91,0.178,60,active,0.843,31374.83
ORG-200062,MCH-100062,PTR-002,Marketplace Reseller,MA,2024-05-18,2024-09-01,135979.89,2,571,low,57379.99,1.205,69142.89,11762.9,0.143,106,completed,1.0,69142.89
ORG-200063,MCH-100063,PTR-006,Photography Studio,AZ,2023-09-08,2023-11-16,147748.91,2,762,medium,21478.9,1.258,27020.46,5541.56,0.079,69,active,0.895,24183.31
ORG-200064,MCH-100064,PTR-006,E-commerce Retail,TN,2024-07-10,2024-10-23,229367.36,1,810,medium,41492.05,1.169,48504.21,7012.16,0.06,105,active,0.732,35505.08
ORG-200065,MCH-100065,PTR-003,Salon,OR,2022-04-04,2022-07-22,221640.49,1,757,high,64839.11,1.135,73592.39,8753.28,0.091,109,completed,1.0,73592.39
ORG-200066,MCH-100066,PTR-002,E-commerce Retail,VA,2022-04-10,2022-06-13,126172.55,4,673,low,38766.39,1.1,42643.03,3876.64,0.156,64,default,0.277,11812.12
ORG-200067,MCH-100067,PTR-001,Ghost Kitchen,OR,2022-02-04,2022-04-19,118354.34,0,704,high,24765.25,1.224,30312.67,5547.42,0.103,74,completed,1.0,30312.67
ORG-200068,MCH-100068,PTR-004,Fitness Studio,CO,2025-08-23,2025-10-22,240150.07,1,578,medium,53340.49,1.102,58781.22,5440.73,0.179,60,default,0.101,5936.9
ORG-200069,MCH-100069,PTR-005,Bar,TX,2024-12-17,2025-02-15,162093.03,2,526,high,42505.47,1.344,57127.35,14621.88,0.177,60,active,0.78,44559.33
ORG-200070,MCH-100070,PTR-004,Fitness Studio,PA,2025-11-12,2026-01-26,47312.96,0,767,high,14651.93,1.184,17347.89,2695.96,0.146,75,completed,1.0,17347.89
ORG-200071,MCH-100071,PTR-004,Spa,MD,2025-07-22,2025-09-20,167882.6,0,698,medium,39231.22,1.122,44017.43,4786.21,0.143,60,active,0.836,36798.57
ORG-200072,MCH-100072,PTR-004,Fitness Studio,PA,2023-09-09,2023-12-30,108142.04,2,732,medium,23290.78,1.183,27552.99,4262.21,0.068,112,active,0.751,20692.3
ORG-200073,MCH-100073,PTR-002,CPG Brand,MA,2026-01-29,2026-04-27,75832.64,2,617,medium,21502.27,1.264,27178.87,5676.6,0.122,88,completed,1.0,27178.87
ORG-200074,MCH-100074,PTR-005,Restaurant,CO,2025-06-08,2025-08-07,177795.5,3,690,low,18962.93,1.259,23874.33,4911.4,0.072,60,active,0.98,23396.84
ORG-200075,MCH-100075,PTR-005,Restaurant,CO,2024-07-21,2024-09-19,249444.06,1,595,low,40505.86,1.118,45285.55,4779.69,0.091,60,active,0.882,39941.86
ORG-200076,MCH-100076,PTR-003,Convenience Store,TN,2024-05-29,2024-08-27,64109.04,1,559,high,15762.52,1.318,20775.0,5012.48,0.108,90,completed,1.0,20775.0
ORG-200077,MCH-100077,PTR-006,Photography Studio,PA,2024-11-12,2025-01-11,230321.18,1,715,medium,26109.67,1.129,29477.82,3368.15,0.14,60,completed,1.0,29477.82
ORG-200078,MCH-100078,PTR-005,Restaurant,CO,2024-05-01,2024-08-11,238345.75,1,562,high,93565.98,1.214,113589.1,20023.12,0.139,102,completed,1.0,113589.1
ORG-200079,MCH-100079,PTR-004,Spa,NJ,2022-06-28,2022-08-27,32784.78,3,740,medium,8527.08,1.151,9814.67,1287.59,0.162,60,completed,1.0,9814.67
ORG-200080,MCH-100080,PTR-003,Auto Repair,AZ,2023-07-22,2023-10-25,244918.04,0,683,low,37843.42,1.191,45071.51,7228.09,0.058,95,active,0.744,33533.2
ORG-200081,MCH-100081,PTR-004,Yoga Studio,NY,2022-09-25,2022-11-26,200554.06,1,810,medium,43946.84,1.157,50846.49,6899.65,0.121,62,completed,1.0,50846.49
ORG-200082,MCH-100082,PTR-002,Marketplace Reseller,IL,2025-08-21,2025-10-20,221479.76,0,780,medium,24518.77,1.102,27019.68,2500.91,0.136,60,active,0.839,22669.51
ORG-200083,MCH-100083,PTR-002,CPG Brand,NY,2026-03-23,2026-05-22,63405.14,0,758,low,14785.73,1.117,16515.66,1729.93,0.151,60,active,0.925,15276.99
ORG-200084,MCH-100084,PTR-006,Creative Services,CO,2023-08-07,2023-10-10,241106.19,0,545,medium,59642.53,1.242,74076.02,14433.49,0.144,64,default,0.43,31852.69
ORG-200085,MCH-100085,PTR-006,Creative Services,PA,2024-12-17,2025-02-15,164373.09,2,754,medium,30861.83,1.215,37497.12,6635.29,0.127,60,active,0.704,26397.97
ORG-200086,MCH-100086,PTR-004,Yoga Studio,OR,2022-11-15,2023-01-29,193640.62,1,629,medium,30506.1,1.218,37156.43,6650.33,0.076,75,completed,1.0,37156.43
ORG-200087,MCH-100087,PTR-006,Photography Studio,WA,2023-06-15,2023-08-14,36905.21,2,724,medium,8236.11,1.22,10048.05,1811.94,0.157,60,active,0.744,7475.75
ORG-200088,MCH-100088,PTR-003,Auto Repair,OH,2023-05-16,2023-07-15,195145.61,3,716,low,31963.82,1.092,34904.49,2940.67,0.162,60,active,0.827,28866.01
ORG-200089,MCH-100089,PTR-001,Ghost Kitchen,NC,2022-06-26,2023-01-03,202649.8,5,805,low,90275.2,1.289,116364.73,26089.53,0.09,191,completed,1.0,116364.73
ORG-200090,MCH-100090,PTR-002,Marketplace Reseller,NJ,2025-04-27,2025-08-06,177604.95,1,812,low,48526.83,1.252,60755.59,12228.76,0.101,101,completed,1.0,60755.59
ORG-200091,MCH-100091,PTR-002,CPG Brand,PA,2023-11-03,2024-01-22,120129.88,3,529,medium,46894.86,1.091,51162.29,4267.43,0.159,80,active,0.949,48553.01
ORG-200092,MCH-100092,PTR-001,Cafe,NY,2022-09-08,2022-11-12,13275.64,0,789,high,3425.49,1.309,4483.97,1058.48,0.155,65,active,0.861,3860.7
ORG-200093,MCH-100093,PTR-001,Restaurant,OH,2026-05-21,2026-08-02,100689.7,1,706,medium,34314.33,1.295,44437.06,10122.73,0.179,73,completed,1.0,44437.06
ORG-200094,MCH-100094,PTR-005,Restaurant,WA,2024-03-06,2024-06-01,32232.51,2,585,low,13504.76,1.235,16678.38,3173.62,0.178,87,completed,1.0,16678.38
ORG-200095,MCH-100095,PTR-001,Cafe,MN,2022-08-16,2022-10-15,56754.38,0,729,medium,4926.2,1.27,6256.27,1330.07,0.068,60,active,0.98,6131.14
ORG-200096,MCH-100096,PTR-005,Bar,NC,2024-03-12,2024-05-11,169058.66,3,621,medium,25335.79,1.336,33848.62,8512.83,0.173,60,active,0.97,32833.16
ORG-200097,MCH-100097,PTR-006,Photography Studio,AZ,2024-06-16,2024-11-24,116084.44,0,580,low,27385.48,1.275,34916.49,7531.01,0.056,161,default,0.583,20356.31
ORG-200098,MCH-100098,PTR-001,Bakery,WA,2026-02-03,2026-04-04,154970.87,1,517,medium,19591.22,1.268,24841.67,5250.45,0.144,60,completed,1.0,24841.67
ORG-200099,MCH-100099,PTR-001,Restaurant,GA,2022-07-06,2022-09-04,49341.39,0,526,low,8685.39,1.212,10526.69,1841.3,0.136,60,completed,1.0,10526.69
ORG-200100,MCH-100100,PTR-006,Creative Services,VA,2024-08-30,2025-01-02,108184.77,2,573,low,45599.47,1.193,54400.17,8800.7,0.12,125,completed,1.0,54400.17
ORG-200101,MCH-100101,PTR-005,Bar,AZ,2022-01-26,2022-04-27,228414.69,4,521,high,62389.13,1.311,81792.15,19403.02,0.118,91,active,0.918,75085.19
ORG-200102,MCH-100102,PTR-002,E-commerce Retail,MI,2023-04-12,2023-06-15,230842.07,3,506,medium,52608.46,1.312,69022.3,16413.84,0.139,64,active,0.98,67641.85
ORG-200103,MCH-100103,PTR-005,Food Truck,CA,2023-07-16,2023-09-14,50044.44,3,564,low,8256.04,1.328,10964.02,2707.98,0.142,60,completed,1.0,10964.02
ORG-200104,MCH-100104,PTR-003,Retail Store,PA,2024-04-18,2024-10-08,14643.02,0,773,medium,5714.6,1.263,7217.54,1502.94,0.085,173,completed,1.0,7217.54
ORG-200105,MCH-100105,PTR-003,Auto Repair,CA,2023-01-24,2023-03-25,166606.94,5,583,high,41483.07,1.237,51314.56,9831.49,0.179,60,completed,1.0,51314.56
ORG-200106,MCH-100106,PTR-005,Restaurant,AZ,2024-08-07,2024-10-23,166373.18,0,571,medium,45746.33,1.18,53980.67,8234.34,0.126,77,active,0.865,46693.28
ORG-200107,MCH-100107,PTR-004,Yoga Studio,WA,2026-04-13,2026-07-10,83846.21,0,645,medium,21977.45,1.286,28263.0,6285.55,0.114,88,default,0.121,3419.82
ORG-200108,MCH-100108,PTR-004,Wellness Clinic,NJ,2024-12-23,2025-04-10,241609.34,1,512,medium,98147.88,1.321,129653.35,31505.47,0.148,108,active,0.937,121485.19
ORG-200109,MCH-100109,PTR-003,Retail Store,MA,2022-04-09,2022-06-08,220123.68,0,671,low,44103.32,1.109,48910.58,4807.26,0.159,60,completed,1.0,48910.58
ORG-200110,MCH-100110,PTR-002,CPG Brand,FL,2023-02-18,2023-04-23,131803.52,1,590,low,34651.96,1.29,44701.03,10049.07,0.158,64,completed,1.0,44701.03
ORG-200111,MCH-100111,PTR-001,Restaurant,FL,2023-08-19,2023-10-18,226956.61,1,646,medium,28677.21,1.3,37280.37,8603.16,0.164,60,completed,1.0,37280.37
ORG-200112,MCH-100112,PTR-006,E-commerce Retail,CO,2025-08-21,2025-10-20,205221.36,0,628,high,33683.54,1.31,44125.44,10441.9,0.154,60,active,0.758,33447.08
ORG-200113,MCH-100113,PTR-002,CPG Brand,MI,2026-03-03,2026-05-11,35330.87,1,515,medium,7338.1,1.314,9642.26,2304.16,0.118,69,completed,1.0,9642.26
ORG-200114,MCH-100114,PTR-005,Restaurant,CA,2023-07-24,2023-11-21,163702.49,0,772,high,43919.42,1.213,53274.26,9354.84,0.081,120,active,0.778,41447.37
ORG-200115,MCH-100115,PTR-006,E-commerce Retail,CA,2024-10-05,2024-12-04,90608.42,3,809,medium,21921.96,1.109,24311.45,2389.49,0.167,60,active,0.951,23120.19
ORG-200116,MCH-100116,PTR-004,Wellness Clinic,MD,2026-05-19,2026-07-18,239398.06,0,660,low,60565.03,1.238,74979.51,14414.48,0.17,60,active,0.762,57134.39
ORG-200117,MCH-100117,PTR-002,E-commerce Retail,NJ,2025-07-02,2026-01-13,153810.92,3,664,medium,60912.4,1.251,76201.41,15289.01,0.076,195,completed,1.0,76201.41
ORG-200118,MCH-100118,PTR-004,Wellness Clinic,NJ,2024-06-26,2024-08-25,239521.88,5,600,low,19518.99,1.248,24359.7,4840.71,0.152,60,active,0.98,23872.51
ORG-200119,MCH-100119,PTR-005,Bar,IL,2022-04-15,2022-07-14,46944.78,3,502,high,11582.51,1.121,12983.99,1401.48,0.092,90,default,0.394,5115.69
ORG-200120,MCH-100120,PTR-002,Marketplace Reseller,NY,2024-01-09,2024-03-09,198274.49,0,674,high,19845.54,1.138,22584.22,2738.68,0.093,60,completed,1.0,22584.22
ORG-200121,MCH-100121,PTR-004,Fitness Studio,MA,2025-08-27,2025-12-08,70094.91,2,508,medium,17736.21,1.211,21478.55,3742.34,0.089,103,active,0.88,18901.12
ORG-200122,MCH-100122,PTR-003,Convenience Store,MA,2026-03-29,2026-06-25,117172.41,1,601,high,36023.81,1.253,45137.83,9114.02,0.13,88,default,0.075,3385.34
ORG-200123,MCH-100123,PTR-003,Retail Store,PA,2023-03-27,2023-07-22,198427.84,0,528,high,49942.04,1.088,54336.94,4394.9,0.07,117,active,0.837,45480.02
ORG-200124,MCH-100124,PTR-005,Bar,VA,2025-09-04,2026-02-15,25700.99,2,580,medium,8091.22,1.169,9458.64,1367.42,0.067,164,active,0.8,7566.91
ORG-200125,MCH-100125,PTR-002,CPG Brand,MA,2022-01-22,2022-03-23,62040.21,2,735,medium,8292.38,1.104,9154.79,862.41,0.097,60,completed,1.0,9154.79
ORG-200126,MCH-100126,PTR-004,Spa,NY,2025-08-21,2026-02-28,71974.42,0,714,medium,19185.38,1.318,25286.33,6100.95,0.055,191,completed,1.0,25286.33
ORG-200127,MCH-100127,PTR-003,Auto Repair,OR,2023-03-20,2023-06-21,239893.68,1,680,low,99650.89,1.302,129745.46,30094.57,0.173,93,completed,1.0,129745.46
ORG-200128,MCH-100128,PTR-005,Food Truck,TX,2026-05-06,2026-07-05,220416.14,1,741,low,41293.0,1.243,51327.2,10034.2,0.158,60,completed,1.0,51327.2
ORG-200129,MCH-100129,PTR-005,Restaurant,NJ,2025-12-23,2026-04-07,40399.71,1,574,low,8937.4,1.19,10635.51,1698.11,0.075,105,default,0.054,574.32
ORG-200130,MCH-100130,PTR-005,Restaurant,MA,2025-01-02,2025-03-03,166400.16,2,601,medium,19878.97,1.238,24610.16,4731.19,0.084,60,completed,1.0,24610.16
ORG-200131,MCH-100131,PTR-003,Salon,MA,2024-03-31,2024-07-20,186059.35,3,711,medium,48124.68,1.124,54092.14,5967.46,0.078,111,active,0.98,53010.3
ORG-200132,MCH-100132,PTR-005,Food Truck,OR,2026-05-16,2026-07-15,177024.84,1,716,medium,20483.28,1.123,23002.72,2519.44,0.18,60,completed,1.0,23002.72
ORG-200133,MCH-100133,PTR-002,Marketplace Reseller,GA,2022-08-28,2022-10-29,118051.68,1,501,medium,19607.84,1.1,21568.62,1960.78,0.088,62,active,0.98,21137.25
ORG-200134,MCH-100134,PTR-006,E-commerce Retail,NC,2026-03-14,2026-06-12,201639.06,1,613,low,53435.62,1.158,61878.45,8442.83,0.102,90,active,0.727,44985.63
ORG-200135,MCH-100135,PTR-005,Restaurant,MI,2023-03-31,2023-08-24,97829.56,0,787,medium,30958.62,1.327,41082.09,10123.47,0.086,146,default,0.121,4970.93
ORG-200136,MCH-100136,PTR-001,Cafe,MA,2023-03-08,2023-10-14,216216.83,2,646,low,65146.02,1.266,82474.86,17328.84,0.052,220,completed,1.0,82474.86
ORG-200137,MCH-100137,PTR-001,Ghost Kitchen,TX,2023-06-12,2023-08-11,60143.09,0,768,low,12531.58,1.177,14749.67,2218.09,0.123,60,completed,1.0,14749.67
ORG-200138,MCH-100138,PTR-004,Fitness Studio,MA,2024-04-08,2024-07-18,156506.63,1,806,medium,57404.52,1.194,68541.0,11136.48,0.13,101,active,0.725,49692.22
ORG-200139,MCH-100139,PTR-001,Restaurant,OH,2022-09-26,2022-11-25,157580.73,0,798,high,25078.0,1.157,29015.25,3937.25,0.131,60,completed,1.0,29015.25
ORG-200140,MCH-100140,PTR-006,Photography Studio,WA,2025-01-10,2025-04-21,150981.08,1,740,high,41693.72,1.164,48531.49,6837.77,0.095,101,active,0.731,35476.52
ORG-200141,MCH-100141,PTR-006,E-commerce Retail,OR,2022-05-21,2022-08-06,193018.27,4,758,medium,39967.62,1.298,51877.97,11910.35,0.104,77,active,0.801,41554.25
ORG-200142,MCH-100142,PTR-001,Cafe,NY,2024-02-21,2024-04-21,212138.2,4,518,high,23778.65,1.132,26917.43,3138.78,0.159,60,active,0.743,19999.65
ORG-200143,MCH-100143,PTR-001,Restaurant,OH,2023-10-27,2024-01-10,124457.56,0,615,low,37125.2,1.11,41208.97,4083.77,0.132,75,active,0.978,40302.37
ORG-200144,MCH-100144,PTR-001,Ghost Kitchen,MI,2024-01-04,2024-03-23,64307.26,5,752,medium,21179.87,1.132,23975.61,2795.74,0.14,79,completed,1.0,23975.61
ORG-200145,MCH-100145,PTR-005,Restaurant,TN,2025-06-23,2025-09-08,79552.78,0,617,low,26580.96,1.278,33970.47,7389.51,0.165,77,active,0.972,33019.3
ORG-200146,MCH-100146,PTR-004,Wellness Clinic,OR,2024-10-03,2025-01-18,159000.86,1,516,medium,32908.69,1.331,43801.47,10892.78,0.077,107,active,0.98,42925.44
ORG-200147,MCH-100147,PTR-004,Fitness Studio,WA,2025-01-31,2025-04-06,199775.71,1,662,medium,54629.39,1.332,72766.35,18136.96,0.167,65,delinquent,0.379,27578.45
ORG-200148,MCH-100148,PTR-003,Retail Store,PA,2022-07-13,2022-11-03,246223.45,0,601,medium,93558.39,1.234,115451.05,21892.66,0.124,113,active,0.824,95131.67
ORG-200149,MCH-100149,PTR-005,Restaurant,MA,2024-03-15,2024-05-14,21098.96,1,602,medium,4573.68,1.121,5127.1,553.42,0.138,60,paid_off_early,1.0,5127.1
ORG-200150,MCH-100150,PTR-002,CPG Brand,VA,2025-03-25,2025-05-24,55942.26,1,683,medium,8024.6,1.196,9597.42,1572.82,0.139,60,active,0.935,8973.59
ORG-200151,MCH-100151,PTR-006,E-commerce Retail,FL,2022-08-16,2022-11-24,186978.75,0,699,medium,80819.55,1.084,87608.39,6788.84,0.14,100,completed,1.0,87608.39
ORG-200152,MCH-100152,PTR-006,Creative Services,CO,2023-10-09,2024-01-14,217156.31,0,778,high,32982.75,1.344,44328.82,11346.07,0.063,97,completed,1.0,44328.82
ORG-200153,MCH-100153,PTR-004,Fitness Studio,VA,2025-06-08,2025-08-07,237686.17,0,609,high,52698.45,1.183,62342.27,9643.82,0.175,60,active,0.94,58601.73
ORG-200154,MCH-100154,PTR-004,Spa,MD,2023-10-15,2024-02-03,229941.13,0,678,low,41390.13,1.119,46315.56,4925.43,0.054,111,active,0.845,39136.65
ORG-200155,MCH-100155,PTR-001,Cafe,NJ,2024-09-30,2024-11-29,61858.12,2,565,medium,8770.97,1.346,11805.73,3034.76,0.163,60,completed,1.0,11805.73
ORG-200156,MCH-100156,PTR-001,Bakery,TN,2022-04-11,2022-06-18,208136.44,0,819,high,59527.88,1.185,70540.54,11012.66,0.149,68,active,0.854,60241.62
ORG-200157,MCH-100157,PTR-003,Convenience Store,CA,2025-12-28,2026-03-09,51288.62,1,728,medium,14090.15,1.168,16457.3,2367.15,0.134,71,active,0.951,15650.89
ORG-200158,MCH-100158,PTR-004,Yoga Studio,PA,2023-06-03,2023-08-02,184699.14,5,592,medium,18411.34,1.135,20896.87,2485.53,0.131,60,active,0.874,18263.86
ORG-200159,MCH-100159,PTR-002,E-commerce Retail,TX,2022-11-27,2023-01-26,166093.0,0,773,medium,24236.25,1.109,26878.0,2641.75,0.179,60,completed,1.0,26878.0
ORG-200160,MCH-100160,PTR-001,Bakery,VA,2022-04-30,2022-07-20,23712.06,1,539,medium,4363.58,1.137,4961.39,597.81,0.077,81,active,0.955,4738.13
ORG-200161,MCH-100161,PTR-001,Restaurant,CA,2025-02-21,2025-08-10,120502.32,2,736,medium,53456.49,1.192,63720.14,10263.65,0.093,170,active,0.774,49319.39
ORG-200162,MCH-100162,PTR-003,Salon,TX,2022-08-18,2022-12-09,73702.37,0,781,medium,21819.9,1.138,24831.05,3011.15,0.089,113,completed,1.0,24831.05
ORG-200163,MCH-100163,PTR-001,Bakery,MA,2022-04-05,2022-07-10,180709.93,1,501,low,58342.81,1.104,64410.46,6067.65,0.111,96,active,0.968,62349.33
ORG-200164,MCH-100164,PTR-005,Bar,TX,2025-04-28,2025-06-27,39477.91,1,716,low,6234.51,1.186,7394.13,1159.62,0.142,60,completed,1.0,7394.13
ORG-200165,MCH-100165,PTR-001,Bakery,PA,2024-01-15,2024-06-05,173643.67,2,649,medium,52515.6,1.322,69425.62,16910.02,0.084,142,completed,1.0,69425.62
ORG-200166,MCH-100166,PTR-006,Photography Studio,NY,2022-12-27,2023-02-28,186926.82,2,768,low,50402.63,1.23,61995.23,11592.6,0.157,63,completed,1.0,61995.23
ORG-200167,MCH-100167,PTR-001,Ghost Kitchen,IL,2025-10-23,2025-12-22,117619.81,0,697,high,19952.09,1.165,23244.18,3292.09,0.124,60,completed,1.0,23244.18
ORG-200168,MCH-100168,PTR-003,Retail Store,PA,2023-03-09,2023-06-24,217494.47,0,725,high,70253.48,1.19,83601.64,13348.16,0.107,107,completed,1.0,83601.64
ORG-200169,MCH-100169,PTR-002,CPG Brand,OR,2023-04-30,2023-06-29,110638.17,3,623,medium,17615.4,1.236,21772.63,4157.23,0.16,60,completed,1.0,21772.63
ORG-200170,MCH-100170,PTR-006,Photography Studio,OR,2025-07-15,2025-11-08,246026.14,5,749,high,63008.0,1.245,78444.96,15436.96,0.082,116,default,0.578,45341.19
ORG-200171,MCH-100171,PTR-006,Creative Services,MD,2024-09-19,2025-03-21,71027.24,1,685,low,18345.88,1.279,23464.38,5118.5,0.054,183,active,0.877,20578.26
ORG-200172,MCH-100172,PTR-001,Restaurant,VA,2024-03-12,2024-05-11,162256.64,4,638,medium,27294.63,1.107,30215.16,2920.53,0.135,60,completed,1.0,30215.16
ORG-200173,MCH-100173,PTR-005,Restaurant,TN,2023-03-21,2023-05-20,93066.97,2,581,low,6950.23,1.333,9264.66,2314.43,0.135,60,paid_off_early,1.0,9264.66
ORG-200174,MCH-100174,PTR-004,Fitness Studio,TN,2024-03-06,2024-07-04,231292.28,0,637,medium,46554.0,1.155,53769.87,7215.87,0.058,120,completed,1.0,53769.87
ORG-200175,MCH-100175,PTR-004,Spa,CA,2024-10-01,2024-12-22,233760.28,2,585,medium,91125.61,1.219,111082.12,19956.51,0.172,82,completed,1.0,111082.12
ORG-200176,MCH-100176,PTR-003,Salon,NY,2025-11-26,2026-01-25,211565.94,2,593,medium,22355.12,1.184,26468.46,4113.34,0.075,60,completed,1.0,26468.46
ORG-200177,MCH-100177,PTR-004,Fitness Studio,VA,2026-01-16,2026-04-29,163704.65,1,809,high,45296.88,1.172,53087.94,7791.06,0.094,103,active,0.741,39338.16
ORG-200178,MCH-100178,PTR-002,E-commerce Retail,GA,2023-03-13,2023-07-26,111143.17,3,814,high,27617.21,1.236,34134.87,6517.66,0.068,135,default,0.376,12834.71
ORG-200179,MCH-100179,PTR-001,Bakery,NY,2023-02-27,2023-05-10,9536.6,0,529,medium,2504.64,1.289,3228.48,723.84,0.14,72,active,0.795,2566.64
ORG-200180,MCH-100180,PTR-004,Spa,OH,2024-01-16,2024-05-31,20842.7,0,548,high,4073.33,1.329,5413.46,1340.13,0.057,136,completed,1.0,5413.46
ORG-200181,MCH-100181,PTR-002,E-commerce Retail,MN,2025-11-18,2026-05-25,118107.79,1,544,medium,43898.28,1.135,49824.55,5926.27,0.067,188,completed,1.0,49824.55
ORG-200182,MCH-100182,PTR-004,Wellness Clinic,FL,2023-05-05,2023-08-15,117490.81,0,679,low,34044.49,1.139,38776.67,4732.18,0.097,102,completed,1.0,38776.67
ORG-200183,MCH-100183,PTR-001,Bakery,AZ,2022-04-23,2022-06-29,136482.72,0,741,medium,34220.02,1.318,45101.99,10881.97,0.146,67,completed,1.0,45101.99
ORG-200184,MCH-100184,PTR-005,Food Truck,GA,2024-07-15,2024-10-02,190267.99,2,603,medium,45037.6,1.095,49316.17,4278.57,0.098,79,completed,1.0,49316.17
ORG-200185,MCH-100185,PTR-003,Retail Store,FL,2025-10-29,2026-04-03,47873.42,0,547,medium,17630.11,1.249,22020.01,4389.9,0.088,156,completed,1.0,22020.01
ORG-200186,MCH-100186,PTR-004,Spa,MN,2023-05-03,2023-12-01,231639.86,2,591,medium,91267.63,1.26,114997.21,23729.58,0.07,212,active,0.98,112697.27
ORG-200187,MCH-100187,PTR-006,Creative Services,MA,2025-02-22,2025-04-23,43802.92,3,618,medium,3799.62,1.163,4418.96,619.34,0.108,60,active,0.955,4220.11
ORG-200188,MCH-100188,PTR-001,Bakery,NY,2023-01-16,2023-07-04,9601.77,1,587,medium,2865.55,1.284,3679.37,813.82,0.068,169,active,0.801,2947.18
ORG-200189,MCH-100189,PTR-002,Marketplace Reseller,WA,2025-11-04,2026-05-08,193054.83,1,553,medium,83995.43,1.265,106254.22,22258.79,0.089,185,completed,1.0,106254.22
ORG-200190,MCH-100190,PTR-006,E-commerce Retail,NC,2026-04-01,2026-06-18,82397.65,0,814,high,29621.04,1.101,32612.77,2991.73,0.151,78,completed,1.0,32612.77
ORG-200191,MCH-100191,PTR-006,Creative Services,CA,2024-10-31,2025-01-11,29968.59,3,801,medium,7338.92,1.291,9474.55,2135.63,0.13,72,completed,1.0,9474.55
ORG-200192,MCH-100192,PTR-006,Creative Services,CO,2023-04-12,2023-06-12,176948.16,0,716,low,23898.85,1.182,28248.44,4349.59,0.078,61,completed,1.0,28248.44
ORG-200193,MCH-100193,PTR-004,Spa,VA,2022-01-27,2022-07-24,106562.3,5,637,low,46663.88,1.334,62249.62,15585.74,0.098,178,delinquent,0.47,29257.32
ORG-200194,MCH-100194,PTR-004,Spa,PA,2024-05-31,2024-08-15,168226.56,1,584,medium,59184.5,1.085,64215.18,5030.68,0.149,76,active,0.742,47647.66
ORG-200195,MCH-100195,PTR-002,Marketplace Reseller,TX,2022-09-20,2022-12-03,102715.13,1,811,medium,29447.47,1.097,32303.87,2856.4,0.127,74,active,0.822,26553.78
ORG-200196,MCH-100196,PTR-004,Wellness Clinic,OH,2022-07-24,2022-09-22,12937.35,1,507,medium,2526.83,1.235,3120.64,593.81,0.155,60,completed,1.0,3120.64
ORG-200197,MCH-100197,PTR-001,Ghost Kitchen,PA,2025-04-27,2025-08-16,72167.53,0,684,medium,26386.73,1.274,33616.69,7229.96,0.125,111,completed,1.0,33616.69
ORG-200198,MCH-100198,PTR-002,Marketplace Reseller,MI,2024-06-07,2024-08-06,59534.58,5,738,high,11305.77,1.298,14674.89,3369.12,0.161,60,active,0.954,13999.85
ORG-200199,MCH-100199,PTR-006,Photography Studio,NC,2024-05-14,2024-07-13,106219.56,0,561,medium,31901.16,1.211,38632.3,6731.14,0.179,60,completed,1.0,38632.3
ORG-200200,MCH-100200,PTR-006,Creative Services,CA,2025-09-08,2026-02-20,21389.2,3,600,medium,9611.05,1.19,11437.15,1826.1,0.097,165,active,0.839,9595.77
ORG-200201,MCH-100201,PTR-006,E-commerce Retail,OH,2024-06-25,2024-12-29,141760.15,0,807,medium,58749.02,1.224,71908.8,13159.78,0.081,187,completed,1.0,71908.8
ORG-200202,MCH-100202,PTR-003,Convenience Store,MI,2024-02-12,2024-06-25,219388.41,0,556,medium,60955.67,1.192,72659.16,11703.49,0.074,134,active,0.98,71205.98
ORG-200203,MCH-100203,PTR-002,E-commerce Retail,PA,2022-09-30,2023-03-11,244223.02,0,644,medium,56162.66,1.204,67619.84,11457.18,0.051,162,active,0.98,66267.44
ORG-200204,MCH-100204,PTR-005,Bar,NJ,2023-01-22,2023-05-18,224026.58,0,818,medium,74517.03,1.252,93295.32,18778.29,0.107,116,active,0.78,72770.35
ORG-200205,MCH-100205,PTR-001,Cafe,FL,2024-07-18,2024-09-16,103389.09,1,804,medium,10763.94,1.304,14036.18,3272.24,0.136,60,completed,1.0,14036.18
ORG-200206,MCH-100206,PTR-002,E-commerce Retail,TX,2023-05-07,2023-08-26,201977.03,0,755,low,56189.72,1.105,62089.64,5899.92,0.083,111,paid_off_early,1.0,62089.64
ORG-200207,MCH-100207,PTR-001,Cafe,TN,2022-06-12,2022-09-03,171698.49,1,728,high,47841.47,1.103,52769.14,4927.67,0.111,83,active,0.867,45750.84
ORG-200208,MCH-100208,PTR-002,CPG Brand,TX,2023-01-19,2023-05-30,28156.32,3,595,high,8930.93,1.298,11592.35,2661.42,0.094,131,active,0.727,8427.64
ORG-200209,MCH-100209,PTR-002,CPG Brand,NJ,2023-02-17,2023-06-17,13279.67,0,549,high,5105.9,1.312,6698.94,1593.04,0.126,120,completed,1.0,6698.94
ORG-200210,MCH-100210,PTR-004,Fitness Studio,WA,2026-01-04,2026-03-05,77698.61,0,610,medium,20430.08,1.265,25844.05,5413.97,0.17,60,completed,1.0,25844.05
ORG-200211,MCH-100211,PTR-005,Restaurant,PA,2024-10-08,2024-12-07,175148.81,0,655,medium,28697.92,1.107,31768.6,3070.68,0.104,60,completed,1.0,31768.6
ORG-200212,MCH-100212,PTR-004,Fitness Studio,MN,2022-11-06,2023-03-09,62859.04,1,656,medium,24562.28,1.288,31636.22,7073.94,0.122,123,active,0.98,31003.5
ORG-200213,MCH-100213,PTR-003,Auto Repair,NY,2024-05-28,2024-08-07,72375.78,2,633,medium,11618.9,1.194,13872.97,2254.07,0.08,71,completed,1.0,13872.97
ORG-200214,MCH-100214,PTR-001,Bakery,TX,2023-08-29,2023-12-28,167762.63,1,789,low,85756.46,1.296,111140.37,25383.91,0.164,121,completed,1.0,111140.37
ORG-200215,MCH-100215,PTR-006,E-commerce Retail,CA,2026-02-08,2026-05-14,14749.68,2,690,medium,4551.6,1.194,5434.61,883.01,0.116,95,active,0.831,4516.16
ORG-200216,MCH-100216,PTR-003,Auto Repair,CO,2024-07-02,2024-08-31,117942.92,0,636,high,10160.39,1.32,13411.71,3251.32,0.112,60,active,0.937,12566.77
ORG-200217,MCH-100217,PTR-006,Photography Studio,OR,2024-04-16,2024-08-05,36570.07,0,651,medium,12964.13,1.337,17333.04,4368.91,0.128,111,active,0.829,14369.09
ORG-200218,MCH-100218,PTR-004,Wellness Clinic,IL,2025-10-05,2026-03-19,217655.62,0,756,high,57448.69,1.172,67329.86,9881.17,0.056,165,active,0.958,64502.01
ORG-200219,MCH-100219,PTR-002,E-commerce Retail,MN,2024-02-09,2024-04-22,240591.85,0,728,medium,45648.91,1.191,54367.85,8718.94,0.092,73,active,0.98,53280.49
ORG-200220,MCH-100220,PTR-006,E-commerce Retail,PA,2023-05-18,2023-09-28,145515.44,1,771,medium,38145.46,1.226,46766.33,8620.87,0.072,133,completed,1.0,46766.33
ORG-200221,MCH-100221,PTR-005,Food Truck,AZ,2025-05-12,2025-08-08,221911.45,4,703,high,43102.19,1.167,50300.26,7198.07,0.077,88,completed,1.0,50300.26
ORG-200222,MCH-100222,PTR-004,Spa,CA,2024-01-03,2024-03-03,38192.86,1,562,low,4345.75,1.156,5023.69,677.94,0.17,60,active,0.98,4923.22
ORG-200223,MCH-100223,PTR-002,Marketplace Reseller,GA,2025-03-13,2025-05-12,167680.9,1,718,medium,14568.78,1.098,15996.52,1427.74,0.084,60,active,0.98,15676.59
ORG-200224,MCH-100224,PTR-003,Convenience Store,NJ,2024-05-10,2024-09-11,74316.61,2,649,medium,13556.14,1.275,17284.08,3727.94,0.056,124,completed,1.0,17284.08
ORG-200225,MCH-100225,PTR-001,Cafe,OR,2022-05-05,2022-12-06,200174.89,4,748,high,70936.84,1.236,87677.93,16741.09,0.061,215,active,0.832,72948.04
ORG-200226,MCH-100226,PTR-005,Restaurant,NJ,2024-08-15,2024-11-04,91203.5,5,705,medium,27674.36,1.26,34869.69,7195.33,0.14,81,completed,1.0,34869.69
ORG-200227,MCH-100227,PTR-003,Convenience Store,GA,2023-02-03,2023-04-04,104875.64,3,502,low,8602.45,1.111,9557.32,954.87,0.088,60,completed,1.0,9557.32
ORG-200228,MCH-100228,PTR-006,E-commerce Retail,MA,2024-12-15,2025-02-13,166478.35,3,608,medium,26168.86,1.299,33993.35,7824.49,0.136,60,paid_off_early,1.0,33993.35
ORG-200229,MCH-100229,PTR-005,Food Truck,GA,2025-04-11,2025-06-10,214773.37,0,548,medium,27505.34,1.316,36197.03,8691.69,0.161,60,active,0.773,27980.3
ORG-200230,MCH-100230,PTR-003,Convenience Store,MD,2025-03-16,2025-05-25,165236.42,0,786,high,55717.95,1.163,64799.98,9082.03,0.166,70,active,0.98,63503.98
ORG-200231,MCH-100231,PTR-003,Retail Store,OH,2026-03-07,2026-06-22,232238.63,0,523,low,54593.62,1.262,68897.15,14303.53,0.083,107,active,0.939,64694.42
ORG-200232,MCH-100232,PTR-003,Auto Repair,NJ,2023-09-18,2023-11-17,194371.72,2,567,high,49521.0,1.118,55364.48,5843.48,0.164,60,active,0.703,38921.23
ORG-200233,MCH-100233,PTR-006,Photography Studio,MN,2024-07-13,2024-09-11,146878.65,1,622,high,15283.39,1.208,18462.34,3178.95,0.093,60,completed,1.0,18462.34
ORG-200234,MCH-100234,PTR-002,E-commerce Retail,PA,2022-08-15,2022-11-13,167615.91,0,518,low,29697.69,1.191,35369.95,5672.26,0.07,90,active,0.846,29922.98
ORG-200235,MCH-100235,PTR-004,Fitness Studio,NY,2023-01-03,2023-04-09,77674.65,3,646,medium,19842.17,1.309,25973.4,6131.23,0.104,96,active,0.957,24856.54
ORG-200236,MCH-100236,PTR-005,Restaurant,TN,2022-01-22,2022-04-25,14465.73,1,716,high,3498.4,1.311,4586.4,1088.0,0.102,93,active,0.948,4347.91
ORG-200237,MCH-100237,PTR-004,Fitness Studio,OR,2024-02-12,2024-08-26,163124.95,2,787,high,48269.9,1.242,59951.22,11681.32,0.056,196,default,0.561,33632.63
ORG-200238,MCH-100238,PTR-004,Spa,NY,2022-07-28,2022-09-26,167226.73,0,700,low,15646.45,1.161,18165.53,2519.08,0.128,60,completed,1.0,18165.53
ORG-200239,MCH-100239,PTR-006,Creative Services,NY,2022-01-28,2022-04-11,89095.46,1,687,high,25621.23,1.216,31155.42,5534.19,0.142,73,active,0.916,28538.36
ORG-200240,MCH-100240,PTR-005,Bar,PA,2023-05-24,2023-07-23,189633.32,0,735,medium,32468.95,1.325,43021.36,10552.41,0.136,60,active,0.944,40612.16
ORG-200241,MCH-100241,PTR-002,E-commerce Retail,OR,2024-07-07,2024-09-05,26915.81,2,600,medium,3632.33,1.147,4166.28,533.95,0.087,60,paid_off_early,1.0,4166.28
ORG-200242,MCH-100242,PTR-002,CPG Brand,CA,2024-08-07,2024-11-15,192386.89,1,527,medium,41998.94,1.276,53590.65,11591.71,0.083,100,completed,1.0,53590.65
ORG-200243,MCH-100243,PTR-001,Bakery,TX,2026-01-19,2026-03-20,248178.34,0,798,medium,36333.83,1.149,41747.57,5413.74,0.169,60,completed,1.0,41747.57
ORG-200244,MCH-100244,PTR-005,Bar,IL,2024-03-25,2024-05-24,69537.7,1,805,medium,7762.98,1.254,9734.78,1971.8,0.169,60,completed,1.0,9734.78
ORG-200245,MCH-100245,PTR-001,Restaurant,MD,2024-10-04,2024-12-13,195959.25,0,546,medium,69981.45,1.163,81388.43,11406.98,0.178,70,active,0.724,58925.22
ORG-200246,MCH-100246,PTR-006,Photography Studio,FL,2024-09-20,2024-11-19,218143.6,0,594,high,20951.44,1.088,22795.17,1843.73,0.081,60,completed,1.0,22795.17
ORG-200247,MCH-100247,PTR-003,Convenience Store,MI,2024-02-15,2024-07-05,191172.62,1,608,medium,91747.96,1.334,122391.78,30643.82,0.136,141,completed,1.0,122391.78
ORG-200248,MCH-100248,PTR-006,E-commerce Retail,MA,2025-01-28,2025-03-29,79114.84,0,546,low,12302.03,1.161,14282.66,1980.63,0.137,60,delinquent,0.457,6527.18
ORG-200249,MCH-100249,PTR-006,Creative Services,MI,2026-04-19,2026-06-18,238263.94,2,713,high,31951.28,1.315,42015.93,10064.65,0.171,60,active,0.723,30377.52
ORG-200250,MCH-100250,PTR-001,Cafe,IL,2024-05-17,2024-07-23,214505.93,4,685,low,42651.63,1.131,48238.99,5587.36,0.1,67,completed,1.0,48238.99
ORG-200251,MCH-100251,PTR-004,Wellness Clinic,IL,2025-12-17,2026-05-16,153554.63,0,713,low,37715.93,1.347,50803.36,13087.43,0.066,150,completed,1.0,50803.36
ORG-200252,MCH-100252,PTR-003,Retail Store,PA,2026-02-14,2026-04-15,118722.87,0,544,high,16971.56,1.139,19330.61,2359.05,0.147,60,completed,1.0,19330.61
ORG-200253,MCH-100253,PTR-003,Convenience Store,WA,2022-03-11,2022-07-18,236705.29,0,665,medium,84085.64,1.249,105022.96,20937.32,0.103,129,active,0.839,88114.26
ORG-200254,MCH-100254,PTR-006,E-commerce Retail,MA,2025-08-27,2025-10-26,142566.56,1,760,high,19218.63,1.226,23562.04,4343.41,0.156,60,active,0.964,22713.81
ORG-200255,MCH-100255,PTR-005,Bar,CO,2023-08-24,2023-10-23,241838.83,0,813,low,29599.37,1.335,39515.16,9915.79,0.168,60,completed,1.0,39515.16
ORG-200256,MCH-100256,PTR-003,Auto Repair,IL,2025-08-23,2026-01-03,153718.94,0,615,medium,46618.86,1.228,57247.96,10629.1,0.084,133,active,0.84,48088.29
ORG-200257,MCH-100257,PTR-002,Marketplace Reseller,PA,2022-04-09,2022-07-26,150496.15,3,531,medium,56936.82,1.229,69975.35,13038.53,0.129,108,active,0.98,68575.84
ORG-200258,MCH-100258,PTR-002,CPG Brand,NY,2025-03-24,2025-07-20,237284.02,1,600,low,50917.5,1.145,58300.54,7383.04,0.062,118,active,0.96,55968.52
ORG-200259,MCH-100259,PTR-005,Restaurant,WA,2025-10-22,2026-02-11,26179.61,3,664,low,5414.6,1.181,6394.64,980.04,0.065,112,active,0.889,5684.83
ORG-200260,MCH-100260,PTR-002,Marketplace Reseller,OH,2025-09-06,2025-11-17,62715.05,1,596,high,23656.65,1.153,27276.12,3619.47,0.179,72,active,0.757,20648.02
ORG-200261,MCH-100261,PTR-003,Convenience Store,OR,2024-10-21,2024-12-20,183690.68,2,764,medium,17630.8,1.086,19147.05,1516.25,0.07,60,active,0.94,17998.23
ORG-200262,MCH-100262,PTR-006,E-commerce Retail,NJ,2022-09-04,2022-12-12,56015.82,2,759,medium,10256.99,1.25,12821.24,2564.25,0.069,99,active,0.713,9141.54
ORG-200263,MCH-100263,PTR-001,Bakery,WA,2023-11-10,2024-01-09,69047.66,1,607,low,5934.15,1.229,7293.07,1358.92,0.162,60,completed,1.0,7293.07
ORG-200264,MCH-100264,PTR-002,E-commerce Retail,TN,2022-11-11,2023-01-10,231971.15,0,675,medium,42379.6,1.285,54457.79,12078.19,0.119,60,active,0.767,41769.12
ORG-200265,MCH-100265,PTR-001,Ghost Kitchen,MN,2025-11-03,2026-03-25,74343.97,5,593,low,28147.28,1.28,36028.52,7881.24,0.102,142,completed,1.0,36028.52
ORG-200266,MCH-100266,PTR-002,Marketplace Reseller,FL,2022-10-01,2023-01-24,8338.79,0,694,medium,2044.35,1.319,2696.5,652.15,0.084,115,completed,1.0,2696.5
ORG-200267,MCH-100267,PTR-002,CPG Brand,NC,2023-01-22,2023-03-23,184614.48,1,547,high,18021.36,1.13,20364.14,2342.78,0.162,60,completed,1.0,20364.14
ORG-200268,MCH-100268,PTR-002,Marketplace Reseller,CA,2022-06-21,2022-11-11,153997.03,1,507,low,55129.15,1.092,60201.03,5071.88,0.082,143,active,0.98,58997.01
ORG-200269,MCH-100269,PTR-003,Salon,NY,2025-05-13,2025-09-01,156998.62,0,795,low,61798.0,1.128,69708.14,7910.14,0.119,111,active,0.849,59182.21
ORG-200270,MCH-100270,PTR-004,Wellness Clinic,MI,2025-01-30,2025-04-08,175807.84,1,754,medium,30130.5,1.329,40043.43,9912.93,0.1,68,completed,1.0,40043.43
ORG-200271,MCH-100271,PTR-005,Bar,IL,2024-05-12,2024-07-11,230858.79,0,612,medium,33187.05,1.31,43475.04,10287.99,0.176,60,active,0.98,42605.54
ORG-200272,MCH-100272,PTR-001,Ghost Kitchen,NY,2024-08-20,2024-10-19,11019.6,3,633,medium,2046.95,1.222,2501.37,454.42,0.173,60,completed,1.0,2501.37
ORG-200273,MCH-100273,PTR-004,Wellness Clinic,VA,2024-12-04,2025-02-02,180160.44,0,683,medium,53642.09,1.122,60186.42,6544.33,0.177,60,completed,1.0,60186.42
ORG-200274,MCH-100274,PTR-001,Cafe,NJ,2025-05-07,2025-07-06,55124.8,0,525,medium,4815.6,1.226,5903.93,1088.33,0.058,60,active,0.98,5785.85
ORG-200275,MCH-100275,PTR-005,Restaurant,AZ,2026-05-07,2026-07-22,189945.83,2,812,low,45949.44,1.216,55874.52,9925.08,0.115,76,active,0.906,50622.32
ORG-200276,MCH-100276,PTR-003,Convenience Store,IL,2025-06-04,2025-08-03,90043.01,1,774,high,10620.37,1.264,13424.15,2803.78,0.081,60,completed,1.0,13424.15
ORG-200277,MCH-100277,PTR-001,Cafe,MD,2025-08-24,2025-10-23,95925.44,0,557,high,16239.28,1.149,18658.93,2419.65,0.164,60,active,0.98,18285.75
ORG-200278,MCH-100278,PTR-006,E-commerce Retail,MN,2022-05-30,2022-07-29,244538.46,0,753,low,26008.65,1.181,30716.22,4707.57,0.124,60,active,0.98,30101.9
ORG-200279,MCH-100279,PTR-002,Marketplace Reseller,MI,2026-05-05,2026-07-04,35667.0,1,674,high,4039.51,1.233,4980.72,941.21,0.178,60,completed,1.0,4980.72
ORG-200280,MCH-100280,PTR-006,Creative Services,NJ,2022-12-03,2023-02-01,134996.26,2,583,low,20278.08,1.172,23765.91,3487.83,0.148,60,active,0.98,23290.59
ORG-200281,MCH-100281,PTR-006,Photography Studio,AZ,2024-12-02,2025-03-19,11433.2,3,799,high,3151.09,1.342,4228.76,1077.67,0.103,107,completed,1.0,4228.76
ORG-200282,MCH-100282,PTR-004,Yoga Studio,FL,2024-06-14,2024-08-20,232176.42,1,619,medium,56127.7,1.308,73415.03,17287.33,0.14,67,completed,1.0,73415.03
ORG-200283,MCH-100283,PTR-005,Food Truck,TX,2023-12-20,2024-02-18,169585.85,3,568,high,34170.16,1.311,44797.08,10626.92,0.174,60,paid_off_early,1.0,44797.08
ORG-200284,MCH-100284,PTR-002,E-commerce Retail,NJ,2024-03-12,2024-07-15,15907.26,0,753,medium,3990.14,1.348,5378.71,1388.57,0.081,125,active,0.926,4980.69
ORG-200285,MCH-100285,PTR-006,Creative Services,WA,2022-04-16,2022-09-22,66012.7,3,595,medium,24878.45,1.182,29406.33,4527.88,0.084,159,active,0.98,28818.2
ORG-200286,MCH-100286,PTR-003,Retail Store,GA,2025-02-03,2025-04-17,15138.42,0,527,medium,2620.81,1.337,3504.02,883.21,0.095,73,completed,1.0,3504.02
ORG-200287,MCH-100287,PTR-002,E-commerce Retail,MI,2025-03-07,2025-07-15,112900.14,1,691,medium,41905.24,1.244,52130.12,10224.88,0.106,130,completed,1.0,52130.12
ORG-200288,MCH-100288,PTR-006,E-commerce Retail,MD,2022-04-06,2022-06-25,224024.69,1,742,medium,63007.3,1.093,68866.98,5859.68,0.114,80,delinquent,0.432,29750.54
ORG-200289,MCH-100289,PTR-003,Salon,CO,2022-09-06,2022-11-05,104883.33,1,600,low,25144.12,1.203,30248.38,5104.26,0.16,60,active,0.98,29643.41
ORG-200290,MCH-100290,PTR-001,Cafe,TX,2022-10-10,2023-01-08,34814.47,4,524,medium,12527.9,1.182,14807.98,2280.08,0.141,90,completed,1.0,14807.98
ORG-200291,MCH-100291,PTR-004,Spa,NY,2024-10-09,2025-04-19,71842.51,0,526,medium,24373.87,1.136,27688.72,3314.85,0.06,192,active,0.705,19520.55
ORG-200292,MCH-100292,PTR-004,Fitness Studio,TX,2023-07-19,2023-11-07,164415.46,4,570,low,63604.94,1.144,72764.05,9159.11,0.119,111,active,0.917,66724.63
ORG-200293,MCH-100293,PTR-001,Ghost Kitchen,CA,2025-10-24,2026-06-05,151749.25,5,687,high,54185.24,1.092,59170.28,4985.04,0.052,224,delinquent,0.659,38993.21
ORG-200294,MCH-100294,PTR-006,E-commerce Retail,TN,2022-03-25,2022-07-24,172783.38,1,593,medium,28038.07,1.296,36337.34,8299.27,0.052,121,active,0.98,35610.59
ORG-200295,MCH-100295,PTR-002,Marketplace Reseller,GA,2024-02-09,2024-04-09,68504.95,1,564,medium,8452.82,1.25,10566.02,2113.2,0.121,60,active,0.98,10354.7
ORG-200296,MCH-100296,PTR-003,Auto Repair,MD,2024-08-05,2024-10-04,131954.04,0,674,medium,17344.15,1.114,19321.38,1977.23,0.137,60,active,0.98,18934.95
ORG-200297,MCH-100297,PTR-002,Marketplace Reseller,IL,2024-09-20,2025-01-28,144015.92,5,544,medium,23630.5,1.347,31830.28,8199.78,0.051,130,completed,1.0,31830.28
ORG-200298,MCH-100298,PTR-006,Photography Studio,NC,2024-01-23,2024-03-23,49327.67,2,675,high,10372.34,1.107,11482.18,1109.84,0.127,60,completed,1.0,11482.18
ORG-200299,MCH-100299,PTR-005,Bar,TX,2024-10-27,2024-12-26,227762.22,1,545,high,52423.9,1.177,61702.93,9279.03,0.161,60,active,0.98,60468.87
ORG-200300,MCH-100300,PTR-004,Spa,MD,2025-06-18,2025-08-17,179457.04,1,711,medium,21181.42,1.338,28340.74,7159.32,0.095,60,active,0.724,20518.7
ORG-200301,MCH-100301,PTR-004,Fitness Studio,TX,2022-12-23,2023-05-18,156080.68,0,771,low,33021.82,1.25,41277.28,8255.46,0.054,146,completed,1.0,41277.28
ORG-200302,MCH-100302,PTR-002,E-commerce Retail,TN,2022-04-16,2022-06-15,111457.84,1,523,low,14809.81,1.107,16394.46,1584.65,0.115,60,completed,1.0,16394.46
ORG-200303,MCH-100303,PTR-005,Restaurant,OR,2023-06-23,2023-08-31,233497.79,1,628,low,75626.22,1.237,93549.63,17923.41,0.172,69,completed,1.0,93549.63
ORG-200304,MCH-100304,PTR-001,Ghost Kitchen,MI,2022-06-15,2022-08-14,25644.68,4,789,low,3777.23,1.192,4502.46,725.23,0.146,60,active,0.868,3908.14
ORG-200305,MCH-100305,PTR-004,Fitness Studio,VA,2025-06-14,2025-08-20,124685.95,1,621,medium,26855.85,1.117,29997.98,3142.13,0.107,67,delinquent,0.402,12059.19
ORG-200306,MCH-100306,PTR-001,Cafe,CO,2023-05-28,2023-10-28,153784.68,3,819,medium,42532.05,1.113,47338.17,4806.12,0.06,153,active,0.772,36545.07
ORG-200307,MCH-100307,PTR-001,Bakery,MA,2022-02-23,2022-04-25,115452.78,0,621,high,32611.29,1.088,35481.08,2869.79,0.149,61,active,0.964,34203.76
ORG-200308,MCH-100308,PTR-006,Creative Services,VA,2022-09-28,2022-11-27,120167.61,1,682,medium,15883.37,1.281,20346.6,4463.23,0.17,60,active,0.798,16236.59
ORG-200309,MCH-100309,PTR-003,Auto Repair,TN,2022-06-12,2022-11-30,119979.27,1,649,medium,34990.45,1.139,39854.12,4863.67,0.058,171,active,0.914,36426.67
ORG-200310,MCH-100310,PTR-002,CPG Brand,TX,2024-11-06,2025-01-25,78391.18,0,689,low,26168.04,1.218,31872.67,5704.63,0.152,80,active,0.949,30247.16
ORG-200311,MCH-100311,PTR-005,Bar,AZ,2023-10-07,2024-01-30,73142.22,3,594,medium,16777.04,1.344,22548.34,5771.3,0.08,115,default,0.113,2547.96
ORG-200312,MCH-100312,PTR-006,Creative Services,CO,2025-03-12,2025-06-28,27285.0,1,524,medium,8560.49,1.201,10281.15,1720.66,0.104,108,active,0.98,10075.53
ORG-200313,MCH-100313,PTR-005,Bar,NJ,2025-06-16,2025-08-15,93757.0,1,678,medium,15015.68,1.323,19865.74,4850.06,0.127,60,active,0.953,18932.05
ORG-200314,MCH-100314,PTR-001,Cafe,TN,2025-03-01,2025-06-16,99808.65,1,663,medium,29024.21,1.16,33668.08,4643.87,0.094,107,completed,1.0,33668.08
ORG-200315,MCH-100315,PTR-001,Ghost Kitchen,OH,2023-02-04,2023-04-05,42122.76,0,768,medium,5270.2,1.339,7056.8,1786.6,0.12,60,active,0.98,6915.66
ORG-200316,MCH-100316,PTR-003,Retail Store,CO,2024-11-16,2025-01-15,202481.14,2,571,low,39362.6,1.155,45463.8,6101.2,0.132,60,completed,1.0,45463.8
ORG-200317,MCH-100317,PTR-006,E-commerce Retail,CA,2026-02-11,2026-04-12,67511.12,1,779,medium,17421.93,1.121,19529.98,2108.05,0.156,60,completed,1.0,19529.98
ORG-200318,MCH-100318,PTR-001,Bakery,OH,2023-04-20,2023-07-30,156437.53,1,575,medium,41535.15,1.129,46893.18,5358.03,0.089,101,active,0.934,43798.23
ORG-200319,MCH-100319,PTR-004,Fitness Studio,VA,2024-09-21,2025-04-07,194775.28,0,602,high,63804.02,1.15,73374.62,9570.6,0.057,198,completed,1.0,73374.62
ORG-200320,MCH-100320,PTR-002,CPG Brand,PA,2022-09-26,2022-11-25,13867.14,1,720,low,2000,1.292,2584.0,584.0,0.135,60,active,0.98,2532.32
ORG-200321,MCH-100321,PTR-003,Convenience Store,OR,2022-07-10,2022-09-26,187922.97,0,647,low,35816.04,1.207,43229.96,7413.92,0.088,78,active,0.842,36399.63
ORG-200322,MCH-100322,PTR-005,Restaurant,GA,2026-04-07,2026-06-06,217288.31,1,580,medium,56904.83,1.221,69480.8,12575.97,0.159,60,active,0.969,67326.9
ORG-200323,MCH-100323,PTR-006,Creative Services,OR,2024-11-30,2025-03-17,142263.35,2,735,low,23690.79,1.114,26391.54,2700.75,0.052,107,default,0.141,3721.21
ORG-200324,MCH-100324,PTR-004,Wellness Clinic,WA,2025-10-17,2026-01-02,159531.91,1,545,high,30197.91,1.198,36177.1,5979.19,0.088,77,active,0.813,29411.98
ORG-200325,MCH-100325,PTR-001,Cafe,GA,2025-02-19,2025-04-20,56222.77,0,647,low,6120.37,1.122,6867.06,746.69,0.096,60,active,0.821,5637.86
ORG-200326,MCH-100326,PTR-002,CPG Brand,MD,2026-02-18,2026-05-27,32761.95,2,688,high,7427.69,1.24,9210.34,1782.65,0.086,98,active,0.934,8602.46
ORG-200327,MCH-100327,PTR-002,Marketplace Reseller,OH,2025-08-28,2025-10-27,180146.14,3,679,high,47033.64,1.112,52301.41,5267.77,0.167,60,completed,1.0,52301.41
ORG-200328,MCH-100328,PTR-002,CPG Brand,CO,2024-01-26,2024-04-01,51319.36,2,503,high,8528.49,1.238,10558.27,2029.78,0.093,66,active,0.876,9249.04
ORG-200329,MCH-100329,PTR-006,Photography Studio,FL,2022-09-02,2023-02-10,17242.85,0,786,medium,4309.31,1.31,5645.2,1335.89,0.061,161,active,0.923,5210.52
ORG-200330,MCH-100330,PTR-002,E-commerce Retail,GA,2026-03-11,2026-05-10,162382.84,1,781,medium,33811.17,1.335,45137.91,11326.74,0.162,60,default,0.123,5551.96
ORG-200331,MCH-100331,PTR-006,Creative Services,WA,2024-06-19,2024-08-27,75509.14,1,632,medium,10899.98,1.344,14649.57,3749.59,0.084,69,active,0.871,12759.78
ORG-200332,MCH-100332,PTR-005,Food Truck,OH,2024-08-31,2024-10-30,29963.32,2,583,high,6514.65,1.22,7947.87,1433.22,0.132,60,active,0.905,7192.82
ORG-200333,MCH-100333,PTR-002,E-commerce Retail,TN,2025-05-15,2025-07-28,203831.56,1,684,high,63968.56,1.146,73307.97,9339.41,0.144,74,completed,1.0,73307.97
ORG-200334,MCH-100334,PTR-005,Restaurant,MD,2024-07-28,2024-10-23,189947.72,0,607,low,66031.08,1.287,84982.0,18950.92,0.154,87,completed,1.0,84982.0
ORG-200335,MCH-100335,PTR-004,Wellness Clinic,TN,2023-08-03,2023-11-03,178906.23,2,531,medium,43190.46,1.188,51310.27,8119.81,0.093,92,active,0.956,49052.62
ORG-200336,MCH-100336,PTR-004,Fitness Studio,OH,2024-04-08,2024-07-23,239960.08,1,552,low,42308.04,1.265,53519.67,11211.63,0.063,106,active,0.704,37677.85
ORG-200337,MCH-100337,PTR-005,Food Truck,TN,2024-05-21,2024-07-24,113242.91,1,513,high,19316.3,1.242,23990.84,4674.54,0.098,64,completed,1.0,23990.84
ORG-200338,MCH-100338,PTR-002,E-commerce Retail,NY,2023-05-15,2023-07-14,137466.42,0,546,high,26789.79,1.342,35951.9,9162.11,0.14,60,active,0.98,35232.86
ORG-200339,MCH-100339,PTR-004,Fitness Studio,WA,2023-06-19,2023-11-16,237986.85,0,709,low,80341.29,1.111,89259.17,8917.88,0.075,150,delinquent,0.539,48110.69
ORG-200340,MCH-100340,PTR-004,Spa,VA,2023-12-09,2024-03-08,176849.54,2,582,low,54831.4,1.101,60369.37,5537.97,0.113,90,active,0.962,58075.33
ORG-200341,MCH-100341,PTR-001,Cafe,WA,2023-07-26,2023-09-24,217304.18,2,815,high,51963.13,1.139,59186.01,7222.88,0.167,60,completed,1.0,59186.01
ORG-200342,MCH-100342,PTR-004,Yoga Studio,TN,2022-07-21,2022-11-14,45986.21,3,628,low,10640.91,1.205,12822.3,2181.39,0.072,116,completed,1.0,12822.3
ORG-200343,MCH-100343,PTR-002,CPG Brand,GA,2023-05-11,2023-08-11,86099.26,0,786,medium,22782.34,1.265,28819.66,6037.32,0.108,92,active,0.98,28243.27
ORG-200344,MCH-100344,PTR-003,Convenience Store,TX,2025-04-02,2025-06-10,95936.33,2,664,high,16651.79,1.119,18633.35,1981.56,0.084,69,default,0.111,2068.3
ORG-200345,MCH-100345,PTR-004,Yoga Studio,IL,2026-03-22,2026-05-21,228939.85,2,567,low,49772.46,1.204,59926.04,10153.58,0.142,60,active,0.791,47401.5
ORG-200346,MCH-100346,PTR-006,Creative Services,MI,2022-02-27,2022-04-28,180565.08,2,549,medium,21688.75,1.184,25679.48,3990.73,0.133,60,active,0.904,23214.25
ORG-200347,MCH-100347,PTR-006,E-commerce Retail,OR,2026-05-13,2026-07-21,124656.7,1,622,low,21850.71,1.141,24931.66,3080.95,0.086,69,completed,1.0,24931.66
ORG-200348,MCH-100348,PTR-006,E-commerce Retail,CO,2025-01-06,2025-03-07,168747.07,1,532,medium,36253.5,1.34,48579.69,12326.19,0.16,60,active,0.98,47608.1
ORG-200349,MCH-100349,PTR-001,Ghost Kitchen,OR,2025-07-22,2025-11-01,81268.13,0,578,high,19623.44,1.291,25333.86,5710.42,0.091,102,active,0.867,21964.46
ORG-200350,MCH-100350,PTR-006,Photography Studio,OR,2022-12-01,2023-02-17,82730.57,1,813,medium,17920.17,1.343,24066.79,6146.62,0.111,78,active,0.966,23248.52
ORG-200351,MCH-100351,PTR-002,Marketplace Reseller,WA,2023-09-14,2023-12-26,86814.87,1,652,high,24934.32,1.332,33212.51,8278.19,0.111,103,completed,1.0,33212.51
ORG-200352,MCH-100352,PTR-001,Cafe,NJ,2022-06-02,2022-11-01,199402.63,0,679,medium,72566.07,1.199,87006.72,14440.65,0.086,152,active,0.814,70823.47
ORG-200353,MCH-100353,PTR-004,Spa,WA,2022-02-17,2022-05-07,85746.65,0,616,medium,29152.1,1.149,33495.76,4343.66,0.147,79,active,0.925,30983.58
ORG-200354,MCH-100354,PTR-005,Restaurant,MD,2026-02-22,2026-06-02,231244.25,1,818,low,73145.02,1.155,84482.5,11337.48,0.109,100,active,0.816,68937.72
ORG-200355,MCH-100355,PTR-002,E-commerce Retail,PA,2023-10-08,2024-03-03,51943.99,0,693,low,17773.76,1.338,23781.29,6007.53,0.093,147,active,0.93,22116.6
ORG-200356,MCH-100356,PTR-001,Cafe,CO,2024-08-23,2024-10-22,236867.09,3,639,medium,43395.54,1.256,54504.8,11109.26,0.155,60,active,0.98,53414.7
ORG-200357,MCH-100357,PTR-002,CPG Brand,WA,2023-02-22,2023-08-26,50262.27,1,548,medium,12991.39,1.292,16784.88,3793.49,0.054,185,completed,1.0,16784.88
ORG-200358,MCH-100358,PTR-001,Bakery,PA,2025-04-24,2025-07-30,222634.14,0,572,medium,62358.53,1.272,79320.05,16961.52,0.11,97,completed,1.0,79320.05
ORG-200359,MCH-100359,PTR-004,Yoga Studio,GA,2026-03-06,2026-07-09,160148.53,3,685,high,62270.55,1.151,71673.4,9402.85,0.107,125,active,0.969,69451.52
ORG-200360,MCH-100360,PTR-006,E-commerce Retail,CA,2025-01-09,2025-03-24,56079.86,2,668,medium,15239.02,1.093,16656.25,1417.23,0.119,74,active,0.98,16323.12
ORG-200361,MCH-100361,PTR-004,Yoga Studio,IL,2026-03-27,2026-07-17,182614.53,0,524,medium,32706.86,1.24,40556.51,7849.65,0.059,112,completed,1.0,40556.51
ORG-200362,MCH-100362,PTR-006,Creative Services,AZ,2022-09-13,2023-01-03,10606.11,0,600,low,3727.74,1.143,4260.81,533.07,0.107,112,completed,1.0,4260.81
ORG-200363,MCH-100363,PTR-004,Wellness Clinic,TX,2023-05-30,2023-09-10,162410.5,3,590,medium,65737.03,1.169,76846.59,11109.56,0.137,103,delinquent,0.246,18904.26
ORG-200364,MCH-100364,PTR-006,E-commerce Retail,CO,2025-10-02,2026-01-23,164595.41,1,647,low,75239.19,1.25,94048.99,18809.8,0.151,113,active,0.776,72982.02
ORG-200365,MCH-100365,PTR-002,CPG Brand,PA,2025-12-19,2026-05-24,32514.16,2,705,medium,10055.67,1.284,12911.48,2855.81,0.076,156,completed,1.0,12911.48
ORG-200366,MCH-100366,PTR-002,CPG Brand,TX,2023-04-08,2023-08-31,67508.67,0,818,low,19938.48,1.345,26817.26,6878.78,0.082,145,completed,1.0,26817.26
ORG-200367,MCH-100367,PTR-005,Bar,FL,2024-10-15,2024-12-16,203355.36,1,730,medium,50261.36,1.094,54985.93,4724.57,0.13,62,completed,1.0,54985.93
ORG-200368,MCH-100368,PTR-006,Creative Services,MD,2025-09-17,2025-12-12,68986.92,3,509,high,18081.72,1.116,20179.2,2097.48,0.102,86,completed,1.0,20179.2
ORG-200369,MCH-100369,PTR-006,E-commerce Retail,GA,2023-11-11,2024-01-19,68209.49,1,743,medium,17108.9,1.331,22771.95,5663.05,0.145,69,active,0.98,22316.51
ORG-200370,MCH-100370,PTR-003,Convenience Store,FL,2022-01-26,2022-03-27,134775.88,0,694,low,30881.76,1.08,33352.3,2470.54,0.178,60,active,0.835,27849.17
ORG-200371,MCH-100371,PTR-006,E-commerce Retail,OR,2023-10-01,2024-07-05,44021.64,3,510,low,20812.45,1.294,26931.31,6118.86,0.066,278,active,0.738,19875.31
ORG-200372,MCH-100372,PTR-004,Spa,NC,2025-11-12,2026-02-14,180403.36,0,565,medium,51932.6,1.092,56710.4,4777.8,0.1,94,active,0.802,45481.74
ORG-200373,MCH-100373,PTR-002,CPG Brand,OH,2022-11-22,2023-02-04,153231.37,1,627,high,22563.0,1.099,24796.74,2233.74,0.065,74,active,0.871,21597.96
ORG-200374,MCH-100374,PTR-004,Wellness Clinic,FL,2024-06-16,2024-09-27,34960.4,0,624,low,13637.63,1.145,15615.09,1977.46,0.13,103,default,0.293,4575.22
ORG-200375,MCH-100375,PTR-001,Ghost Kitchen,AZ,2023-08-21,2023-11-14,215995.99,0,556,high,36252.59,1.186,42995.57,6742.98,0.07,85,completed,1.0,42995.57
ORG-200376,MCH-100376,PTR-006,E-commerce Retail,AZ,2025-03-07,2025-05-06,97630.06,0,533,medium,6391.85,1.096,7005.47,613.62,0.1,60,active,0.779,5457.26
ORG-200377,MCH-100377,PTR-004,Wellness Clinic,IL,2022-11-25,2023-01-24,117922.01,3,572,medium,27401.52,1.341,36745.44,9343.92,0.18,60,completed,1.0,36745.44
ORG-200378,MCH-100378,PTR-006,Creative Services,GA,2024-03-27,2024-06-17,235935.22,1,634,high,50542.6,1.178,59539.18,8996.58,0.092,82,active,0.885,52692.17
ORG-200379,MCH-100379,PTR-003,Auto Repair,MA,2026-03-08,2026-07-11,234783.52,1,802,low,67179.97,1.26,84646.76,17466.79,0.086,125,completed,1.0,84646.76
ORG-200380,MCH-100380,PTR-004,Wellness Clinic,AZ,2025-06-20,2025-09-16,178271.98,0,532,medium,52228.52,1.192,62256.4,10027.88,0.119,88,completed,1.0,62256.4
ORG-200381,MCH-100381,PTR-004,Spa,TN,2022-10-04,2023-08-19,224345.11,5,803,medium,106776.55,1.319,140838.27,34061.72,0.059,319,completed,1.0,140838.27
ORG-200382,MCH-100382,PTR-005,Food Truck,TN,2023-01-16,2023-03-17,160702.71,0,713,low,13719.59,1.328,18219.62,4500.03,0.17,60,active,0.98,17855.23
ORG-200383,MCH-100383,PTR-001,Bakery,WA,2025-12-10,2026-02-08,130835.42,0,812,medium,18339.57,1.343,24630.04,6290.47,0.141,60,default,0.154,3793.03
ORG-200384,MCH-100384,PTR-002,E-commerce Retail,MA,2022-01-15,2022-03-16,161741.86,1,692,medium,21923.92,1.173,25716.76,3792.84,0.081,60,completed,1.0,25716.76
ORG-200385,MCH-100385,PTR-001,Cafe,MD,2024-09-10,2024-12-29,194675.44,4,723,low,59550.0,1.166,69435.3,9885.3,0.097,110,completed,1.0,69435.3
ORG-200386,MCH-100386,PTR-003,Convenience Store,IL,2024-08-25,2024-12-19,104659.22,0,753,medium,18483.74,1.139,21052.98,2569.24,0.052,116,active,0.818,17221.34
ORG-200387,MCH-100387,PTR-006,Creative Services,IL,2023-10-03,2023-12-02,97435.34,5,520,high,17042.89,1.335,22752.26,5709.37,0.139,60,completed,1.0,22752.26
ORG-200388,MCH-100388,PTR-002,CPG Brand,MD,2024-08-05,2024-10-04,121680.12,0,664,low,20205.46,1.167,23579.77,3374.31,0.119,60,completed,1.0,23579.77
ORG-200389,MCH-100389,PTR-004,Spa,OH,2022-09-04,2022-12-31,239513.57,1,601,medium,90722.48,1.339,121477.4,30754.92,0.128,118,completed,1.0,121477.4
ORG-200390,MCH-100390,PTR-004,Spa,MN,2022-09-21,2022-12-31,115481.71,0,800,high,23095.67,1.202,27761.0,4665.33,0.071,101,completed,1.0,27761.0
ORG-200391,MCH-100391,PTR-001,Restaurant,IL,2024-01-02,2024-03-16,128195.74,4,545,low,41337.59,1.143,47248.87,5911.28,0.148,74,completed,1.0,47248.87
ORG-200392,MCH-100392,PTR-002,E-commerce Retail,VA,2022-10-09,2022-12-18,13862.5,1,723,high,2000,1.143,2286.0,286.0,0.07,70,completed,1.0,2286.0
ORG-200393,MCH-100393,PTR-006,E-commerce Retail,MD,2023-07-31,2023-09-29,221358.56,1,765,high,35761.26,1.327,47455.19,11693.93,0.147,60,active,0.831,39435.26
ORG-200394,MCH-100394,PTR-004,Fitness Studio,GA,2025-07-06,2026-04-03,56434.52,1,739,medium,24739.3,1.177,29118.16,4378.86,0.057,271,active,0.98,28535.8
ORG-200395,MCH-100395,PTR-003,Convenience Store,GA,2025-02-27,2025-04-28,202069.73,0,587,medium,32268.57,1.081,34882.32,2613.75,0.135,60,active,0.852,29719.74
ORG-200396,MCH-100396,PTR-003,Convenience Store,WA,2024-04-15,2024-06-14,148411.25,1,815,medium,22606.98,1.32,29841.21,7234.23,0.138,60,completed,1.0,29841.21
ORG-200397,MCH-100397,PTR-006,E-commerce Retail,MN,2024-05-08,2024-11-02,90679.27,1,738,medium,42236.67,1.303,55034.38,12797.71,0.102,178,active,0.98,53933.69
ORG-200398,MCH-100398,PTR-004,Fitness Studio,MN,2025-10-22,2026-02-04,80652.15,1,567,high,28783.09,1.252,36036.43,7253.34,0.127,105,completed,1.0,36036.43
ORG-200399,MCH-100399,PTR-005,Restaurant,NY,2022-03-12,2022-05-11,67384.26,3,702,low,18094.66,1.145,20718.39,2623.73,0.178,60,completed,1.0,20718.39
ORG-200400,MCH-100400,PTR-003,Convenience Store,VA,2025-05-16,2025-08-25,166195.96,0,687,high,23551.9,1.31,30852.99,7301.09,0.055,101,completed,1.0,30852.99
ORG-200401,MCH-100401,PTR-001,Restaurant,WA,2024-12-11,2025-05-10,41687.68,2,803,low,8734.56,1.269,11084.16,2349.6,0.053,150,active,0.829,9188.77
ORG-200402,MCH-100402,PTR-004,Spa,GA,2022-10-27,2022-12-26,168696.8,1,569,medium,38746.05,1.226,47502.66,8756.61,0.155,60,completed,1.0,47502.66
ORG-200403,MCH-100403,PTR-001,Cafe,MA,2024-09-08,2024-11-07,14694.99,2,798,high,4101.46,1.141,4679.77,578.31,0.168,60,completed,1.0,4679.77
ORG-200404,MCH-100404,PTR-006,E-commerce Retail,CO,2024-08-20,2024-11-02,75128.24,0,708,medium,14292.13,1.168,16693.21,2401.08,0.09,74,completed,1.0,16693.21
ORG-200405,MCH-100405,PTR-003,Salon,OH,2023-11-18,2024-04-18,219689.87,1,573,medium,85395.01,1.174,100253.74,14858.73,0.09,152,completed,1.0,100253.74
ORG-200406,MCH-100406,PTR-003,Retail Store,MA,2025-02-01,2025-04-03,204773.72,5,501,medium,59950.45,1.214,72779.85,12829.4,0.172,61,completed,1.0,72779.85
ORG-200407,MCH-100407,PTR-002,E-commerce Retail,CO,2026-03-02,2026-05-01,191950.11,5,513,low,35199.12,1.152,40549.39,5350.27,0.152,60,completed,1.0,40549.39
ORG-200408,MCH-100408,PTR-005,Bar,VA,2025-01-14,2025-04-29,93559.45,0,507,medium,24610.89,1.341,33003.2,8392.31,0.1,105,completed,1.0,33003.2
ORG-200409,MCH-100409,PTR-005,Bar,GA,2025-05-27,2025-07-26,221397.13,1,753,medium,42484.5,1.246,52935.69,10451.19,0.159,60,active,0.751,39754.7
ORG-200410,MCH-100410,PTR-006,Photography Studio,NY,2024-05-18,2024-07-17,117443.49,3,624,medium,16934.96,1.198,20288.08,3353.12,0.108,60,active,0.789,16007.3
ORG-200411,MCH-100411,PTR-001,Restaurant,OH,2024-04-18,2024-06-26,27179.8,4,645,medium,3551.62,1.315,4670.38,1118.76,0.074,69,completed,1.0,4670.38
ORG-200412,MCH-100412,PTR-002,Marketplace Reseller,NY,2023-01-02,2023-04-25,24306.47,0,762,medium,7330.39,1.229,9009.05,1678.66,0.098,113,active,0.98,8828.87
ORG-200413,MCH-100413,PTR-005,Bar,OR,2024-10-20,2025-01-30,93652.39,1,730,high,30908.1,1.19,36780.64,5872.54,0.115,102,active,0.713,26224.6
ORG-200414,MCH-100414,PTR-002,CPG Brand,TX,2025-08-31,2025-10-30,67378.57,0,705,low,9011.94,1.206,10868.4,1856.46,0.1,60,active,0.727,7901.33
ORG-200415,MCH-100415,PTR-005,Restaurant,OR,2025-04-14,2025-06-13,97846.48,1,607,high,17478.67,1.179,20607.35,3128.68,0.154,60,active,0.853,17578.07
ORG-200416,MCH-100416,PTR-002,E-commerce Retail,MN,2022-11-07,2023-01-06,100901.27,1,513,medium,7503.62,1.193,8951.82,1448.2,0.075,60,completed,1.0,8951.82
ORG-200417,MCH-100417,PTR-001,Restaurant,TN,2026-02-28,2026-07-05,204428.93,0,733,medium,92990.85,1.15,106939.48,13948.63,0.123,127,completed,1.0,106939.48
ORG-200418,MCH-100418,PTR-006,Creative Services,NJ,2022-04-27,2022-08-01,145110.63,0,578,high,61646.94,1.289,79462.91,17815.97,0.17,96,completed,1.0,79462.91
ORG-200419,MCH-100419,PTR-004,Fitness Studio,IL,2025-12-04,2026-02-02,248024.62,0,557,medium,54726.96,1.263,69120.15,14393.19,0.169,60,completed,1.0,69120.15
ORG-200420,MCH-100420,PTR-004,Fitness Studio,OH,2026-05-09,2026-07-22,151595.58,1,668,medium,20002.19,1.31,26202.87,6200.68,0.07,74,completed,1.0,26202.87
ORG-200421,MCH-100421,PTR-004,Wellness Clinic,NC,2025-04-18,2025-06-30,200210.32,3,713,medium,26243.7,1.122,29445.43,3201.73,0.06,73,active,0.752,22142.96
ORG-200422,MCH-100422,PTR-003,Retail Store,TX,2023-10-25,2024-01-22,15593.84,3,581,medium,5249.49,1.341,7039.57,1790.08,0.152,89,completed,1.0,7039.57
ORG-200423,MCH-100423,PTR-001,Cafe,AZ,2025-10-25,2026-05-23,201650.49,1,501,high,85960.33,1.134,97479.01,11518.68,0.069,210,completed,1.0,97479.01
ORG-200424,MCH-100424,PTR-006,Creative Services,MN,2026-01-26,2026-07-05,168522.03,1,686,medium,68475.37,1.33,91072.24,22596.87,0.101,160,completed,1.0,91072.24
ORG-200425,MCH-100425,PTR-005,Bar,OR,2025-01-21,2025-03-22,37547.6,2,589,low,5718.59,1.128,6450.57,731.98,0.155,60,active,0.954,6153.84
ORG-200426,MCH-100426,PTR-004,Wellness Clinic,FL,2022-05-18,2022-07-17,203360.56,2,629,medium,33286.05,1.289,42905.72,9619.67,0.147,60,paid_off_early,1.0,42905.72
ORG-200427,MCH-100427,PTR-003,Salon,NJ,2022-08-27,2022-10-26,189435.31,0,601,high,27126.56,1.241,33664.06,6537.5,0.123,60,completed,1.0,33664.06
ORG-200428,MCH-100428,PTR-001,Restaurant,PA,2024-12-23,2025-03-09,168887.33,5,723,high,58869.08,1.309,77059.63,18190.55,0.178,76,completed,1.0,77059.63
ORG-200429,MCH-100429,PTR-003,Retail Store,WA,2022-06-13,2022-08-18,147491.55,1,525,low,31684.96,1.229,38940.82,7255.86,0.12,66,active,0.892,34735.21
ORG-200430,MCH-100430,PTR-004,Fitness Studio,MI,2022-12-11,2023-06-10,203899.14,1,534,medium,58258.06,1.294,75385.93,17127.87,0.061,181,active,0.98,73878.21
ORG-200431,MCH-100431,PTR-004,Spa,GA,2023-02-27,2023-09-07,74924.88,0,501,medium,28314.89,1.084,30693.34,2378.45,0.064,192,completed,1.0,30693.34
ORG-200432,MCH-100432,PTR-005,Bar,CO,2024-06-16,2024-11-02,81373.36,0,564,medium,36793.06,1.153,42422.4,5629.34,0.112,139,active,0.706,29950.21
ORG-200433,MCH-100433,PTR-006,Creative Services,NJ,2024-02-18,2024-07-15,68782.59,3,688,high,26419.33,1.233,32575.03,6155.7,0.096,148,completed,1.0,32575.03
ORG-200434,MCH-100434,PTR-001,Cafe,MD,2026-03-09,2026-05-08,223331.98,3,530,medium,47389.24,1.148,54402.85,7013.61,0.128,60,completed,1.0,54402.85
ORG-200435,MCH-100435,PTR-005,Bar,CA,2025-03-16,2025-05-15,111359.58,0,614,high,23455.9,1.28,30023.55,6567.65,0.177,60,active,0.796,23898.75
ORG-200436,MCH-100436,PTR-003,Convenience Store,IL,2024-05-10,2024-07-09,174475.95,3,551,high,15207.34,1.224,18613.78,3406.44,0.139,60,active,0.968,18018.14
ORG-200437,MCH-100437,PTR-002,Marketplace Reseller,VA,2023-03-15,2023-07-30,167845.02,0,644,medium,55763.89,1.155,64407.29,8643.4,0.084,137,active,0.979,63054.74
ORG-200438,MCH-100438,PTR-002,E-commerce Retail,NY,2023-11-23,2024-03-14,133345.13,1,523,low,38170.14,1.124,42903.24,4733.1,0.086,112,active,0.968,41530.34
ORG-200439,MCH-100439,PTR-005,Food Truck,MI,2023-10-06,2023-12-05,77498.48,1,746,medium,13178.29,1.215,16011.62,2833.33,0.152,60,completed,1.0,16011.62
ORG-200440,MCH-100440,PTR-003,Retail Store,CO,2023-04-12,2023-07-09,183183.61,0,548,high,41015.59,1.12,45937.46,4921.87,0.085,88,delinquent,0.403,18512.8
ORG-200441,MCH-100441,PTR-001,Bakery,OH,2025-01-26,2025-03-27,210045.37,0,678,low,41552.79,1.34,55680.74,14127.95,0.134,60,active,0.874,48664.97
ORG-200442,MCH-100442,PTR-006,Creative Services,NJ,2023-09-27,2024-01-15,80015.99,0,781,medium,18774.35,1.223,22961.03,4186.68,0.078,110,paid_off_early,1.0,22961.03
ORG-200443,MCH-100443,PTR-006,E-commerce Retail,MI,2022-02-16,2022-04-26,99299.61,1,590,medium,31938.18,1.223,39060.39,7122.21,0.169,69,default,0.452,17655.3
ORG-200444,MCH-100444,PTR-004,Fitness Studio,AZ,2023-12-29,2024-02-27,17084.92,2,518,medium,3558.36,1.136,4042.3,483.94,0.149,60,active,0.884,3573.39
ORG-200445,MCH-100445,PTR-001,Ghost Kitchen,MI,2022-06-21,2022-08-20,60461.31,1,603,medium,5940.65,1.089,6469.37,528.72,0.06,60,active,0.914,5913.0
ORG-200446,MCH-100446,PTR-001,Cafe,NJ,2023-06-25,2023-08-24,35107.54,0,691,low,5453.69,1.208,6588.06,1134.37,0.141,60,completed,1.0,6588.06
ORG-200447,MCH-100447,PTR-005,Food Truck,MD,2024-04-14,2024-08-03,77414.35,1,572,high,17960.69,1.087,19523.27,1562.58,0.068,111,active,0.98,19132.8
ORG-200448,MCH-100448,PTR-001,Ghost Kitchen,TX,2022-05-29,2022-09-08,133902.09,0,625,low,53746.13,1.184,63635.42,9889.29,0.139,102,completed,1.0,63635.42
ORG-200449,MCH-100449,PTR-004,Spa,AZ,2022-09-12,2022-11-11,80222.54,1,713,medium,14456.39,1.254,18128.31,3671.92,0.13,60,active,0.933,16913.71
ORG-200450,MCH-100450,PTR-005,Food Truck,MD,2026-04-05,2026-07-30,158953.69,1,745,high,63032.96,1.304,82194.98,19162.02,0.133,116,completed,1.0,82194.98
ORG-200451,MCH-100451,PTR-005,Restaurant,NJ,2022-03-04,2022-05-03,158576.72,0,679,medium,26230.74,1.286,33732.73,7501.99,0.176,60,completed,1.0,33732.73
ORG-200452,MCH-100452,PTR-005,Restaurant,VA,2022-10-19,2023-08-03,191196.96,3,814,low,90697.72,1.32,119720.99,29023.27,0.065,288,active,0.898,107509.45
ORG-200453,MCH-100453,PTR-002,E-commerce Retail,TN,2022-07-08,2022-10-07,222275.39,2,744,high,70701.91,1.173,82933.34,12231.43,0.122,91,default,0.321,26621.6
ORG-200454,MCH-100454,PTR-003,Retail Store,MA,2023-10-06,2023-12-18,234651.02,2,584,medium,35033.79,1.104,38677.3,3643.51,0.067,73,completed,1.0,38677.3
ORG-200455,MCH-100455,PTR-003,Auto Repair,TN,2023-09-21,2023-11-20,127971.04,1,610,low,18720.26,1.321,24729.46,6009.2,0.121,60,active,0.717,17731.02
ORG-200456,MCH-100456,PTR-001,Ghost Kitchen,TN,2025-04-21,2025-06-20,187301.78,1,664,medium,25995.56,1.253,32572.44,6576.88,0.164,60,completed,1.0,32572.44
ORG-200457,MCH-100457,PTR-004,Spa,NJ,2023-10-15,2024-01-30,217713.21,0,763,medium,96090.14,1.128,108389.68,12299.54,0.139,107,completed,1.0,108389.68
ORG-200458,MCH-100458,PTR-004,Spa,NY,2025-09-12,2025-11-11,167456.35,0,572,medium,25722.54,1.348,34673.98,8951.44,0.138,60,completed,1.0,34673.98
ORG-200459,MCH-100459,PTR-005,Restaurant,VA,2022-11-21,2023-01-29,150933.12,2,586,high,44201.26,1.292,57108.03,12906.77,0.163,69,active,0.98,55965.87
ORG-200460,MCH-100460,PTR-005,Food Truck,NY,2022-07-07,2022-10-24,164639.52,0,645,high,74184.71,1.09,80861.33,6676.62,0.135,109,completed,1.0,80861.33
ORG-200461,MCH-100461,PTR-004,Wellness Clinic,IL,2025-10-27,2026-01-27,210564.89,0,665,medium,59518.3,1.293,76957.16,17438.86,0.119,92,completed,1.0,76957.16
ORG-200462,MCH-100462,PTR-006,Creative Services,CO,2023-08-26,2023-10-25,72934.03,0,668,high,16424.72,1.175,19299.05,2874.33,0.156,60,active,0.786,15169.05
ORG-200463,MCH-100463,PTR-003,Auto Repair,VA,2024-04-06,2024-07-06,192282.57,2,798,medium,65366.68,1.125,73537.51,8170.83,0.125,91,active,0.778,57212.18
ORG-200464,MCH-100464,PTR-006,Photography Studio,MD,2023-04-29,2023-06-28,26031.33,3,792,high,3044.51,1.305,3973.09,928.58,0.093,60,active,0.713,2832.81
ORG-200465,MCH-100465,PTR-002,CPG Brand,TN,2023-08-04,2023-10-21,214077.36,0,807,medium,65320.51,1.313,85765.83,20445.32,0.154,78,paid_off_early,1.0,85765.83
ORG-200466,MCH-100466,PTR-002,CPG Brand,VA,2026-03-25,2026-09-10,203801.69,3,637,low,96770.53,1.238,119801.92,23031.39,0.104,169,completed,1.0,119801.92
ORG-200467,MCH-100467,PTR-001,Cafe,AZ,2025-10-28,2026-01-03,24756.7,0,609,low,6799.27,1.195,8125.13,1325.86,0.146,67,active,0.806,6548.85
ORG-200468,MCH-100468,PTR-001,Ghost Kitchen,CO,2022-12-21,2023-03-28,212723.11,5,725,medium,49149.95,1.099,54015.8,4865.85,0.078,97,completed,1.0,54015.8
ORG-200469,MCH-100469,PTR-002,E-commerce Retail,CO,2025-03-15,2025-07-02,124179.26,0,739,medium,28374.09,1.117,31693.86,3319.77,0.07,109,active,0.814,25798.8
ORG-200470,MCH-100470,PTR-006,Creative Services,WA,2022-12-08,2023-03-29,239192.76,2,756,low,58397.45,1.229,71770.47,13373.02,0.081,111,completed,1.0,71770.47
ORG-200471,MCH-100471,PTR-006,Photography Studio,FL,2023-11-10,2024-01-09,51671.43,1,764,high,5004.33,1.199,6000.19,995.86,0.071,60,active,0.98,5880.19
ORG-200472,MCH-100472,PTR-003,Convenience Store,TX,2024-08-11,2024-11-10,140611.03,0,783,medium,45850.51,1.299,59559.81,13709.3,0.139,91,completed,1.0,59559.81
ORG-200473,MCH-100473,PTR-006,E-commerce Retail,MD,2025-03-14,2025-05-13,214954.92,1,535,low,52644.24,1.338,70437.99,17793.75,0.163,60,active,0.98,69029.23
ORG-200474,MCH-100474,PTR-001,Bakery,MI,2023-03-01,2023-04-30,28000.77,2,660,low,2783.27,1.121,3120.05,336.78,0.07,60,active,0.98,3057.65
ORG-200475,MCH-100475,PTR-002,Marketplace Reseller,AZ,2025-03-17,2025-07-09,168135.68,4,743,medium,27734.19,1.277,35416.56,7682.37,0.055,114,active,0.833,29501.99
ORG-200476,MCH-100476,PTR-006,Photography Studio,CA,2022-07-19,2022-10-30,202897.64,0,713,medium,29910.52,1.214,36311.37,6400.85,0.052,103,active,0.859,31191.47
ORG-200477,MCH-100477,PTR-005,Restaurant,NJ,2025-11-02,2026-01-01,63224.7,0,590,low,10714.66,1.313,14068.35,3353.69,0.158,60,completed,1.0,14068.35
ORG-200478,MCH-100478,PTR-004,Wellness Clinic,CO,2024-05-20,2024-09-01,110411.77,2,699,medium,28069.78,1.349,37866.13,9796.35,0.098,104,active,0.98,37108.81
ORG-200479,MCH-100479,PTR-005,Restaurant,FL,2025-12-30,2026-05-16,243756.68,2,648,medium,57513.06,1.107,63666.96,6153.9,0.057,137,active,0.728,46349.55
ORG-200480,MCH-100480,PTR-006,Creative Services,CA,2022-05-19,2022-09-07,15764.48,5,629,high,2490.02,1.249,3110.03,620.01,0.053,111,active,0.718,2233.0
ORG-200481,MCH-100481,PTR-005,Food Truck,MI,2023-08-23,2023-12-06,162609.35,1,564,high,59014.84,1.183,69814.56,10799.72,0.122,105,active,0.98,68418.27
ORG-200482,MCH-100482,PTR-005,Restaurant,FL,2025-01-22,2025-03-31,29543.52,0,551,low,9335.29,1.15,10735.58,1400.29,0.16,68,active,0.98,10520.87
ORG-200483,MCH-100483,PTR-005,Restaurant,NY,2023-12-31,2024-02-29,242862.99,4,786,medium,49747.22,1.112,55318.91,5571.69,0.173,60,completed,1.0,55318.91
ORG-200484,MCH-100484,PTR-002,E-commerce Retail,MA,2023-07-08,2023-10-05,144349.84,0,629,low,55515.16,1.215,67450.92,11935.76,0.156,89,active,0.91,61380.34
ORG-200485,MCH-100485,PTR-006,Photography Studio,VA,2023-01-08,2023-04-12,62239.63,2,613,high,20659.67,1.258,25989.86,5330.19,0.133,94,completed,1.0,25989.86
ORG-200486,MCH-100486,PTR-004,Spa,WA,2026-05-14,2026-07-13,245456.76,1,743,high,44796.0,1.08,48379.68,3583.68,0.176,60,active,0.887,42912.78
ORG-200487,MCH-100487,PTR-002,E-commerce Retail,MD,2023-03-13,2024-01-01,224846.45,5,579,medium,110933.86,1.273,141218.8,30284.94,0.064,294,completed,1.0,141218.8
ORG-200488,MCH-100488,PTR-006,E-commerce Retail,AZ,2022-04-30,2022-06-29,90348.97,0,600,low,12206.17,1.275,15562.87,3356.7,0.138,60,active,0.973,15142.67
ORG-200489,MCH-100489,PTR-002,CPG Brand,IL,2025-03-18,2025-05-17,32202.01,1,605,low,4728.55,1.087,5139.93,411.38,0.135,60,completed,1.0,5139.93
ORG-200490,MCH-100490,PTR-005,Food Truck,NJ,2024-05-17,2024-07-16,112384.28,1,605,high,13726.09,1.293,17747.83,4021.74,0.09,60,active,0.872,15476.11
ORG-200491,MCH-100491,PTR-004,Spa,WA,2022-04-20,2022-07-19,194442.78,0,593,low,37600.38,1.244,46774.87,9174.49,0.08,90,active,0.98,45839.37
ORG-200492,MCH-100492,PTR-005,Food Truck,MA,2024-10-09,2024-12-08,248396.39,0,789,low,32896.13,1.345,44245.29,11349.16,0.113,60,delinquent,0.27,11946.23
ORG-200493,MCH-100493,PTR-006,E-commerce Retail,WA,2026-03-22,2026-05-21,20940.03,1,573,high,3974.44,1.268,5039.59,1065.15,0.145,60,completed,1.0,5039.59
ORG-200494,MCH-100494,PTR-003,Salon,OH,2023-02-08,2023-04-12,19410.08,2,637,medium,4972.29,1.206,5996.58,1024.29,0.146,63,active,0.727,4359.51
ORG-200495,MCH-100495,PTR-006,Photography Studio,WA,2022-01-26,2022-06-25,126407.02,0,778,high,46013.01,1.322,60829.2,14816.19,0.096,150,completed,1.0,60829.2
ORG-200496,MCH-100496,PTR-004,Wellness Clinic,MI,2024-01-07,2024-03-07,130247.87,1,521,high,20772.21,1.149,23867.27,3095.06,0.169,60,active,0.85,20287.18
ORG-200497,MCH-100497,PTR-005,Restaurant,IL,2024-05-21,2024-09-28,137864.67,5,664,medium,57279.81,1.297,74291.91,17012.1,0.124,130,delinquent,0.49,36403.04
ORG-200498,MCH-100498,PTR-002,Marketplace Reseller,GA,2022-04-02,2022-09-09,245984.12,1,665,low,79661.4,1.137,90575.01,10913.61,0.069,160,active,0.705,63855.38
ORG-200499,MCH-100499,PTR-001,Bakery,MA,2022-06-02,2022-11-19,229671.83,0,762,medium,112761.98,1.239,139712.09,26950.11,0.107,170,completed,1.0,139712.09
ORG-200500,MCH-100500,PTR-006,Photography Studio,MI,2024-02-12,2024-04-12,197144.61,0,510,high,28367.38,1.101,31232.49,2865.11,0.109,60,active,0.908,28359.1
ORG-200501,MCH-100501,PTR-005,Bar,IL,2022-07-04,2022-11-05,235660.33,2,616,medium,71185.68,1.211,86205.86,15020.18,0.088,124,completed,1.0,86205.86
ORG-200502,MCH-100502,PTR-003,Salon,OH,2024-11-01,2025-01-16,229731.98,0,677,medium,57418.96,1.092,62701.5,5282.54,0.107,76,active,0.98,61447.47
ORG-200503,MCH-100503,PTR-002,Marketplace Reseller,MN,2024-11-24,2025-01-23,87399.8,2,752,low,9540.81,1.256,11983.26,2442.45,0.169,60,active,0.941,11276.25
ORG-200504,MCH-100504,PTR-001,Restaurant,MD,2023-01-16,2023-07-13,97975.96,0,557,high,27409.48,1.3,35632.32,8222.84,0.061,178,completed,1.0,35632.32
ORG-200505,MCH-100505,PTR-005,Restaurant,GA,2024-04-05,2024-06-04,226210.56,2,523,medium,34845.05,1.289,44915.27,10070.22,0.136,60,active,0.764,34315.27
ORG-200506,MCH-100506,PTR-001,Bakery,TN,2022-12-29,2023-05-18,54888.99,1,817,medium,25543.05,1.216,31060.35,5517.3,0.121,140,completed,1.0,31060.35
ORG-200507,MCH-100507,PTR-004,Yoga Studio,CA,2024-03-05,2024-08-09,169191.94,1,785,low,85342.65,1.205,102837.89,17495.24,0.116,157,active,0.98,100781.13
ORG-200508,MCH-100508,PTR-003,Retail Store,MI,2025-04-23,2025-06-30,32174.12,1,561,medium,7826.88,1.331,10417.58,2590.7,0.142,68,completed,1.0,10417.58
ORG-200509,MCH-100509,PTR-003,Salon,IL,2023-03-30,2023-05-29,234920.42,3,637,medium,26995.72,1.249,33717.65,6721.93,0.168,60,delinquent,0.385,12981.3
ORG-200510,MCH-100510,PTR-006,E-commerce Retail,MA,2026-05-13,2026-07-12,146228.7,4,791,low,15641.84,1.199,18754.57,3112.73,0.084,60,completed,1.0,18754.57
ORG-200511,MCH-100511,PTR-003,Auto Repair,CA,2022-01-23,2022-04-14,8672.54,1,621,medium,2000,1.123,2246.0,246.0,0.095,81,active,0.774,1738.4
ORG-200512,MCH-100512,PTR-006,E-commerce Retail,CO,2022-07-01,2022-08-30,67117.04,1,807,high,14181.93,1.121,15897.94,1716.01,0.167,60,completed,1.0,15897.94
ORG-200513,MCH-100513,PTR-005,Bar,AZ,2024-05-08,2024-07-07,215444.79,3,528,high,38077.82,1.142,43484.87,5407.05,0.16,60,completed,1.0,43484.87
ORG-200514,MCH-100514,PTR-003,Auto Repair,NC,2025-09-14,2025-11-25,180714.01,1,558,high,44633.88,1.255,56015.52,11381.64,0.129,72,active,0.823,46100.77
ORG-200515,MCH-100515,PTR-006,Photography Studio,FL,2023-03-19,2023-06-28,100376.18,1,727,medium,37330.61,1.287,48044.5,10713.89,0.141,101,active,0.98,47083.61
ORG-200516,MCH-100516,PTR-006,E-commerce Retail,IL,2023-02-06,2023-04-25,231742.25,3,739,low,65903.21,1.177,77568.08,11664.87,0.128,78,completed,1.0,77568.08
ORG-200517,MCH-100517,PTR-002,Marketplace Reseller,NY,2025-05-03,2025-07-12,109138.74,3,630,high,18571.94,1.303,24199.24,5627.3,0.095,70,active,0.98,23715.26
ORG-200518,MCH-100518,PTR-006,Photography Studio,GA,2023-02-20,2023-04-21,36878.26,2,584,medium,3872.84,1.124,4353.07,480.23,0.124,60,active,0.847,3687.05
ORG-200519,MCH-100519,PTR-004,Yoga Studio,CO,2023-02-07,2023-04-08,22627.58,1,749,medium,3009.23,1.341,4035.38,1026.15,0.101,60,completed,1.0,4035.38
ORG-200520,MCH-100520,PTR-001,Restaurant,PA,2023-10-19,2024-03-08,242415.11,0,751,medium,104828.95,1.334,139841.82,35012.87,0.122,141,active,0.753,105300.89
ORG-200521,MCH-100521,PTR-003,Convenience Store,MA,2024-10-19,2025-01-12,14773.44,5,585,high,4600.77,1.266,5824.57,1223.8,0.138,85,completed,1.0,5824.57
ORG-200522,MCH-100522,PTR-005,Bar,NY,2025-03-18,2025-05-17,112279.74,4,540,medium,20531.5,1.225,25151.09,4619.59,0.168,60,completed,1.0,25151.09
ORG-200523,MCH-100523,PTR-002,E-commerce Retail,TN,2025-09-29,2025-12-12,218568.01,0,577,low,35465.46,1.332,47239.99,11774.53,0.087,74,paid_off_early,1.0,47239.99
ORG-200524,MCH-100524,PTR-006,E-commerce Retail,CA,2025-01-29,2025-05-09,137266.21,2,539,medium,40537.91,1.112,45078.16,4540.25,0.098,100,completed,1.0,45078.16
ORG-200525,MCH-100525,PTR-004,Wellness Clinic,TN,2025-08-15,2025-10-14,39957.77,1,718,high,5895.34,1.11,6543.83,648.49,0.168,60,active,0.98,6412.95
ORG-200526,MCH-100526,PTR-001,Cafe,WA,2022-09-10,2022-11-14,85388.84,2,803,low,20348.95,1.141,23218.15,2869.2,0.125,65,default,0.17,3947.09
ORG-200527,MCH-100527,PTR-006,Photography Studio,NY,2026-05-08,2026-07-30,127639.27,0,511,low,21054.82,1.175,24739.41,3684.59,0.07,83,completed,1.0,24739.41
ORG-200528,MCH-100528,PTR-005,Food Truck,MN,2024-11-04,2025-02-02,50182.13,0,773,medium,13992.4,1.141,15965.33,1972.93,0.105,90,completed,1.0,15965.33
ORG-200529,MCH-100529,PTR-001,Bakery,FL,2025-12-17,2026-03-07,45744.96,0,706,medium,17491.0,1.231,21531.42,4040.42,0.175,80,active,0.98,21100.79
ORG-200530,MCH-100530,PTR-003,Salon,IL,2023-01-01,2023-03-23,91757.68,5,775,medium,31780.29,1.265,40202.07,8421.78,0.162,81,default,0.245,9849.51
ORG-200531,MCH-100531,PTR-003,Auto Repair,CO,2022-04-24,2022-10-25,166773.71,4,578,high,50766.31,1.311,66554.63,15788.32,0.065,184,active,0.939,62494.8
ORG-200532,MCH-100532,PTR-002,E-commerce Retail,OH,2022-07-03,2022-09-12,48832.0,5,713,low,15224.4,1.106,16838.19,1613.79,0.145,71,active,0.726,12224.53
ORG-200533,MCH-100533,PTR-004,Fitness Studio,TN,2023-03-02,2023-05-13,240112.81,2,808,high,67042.13,1.144,76696.2,9654.07,0.133,72,active,0.94,72094.43
ORG-200534,MCH-100534,PTR-004,Wellness Clinic,OH,2025-02-23,2025-05-17,248351.33,1,646,medium,67544.42,1.08,72947.97,5403.55,0.105,83,completed,1.0,72947.97
ORG-200535,MCH-100535,PTR-003,Salon,TX,2025-03-03,2025-05-02,13578.97,0,601,medium,2322.39,1.28,2972.66,650.27,0.177,60,completed,1.0,2972.66
ORG-200536,MCH-100536,PTR-003,Convenience Store,CA,2022-06-10,2022-10-03,51377.59,0,552,medium,13393.09,1.195,16004.74,2611.65,0.081,115,active,0.915,14644.34
ORG-200537,MCH-100537,PTR-003,Convenience Store,OH,2025-05-24,2025-07-23,12156.64,2,768,medium,2000,1.169,2338.0,338.0,0.105,60,completed,1.0,2338.0
ORG-200538,MCH-100538,PTR-001,Ghost Kitchen,FL,2026-05-26,2026-08-30,216221.95,2,653,medium,81171.84,1.132,91886.52,10714.68,0.132,96,completed,1.0,91886.52
ORG-200539,MCH-100539,PTR-001,Ghost Kitchen,TN,2022-01-05,2022-03-06,88663.07,1,614,high,14067.85,1.25,17584.81,3516.96,0.159,60,completed,1.0,17584.81
ORG-200540,MCH-100540,PTR-002,Marketplace Reseller,VA,2022-03-10,2022-05-09,97778.76,3,595,medium,13946.03,1.332,18576.11,4630.08,0.146,60,active,0.768,14266.45
ORG-200541,MCH-100541,PTR-006,Creative Services,IL,2024-09-24,2024-11-23,145717.57,0,741,low,24098.59,1.104,26604.84,2506.25,0.136,60,completed,1.0,26604.84
ORG-200542,MCH-100542,PTR-001,Ghost Kitchen,WA,2026-04-03,2026-06-02,205246.15,1,590,high,39175.78,1.171,45874.84,6699.06,0.163,60,active,0.77,35323.63
ORG-200543,MCH-100543,PTR-001,Bakery,TN,2023-10-08,2023-12-07,96378.42,3,640,high,12943.53,1.245,16114.69,3171.16,0.148,60,active,0.962,15502.33
ORG-200544,MCH-100544,PTR-002,Marketplace Reseller,PA,2022-09-29,2022-11-28,118945.54,4,756,low,16193.73,1.339,21683.4,5489.67,0.136,60,completed,1.0,21683.4
ORG-200545,MCH-100545,PTR-003,Convenience Store,FL,2025-01-04,2025-03-26,158596.26,3,799,medium,43693.37,1.177,51427.1,7733.73,0.12,81,active,0.854,43918.74
ORG-200546,MCH-100546,PTR-001,Ghost Kitchen,FL,2025-02-06,2025-04-07,39457.76,0,515,high,11153.51,1.268,14142.65,2989.14,0.178,60,completed,1.0,14142.65
ORG-200547,MCH-100547,PTR-005,Food Truck,OH,2024-03-05,2024-05-04,176055.67,0,602,low,34593.53,1.118,38675.57,4082.04,0.114,60,default,0.187,7232.33
ORG-200548,MCH-100548,PTR-002,E-commerce Retail,CA,2025-08-16,2025-10-28,95293.41,0,546,high,15503.13,1.265,19611.46,4108.33,0.084,73,completed,1.0,19611.46
ORG-200549,MCH-100549,PTR-002,E-commerce Retail,CO,2024-07-06,2024-09-04,156551.62,1,662,medium,20766.75,1.165,24193.26,3426.51,0.152,60,completed,1.0,24193.26
ORG-200550,MCH-100550,PTR-002,E-commerce Retail,CO,2025-09-01,2025-11-27,145271.77,0,526,high,21741.53,1.299,28242.25,6500.72,0.067,87,completed,1.0,28242.25
ORG-200551,MCH-100551,PTR-003,Auto Repair,TX,2022-08-08,2022-12-16,112414.4,0,712,low,33927.14,1.106,37523.42,3596.28,0.077,130,active,0.888,33320.8
ORG-200552,MCH-100552,PTR-004,Spa,MD,2024-03-05,2024-05-04,232592.61,4,659,high,34630.14,1.168,40448.0,5817.86,0.146,60,completed,1.0,40448.0
ORG-200553,MCH-100553,PTR-006,Creative Services,IL,2022-08-19,2022-10-18,51329.05,0,505,low,4329.96,1.148,4970.79,640.83,0.078,60,completed,1.0,4970.79
ORG-200554,MCH-100554,PTR-005,Bar,MD,2024-05-14,2024-07-13,175138.44,0,551,medium,22811.08,1.095,24978.13,2167.05,0.164,60,completed,1.0,24978.13
ORG-200555,MCH-100555,PTR-003,Auto Repair,OR,2022-12-17,2023-02-15,225592.96,1,501,medium,47253.39,1.193,56373.29,9119.9,0.155,60,completed,1.0,56373.29
ORG-200556,MCH-100556,PTR-002,Marketplace Reseller,MN,2023-11-20,2024-03-01,224095.55,2,782,medium,35187.71,1.323,46553.34,11365.63,0.061,102,completed,1.0,46553.34
ORG-200557,MCH-100557,PTR-001,Bakery,AZ,2022-03-30,2022-09-04,179395.79,2,801,low,48545.03,1.213,58885.12,10340.09,0.062,158,completed,1.0,58885.12
ORG-200558,MCH-100558,PTR-003,Retail Store,IL,2025-07-27,2025-09-25,86328.81,0,697,medium,14261.99,1.154,16458.34,2196.35,0.107,60,active,0.856,14088.34
ORG-200559,MCH-100559,PTR-005,Food Truck,TN,2024-11-08,2025-04-06,82292.43,2,582,medium,30443.1,1.157,35222.67,4779.57,0.086,149,active,0.913,32158.3
ORG-200560,MCH-100560,PTR-005,Restaurant,TX,2022-08-06,2022-10-14,87830.96,0,761,medium,28556.32,1.151,32868.32,4312.0,0.161,69,completed,1.0,32868.32
ORG-200561,MCH-100561,PTR-001,Cafe,GA,2025-01-13,2025-03-14,12183.55,5,614,medium,2000,1.233,2466.0,466.0,0.157,60,completed,1.0,2466.0
ORG-200562,MCH-100562,PTR-002,CPG Brand,CO,2022-03-30,2022-06-01,223030.45,0,574,medium,53349.35,1.116,59537.87,6188.52,0.127,63,completed,1.0,59537.87
ORG-200563,MCH-100563,PTR-003,Salon,MN,2022-01-17,2022-06-25,152560.28,3,544,high,40730.13,1.311,53397.2,12667.07,0.066,159,completed,1.0,53397.2
ORG-200564,MCH-100564,PTR-006,E-commerce Retail,NY,2024-10-10,2024-12-09,233185.42,0,729,high,45151.09,1.119,50524.07,5372.98,0.176,60,active,0.97,49008.35
ORG-200565,MCH-100565,PTR-005,Bar,MI,2025-05-12,2025-10-07,97114.9,0,521,medium,37210.43,1.252,46587.46,9377.03,0.097,148,active,0.857,39925.45
ORG-200566,MCH-100566,PTR-002,CPG Brand,VA,2025-11-17,2026-02-12,123002.72,0,765,high,20399.22,1.165,23765.09,3365.87,0.066,87,completed,1.0,23765.09
ORG-200567,MCH-100567,PTR-004,Wellness Clinic,WA,2023-06-11,2023-08-10,151382.55,1,798,medium,29152.09,1.117,32562.88,3410.79,0.129,60,active,0.92,29957.85
ORG-200568,MCH-100568,PTR-006,Creative Services,WA,2024-11-19,2025-03-19,31038.32,0,690,medium,9250.18,1.16,10730.21,1480.03,0.086,120,default,0.214,2296.26
ORG-200569,MCH-100569,PTR-004,Spa,VA,2024-11-27,2025-01-31,228422.96,1,748,high,49985.25,1.174,58682.68,8697.43,0.118,65,default,0.513,30104.21
ORG-200570,MCH-100570,PTR-006,E-commerce Retail,IL,2024-12-19,2025-03-26,80416.01,1,705,high,29150.45,1.33,38770.1,9619.65,0.148,97,completed,1.0,38770.1
ORG-200571,MCH-100571,PTR-003,Salon,MD,2022-10-30,2023-03-07,10748.28,3,736,medium,3644.62,1.236,4504.75,860.13,0.098,128,completed,1.0,4504.75
ORG-200572,MCH-100572,PTR-004,Yoga Studio,IL,2022-07-26,2022-09-24,164409.03,0,539,high,12644.45,1.223,15464.16,2819.71,0.157,60,active,0.951,14706.42
ORG-200573,MCH-100573,PTR-006,Creative Services,OR,2025-01-20,2025-03-21,182391.12,1,579,medium,32686.97,1.27,41512.45,8825.48,0.131,60,completed,1.0,41512.45
ORG-200574,MCH-100574,PTR-001,Restaurant,MA,2023-01-08,2023-05-16,78222.91,1,717,low,28010.61,1.326,37142.07,9131.46,0.111,128,completed,1.0,37142.07
ORG-200575,MCH-100575,PTR-002,E-commerce Retail,OH,2026-03-27,2026-06-13,42535.8,1,635,low,6307.3,1.153,7272.32,965.02,0.065,78,completed,1.0,7272.32
ORG-200576,MCH-100576,PTR-005,Food Truck,TN,2025-01-06,2025-03-07,193193.11,3,741,medium,27569.25,1.304,35950.3,8381.05,0.15,60,default,0.3,10785.09
ORG-200577,MCH-100577,PTR-002,E-commerce Retail,NJ,2026-04-18,2026-07-29,203062.67,4,815,low,80163.51,1.302,104372.89,24209.38,0.151,102,active,0.771,80471.5
ORG-200578,MCH-100578,PTR-004,Spa,CO,2022-06-24,2022-08-30,72010.78,0,513,medium,9862.91,1.313,12950.0,3087.09,0.08,67,completed,1.0,12950.0
ORG-200579,MCH-100579,PTR-006,E-commerce Retail,TX,2026-02-04,2026-05-02,158374.97,2,599,medium,18721.83,1.337,25031.09,6309.26,0.054,87,default,0.311,7784.67
ORG-200580,MCH-100580,PTR-002,CPG Brand,NY,2023-03-15,2023-05-14,248029.1,3,754,medium,38668.53,1.32,51042.46,12373.93,0.134,60,active,0.735,37516.21
ORG-200581,MCH-100581,PTR-001,Cafe,NC,2022-01-21,2022-04-01,102603.54,3,731,low,22534.05,1.339,30173.09,7639.04,0.126,70,completed,1.0,30173.09
ORG-200582,MCH-100582,PTR-002,E-commerce Retail,NY,2022-10-19,2023-01-30,34416.01,1,622,low,10923.53,1.1,12015.88,1092.35,0.101,103,active,0.709,8519.26
ORG-200583,MCH-100583,PTR-003,Auto Repair,GA,2024-08-29,2024-10-29,228551.42,0,526,low,55017.69,1.302,71633.03,16615.34,0.154,61,active,0.832,59598.68
ORG-200584,MCH-100584,PTR-003,Salon,MD,2025-04-05,2025-06-04,138692.08,0,512,low,19104.15,1.166,22275.44,3171.29,0.171,60,active,0.732,16305.62
ORG-200585,MCH-100585,PTR-001,Restaurant,OR,2022-08-13,2022-10-12,135175.57,0,583,medium,33786.56,1.344,45409.14,11622.58,0.177,60,completed,1.0,45409.14
ORG-200586,MCH-100586,PTR-004,Spa,GA,2022-11-20,2023-04-25,198072.38,5,589,medium,42651.35,1.335,56939.55,14288.2,0.055,156,active,0.901,51302.53
ORG-200587,MCH-100587,PTR-004,Wellness Clinic,MN,2025-01-26,2025-03-27,18824.52,0,754,medium,4524.3,1.337,6048.99,1524.69,0.173,60,completed,1.0,6048.99
ORG-200588,MCH-100588,PTR-001,Restaurant,AZ,2022-11-04,2023-01-03,30376.99,1,707,medium,4616.25,1.235,5701.07,1084.82,0.155,60,paid_off_early,1.0,5701.07
ORG-200589,MCH-100589,PTR-005,Food Truck,MN,2022-10-10,2023-01-18,68592.65,1,725,high,12189.39,1.094,13335.19,1145.8,0.058,100,active,0.925,12335.05
ORG-200590,MCH-100590,PTR-003,Convenience Store,CA,2022-05-23,2022-07-24,10037.95,0,698,medium,2372.66,1.228,2913.63,540.97,0.139,62,completed,1.0,2913.63
ORG-200591,MCH-100591,PTR-005,Restaurant,OR,2025-07-08,2025-09-06,42684.47,0,529,medium,8203.85,1.233,10115.35,1911.5,0.179,60,completed,1.0,10115.35
ORG-200592,MCH-100592,PTR-006,Creative Services,PA,2025-07-22,2026-02-25,100404.23,0,780,medium,47908.85,1.193,57155.26,9246.41,0.078,218,completed,1.0,57155.26
ORG-200593,MCH-100593,PTR-004,Yoga Studio,IL,2024-02-14,2024-04-14,38384.09,0,587,medium,6352.9,1.193,7579.01,1226.11,0.146,60,completed,1.0,7579.01
ORG-200594,MCH-100594,PTR-006,E-commerce Retail,FL,2025-10-01,2025-12-19,32460.23,2,658,medium,6325.94,1.12,7085.05,759.11,0.082,79,completed,1.0,7085.05
ORG-200595,MCH-100595,PTR-001,Cafe,FL,2022-06-18,2022-08-30,205607.2,5,558,medium,65388.94,1.133,74085.67,8696.73,0.147,73,active,0.765,56675.54
ORG-200596,MCH-100596,PTR-005,Food Truck,MN,2022-08-28,2022-10-27,228805.43,0,529,medium,16434.22,1.16,19063.7,2629.48,0.172,60,active,0.963,18358.34
ORG-200597,MCH-100597,PTR-001,Cafe,FL,2022-09-04,2023-04-07,148803.93,0,813,high,46258.74,1.178,54492.8,8234.06,0.051,215,active,0.98,53402.94
ORG-200598,MCH-100598,PTR-005,Restaurant,MA,2025-10-29,2025-12-28,153796.49,2,676,high,29233.68,1.085,31718.54,2484.86,0.154,60,completed,1.0,31718.54
ORG-200599,MCH-100599,PTR-001,Restaurant,NJ,2025-08-21,2025-12-01,224505.09,3,624,low,37979.51,1.133,43030.78,5051.27,0.056,102,completed,1.0,43030.78
ORG-200600,MCH-100600,PTR-001,Cafe,NC,2024-03-05,2024-05-14,19337.87,0,792,high,4256.85,1.298,5525.39,1268.54,0.122,70,completed,1.0,5525.39
ORG-200601,MCH-100601,PTR-002,CPG Brand,OR,2022-08-16,2022-10-15,206503.62,1,636,low,33428.85,1.171,39145.18,5716.33,0.147,60,active,0.97,37970.82
ORG-200602,MCH-100602,PTR-002,E-commerce Retail,MA,2024-01-04,2024-06-20,12564.31,0,594,medium,3970.84,1.205,4784.86,814.02,0.068,168,active,0.736,3521.66
ORG-200603,MCH-100603,PTR-002,Marketplace Reseller,VA,2024-10-29,2024-12-28,241988.62,1,634,medium,37959.55,1.321,50144.57,12185.02,0.106,60,active,0.913,45781.99
ORG-200604,MCH-100604,PTR-005,Food Truck,IL,2023-10-06,2023-12-16,122772.22,1,738,medium,32973.48,1.337,44085.54,11112.06,0.151,71,active,0.93,40999.55
ORG-200605,MCH-100605,PTR-004,Spa,WA,2024-01-30,2024-03-30,22431.98,0,802,medium,4123.0,1.1,4535.3,412.3,0.11,60,completed,1.0,4535.3
ORG-200606,MCH-100606,PTR-005,Restaurant,TX,2023-01-05,2023-05-04,98700.85,4,767,low,18783.52,1.128,21187.81,2404.29,0.054,119,default,0.597,12649.12
ORG-200607,MCH-100607,PTR-001,Cafe,CA,2025-03-28,2025-06-22,235809.68,0,563,medium,50651.88,1.149,58199.01,7547.13,0.086,86,active,0.74,43067.27
ORG-200608,MCH-100608,PTR-004,Spa,VA,2024-05-29,2024-07-28,216405.31,0,683,high,38068.44,1.161,44197.46,6129.02,0.15,60,active,0.98,43313.51
ORG-200609,MCH-100609,PTR-005,Bar,PA,2022-01-21,2022-09-07,205487.62,1,658,medium,81110.67,1.086,88086.19,6975.52,0.056,229,completed,1.0,88086.19
ORG-200610,MCH-100610,PTR-002,Marketplace Reseller,TX,2022-08-30,2022-11-23,115528.11,0,692,medium,46125.35,1.246,57472.19,11346.84,0.174,85,active,0.98,56322.75
ORG-200611,MCH-100611,PTR-004,Yoga Studio,MI,2025-06-25,2025-08-24,85077.46,2,663,high,10980.46,1.325,14549.11,3568.65,0.141,60,completed,1.0,14549.11
ORG-200612,MCH-100612,PTR-001,Cafe,NC,2023-09-06,2023-11-05,216134.48,1,602,medium,39591.59,1.107,43827.89,4236.3,0.133,60,active,0.98,42951.33
ORG-200613,MCH-100613,PTR-006,Creative Services,VA,2025-07-22,2025-09-25,199474.5,1,736,low,38052.92,1.213,46158.19,8105.27,0.106,65,completed,1.0,46158.19
ORG-200614,MCH-100614,PTR-004,Yoga Studio,TX,2026-05-06,2026-08-20,221787.74,0,661,medium,72351.6,1.304,94346.49,21994.89,0.12,106,completed,1.0,94346.49
ORG-200615,MCH-100615,PTR-005,Restaurant,CO,2023-01-22,2023-05-27,184499.34,2,703,medium,78290.4,1.201,94026.77,15736.37,0.122,125,completed,1.0,94026.77
ORG-200616,MCH-100616,PTR-001,Cafe,NJ,2022-06-22,2022-08-21,54997.68,0,768,low,4501.21,1.1,4951.33,450.12,0.146,60,completed,1.0,4951.33
ORG-200617,MCH-100617,PTR-006,E-commerce Retail,NJ,2025-11-04,2026-03-27,241551.91,4,546,high,63820.0,1.156,73775.92,9955.92,0.064,143,default,0.507,37404.39
ORG-200618,MCH-100618,PTR-002,CPG Brand,FL,2026-01-05,2026-03-27,11008.26,4,698,medium,4424.32,1.161,5136.64,712.32,0.172,81,active,0.822,4222.32
ORG-200619,MCH-100619,PTR-001,Bakery,AZ,2023-01-22,2023-06-06,215720.22,0,676,low,104418.93,1.213,126660.16,22241.23,0.13,135,active,0.944,119567.19
ORG-200620,MCH-100620,PTR-003,Convenience Store,OH,2026-05-19,2027-01-31,50200.22,1,589,medium,17836.17,1.306,23294.04,5457.87,0.054,257,active,0.297,6918.33
ORG-200621,MCH-100621,PTR-004,Spa,MA,2024-11-25,2025-01-24,141935.55,3,809,low,25647.58,1.267,32495.48,6847.9,0.118,60,default,0.364,11828.35
ORG-200622,MCH-100622,PTR-006,E-commerce Retail,MD,2022-02-11,2022-04-12,212035.84,0,665,medium,21591.16,1.307,28219.65,6628.49,0.123,60,completed,1.0,28219.65
ORG-200623,MCH-100623,PTR-002,E-commerce Retail,MA,2022-10-05,2023-01-05,124897.37,1,568,high,35035.42,1.324,46386.9,11351.48,0.121,92,active,0.764,35439.59
ORG-200624,MCH-100624,PTR-004,Fitness Studio,AZ,2023-06-22,2023-08-25,201314.43,1,771,medium,42300.38,1.112,47038.02,4737.64,0.109,64,completed,1.0,47038.02
ORG-200625,MCH-100625,PTR-001,Bakery,GA,2022-09-03,2023-02-12,236328.3,1,557,low,74005.17,1.225,90656.33,16651.16,0.071,162,completed,1.0,90656.33
ORG-200626,MCH-100626,PTR-001,Cafe,VA,2026-05-08,2026-08-21,114283.79,0,583,medium,38337.75,1.232,47232.11,8894.36,0.117,105,active,0.901,42556.13
ORG-200627,MCH-100627,PTR-005,Food Truck,IL,2025-05-11,2025-07-10,226103.11,2,530,low,33736.43,1.093,36873.92,3137.49,0.112,60,paid_off_early,1.0,36873.92
ORG-200628,MCH-100628,PTR-005,Restaurant,MN,2025-09-14,2025-12-08,236900.34,1,708,medium,100376.75,1.168,117240.04,16863.29,0.173,85,active,0.86,100826.43
ORG-200629,MCH-100629,PTR-001,Bakery,TX,2023-10-30,2024-01-15,161815.84,3,818,high,30691.26,1.151,35325.64,4634.38,0.085,77,active,0.834,29461.58
ORG-200630,MCH-100630,PTR-002,E-commerce Retail,WA,2026-03-25,2026-07-23,141419.37,0,644,low,22185.2,1.285,28507.98,6322.78,0.05,120,completed,1.0,28507.98
ORG-200631,MCH-100631,PTR-004,Wellness Clinic,NC,2024-02-20,2024-04-20,133300.52,0,728,high,15148.47,1.114,16875.4,1726.93,0.106,60,completed,1.0,16875.4
ORG-200632,MCH-100632,PTR-002,Marketplace Reseller,TX,2024-05-03,2024-08-10,238218.44,0,668,medium,32321.49,1.247,40304.9,7983.41,0.051,99,completed,1.0,40304.9
ORG-200633,MCH-100633,PTR-001,Cafe,FL,2024-12-17,2025-06-27,67788.29,1,516,medium,29858.83,1.106,33023.87,3165.04,0.076,192,default,0.587,19385.01
ORG-200634,MCH-100634,PTR-004,Spa,TX,2023-08-31,2023-10-30,151127.69,1,706,high,31952.94,1.26,40260.7,8307.76,0.141,60,active,0.815,32812.47
ORG-200635,MCH-100635,PTR-005,Food Truck,TX,2022-01-06,2022-05-11,165066.47,3,629,medium,45040.78,1.258,56661.3,11620.52,0.082,125,completed,1.0,56661.3
ORG-200636,MCH-100636,PTR-004,Wellness Clinic,MI,2023-01-03,2023-03-04,55540.73,0,659,medium,5876.28,1.285,7551.02,1674.74,0.149,60,paid_off_early,1.0,7551.02
ORG-200637,MCH-100637,PTR-003,Auto Repair,PA,2024-06-28,2024-08-27,214131.76,0,771,medium,39143.91,1.153,45132.93,5989.02,0.106,60,default,0.344,15525.73
ORG-200638,MCH-100638,PTR-001,Restaurant,MI,2026-05-19,2026-09-01,108076.4,0,742,low,39206.09,1.344,52692.98,13486.89,0.139,105,paid_off_early,1.0,52692.98
ORG-200639,MCH-100639,PTR-003,Convenience Store,OH,2024-10-04,2025-02-13,73642.14,3,626,medium,13728.52,1.329,18245.2,4516.68,0.056,132,active,0.701,12789.89
ORG-200640,MCH-100640,PTR-006,Creative Services,NY,2023-02-14,2023-07-02,242939.93,1,721,medium,99624.43,1.172,116759.83,17135.4,0.104,138,active,0.766,89438.03
ORG-200641,MCH-100641,PTR-001,Restaurant,MN,2022-01-15,2022-03-16,166799.86,0,818,medium,20341.2,1.242,25263.77,4922.57,0.111,60,completed,1.0,25263.77
ORG-200642,MCH-100642,PTR-004,Fitness Studio,MN,2024-04-14,2024-08-16,146495.38,2,685,high,52884.94,1.185,62668.65,9783.71,0.103,124,active,0.814,51012.28
ORG-200643,MCH-100643,PTR-001,Restaurant,WA,2023-02-14,2023-04-25,22205.95,2,705,medium,3235.78,1.151,3724.38,488.6,0.071,70,default,0.303,1128.49
ORG-200644,MCH-100644,PTR-006,E-commerce Retail,MA,2024-10-06,2024-12-05,18081.73,1,671,low,3095.72,1.174,3634.38,538.66,0.156,60,active,0.932,3387.24
ORG-200645,MCH-100645,PTR-005,Food Truck,MA,2025-05-07,2025-07-13,92182.31,1,568,medium,28415.43,1.19,33814.36,5398.93,0.163,67,active,0.83,28065.92
ORG-200646,MCH-100646,PTR-004,Fitness Studio,IL,2024-06-22,2024-08-22,55611.16,2,520,medium,5158.61,1.134,5849.86,691.25,0.051,61,active,0.954,5580.77
ORG-200647,MCH-100647,PTR-004,Yoga Studio,CO,2026-02-14,2026-04-25,59738.19,2,602,high,14524.71,1.204,17487.75,2963.04,0.124,70,active,0.925,16176.17
ORG-200648,MCH-100648,PTR-006,Creative Services,TX,2022-01-13,2022-06-27,194823.21,5,818,high,81885.07,1.104,90401.12,8516.05,0.084,165,active,0.735,66444.82
ORG-200649,MCH-100649,PTR-003,Salon,IL,2023-10-20,2024-02-02,59405.11,0,711,medium,15336.06,1.262,19354.11,4018.05,0.093,105,active,0.815,15773.6
ORG-200650,MCH-100650,PTR-001,Bakery,MA,2022-03-12,2022-05-11,232716.31,2,509,high,22430.53,1.094,24539.0,2108.47,0.099,60,completed,1.0,24539.0
ORG-200651,MCH-100651,PTR-002,CPG Brand,OH,2022-01-05,2022-04-02,12477.64,1,639,medium,2973.43,1.193,3547.3,573.87,0.098,87,active,0.85,3015.2
ORG-200652,MCH-100652,PTR-006,Creative Services,MD,2026-02-24,2026-07-19,210951.57,2,769,low,45427.99,1.217,55285.86,9857.87,0.054,145,completed,1.0,55285.86
ORG-200653,MCH-100653,PTR-006,E-commerce Retail,WA,2023-09-15,2023-11-14,173783.55,1,724,medium,19033.66,1.24,23601.74,4568.08,0.119,60,active,0.805,18999.4
ORG-200654,MCH-100654,PTR-001,Cafe,VA,2023-06-08,2023-08-07,243352.53,0,624,low,38193.11,1.277,48772.6,10579.49,0.141,60,completed,1.0,48772.6
ORG-200655,MCH-100655,PTR-006,Creative Services,MN,2023-02-17,2023-08-10,73180.17,2,624,medium,35043.39,1.312,45976.93,10933.54,0.108,174,completed,1.0,45976.93
ORG-200656,MCH-100656,PTR-004,Spa,PA,2023-09-12,2023-11-11,173356.99,1,633,medium,22581.75,1.127,25449.63,2867.88,0.083,60,active,0.969,24660.69
ORG-200657,MCH-100657,PTR-006,E-commerce Retail,TN,2024-04-22,2024-07-31,12810.92,0,562,medium,3778.21,1.327,5013.68,1235.47,0.117,100,active,0.716,3589.79
ORG-200658,MCH-100658,PTR-005,Restaurant,PA,2022-01-30,2022-04-13,84901.11,0,565,high,27497.35,1.347,37038.93,9541.58,0.177,73,completed,1.0,37038.93
ORG-200659,MCH-100659,PTR-006,E-commerce Retail,NC,2023-01-27,2023-06-03,242606.15,1,670,medium,41009.71,1.307,53599.69,12589.98,0.052,127,active,0.754,40414.17
ORG-200660,MCH-100660,PTR-004,Yoga Studio,WA,2024-04-05,2024-07-21,119137.68,3,594,medium,18898.41,1.132,21393.0,2494.59,0.05,107,active,0.907,19403.45
ORG-200661,MCH-100661,PTR-002,E-commerce Retail,MI,2025-07-30,2025-09-28,172392.94,1,511,high,28257.55,1.296,36621.78,8364.23,0.12,60,completed,1.0,36621.78
ORG-200662,MCH-100662,PTR-005,Food Truck,MN,2022-04-29,2022-07-04,173888.75,3,740,high,39837.62,1.097,43701.87,3864.25,0.114,66,completed,1.0,43701.87
ORG-200663,MCH-100663,PTR-002,E-commerce Retail,MI,2025-07-18,2025-09-16,104459.67,0,690,low,19561.89,1.292,25273.96,5712.07,0.128,60,active,0.958,24212.45
ORG-200664,MCH-100664,PTR-004,Wellness Clinic,MN,2025-02-07,2025-05-18,16868.8,0,645,medium,3160.65,1.239,3916.05,755.4,0.069,100,completed,1.0,3916.05
ORG-200665,MCH-100665,PTR-002,CPG Brand,CO,2023-03-23,2023-07-08,175105.12,0,656,medium,65447.61,1.307,85540.03,20092.42,0.136,107,active,0.815,69715.12
ORG-200666,MCH-100666,PTR-001,Ghost Kitchen,MA,2025-04-08,2025-07-19,137652.5,1,604,high,55697.04,1.242,69175.72,13478.68,0.147,102,completed,1.0,69175.72
ORG-200667,MCH-100667,PTR-002,CPG Brand,OR,2025-10-02,2025-12-01,168181.05,3,614,high,38933.78,1.123,43722.63,4788.85,0.168,60,active,0.854,37339.13
ORG-200668,MCH-100668,PTR-004,Yoga Studio,NY,2023-03-01,2023-06-03,141097.63,1,581,medium,45493.22,1.086,49405.64,3912.42,0.111,94,completed,1.0,49405.64
ORG-200669,MCH-100669,PTR-005,Food Truck,NY,2024-03-02,2024-05-01,164218.36,4,785,low,31012.54,1.306,40502.38,9489.84,0.137,60,completed,1.0,40502.38
ORG-200670,MCH-100670,PTR-005,Food Truck,IL,2025-07-23,2026-02-21,137715.52,0,704,medium,63122.63,1.088,68677.42,5554.79,0.07,213,completed,1.0,68677.42
ORG-200671,MCH-100671,PTR-005,Bar,NC,2023-12-31,2024-04-13,126487.13,0,570,medium,44027.88,1.321,58160.83,14132.95,0.132,104,completed,1.0,58160.83
ORG-200672,MCH-100672,PTR-002,CPG Brand,PA,2023-09-08,2023-11-07,231937.02,0,676,high,32110.27,1.225,39335.08,7224.81,0.124,60,completed,1.0,39335.08
ORG-200673,MCH-100673,PTR-002,CPG Brand,NY,2022-01-17,2022-03-18,35698.52,2,688,high,8725.14,1.097,9571.48,846.34,0.164,60,completed,1.0,9571.48
ORG-200674,MCH-100674,PTR-004,Spa,NY,2022-08-01,2022-10-23,83508.8,1,604,low,13592.89,1.224,16637.7,3044.81,0.072,83,active,0.705,11729.58
ORG-200675,MCH-100675,PTR-002,Marketplace Reseller,GA,2025-11-16,2026-01-15,10961.45,0,559,low,2000,1.316,2632.0,632.0,0.177,60,active,0.98,2579.36
ORG-200676,MCH-100676,PTR-004,Wellness Clinic,NC,2025-04-17,2025-08-04,57805.21,2,545,medium,17837.25,1.089,19424.77,1587.52,0.092,109,active,0.933,18123.31
ORG-200677,MCH-100677,PTR-003,Convenience Store,NJ,2025-04-09,2025-06-08,199918.41,0,687,high,38675.47,1.281,49543.28,10867.81,0.145,60,paid_off_early,1.0,49543.28
ORG-200678,MCH-100678,PTR-005,Bar,NC,2025-02-26,2025-06-24,94203.15,3,529,medium,48934.5,1.189,58183.12,9248.62,0.156,118,active,0.794,46197.4
ORG-200679,MCH-100679,PTR-005,Food Truck,AZ,2022-06-17,2022-09-20,189000.92,0,565,high,48977.53,1.16,56813.93,7836.4,0.094,95,active,0.86,48859.98
ORG-200680,MCH-100680,PTR-001,Cafe,NC,2023-03-03,2023-05-10,171062.22,1,532,medium,39446.11,1.146,45205.24,5759.13,0.115,68,completed,1.0,45205.24
ORG-200681,MCH-100681,PTR-002,CPG Brand,OH,2024-06-24,2024-08-23,146869.48,0,813,medium,25820.61,1.287,33231.13,7410.52,0.152,60,completed,1.0,33231.13
ORG-200682,MCH-100682,PTR-002,Marketplace Reseller,FL,2025-09-23,2025-11-22,119322.3,2,687,medium,10672.46,1.235,13180.49,2508.03,0.116,60,active,0.934,12310.58
ORG-200683,MCH-100683,PTR-004,Fitness Studio,WA,2022-03-11,2022-05-22,92676.85,2,509,high,26104.47,1.242,32421.75,6317.28,0.145,72,default,0.095,3080.07
ORG-200684,MCH-100684,PTR-003,Salon,GA,2025-02-27,2025-07-26,123249.61,2,767,medium,41353.61,1.295,53552.92,12199.31,0.087,149,completed,1.0,53552.92
ORG-200685,MCH-100685,PTR-002,CPG Brand,OR,2024-05-21,2024-12-21,224667.13,4,597,medium,107593.06,1.137,122333.31,14740.25,0.076,214,active,0.867,106062.98
ORG-200686,MCH-100686,PTR-002,E-commerce Retail,CO,2024-06-06,2024-08-25,76718.05,0,727,low,23997.99,1.094,26253.8,2255.81,0.128,80,paid_off_early,1.0,26253.8
ORG-200687,MCH-100687,PTR-001,Bakery,MD,2025-05-09,2025-07-08,139358.44,2,588,medium,33238.82,1.217,40451.64,7212.82,0.178,60,active,0.72,29125.18
ORG-200688,MCH-100688,PTR-004,Spa,MA,2022-03-29,2022-05-28,105818.18,2,616,medium,9830.63,1.082,10636.74,806.11,0.053,60,active,0.98,10424.01
ORG-200689,MCH-100689,PTR-001,Bakery,NJ,2023-01-29,2023-04-17,139041.88,0,587,low,34513.8,1.082,37343.93,2830.13,0.103,78,completed,1.0,37343.93
ORG-200690,MCH-100690,PTR-005,Food Truck,MN,2022-07-28,2022-09-26,79912.78,0,530,medium,21997.53,1.142,25121.18,3123.65,0.166,60,completed,1.0,25121.18
ORG-200691,MCH-100691,PTR-004,Yoga Studio,FL,2022-03-01,2022-05-02,162772.7,4,615,high,31058.22,1.285,39909.81,8851.59,0.118,62,active,0.889,35479.82
ORG-200692,MCH-100692,PTR-003,Convenience Store,VA,2025-06-03,2025-08-02,107217.68,1,734,medium,22621.55,1.253,28344.8,5723.25,0.138,60,active,0.835,23667.91
ORG-200693,MCH-100693,PTR-002,Marketplace Reseller,MA,2023-09-19,2024-02-14,152295.24,0,761,medium,74283.9,1.292,95974.8,21690.9,0.127,148,completed,1.0,95974.8
ORG-200694,MCH-100694,PTR-002,CPG Brand,NJ,2025-07-24,2025-10-09,30562.49,0,712,low,7019.01,1.096,7692.83,673.82,0.097,77,active,0.798,6138.88
ORG-200695,MCH-100695,PTR-001,Bakery,IL,2025-04-12,2025-06-30,82491.04,2,609,high,20556.62,1.171,24071.8,3515.18,0.11,79,active,0.834,20075.88
ORG-200696,MCH-100696,PTR-001,Ghost Kitchen,MN,2022-10-12,2023-01-06,113290.17,0,782,low,19651.47,1.16,22795.71,3144.24,0.07,86,active,0.709,16162.16
ORG-200697,MCH-100697,PTR-003,Retail Store,WA,2023-04-08,2023-06-07,44596.15,1,715,low,4689.68,1.146,5374.37,684.69,0.099,60,completed,1.0,5374.37
ORG-200698,MCH-100698,PTR-003,Convenience Store,NY,2022-10-20,2022-12-19,132417.71,1,810,medium,11905.86,1.349,16061.01,4155.15,0.156,60,active,0.8,12848.81
ORG-200699,MCH-100699,PTR-004,Fitness Studio,FL,2024-05-11,2024-10-16,156815.18,4,613,low,65353.8,1.343,87770.15,22416.35,0.106,158,completed,1.0,87770.15
ORG-200700,MCH-100700,PTR-002,E-commerce Retail,IL,2022-11-08,2023-02-20,99609.29,1,731,medium,27476.0,1.103,30306.03,2830.03,0.087,104,completed,1.0,30306.03
ORG-200701,MCH-100701,PTR-004,Spa,IL,2024-04-25,2024-06-24,242957.51,2,671,medium,33062.87,1.134,37493.29,4430.42,0.139,60,completed,1.0,37493.29
ORG-200702,MCH-100702,PTR-003,Auto Repair,NJ,2023-07-27,2023-11-18,103086.48,0,642,medium,34394.24,1.297,44609.33,10215.09,0.113,114,completed,1.0,44609.33
ORG-200703,MCH-100703,PTR-002,CPG Brand,CA,2025-10-08,2026-01-24,239974.88,1,811,high,47398.92,1.17,55456.74,8057.82,0.064,108,active,0.848,47027.32
ORG-200704,MCH-100704,PTR-003,Convenience Store,MD,2025-06-05,2025-09-04,120201.14,3,620,medium,26991.7,1.087,29339.98,2348.28,0.08,91,completed,1.0,29339.98
ORG-200705,MCH-100705,PTR-004,Wellness Clinic,CA,2022-01-09,2022-06-12,103692.64,1,570,medium,43233.9,1.298,56117.6,12883.7,0.105,154,active,0.98,54995.25
ORG-200706,MCH-100706,PTR-002,E-commerce Retail,OH,2022-06-08,2022-08-08,158434.86,2,530,medium,39507.01,1.342,53018.41,13511.4,0.164,61,active,0.816,43263.02
ORG-200707,MCH-100707,PTR-001,Restaurant,PA,2023-01-27,2023-04-17,22867.47,0,612,high,7625.65,1.266,9654.07,2028.42,0.158,80,completed,1.0,9654.07
ORG-200708,MCH-100708,PTR-005,Restaurant,IL,2024-09-17,2024-12-24,223035.7,2,710,high,84035.03,1.231,103447.12,19412.09,0.141,98,completed,1.0,103447.12
ORG-200709,MCH-100709,PTR-003,Auto Repair,CO,2024-01-17,2024-03-30,53881.1,1,673,medium,11576.02,1.12,12965.14,1389.12,0.098,73,paid_off_early,1.0,12965.14
ORG-200710,MCH-100710,PTR-002,E-commerce Retail,GA,2025-04-28,2025-09-06,9563.34,2,609,medium,3472.95,1.209,4198.8,725.85,0.1,131,completed,1.0,4198.8
ORG-200711,MCH-100711,PTR-001,Restaurant,OR,2022-05-06,2022-07-28,78782.44,0,722,high,29163.9,1.134,33071.86,3907.96,0.151,83,active,0.98,32410.42
ORG-200712,MCH-100712,PTR-005,Food Truck,MI,2025-05-28,2025-10-02,34217.42,1,695,medium,10676.27,1.203,12843.55,2167.28,0.088,127,completed,1.0,12843.55
ORG-200713,MCH-100713,PTR-003,Convenience Store,MD,2022-01-19,2022-03-20,35658.03,4,605,low,3529.91,1.304,4603.0,1073.09,0.07,60,active,0.711,3272.73
ORG-200714,MCH-100714,PTR-005,Restaurant,FL,2025-07-21,2025-09-20,76652.5,1,682,medium,20838.94,1.272,26507.13,5668.19,0.17,61,completed,1.0,26507.13
ORG-200715,MCH-100715,PTR-003,Auto Repair,OR,2022-03-12,2022-12-03,42360.86,1,607,medium,16879.05,1.115,18820.14,1941.09,0.05,266,completed,1.0,18820.14
ORG-200716,MCH-100716,PTR-001,Ghost Kitchen,IL,2022-01-08,2022-04-29,171199.75,1,521,medium,70926.45,1.345,95396.08,24469.63,0.15,111,active,0.98,93488.16
ORG-200717,MCH-100717,PTR-004,Wellness Clinic,FL,2023-04-29,2023-08-25,131199.08,1,778,medium,39894.17,1.339,53418.29,13524.12,0.103,118,completed,1.0,53418.29
ORG-200718,MCH-100718,PTR-006,Photography Studio,VA,2025-06-28,2025-11-03,242124.34,0,593,medium,86368.75,1.109,95782.94,9414.19,0.092,128,completed,1.0,95782.94
ORG-200719,MCH-100719,PTR-001,Bakery,NY,2026-01-11,2026-04-01,164885.49,3,599,high,21087.73,1.177,24820.26,3732.53,0.056,80,completed,1.0,24820.26
ORG-200720,MCH-100720,PTR-001,Ghost Kitchen,AZ,2025-09-16,2026-02-05,161336.06,0,662,low,31635.72,1.284,40620.26,8984.54,0.053,142,completed,1.0,40620.26
ORG-200721,MCH-100721,PTR-003,Convenience Store,NY,2026-01-15,2026-07-31,203235.83,2,598,medium,83774.97,1.325,111001.84,27226.87,0.083,197,completed,1.0,111001.84
ORG-200722,MCH-100722,PTR-005,Food Truck,AZ,2022-12-25,2023-04-08,217697.98,0,508,medium,30447.41,1.349,41073.56,10626.15,0.054,104,completed,1.0,41073.56
ORG-200723,MCH-100723,PTR-006,E-commerce Retail,NC,2025-11-12,2026-01-12,144059.21,0,635,medium,34795.59,1.176,40919.61,6124.02,0.138,61,completed,1.0,40919.61
ORG-200724,MCH-100724,PTR-002,CPG Brand,MN,2023-11-09,2024-02-12,72087.23,2,715,medium,28910.06,1.248,36079.75,7169.69,0.158,95,active,0.979,35322.08
ORG-200725,MCH-100725,PTR-003,Convenience Store,TX,2023-12-06,2024-02-04,201161.09,3,700,medium,28809.43,1.26,36299.88,7490.45,0.17,60,active,0.809,29366.6
ORG-200726,MCH-100726,PTR-004,Yoga Studio,NJ,2023-06-12,2023-09-12,182032.31,2,739,high,23701.28,1.283,30408.74,6707.46,0.054,92,completed,1.0,30408.74
ORG-200727,MCH-100727,PTR-006,Photography Studio,MD,2026-04-07,2026-07-31,138644.4,4,540,high,35140.07,1.107,38900.06,3759.99,0.073,115,active,0.974,37888.66
ORG-200728,MCH-100728,PTR-001,Ghost Kitchen,PA,2025-04-13,2025-08-09,68193.05,3,619,low,27877.31,1.311,36547.15,8669.84,0.136,118,completed,1.0,36547.15
ORG-200729,MCH-100729,PTR-005,Bar,NC,2025-10-23,2026-01-27,206463.46,0,531,medium,55269.18,1.292,71407.78,16138.6,0.108,96,completed,1.0,71407.78
ORG-200730,MCH-100730,PTR-002,Marketplace Reseller,MI,2024-03-29,2024-08-08,142298.28,0,568,medium,50838.82,1.126,57244.51,6405.69,0.091,132,completed,1.0,57244.51
ORG-200731,MCH-100731,PTR-004,Fitness Studio,FL,2022-03-06,2022-06-29,140009.08,0,501,medium,37189.24,1.178,43808.92,6619.68,0.081,115,default,0.457,20020.68
ORG-200732,MCH-100732,PTR-006,Creative Services,NC,2023-12-26,2024-06-12,186663.6,1,649,medium,52346.46,1.13,59151.5,6805.04,0.056,169,active,0.79,46729.69
ORG-200733,MCH-100733,PTR-004,Spa,CA,2022-04-06,2022-08-16,98085.78,1,647,medium,31093.6,1.209,37592.16,6498.56,0.087,132,active,0.749,28156.53
ORG-200734,MCH-100734,PTR-004,Fitness Studio,GA,2025-08-05,2025-10-04,99331.88,1,808,low,10263.17,1.211,12428.7,2165.53,0.128,60,active,0.955,11869.41
ORG-200735,MCH-100735,PTR-001,Cafe,TX,2024-09-09,2024-11-08,99263.13,4,546,low,11315.17,1.115,12616.41,1301.24,0.07,60,active,0.767,9676.79
ORG-200736,MCH-100736,PTR-003,Convenience Store,MN,2023-11-19,2024-01-18,153264.72,0,798,medium,14782.61,1.155,17073.91,2291.3,0.161,60,delinquent,0.396,6761.27
ORG-200737,MCH-100737,PTR-002,E-commerce Retail,WA,2024-05-07,2024-07-16,152323.4,5,617,medium,28327.04,1.314,37221.73,8894.69,0.104,70,completed,1.0,37221.73
ORG-200738,MCH-100738,PTR-002,Marketplace Reseller,CA,2025-11-16,2026-04-25,128901.04,1,658,medium,48893.74,1.111,54320.95,5427.21,0.079,160,active,0.98,53234.53
ORG-200739,MCH-100739,PTR-003,Convenience Store,NJ,2024-03-20,2024-05-27,225323.33,4,534,medium,66147.5,1.09,72100.78,5953.28,0.141,68,active,0.909,65539.61
ORG-200740,MCH-100740,PTR-006,Photography Studio,NJ,2026-03-15,2026-05-14,176374.77,0,782,high,20450.63,1.277,26115.45,5664.82,0.123,60,completed,1.0,26115.45
ORG-200741,MCH-100741,PTR-004,Wellness Clinic,CA,2022-09-29,2023-04-26,123729.01,0,653,medium,49660.8,1.271,63118.88,13458.08,0.073,209,completed,1.0,63118.88
ORG-200742,MCH-100742,PTR-006,E-commerce Retail,GA,2022-04-25,2022-06-24,121124.86,0,766,medium,20037.24,1.105,22141.15,2103.91,0.132,60,completed,1.0,22141.15
ORG-200743,MCH-100743,PTR-002,CPG Brand,MA,2025-01-05,2025-06-04,180092.25,1,712,high,58517.12,1.234,72210.13,13693.01,0.08,150,completed,1.0,72210.13
ORG-200744,MCH-100744,PTR-003,Salon,WA,2022-02-14,2022-06-05,76795.47,2,557,medium,18354.64,1.201,22043.92,3689.28,0.077,111,completed,1.0,22043.92
ORG-200745,MCH-100745,PTR-004,Yoga Studio,TX,2022-10-07,2022-12-06,70584.65,0,676,medium,7644.62,1.296,9907.43,2262.81,0.094,60,completed,1.0,9907.43
ORG-200746,MCH-100746,PTR-001,Bakery,CA,2022-02-23,2022-04-24,219068.19,3,639,low,22160.93,1.199,26570.96,4410.03,0.061,60,paid_off_early,1.0,26570.96
ORG-200747,MCH-100747,PTR-003,Retail Store,AZ,2026-01-21,2026-05-28,26530.81,2,635,low,7524.11,1.259,9472.85,1948.74,0.084,127,completed,1.0,9472.85
ORG-200748,MCH-100748,PTR-002,Marketplace Reseller,NJ,2022-09-24,2022-12-16,25448.44,3,672,medium,11183.24,1.114,12458.13,1274.89,0.175,83,completed,1.0,12458.13
ORG-200749,MCH-100749,PTR-006,Creative Services,GA,2025-03-29,2025-05-28,86184.46,1,506,low,6332.1,1.286,8143.08,1810.98,0.107,60,completed,1.0,8143.08
ORG-200750,MCH-100750,PTR-004,Wellness Clinic,CO,2024-05-15,2024-08-11,134851.77,2,516,medium,27141.1,1.094,29692.36,2551.26,0.075,88,active,0.806,23932.04
ORG-200751,MCH-100751,PTR-004,Wellness Clinic,WA,2025-02-09,2025-04-10,171398.89,3,624,high,34940.84,1.091,38120.46,3179.62,0.13,60,active,0.912,34765.86
ORG-200752,MCH-100752,PTR-003,Retail Store,NC,2024-05-12,2024-07-11,123239.96,1,678,medium,15080.61,1.086,16377.54,1296.93,0.163,60,completed,1.0,16377.54
ORG-200753,MCH-100753,PTR-001,Restaurant,TX,2023-08-18,2023-11-11,146176.04,0,511,high,27718.32,1.217,33733.2,6014.88,0.081,85,completed,1.0,33733.2
ORG-200754,MCH-100754,PTR-001,Cafe,TN,2025-09-25,2025-11-24,14994.56,5,736,low,2000,1.163,2326.0,326.0,0.179,60,completed,1.0,2326.0
ORG-200755,MCH-100755,PTR-006,Creative Services,OH,2024-04-16,2024-06-26,105233.91,0,734,high,30614.37,1.218,37288.3,6673.93,0.149,71,completed,1.0,37288.3
ORG-200756,MCH-100756,PTR-001,Restaurant,OH,2023-08-09,2023-11-24,181835.63,2,721,low,60563.26,1.13,68436.48,7873.22,0.105,107,active,0.81,55433.55
ORG-200757,MCH-100757,PTR-006,E-commerce Retail,NC,2024-04-12,2024-08-01,197508.03,1,572,medium,80805.78,1.282,103593.01,22787.23,0.141,111,completed,1.0,103593.01
ORG-200758,MCH-100758,PTR-005,Food Truck,PA,2024-11-28,2025-04-25,178823.4,2,812,medium,72686.34,1.181,85842.57,13156.23,0.097,148,active,0.98,84125.72
ORG-200759,MCH-100759,PTR-001,Ghost Kitchen,NC,2022-05-01,2023-02-13,28291.08,3,614,medium,12830.1,1.167,14972.73,2142.63,0.055,288,active,0.804,12038.07
ORG-200760,MCH-100760,PTR-001,Ghost Kitchen,WA,2022-09-21,2022-12-29,43275.68,0,707,high,13946.61,1.172,16345.43,2398.82,0.114,99,active,0.767,12536.94
ORG-200761,MCH-100761,PTR-003,Convenience Store,MA,2024-10-31,2024-12-30,175606.79,1,609,low,22526.38,1.216,27392.08,4865.7,0.145,60,completed,1.0,27392.08
ORG-200762,MCH-100762,PTR-004,Wellness Clinic,CO,2022-09-20,2022-11-19,110987.45,5,813,medium,11903.76,1.339,15939.13,4035.37,0.104,60,active,0.748,11922.47
ORG-200763,MCH-100763,PTR-005,Restaurant,GA,2023-09-23,2024-01-07,87683.58,2,734,medium,28960.04,1.337,38719.57,9759.53,0.124,106,active,0.949,36744.87
ORG-200764,MCH-100764,PTR-005,Restaurant,CO,2022-01-04,2022-03-24,195380.2,4,671,medium,56188.27,1.325,74449.46,18261.19,0.143,79,default,0.111,8263.89
ORG-200765,MCH-100765,PTR-002,CPG Brand,GA,2024-04-18,2024-07-13,18099.73,3,665,high,4098.37,1.334,5467.23,1368.86,0.105,86,completed,1.0,5467.23
ORG-200766,MCH-100766,PTR-003,Auto Repair,OR,2023-08-20,2023-11-06,177404.89,1,672,high,52026.04,1.265,65812.94,13786.9,0.142,78,paid_off_early,1.0,65812.94
ORG-200767,MCH-100767,PTR-006,Creative Services,PA,2023-02-28,2023-07-11,222586.38,1,641,high,41898.13,1.327,55598.82,13700.69,0.056,133,completed,1.0,55598.82
ORG-200768,MCH-100768,PTR-001,Ghost Kitchen,GA,2024-12-15,2025-03-03,228217.42,1,523,medium,79590.27,1.145,91130.86,11540.59,0.153,78,completed,1.0,91130.86
ORG-200769,MCH-100769,PTR-004,Yoga Studio,MN,2024-10-23,2025-03-14,146759.31,0,721,medium,36800.74,1.33,48944.98,12144.24,0.07,142,completed,1.0,48944.98
ORG-200770,MCH-100770,PTR-003,Convenience Store,CA,2025-03-12,2025-06-02,115886.27,1,766,high,30223.89,1.291,39019.04,8795.15,0.123,82,active,0.913,35624.38
ORG-200771,MCH-100771,PTR-004,Wellness Clinic,CO,2025-12-21,2026-02-19,99774.95,0,787,high,8727.08,1.276,11135.75,2408.67,0.084,60,active,0.98,10913.03
ORG-200772,MCH-100772,PTR-006,E-commerce Retail,PA,2023-11-14,2024-05-13,217361.2,0,615,high,66975.99,1.259,84322.77,17346.78,0.064,181,completed,1.0,84322.77
ORG-200773,MCH-100773,PTR-005,Bar,MI,2023-06-22,2023-08-21,95634.34,1,709,high,11883.61,1.326,15757.67,3874.06,0.151,60,completed,1.0,15757.67
ORG-200774,MCH-100774,PTR-003,Convenience Store,MD,2025-11-21,2026-02-10,249296.09,1,729,medium,79052.98,1.239,97946.64,18893.66,0.144,81,active,0.802,78553.21
ORG-200775,MCH-100775,PTR-004,Wellness Clinic,MD,2022-07-20,2022-10-28,199319.79,0,511,high,49614.26,1.223,60678.24,11063.98,0.091,100,completed,1.0,60678.24
ORG-200776,MCH-100776,PTR-001,Ghost Kitchen,NC,2023-09-27,2023-11-26,201804.6,3,741,low,18839.28,1.243,23417.23,4577.95,0.168,60,active,0.922,21590.69
ORG-200777,MCH-100777,PTR-006,E-commerce Retail,TX,2024-03-09,2024-05-20,229229.86,2,573,medium,73268.06,1.178,86309.77,13041.71,0.156,72,active,0.88,75952.6
ORG-200778,MCH-100778,PTR-002,E-commerce Retail,NY,2025-08-07,2025-10-20,71852.69,2,603,medium,18329.52,1.109,20327.44,1997.92,0.114,74,completed,1.0,20327.44
ORG-200779,MCH-100779,PTR-001,Cafe,NY,2025-08-10,2025-10-09,59746.66,4,560,low,14295.06,1.136,16239.19,1944.13,0.157,60,completed,1.0,16239.19
ORG-200780,MCH-100780,PTR-003,Auto Repair,GA,2022-01-24,2022-03-25,66790.04,0,519,low,8158.99,1.226,10002.92,1843.93,0.168,60,active,0.878,8782.56
ORG-200781,MCH-100781,PTR-004,Wellness Clinic,MI,2024-03-19,2024-05-18,174748.38,0,633,low,31116.35,1.227,38179.76,7063.41,0.16,60,completed,1.0,38179.76
ORG-200782,MCH-100782,PTR-004,Yoga Studio,FL,2025-03-11,2025-06-11,150495.0,0,512,medium,29962.03,1.292,38710.94,8748.91,0.083,92,active,0.898,34762.42
ORG-200783,MCH-100783,PTR-004,Spa,AZ,2025-12-20,2026-03-29,238529.33,1,501,medium,31637.39,1.331,42109.37,10471.98,0.053,99,completed,1.0,42109.37
ORG-200784,MCH-100784,PTR-003,Convenience Store,MD,2026-04-17,2026-07-12,60676.66,2,610,low,25239.22,1.162,29327.97,4088.75,0.168,86,active,0.98,28741.41
ORG-200785,MCH-100785,PTR-006,Creative Services,CA,2024-07-06,2024-12-24,87850.22,5,581,medium,31136.67,1.239,38578.33,7441.66,0.077,171,completed,1.0,38578.33
ORG-200786,MCH-100786,PTR-003,Salon,FL,2023-03-21,2023-06-15,196634.55,0,590,low,60500.81,1.345,81373.59,20872.78,0.144,86,active,0.889,72341.12
ORG-200787,MCH-100787,PTR-004,Yoga Studio,TN,2025-10-25,2026-01-15,44265.65,1,646,medium,9835.3,1.16,11408.95,1573.65,0.094,82,active,0.771,8796.3
ORG-200788,MCH-100788,PTR-004,Wellness Clinic,TN,2024-10-14,2025-02-11,152266.7,1,742,medium,50728.08,1.19,60366.42,9638.34,0.099,120,completed,1.0,60366.42
ORG-200789,MCH-100789,PTR-001,Ghost Kitchen,GA,2024-02-13,2024-04-18,157261.39,4,581,high,14632.58,1.271,18598.01,3965.43,0.054,65,completed,1.0,18598.01
ORG-200790,MCH-100790,PTR-001,Bakery,OH,2025-03-31,2025-09-12,69421.63,3,678,medium,20888.51,1.172,24481.33,3592.82,0.064,165,completed,1.0,24481.33
ORG-200791,MCH-100791,PTR-006,E-commerce Retail,VA,2022-06-06,2022-08-29,204288.62,1,749,medium,78042.27,1.135,88577.98,10535.71,0.154,84,active,0.755,66876.37
ORG-200792,MCH-100792,PTR-002,Marketplace Reseller,CA,2022-10-09,2023-01-02,27909.11,3,615,medium,7934.02,1.154,9155.86,1221.84,0.115,85,completed,1.0,9155.86
ORG-200793,MCH-100793,PTR-006,Photography Studio,GA,2025-12-19,2026-02-17,56802.49,1,619,high,6493.48,1.23,7986.98,1493.5,0.102,60,completed,1.0,7986.98
ORG-200794,MCH-100794,PTR-005,Food Truck,TN,2022-02-26,2022-05-30,9686.09,1,731,high,3082.2,1.343,4139.39,1057.19,0.137,93,completed,1.0,4139.39
ORG-200795,MCH-100795,PTR-001,Cafe,VA,2025-08-15,2025-10-18,241449.3,1,619,medium,61631.32,1.307,80552.14,18920.82,0.154,64,completed,1.0,80552.14
ORG-200796,MCH-100796,PTR-004,Spa,MD,2025-08-30,2026-01-12,107714.99,1,611,low,27957.55,1.267,35422.22,7464.67,0.073,135,completed,1.0,35422.22
ORG-200797,MCH-100797,PTR-003,Auto Repair,PA,2025-12-02,2026-06-01,121957.87,3,808,low,40108.4,1.083,43437.4,3329.0,0.059,181,completed,1.0,43437.4
ORG-200798,MCH-100798,PTR-001,Restaurant,NY,2024-07-07,2024-09-05,134252.21,0,695,medium,19198.25,1.222,23460.26,4262.01,0.146,60,active,0.757,17759.42
ORG-200799,MCH-100799,PTR-002,E-commerce Retail,NJ,2025-02-26,2025-05-21,194133.82,0,596,medium,29582.07,1.274,37687.56,8105.49,0.069,84,active,0.713,26871.23
ORG-200800,MCH-100800,PTR-004,Yoga Studio,OH,2023-03-11,2023-06-20,236953.61,0,563,medium,67738.78,1.085,73496.58,5757.8,0.092,101,default,0.42,30868.56
ORG-200801,MCH-100801,PTR-005,Restaurant,NC,2023-04-17,2023-09-03,67598.14,4,574,medium,14207.44,1.263,17944.0,3736.56,0.057,139,completed,1.0,17944.0
ORG-200802,MCH-100802,PTR-005,Bar,TX,2022-11-17,2023-02-18,74158.65,0,707,medium,26753.59,1.099,29402.2,2648.61,0.127,93,completed,1.0,29402.2
ORG-200803,MCH-100803,PTR-003,Retail Store,MN,2024-03-14,2024-09-05,180534.05,1,607,high,57397.6,1.214,69680.69,12283.09,0.066,175,completed,1.0,69680.69
ORG-200804,MCH-100804,PTR-006,Creative Services,CA,2026-02-09,2026-04-10,228922.74,1,738,low,21436.03,1.157,24801.49,3365.46,0.148,60,active,0.718,17807.47
ORG-200805,MCH-100805,PTR-004,Yoga Studio,NY,2024-03-30,2024-09-08,135641.02,2,798,low,58522.37,1.258,73621.14,15098.77,0.1,162,default,0.345,25399.29
ORG-200806,MCH-100806,PTR-002,Marketplace Reseller,GA,2024-12-28,2025-07-18,118860.54,1,590,high,34113.95,1.272,43392.94,9278.99,0.054,202,active,0.969,42047.76
ORG-200807,MCH-100807,PTR-005,Restaurant,NJ,2024-02-07,2024-04-07,34070.95,0,654,medium,2479.26,1.151,2853.63,374.37,0.057,60,paid_off_early,1.0,2853.63
ORG-200808,MCH-100808,PTR-005,Restaurant,MD,2026-04-30,2026-07-23,212885.89,1,647,high,26389.87,1.186,31298.39,4908.52,0.052,84,completed,1.0,31298.39
ORG-200809,MCH-100809,PTR-004,Wellness Clinic,IL,2024-07-15,2024-10-30,131900.29,1,562,low,39595.17,1.122,44425.78,4830.61,0.094,107,default,0.398,17681.46
ORG-200810,MCH-100810,PTR-001,Ghost Kitchen,CO,2026-05-01,2026-07-13,27072.63,1,680,low,7150.65,1.219,8716.64,1565.99,0.132,73,active,0.98,8542.31
ORG-200811,MCH-100811,PTR-003,Salon,PA,2023-01-27,2023-03-28,81309.3,0,551,medium,19664.17,1.225,24088.61,4424.44,0.159,60,completed,1.0,24088.61
ORG-200812,MCH-100812,PTR-002,CPG Brand,MA,2022-06-24,2022-12-13,160774.22,3,794,low,38075.89,1.235,47023.72,8947.83,0.051,172,active,0.859,40393.38
ORG-200813,MCH-100813,PTR-004,Wellness Clinic,FL,2026-04-12,2026-06-11,79610.75,3,647,medium,7373.74,1.151,8487.17,1113.43,0.155,60,active,0.795,6747.3
ORG-200814,MCH-100814,PTR-005,Bar,CA,2025-07-14,2025-12-26,154233.0,0,695,medium,42458.4,1.246,52903.17,10444.77,0.062,165,completed,1.0,52903.17
ORG-200815,MCH-100815,PTR-006,Photography Studio,MD,2022-02-21,2022-04-27,205546.68,1,663,low,60546.07,1.147,69446.34,8900.27,0.155,65,delinquent,0.707,49098.56
ORG-200816,MCH-100816,PTR-004,Fitness Studio,MD,2023-08-25,2023-10-24,178243.2,1,517,low,22569.06,1.329,29994.28,7425.22,0.085,60,active,0.98,29394.39
ORG-200817,MCH-100817,PTR-006,E-commerce Retail,GA,2025-07-07,2025-10-22,183908.04,1,790,low,38796.72,1.238,48030.34,9233.62,0.073,107,completed,1.0,48030.34
ORG-200818,MCH-100818,PTR-005,Bar,AZ,2025-12-07,2026-05-16,242679.23,0,699,high,67066.57,1.202,80614.02,13547.45,0.062,160,active,0.98,79001.74
ORG-200819,MCH-100819,PTR-006,Photography Studio,MA,2022-02-18,2022-07-08,104202.93,2,809,medium,21280.79,1.31,27877.83,6597.04,0.057,140,completed,1.0,27877.83
ORG-200820,MCH-100820,PTR-002,Marketplace Reseller,GA,2025-02-22,2025-06-04,136467.1,0,811,low,50038.61,1.32,66050.97,16012.36,0.142,102,active,0.867,57266.19
ORG-200821,MCH-100821,PTR-003,Retail Store,MI,2025-11-14,2026-01-19,101026.37,1,701,medium,27884.74,1.192,33238.61,5353.87,0.149,66,completed,1.0,33238.61
ORG-200822,MCH-100822,PTR-002,Marketplace Reseller,WA,2022-07-28,2022-12-04,244557.62,0,788,medium,97118.59,1.189,115474.0,18355.41,0.109,129,active,0.98,113164.52
ORG-200823,MCH-100823,PTR-006,Photography Studio,TX,2023-12-31,2024-08-25,194563.47,4,724,medium,66234.02,1.331,88157.48,21923.46,0.057,238,completed,1.0,88157.48
ORG-200824,MCH-100824,PTR-004,Spa,TX,2023-04-03,2023-07-30,187833.93,1,547,medium,70145.44,1.231,86349.04,16203.6,0.116,118,paid_off_early,1.0,86349.04
ORG-200825,MCH-100825,PTR-002,Marketplace Reseller,MA,2024-01-15,2024-05-05,86951.81,0,734,medium,13179.61,1.272,16764.46,3584.85,0.052,111,active,0.711,11919.53
ORG-200826,MCH-100826,PTR-005,Restaurant,MN,2025-02-17,2025-05-27,35069.45,1,627,low,9725.62,1.195,11622.12,1896.5,0.1,99,completed,1.0,11622.12
ORG-200827,MCH-100827,PTR-005,Restaurant,MD,2025-03-19,2025-08-13,39361.73,0,615,medium,14898.52,1.34,19964.02,5065.5,0.103,147,paid_off_early,1.0,19964.02
ORG-200828,MCH-100828,PTR-003,Auto Repair,AZ,2023-03-29,2023-06-22,85280.59,2,767,high,20155.31,1.225,24690.25,4534.94,0.102,85,active,0.856,21134.85
ORG-200829,MCH-100829,PTR-006,Creative Services,CO,2022-06-30,2022-09-10,152294.26,0,604,medium,39247.15,1.2,47096.58,7849.43,0.128,72,active,0.766,36075.98
ORG-200830,MCH-100830,PTR-001,Restaurant,CO,2022-01-16,2022-03-22,167550.01,5,558,medium,29192.31,1.241,36227.66,7035.35,0.099,65,active,0.769,27859.07
ORG-200831,MCH-100831,PTR-006,Creative Services,MD,2026-05-23,2026-08-11,221893.36,3,541,low,80781.49,1.268,102430.93,21649.44,0.172,80,active,0.777,79588.83
ORG-200832,MCH-100832,PTR-005,Restaurant,CA,2023-06-02,2023-08-24,121803.88,1,591,medium,36124.62,1.265,45697.64,9573.02,0.134,83,active,0.808,36923.69
ORG-200833,MCH-100833,PTR-002,Marketplace Reseller,OR,2024-01-16,2024-03-16,87712.34,1,727,low,21985.86,1.291,28383.75,6397.89,0.176,60,completed,1.0,28383.75
ORG-200834,MCH-100834,PTR-002,CPG Brand,TX,2024-03-05,2024-05-20,126290.98,4,567,high,28088.1,1.265,35531.45,7443.35,0.111,76,active,0.98,34820.82
ORG-200835,MCH-100835,PTR-001,Ghost Kitchen,NC,2025-12-26,2026-02-24,29053.6,5,544,high,4369.12,1.144,4998.27,629.15,0.14,60,completed,1.0,4998.27
ORG-200836,MCH-100836,PTR-005,Bar,TX,2022-03-17,2022-05-29,149608.73,2,600,medium,59682.83,1.091,65113.97,5431.14,0.178,73,active,0.74,48184.34
ORG-200837,MCH-100837,PTR-004,Yoga Studio,CA,2025-12-25,2026-07-17,113899.07,1,790,medium,51418.3,1.226,63038.84,11620.54,0.081,204,completed,1.0,63038.84
ORG-200838,MCH-100838,PTR-006,E-commerce Retail,IL,2024-08-04,2024-10-17,23020.67,1,804,low,4852.42,1.243,6031.56,1179.14,0.106,74,active,0.952,5742.05
ORG-200839,MCH-100839,PTR-006,E-commerce Retail,MN,2022-11-23,2023-01-22,46127.41,4,751,medium,7102.3,1.141,8103.72,1001.42,0.112,60,active,0.846,6855.75
ORG-200840,MCH-100840,PTR-002,Marketplace Reseller,IL,2025-02-07,2025-05-14,23037.76,0,551,low,11616.73,1.125,13068.82,1452.09,0.177,96,active,0.802,10481.19
ORG-200841,MCH-100841,PTR-003,Retail Store,TN,2024-06-07,2024-11-06,8872.05,2,694,high,2000,1.289,2578.0,578.0,0.057,152,active,0.98,2526.44
ORG-200842,MCH-100842,PTR-003,Auto Repair,VA,2022-06-25,2022-08-24,173700.36,0,619,medium,19208.59,1.085,20841.32,1632.73,0.125,60,paid_off_early,1.0,20841.32
ORG-200843,MCH-100843,PTR-002,E-commerce Retail,MI,2025-01-27,2025-04-20,121096.11,0,804,high,30878.73,1.141,35232.63,4353.9,0.105,83,completed,1.0,35232.63
ORG-200844,MCH-100844,PTR-002,E-commerce Retail,CO,2025-06-19,2025-08-18,19631.79,0,592,high,3250.58,1.249,4059.97,809.39,0.141,60,active,0.729,2959.72
ORG-200845,MCH-100845,PTR-003,Convenience Store,PA,2025-08-21,2026-01-19,69565.99,2,611,high,22999.65,1.286,29577.55,6577.9,0.084,151,active,0.798,23602.88
ORG-200846,MCH-100846,PTR-005,Restaurant,GA,2023-11-09,2024-01-08,239352.63,2,661,medium,31145.44,1.176,36627.04,5481.6,0.083,60,active,0.916,33550.37
ORG-200847,MCH-100847,PTR-005,Bar,NJ,2025-03-27,2025-07-18,171937.58,3,695,medium,56901.13,1.101,62648.14,5747.01,0.096,113,completed,1.0,62648.14
ORG-200848,MCH-100848,PTR-005,Bar,VA,2025-05-31,2025-09-18,217200.07,2,545,low,91938.24,1.207,110969.46,19031.22,0.139,110,completed,1.0,110969.46
ORG-200849,MCH-100849,PTR-002,CPG Brand,TN,2023-08-24,2023-11-23,217153.94,3,698,high,61256.55,1.204,73752.89,12496.34,0.111,91,active,0.879,64828.79
ORG-200850,MCH-100850,PTR-005,Restaurant,FL,2025-10-02,2025-12-20,45072.27,0,813,medium,14971.06,1.145,17141.86,2170.8,0.143,79,completed,1.0,17141.86
ORG-200851,MCH-100851,PTR-003,Retail Store,AZ,2024-06-20,2024-12-12,242207.7,0,511,medium,70557.84,1.145,80788.73,10230.89,0.057,175,paid_off_early,1.0,80788.73
ORG-200852,MCH-100852,PTR-004,Yoga Studio,PA,2025-12-14,2026-02-12,27336.98,4,553,medium,3998.25,1.126,4502.03,503.78,0.136,60,completed,1.0,4502.03
ORG-200853,MCH-100853,PTR-006,Photography Studio,PA,2025-01-11,2025-03-12,116659.82,0,549,medium,11286.47,1.262,14243.53,2957.06,0.156,60,completed,1.0,14243.53
ORG-200854,MCH-100854,PTR-004,Wellness Clinic,IL,2022-03-01,2022-04-30,111449.14,1,712,medium,13077.62,1.205,15758.53,2680.91,0.099,60,completed,1.0,15758.53
ORG-200855,MCH-100855,PTR-005,Restaurant,NC,2025-08-24,2025-12-06,72362.27,1,760,medium,15772.9,1.195,18848.62,3075.72,0.075,104,active,0.98,18471.65
ORG-200856,MCH-100856,PTR-004,Spa,MD,2022-05-22,2022-07-21,200574.84,3,815,low,27862.16,1.209,33685.35,5823.19,0.123,60,completed,1.0,33685.35
ORG-200857,MCH-100857,PTR-003,Salon,NJ,2025-05-18,2025-08-18,128869.57,0,560,medium,27186.83,1.266,34418.53,7231.7,0.087,92,completed,1.0,34418.53
ORG-200858,MCH-100858,PTR-006,E-commerce Retail,NC,2024-02-09,2024-04-09,215988.02,0,664,low,45828.42,1.215,55681.53,9853.11,0.163,60,active,0.778,43320.23
ORG-200859,MCH-100859,PTR-001,Ghost Kitchen,TN,2024-08-05,2024-11-08,126822.52,1,647,medium,44200.8,1.197,52908.36,8707.56,0.131,95,completed,1.0,52908.36
ORG-200860,MCH-100860,PTR-001,Ghost Kitchen,MN,2026-05-04,2026-07-03,91483.72,0,600,medium,15782.43,1.334,21053.76,5271.33,0.166,60,completed,1.0,21053.76
ORG-200861,MCH-100861,PTR-002,E-commerce Retail,IL,2023-09-07,2023-11-06,122607.4,1,699,medium,20567.36,1.277,26264.52,5697.16,0.121,60,paid_off_early,1.0,26264.52
ORG-200862,MCH-100862,PTR-006,Photography Studio,WA,2022-12-27,2023-05-11,149025.39,5,640,medium,51303.24,1.086,55715.32,4412.08,0.083,135,active,0.731,40727.9
ORG-200863,MCH-100863,PTR-001,Ghost Kitchen,MI,2025-12-20,2026-02-18,65890.42,3,537,low,10667.17,1.247,13301.96,2634.79,0.165,60,active,0.729,9697.13
ORG-200864,MCH-100864,PTR-001,Restaurant,MD,2023-02-28,2023-04-29,218264.03,0,549,medium,30940.28,1.232,38118.42,7178.14,0.156,60,active,0.98,37356.05
ORG-200865,MCH-100865,PTR-005,Restaurant,OR,2023-05-25,2023-09-07,199950.41,1,511,low,28778.08,1.291,37152.5,8374.42,0.053,105,active,0.98,36409.45
ORG-200866,MCH-100866,PTR-006,Creative Services,CA,2022-02-16,2022-04-21,238893.74,2,683,high,70391.69,1.195,84118.07,13726.38,0.163,64,active,0.908,76379.21
ORG-200867,MCH-100867,PTR-004,Fitness Studio,OH,2023-11-23,2024-01-22,166743.38,1,563,medium,21938.91,1.088,23869.53,1930.62,0.148,60,active,0.972,23201.18
ORG-200868,MCH-100868,PTR-006,E-commerce Retail,CO,2025-03-25,2025-09-17,141199.13,0,588,medium,43394.33,1.247,54112.73,10718.4,0.065,176,paid_off_early,1.0,54112.73
ORG-200869,MCH-100869,PTR-003,Retail Store,CO,2022-08-31,2022-12-14,114337.8,1,726,medium,43936.16,1.1,48329.78,4393.62,0.12,105,active,0.835,40355.37
ORG-200870,MCH-100870,PTR-006,Creative Services,OH,2022-06-26,2022-12-04,248034.94,3,613,high,59544.79,1.142,68000.15,8455.36,0.051,161,active,0.98,66640.15
ORG-200871,MCH-100871,PTR-006,Creative Services,TN,2025-12-24,2026-05-09,16210.13,2,555,high,5527.02,1.258,6952.99,1425.97,0.094,136,active,0.98,6813.93
ORG-200872,MCH-100872,PTR-002,CPG Brand,OH,2022-01-27,2022-07-25,228086.13,1,656,low,77405.0,1.092,84526.26,7121.26,0.062,179,completed,1.0,84526.26
ORG-200873,MCH-100873,PTR-006,Photography Studio,NY,2026-01-17,2026-07-28,210261.62,3,807,low,64260.42,1.241,79747.18,15486.76,0.059,192,active,0.871,69459.79
ORG-200874,MCH-100874,PTR-004,Wellness Clinic,NJ,2024-07-29,2024-09-27,184179.12,0,638,medium,39969.52,1.234,49322.39,9352.87,0.18,60,active,0.808,39852.49
ORG-200875,MCH-100875,PTR-005,Restaurant,OR,2026-03-22,2026-12-03,160826.3,2,633,high,66309.56,1.141,75659.21,9349.65,0.055,256,completed,1.0,75659.21
ORG-200876,MCH-100876,PTR-002,E-commerce Retail,GA,2023-05-10,2023-08-01,38251.78,2,712,medium,9721.92,1.18,11471.87,1749.95,0.108,83,active,0.98,11242.43
ORG-200877,MCH-100877,PTR-001,Cafe,GA,2022-09-23,2022-11-22,104664.59,4,631,medium,15865.7,1.142,18118.63,2252.93,0.179,60,active,0.98,17756.26
ORG-200878,MCH-100878,PTR-004,Fitness Studio,CA,2023-07-02,2023-09-06,139458.82,1,546,medium,29412.26,1.135,33382.92,3970.66,0.108,66,active,0.782,26105.44
ORG-200879,MCH-100879,PTR-005,Food Truck,CO,2025-07-09,2025-09-07,190163.34,2,536,high,47665.6,1.084,51669.51,4003.91,0.177,60,completed,1.0,51669.51
ORG-200880,MCH-100880,PTR-006,E-commerce Retail,NJ,2024-12-20,2025-03-04,78026.49,0,728,high,15406.24,1.341,20659.77,5253.53,0.106,74,completed,1.0,20659.77
ORG-200881,MCH-100881,PTR-005,Restaurant,GA,2023-12-09,2024-02-15,27433.24,1,576,low,7001.46,1.237,8660.81,1659.35,0.138,68,active,0.973,8426.97
ORG-200882,MCH-100882,PTR-005,Food Truck,VA,2022-10-28,2023-03-04,111712.04,0,687,low,28663.33,1.222,35026.59,6363.26,0.074,127,active,0.833,29177.15
ORG-200883,MCH-100883,PTR-002,CPG Brand,MA,2023-07-03,2023-09-01,166948.44,1,730,medium,27552.15,1.157,31877.84,4325.69,0.116,60,completed,1.0,31877.84
ORG-200884,MCH-100884,PTR-004,Spa,IL,2023-07-27,2023-10-20,108030.78,0,742,medium,32504.2,1.246,40500.23,7996.03,0.132,85,active,0.98,39690.23
ORG-200885,MCH-100885,PTR-002,Marketplace Reseller,TN,2024-06-13,2024-08-12,193883.47,3,738,medium,32648.29,1.088,35521.34,2873.05,0.093,60,completed,1.0,35521.34
ORG-200886,MCH-100886,PTR-005,Bar,OR,2025-03-14,2025-05-23,85176.55,0,513,medium,20162.96,1.145,23086.59,2923.63,0.116,70,completed,1.0,23086.59
ORG-200887,MCH-100887,PTR-004,Fitness Studio,CA,2025-04-18,2025-06-17,134109.35,0,606,medium,26013.69,1.195,31086.36,5072.67,0.168,60,active,0.774,24060.84
ORG-200888,MCH-100888,PTR-006,Creative Services,CO,2023-09-12,2023-11-28,141402.29,1,661,low,51107.63,1.092,55809.53,4701.9,0.152,77,active,0.882,49224.01
ORG-200889,MCH-100889,PTR-003,Salon,TN,2025-05-29,2025-08-17,30911.81,1,792,low,8185.55,1.298,10624.84,2439.29,0.128,80,completed,1.0,10624.84
ORG-200890,MCH-100890,PTR-001,Restaurant,PA,2026-05-20,2026-08-24,155697.37,0,772,medium,64441.92,1.309,84354.47,19912.55,0.168,96,active,0.926,78112.24
ORG-200891,MCH-100891,PTR-004,Wellness Clinic,CO,2023-01-07,2023-03-20,134360.37,0,549,high,16092.99,1.188,19118.47,3025.48,0.059,72,active,0.976,18659.63
ORG-200892,MCH-100892,PTR-002,Marketplace Reseller,NC,2024-11-06,2025-01-05,219701.99,1,695,medium,27066.59,1.176,31830.31,4763.72,0.164,60,default,0.369,11745.38
ORG-200893,MCH-100893,PTR-002,E-commerce Retail,PA,2025-03-14,2025-07-18,205470.58,0,638,low,89784.75,1.27,114026.63,24241.88,0.132,126,default,0.523,59635.93
ORG-200894,MCH-100894,PTR-004,Fitness Studio,VA,2024-05-20,2024-08-20,177755.56,2,660,low,36174.63,1.229,44458.62,8283.99,0.081,92,completed,1.0,44458.62
ORG-200895,MCH-100895,PTR-005,Bar,MD,2025-06-24,2025-08-28,166234.42,1,545,medium,15129.28,1.247,18866.21,3736.93,0.052,65,completed,1.0,18866.21
ORG-200896,MCH-100896,PTR-003,Convenience Store,IL,2022-01-30,2022-04-20,134913.61,1,540,medium,37495.78,1.22,45744.85,8249.07,0.126,80,active,0.974,44555.48
ORG-200897,MCH-100897,PTR-001,Bakery,CO,2022-09-28,2022-11-27,99591.9,3,739,medium,7741.61,1.178,9119.62,1378.01,0.172,60,active,0.951,8672.76
ORG-200898,MCH-100898,PTR-001,Cafe,TX,2023-07-12,2023-11-07,90153.97,0,700,medium,20401.78,1.131,23074.41,2672.63,0.065,118,completed,1.0,23074.41
ORG-200899,MCH-100899,PTR-004,Spa,OH,2023-09-15,2024-03-31,176109.36,3,563,high,63387.27,1.286,81516.03,18128.76,0.07,198,active,0.752,61300.05
ORG-200900,MCH-100900,PTR-005,Restaurant,OR,2024-12-26,2025-02-24,240848.37,0,816,high,49779.58,1.327,66057.5,16277.92,0.142,60,active,0.891,58857.23
ORG-200901,MCH-100901,PTR-003,Auto Repair,MA,2023-03-27,2023-06-13,39071.49,2,511,medium,15510.75,1.149,17821.85,2311.1,0.174,78,active,0.98,17465.41
ORG-200902,MCH-100902,PTR-005,Bar,WA,2023-04-09,2023-06-08,158577.54,3,650,low,11450.8,1.136,13008.11,1557.31,0.132,60,completed,1.0,13008.11
ORG-200903,MCH-100903,PTR-004,Fitness Studio,IL,2024-10-02,2024-12-01,35976.08,1,549,medium,5518.06,1.328,7327.98,1809.92,0.117,60,active,0.904,6624.49
ORG-200904,MCH-100904,PTR-006,Photography Studio,GA,2024-04-04,2024-10-18,201008.51,1,599,high,63480.45,1.082,68685.85,5205.4,0.052,197,completed,1.0,68685.85
ORG-200905,MCH-100905,PTR-005,Restaurant,FL,2024-03-07,2024-05-30,241913.98,2,814,high,38410.46,1.151,44210.44,5799.98,0.065,84,default,0.307,13572.61
ORG-200906,MCH-100906,PTR-002,CPG Brand,OH,2025-02-05,2025-05-06,159472.42,1,527,high,53097.96,1.33,70620.29,17522.33,0.146,90,active,0.948,66948.03
ORG-200907,MCH-100907,PTR-004,Yoga Studio,MN,2026-05-31,2027-01-13,25659.65,0,748,low,10936.99,1.296,14174.34,3237.35,0.073,227,completed,1.0,14174.34
ORG-200908,MCH-100908,PTR-005,Food Truck,CA,2023-05-28,2023-07-27,29061.48,3,668,high,4488.82,1.29,5790.58,1301.76,0.168,60,active,0.946,5477.89
ORG-200909,MCH-100909,PTR-004,Spa,TX,2022-12-22,2023-05-16,149336.07,1,514,medium,47804.85,1.197,57222.41,9417.56,0.079,145,active,0.878,50241.28
ORG-200910,MCH-100910,PTR-006,Photography Studio,MI,2023-03-12,2023-09-18,56512.91,0,621,high,24257.21,1.304,31631.4,7374.19,0.088,190,active,0.98,30998.77
ORG-200911,MCH-100911,PTR-004,Fitness Studio,CO,2023-05-23,2023-09-04,63556.44,0,733,medium,25278.3,1.13,28564.48,3286.18,0.129,104,completed,1.0,28564.48
ORG-200912,MCH-100912,PTR-002,CPG Brand,CO,2025-08-19,2025-10-27,132999.12,3,645,high,25676.65,1.33,34149.94,8473.29,0.111,69,completed,1.0,34149.94
ORG-200913,MCH-100913,PTR-005,Restaurant,TX,2022-04-02,2022-06-01,179508.36,2,591,low,14611.29,1.128,16481.54,1870.25,0.114,60,completed,1.0,16481.54
ORG-200914,MCH-100914,PTR-001,Bakery,NY,2023-12-01,2024-03-16,71787.75,0,603,medium,16041.73,1.223,19619.04,3577.31,0.077,106,active,0.98,19226.66
ORG-200915,MCH-100915,PTR-003,Retail Store,GA,2024-09-29,2024-11-28,228032.86,0,632,high,27097.01,1.216,32949.96,5852.95,0.177,60,completed,1.0,32949.96
ORG-200916,MCH-100916,PTR-003,Convenience Store,OR,2024-06-05,2024-08-04,184841.76,1,563,low,30412.37,1.288,39171.13,8758.76,0.11,60,active,0.815,31924.47
ORG-200917,MCH-100917,PTR-003,Auto Repair,NY,2025-09-11,2026-02-21,111581.48,2,604,medium,56076.37,1.32,74020.81,17944.44,0.122,163,completed,1.0,74020.81
ORG-200918,MCH-100918,PTR-001,Ghost Kitchen,CA,2024-08-06,2024-11-08,114520.39,1,538,medium,23967.89,1.096,26268.81,2300.92,0.073,94,active,0.757,19885.49
ORG-200919,MCH-100919,PTR-003,Salon,OR,2025-04-16,2025-06-17,77668.16,1,793,medium,21364.45,1.242,26534.65,5170.2,0.165,62,active,0.98,26003.96
ORG-200920,MCH-100920,PTR-002,Marketplace Reseller,CO,2024-12-13,2025-02-11,218073.76,0,610,medium,43887.82,1.193,52358.17,8470.35,0.119,60,completed,1.0,52358.17
ORG-200921,MCH-100921,PTR-003,Salon,OR,2026-02-23,2026-08-11,117742.8,0,756,low,47517.61,1.218,57876.45,10358.84,0.087,169,active,0.95,54982.63
ORG-200922,MCH-100922,PTR-003,Salon,VA,2024-05-23,2025-03-04,209374.93,1,736,high,97455.62,1.308,127471.95,30016.33,0.064,285,active,0.937,119441.22
ORG-200923,MCH-100923,PTR-002,E-commerce Retail,NJ,2026-04-11,2026-06-20,16723.33,1,808,medium,3477.45,1.104,3839.1,361.65,0.098,70,completed,1.0,3839.1
ORG-200924,MCH-100924,PTR-001,Ghost Kitchen,VA,2024-07-10,2024-11-06,143644.94,1,554,low,40845.14,1.223,49953.61,9108.47,0.087,119,completed,1.0,49953.61
ORG-200925,MCH-100925,PTR-006,Creative Services,OR,2025-09-21,2025-11-20,30487.7,2,652,medium,5603.6,1.164,6522.59,918.99,0.118,60,active,0.98,6392.14
ORG-200926,MCH-100926,PTR-005,Restaurant,VA,2022-09-07,2023-02-11,235175.74,3,586,high,55267.6,1.298,71737.34,16469.74,0.058,157,completed,1.0,71737.34
ORG-200927,MCH-100927,PTR-003,Convenience Store,MA,2022-04-21,2022-07-17,165717.72,2,753,medium,56338.95,1.184,66705.32,10366.37,0.138,87,active,0.818,54564.95
ORG-200928,MCH-100928,PTR-004,Yoga Studio,TN,2023-12-13,2024-02-11,181116.84,3,544,medium,37786.35,1.105,41753.92,3967.57,0.176,60,completed,1.0,41753.92
ORG-200929,MCH-100929,PTR-002,Marketplace Reseller,MD,2025-11-17,2026-01-29,129170.43,4,788,high,33115.24,1.311,43414.08,10298.84,0.137,73,completed,1.0,43414.08
ORG-200930,MCH-100930,PTR-003,Convenience Store,CO,2022-08-20,2022-10-19,157588.57,0,771,high,12422.41,1.246,15478.32,3055.91,0.106,60,active,0.775,11995.7
ORG-200931,MCH-100931,PTR-002,E-commerce Retail,MA,2022-11-14,2023-03-26,141041.84,1,609,medium,37391.91,1.35,50479.08,13087.17,0.081,132,active,0.786,39676.56
ORG-200932,MCH-100932,PTR-001,Bakery,MD,2024-07-18,2024-09-23,8663.17,1,524,low,2545.07,1.221,3107.53,562.46,0.16,67,active,0.91,2827.85
ORG-200933,MCH-100933,PTR-001,Bakery,MD,2026-03-16,2026-05-15,79825.6,0,535,medium,7006.32,1.187,8316.5,1310.18,0.084,60,completed,1.0,8316.5
ORG-200934,MCH-100934,PTR-006,Creative Services,VA,2024-05-03,2024-07-02,130070.67,2,532,medium,18354.77,1.179,21640.27,3285.5,0.082,60,active,0.783,16944.33
ORG-200935,MCH-100935,PTR-002,E-commerce Retail,TN,2022-12-14,2023-02-12,10595.21,5,586,low,2000,1.27,2540.0,540.0,0.164,60,completed,1.0,2540.0
ORG-200936,MCH-100936,PTR-004,Wellness Clinic,CO,2022-05-22,2022-09-04,16908.05,1,658,medium,7744.66,1.145,8867.64,1122.98,0.149,105,delinquent,0.577,5116.63
ORG-200937,MCH-100937,PTR-004,Wellness Clinic,CO,2026-01-17,2026-06-14,9622.97,0,558,low,2816.49,1.166,3284.03,467.54,0.069,148,active,0.739,2426.9
ORG-200938,MCH-100938,PTR-005,Bar,IL,2025-05-13,2025-07-12,176833.88,1,782,low,19841.35,1.255,24900.89,5059.54,0.15,60,active,0.807,20095.02
ORG-200939,MCH-100939,PTR-003,Convenience Store,NC,2023-12-22,2024-04-16,215026.84,2,682,high,83247.22,1.291,107472.16,24224.94,0.129,116,active,0.874,93930.67
ORG-200940,MCH-100940,PTR-001,Ghost Kitchen,TX,2024-05-10,2024-08-06,176680.84,3,636,low,29016.82,1.11,32208.67,3191.85,0.062,88,paid_off_early,1.0,32208.67
ORG-200941,MCH-100941,PTR-006,E-commerce Retail,TX,2024-04-05,2024-06-04,40851.85,2,748,high,6992.67,1.111,7768.86,776.19,0.123,60,completed,1.0,7768.86
ORG-200942,MCH-100942,PTR-001,Ghost Kitchen,MD,2024-09-14,2024-12-22,165547.48,2,760,high,39838.11,1.255,49996.83,10158.72,0.091,99,completed,1.0,49996.83
ORG-200943,MCH-100943,PTR-006,E-commerce Retail,MA,2025-03-26,2025-09-01,151148.84,3,644,medium,48915.35,1.245,60899.61,11984.26,0.076,159,active,0.888,54078.85
ORG-200944,MCH-100944,PTR-002,Marketplace Reseller,PA,2024-01-27,2024-04-21,200771.05,3,525,low,38716.02,1.311,50756.7,12040.68,0.089,85,completed,1.0,50756.7
ORG-200945,MCH-100945,PTR-002,Marketplace Reseller,NC,2024-02-24,2024-06-14,145847.06,0,768,low,40088.53,1.16,46502.69,6414.16,0.086,111,active,0.98,45572.64
ORG-200946,MCH-100946,PTR-005,Bar,NJ,2024-01-07,2024-03-07,69248.47,3,669,medium,9888.35,1.262,12479.1,2590.75,0.107,60,default,0.057,711.31
ORG-200947,MCH-100947,PTR-005,Restaurant,AZ,2025-01-28,2025-04-01,226959.38,2,781,low,55387.67,1.26,69788.46,14400.79,0.145,63,active,0.721,50317.48
ORG-200948,MCH-100948,PTR-005,Bar,MA,2022-11-29,2023-02-04,226109.88,1,686,medium,76490.25,1.122,85822.06,9331.81,0.168,67,active,0.711,61019.48
ORG-200949,MCH-100949,PTR-005,Restaurant,NC,2022-09-11,2022-12-06,168221.98,1,714,low,55949.9,1.154,64566.18,8616.28,0.133,86,delinquent,0.732,47262.44
ORG-200950,MCH-100950,PTR-004,Spa,MA,2026-04-01,2026-05-31,123340.49,0,578,medium,9156.64,1.147,10502.67,1346.03,0.159,60,active,0.756,7940.02
ORG-200951,MCH-100951,PTR-004,Wellness Clinic,MI,2023-01-01,2023-03-02,81176.91,5,724,high,15341.96,1.091,16738.08,1396.12,0.135,60,active,0.98,16403.32
ORG-200952,MCH-100952,PTR-002,CPG Brand,OH,2025-04-30,2025-08-03,52248.94,0,783,high,18603.55,1.224,22770.75,4167.2,0.137,95,active,0.98,22315.33
ORG-200953,MCH-100953,PTR-002,CPG Brand,TN,2025-03-30,2025-06-01,195132.06,0,667,medium,39168.82,1.102,43164.04,3995.22,0.105,63,completed,1.0,43164.04
ORG-200954,MCH-100954,PTR-003,Salon,MD,2026-04-24,2026-07-18,155480.04,2,628,medium,36422.59,1.27,46256.69,9834.1,0.104,85,active,0.891,41214.71
ORG-200955,MCH-100955,PTR-006,Photography Studio,FL,2024-04-03,2024-08-23,14270.14,1,599,low,5539.96,1.298,7190.87,1650.91,0.106,142,default,0.454,3264.65
ORG-200956,MCH-100956,PTR-002,Marketplace Reseller,WA,2025-09-01,2025-11-11,60388.0,3,536,low,17088.01,1.316,22487.82,5399.81,0.156,71,completed,1.0,22487.82
ORG-200957,MCH-100957,PTR-003,Auto Repair,NC,2023-11-16,2024-01-15,247708.82,0,505,high,29684.78,1.3,38590.21,8905.43,0.145,60,active,0.904,34885.55
ORG-200958,MCH-100958,PTR-003,Retail Store,OH,2024-07-01,2024-10-06,13744.03,0,515,medium,3973.32,1.251,4970.62,997.3,0.111,97,completed,1.0,4970.62
ORG-200959,MCH-100959,PTR-001,Restaurant,CA,2022-04-07,2022-07-22,160219.49,0,539,medium,42198.96,1.203,50765.35,8566.39,0.089,106,completed,1.0,50765.35
ORG-200960,MCH-100960,PTR-003,Retail Store,GA,2024-07-23,2024-11-06,129024.46,1,524,medium,27009.25,1.342,36246.41,9237.16,0.079,106,completed,1.0,36246.41
ORG-200961,MCH-100961,PTR-001,Cafe,MI,2026-01-15,2026-04-12,202775.59,1,698,low,68564.82,1.168,80083.71,11518.89,0.136,87,active,0.827,66229.23
ORG-200962,MCH-100962,PTR-003,Salon,AZ,2024-04-26,2024-07-19,190894.31,2,585,low,56070.27,1.219,68349.66,12279.39,0.127,84,completed,1.0,68349.66
ORG-200963,MCH-100963,PTR-003,Convenience Store,NY,2023-07-27,2023-10-08,246894.35,2,594,low,69356.74,1.213,84129.73,14772.99,0.14,73,active,0.98,82447.14
ORG-200964,MCH-100964,PTR-005,Bar,TN,2026-03-26,2026-09-19,196418.35,0,550,high,73115.41,1.258,91979.19,18863.78,0.079,177,active,0.621,57119.08
ORG-200965,MCH-100965,PTR-003,Retail Store,OR,2026-04-04,2026-08-21,198488.26,0,618,low,72440.41,1.086,78670.29,6229.88,0.085,139,completed,1.0,78670.29
ORG-200966,MCH-100966,PTR-004,Fitness Studio,NC,2023-06-27,2023-08-26,186355.3,1,565,low,29411.79,1.1,32352.97,2941.18,0.138,60,active,0.98,31705.91
ORG-200967,MCH-100967,PTR-005,Food Truck,MN,2026-04-13,2026-09-02,83282.09,2,632,low,26056.28,1.169,30459.79,4403.51,0.077,142,default,0.533,16235.07
ORG-200968,MCH-100968,PTR-002,Marketplace Reseller,AZ,2026-01-06,2026-03-07,219966.63,0,666,medium,26274.54,1.165,30609.84,4335.3,0.163,60,completed,1.0,30609.84
ORG-200969,MCH-100969,PTR-003,Convenience Store,MI,2024-05-24,2024-10-28,126254.99,0,749,medium,28942.07,1.239,35859.22,6917.15,0.054,157,completed,1.0,35859.22
ORG-200970,MCH-100970,PTR-004,Spa,CO,2025-06-12,2025-08-11,69294.04,5,734,high,8449.33,1.096,9260.47,811.14,0.158,60,active,0.98,9075.26
ORG-200971,MCH-100971,PTR-003,Retail Store,NC,2023-07-02,2023-08-31,189383.69,5,749,medium,34535.51,1.217,42029.72,7494.21,0.119,60,active,0.861,36187.59
ORG-200972,MCH-100972,PTR-005,Bar,TN,2025-09-11,2025-12-09,185397.12,3,555,medium,58578.79,1.316,77089.69,18510.9,0.139,89,active,0.854,65834.6
ORG-200973,MCH-100973,PTR-005,Bar,NC,2026-01-11,2026-03-12,130123.12,4,809,medium,9523.83,1.315,12523.84,3000.01,0.067,60,completed,1.0,12523.84
ORG-200974,MCH-100974,PTR-006,E-commerce Retail,TN,2026-03-21,2026-05-26,196722.18,3,657,medium,31474.27,1.166,36699.0,5224.73,0.084,66,active,0.924,33909.88
ORG-200975,MCH-100975,PTR-006,Photography Studio,OH,2022-05-20,2022-09-03,238809.76,2,623,high,118386.4,1.173,138867.25,20480.85,0.164,106,completed,1.0,138867.25
ORG-200976,MCH-100976,PTR-003,Retail Store,PA,2025-08-01,2025-11-27,133161.01,0,813,medium,39408.3,1.326,52255.41,12847.11,0.099,118,active,0.944,49329.11
ORG-200977,MCH-100977,PTR-005,Restaurant,GA,2022-05-18,2022-11-22,48498.68,0,800,low,20060.36,1.319,26459.61,6399.25,0.087,188,completed,1.0,26459.61
ORG-200978,MCH-100978,PTR-003,Retail Store,VA,2026-04-17,2026-06-23,228527.83,0,721,low,55127.79,1.141,62900.81,7773.02,0.122,67,completed,1.0,62900.81
ORG-200979,MCH-100979,PTR-004,Wellness Clinic,OH,2024-01-08,2024-04-02,242413.8,1,786,high,74016.28,1.314,97257.39,23241.11,0.141,85,completed,1.0,97257.39
ORG-200980,MCH-100980,PTR-001,Ghost Kitchen,OH,2023-06-14,2023-10-10,147147.82,3,535,medium,32905.76,1.221,40177.93,7272.17,0.069,118,delinquent,0.743,29852.2
ORG-200981,MCH-100981,PTR-002,E-commerce Retail,CA,2023-01-07,2023-03-10,14501.07,2,647,medium,3737.3,1.143,4271.73,534.43,0.142,62,completed,1.0,4271.73
ORG-200982,MCH-100982,PTR-002,E-commerce Retail,GA,2024-11-21,2025-05-26,226253.55,0,763,medium,74038.68,1.257,93066.62,19027.94,0.066,186,completed,1.0,93066.62
ORG-200983,MCH-100983,PTR-004,Wellness Clinic,FL,2023-04-24,2023-06-23,134692.57,0,673,high,21782.86,1.212,26400.83,4617.97,0.097,60,completed,1.0,26400.83
ORG-200984,MCH-100984,PTR-002,Marketplace Reseller,NC,2022-09-09,2022-11-08,147450.52,1,756,medium,19919.6,1.086,21632.69,1713.09,0.11,60,active,0.98,21200.04
ORG-200985,MCH-100985,PTR-004,Fitness Studio,PA,2024-06-20,2024-11-17,84387.48,1,768,low,29274.9,1.301,38086.64,8811.74,0.09,150,completed,1.0,38086.64
ORG-200986,MCH-100986,PTR-004,Yoga Studio,PA,2025-05-28,2025-09-20,187176.95,0,502,low,59022.78,1.267,74781.86,15759.08,0.104,115,active,0.98,73286.22
ORG-200987,MCH-100987,PTR-003,Convenience Store,AZ,2023-06-03,2023-08-02,97910.42,2,614,high,9027.66,1.132,10219.31,1191.65,0.129,60,completed,1.0,10219.31
ORG-200988,MCH-100988,PTR-005,Bar,NC,2024-08-08,2025-01-10,167006.12,0,769,medium,59984.7,1.198,71861.67,11876.97,0.083,155,completed,1.0,71861.67
ORG-200989,MCH-100989,PTR-006,Photography Studio,AZ,2022-09-21,2023-01-08,215166.91,2,776,low,41307.84,1.203,49693.33,8385.49,0.063,109,active,0.98,48699.46
ORG-200990,MCH-100990,PTR-004,Yoga Studio,AZ,2023-08-03,2023-10-02,236544.73,1,669,medium,22914.7,1.123,25733.21,2818.51,0.068,60,completed,1.0,25733.21
ORG-200991,MCH-100991,PTR-001,Bakery,CA,2025-10-02,2025-12-01,41810.76,0,597,medium,6194.14,1.083,6708.25,514.11,0.113,60,completed,1.0,6708.25
ORG-200992,MCH-100992,PTR-003,Convenience Store,MA,2022-07-19,2022-10-06,23698.92,0,614,medium,4124.72,1.33,5485.88,1361.16,0.087,79,active,0.836,4586.2
ORG-200993,MCH-100993,PTR-005,Food Truck,VA,2025-03-03,2025-09-22,243328.75,1,606,medium,106817.4,1.208,129035.42,22218.02,0.078,203,active,0.746,96260.42
ORG-200994,MCH-100994,PTR-005,Bar,MI,2025-09-25,2025-11-24,33754.5,1,570,medium,3796.87,1.239,4704.32,907.45,0.167,60,completed,1.0,4704.32
ORG-200995,MCH-100995,PTR-006,Creative Services,TN,2023-12-26,2024-02-24,166321.85,0,588,high,40020.9,1.272,50906.58,10885.68,0.157,60,completed,1.0,50906.58
ORG-200996,MCH-100996,PTR-001,Cafe,FL,2023-11-02,2024-01-09,198601.14,3,660,high,48205.01,1.177,56737.3,8532.29,0.125,68,active,0.704,39943.06
ORG-200997,MCH-100997,PTR-006,Creative Services,AZ,2023-07-14,2023-09-15,93456.63,4,703,medium,16856.02,1.211,20412.64,3556.62,0.104,63,active,0.75,15309.48
ORG-200998,MCH-100998,PTR-002,E-commerce Retail,MN,2024-06-04,2025-01-22,162386.65,0,729,medium,54115.38,1.23,66561.92,12446.54,0.053,232,completed,1.0,66561.92
ORG-200999,MCH-100999,PTR-004,Fitness Studio,OH,2024-03-25,2024-05-24,121141.01,0,715,medium,17545.01,1.317,23106.78,5561.77,0.106,60,active,0.824,19039.99
ORG-201000,MCH-101000,PTR-005,Restaurant,OH,2025-06-29,2025-10-11,243190.93,1,815,low,87999.49,1.295,113959.34,25959.85,0.135,104,completed,1.0,113959.34
ORG-201001,MCH-101001,PTR-002,CPG Brand,MI,2022-02-26,2022-04-27,153797.21,2,702,low,20450.72,1.123,22966.16,2515.44,0.171,60,active,0.775,17798.77
ORG-201002,MCH-101002,PTR-005,Food Truck,WA,2022-08-19,2023-03-24,27250.98,1,559,low,8962.58,1.211,10853.68,1891.1,0.055,217,active,0.822,8921.72
ORG-201003,MCH-101003,PTR-003,Auto Repair,WA,2022-03-29,2022-06-08,72202.27,0,575,medium,10508.77,1.123,11801.35,1292.58,0.069,71,active,0.731,8626.79
ORG-201004,MCH-101004,PTR-004,Spa,MN,2022-02-02,2022-08-09,9708.36,0,607,high,4075.59,1.197,4878.48,802.89,0.08,188,active,0.714,3483.23
ORG-201005,MCH-101005,PTR-006,Photography Studio,NC,2024-02-25,2024-04-25,39565.53,1,529,medium,3592.0,1.087,3904.5,312.5,0.166,60,completed,1.0,3904.5
ORG-201006,MCH-101006,PTR-004,Fitness Studio,NY,2025-02-12,2025-05-25,119534.96,2,587,medium,55841.69,1.233,68852.8,13011.11,0.169,102,completed,1.0,68852.8
ORG-201007,MCH-101007,PTR-001,Cafe,AZ,2023-07-03,2023-10-23,177085.64,1,722,high,50324.9,1.238,62302.23,11977.33,0.094,112,completed,1.0,62302.23
ORG-201008,MCH-101008,PTR-006,Photography Studio,WA,2022-12-18,2023-02-18,136771.91,1,678,medium,27938.2,1.127,31486.35,3548.15,0.11,62,completed,1.0,31486.35
ORG-201009,MCH-101009,PTR-006,Photography Studio,OR,2026-01-20,2026-03-21,82617.02,1,671,medium,10768.09,1.238,13330.9,2562.81,0.08,60,default,0.488,6505.48
ORG-201010,MCH-101010,PTR-006,Creative Services,MA,2022-01-07,2022-05-04,48177.23,5,651,medium,23229.2,1.304,30290.88,7061.68,0.161,117,active,0.921,27897.9
ORG-201011,MCH-101011,PTR-002,E-commerce Retail,NY,2026-04-17,2026-07-04,33471.2,0,785,medium,6376.86,1.209,7709.62,1332.76,0.088,78,active,0.921,7100.56
ORG-201012,MCH-101012,PTR-002,CPG Brand,TN,2022-01-05,2022-04-06,184282.47,0,709,high,41783.69,1.299,54277.01,12493.32,0.097,91,active,0.811,44018.66
ORG-201013,MCH-101013,PTR-006,Creative Services,WA,2026-03-03,2026-07-07,82666.32,2,816,low,33751.79,1.084,36586.94,2835.15,0.105,126,completed,1.0,36586.94
ORG-201014,MCH-101014,PTR-001,Restaurant,WA,2024-09-11,2024-12-13,85057.91,0,817,low,13092.93,1.149,15043.78,1950.85,0.057,93,active,0.98,14742.9
ORG-201015,MCH-101015,PTR-001,Cafe,NY,2024-12-28,2025-04-14,75340.02,0,582,low,18239.54,1.212,22106.32,3866.78,0.082,107,active,0.724,16004.98
ORG-201016,MCH-101016,PTR-001,Restaurant,CO,2022-04-25,2022-08-11,149964.48,1,734,low,33254.21,1.301,43263.73,10009.52,0.08,108,paid_off_early,1.0,43263.73
ORG-201017,MCH-101017,PTR-001,Cafe,IL,2023-07-23,2024-03-04,102239.61,2,622,medium,39066.95,1.317,51451.17,12384.22,0.067,225,completed,1.0,51451.17
ORG-201018,MCH-101018,PTR-006,E-commerce Retail,MN,2023-06-06,2023-08-05,74247.75,2,771,high,11427.85,1.292,14764.78,3336.93,0.102,60,completed,1.0,14764.78
ORG-201019,MCH-101019,PTR-006,E-commerce Retail,IL,2025-12-19,2026-04-21,76454.18,1,737,high,23364.56,1.268,29626.26,6261.7,0.094,123,delinquent,0.572,16946.22
ORG-201020,MCH-101020,PTR-004,Fitness Studio,NC,2025-08-24,2025-11-07,56964.44,3,757,medium,7535.44,1.159,8733.57,1198.13,0.061,75,completed,1.0,8733.57
ORG-201021,MCH-101021,PTR-002,CPG Brand,MI,2024-07-23,2024-12-06,183417.8,2,632,high,59787.35,1.31,78321.43,18534.08,0.094,136,completed,1.0,78321.43
ORG-201022,MCH-101022,PTR-001,Cafe,OR,2024-05-15,2024-07-14,84206.04,2,509,low,9746.46,1.197,11666.51,1920.05,0.154,60,active,0.854,9963.2
ORG-201023,MCH-101023,PTR-003,Auto Repair,TN,2024-09-05,2024-11-04,176737.71,3,685,medium,20226.63,1.094,22127.93,1901.3,0.124,60,active,0.821,18167.03
ORG-201024,MCH-101024,PTR-006,Photography Studio,MD,2025-12-18,2026-05-19,238799.53,0,693,low,57365.34,1.249,71649.31,14283.97,0.059,152,completed,1.0,71649.31
ORG-201025,MCH-101025,PTR-006,Creative Services,MA,2022-04-02,2022-06-10,117245.31,0,799,medium,20514.29,1.253,25704.41,5190.12,0.095,69,default,0.549,14111.72
ORG-201026,MCH-101026,PTR-006,Creative Services,NC,2024-09-25,2024-12-02,73303.63,3,514,medium,6911.93,1.259,8702.12,1790.19,0.052,68,completed,1.0,8702.12
ORG-201027,MCH-101027,PTR-006,Photography Studio,GA,2025-10-24,2026-01-01,218347.37,2,741,high,66768.61,1.329,88735.48,21966.87,0.175,69,active,0.98,86960.77
ORG-201028,MCH-101028,PTR-004,Yoga Studio,NJ,2023-03-01,2023-05-21,162692.85,0,782,medium,19892.3,1.313,26118.59,6226.29,0.059,81,completed,1.0,26118.59
ORG-201029,MCH-101029,PTR-005,Food Truck,MA,2023-12-13,2024-03-31,148295.6,1,668,high,35654.98,1.195,42607.7,6952.72,0.079,109,active,0.919,39156.48
ORG-201030,MCH-101030,PTR-004,Fitness Studio,NJ,2024-07-20,2024-10-04,198724.27,0,504,medium,39058.56,1.253,48940.38,9881.82,0.096,76,completed,1.0,48940.38
ORG-201031,MCH-101031,PTR-002,Marketplace Reseller,TN,2022-06-15,2022-08-14,81714.65,2,622,medium,12217.89,1.293,15797.73,3579.84,0.159,60,active,0.88,13902.0
ORG-201032,MCH-101032,PTR-006,Photography Studio,NY,2025-07-29,2025-09-27,179861.38,0,798,low,50262.43,1.088,54685.52,4423.09,0.172,60,completed,1.0,54685.52
ORG-201033,MCH-101033,PTR-001,Ghost Kitchen,GA,2023-04-06,2023-11-29,244477.01,1,516,medium,77697.08,1.347,104657.97,26960.89,0.054,237,completed,1.0,104657.97
ORG-201034,MCH-101034,PTR-003,Retail Store,NC,2022-10-02,2022-12-01,104790.01,0,774,high,20948.0,1.217,25493.72,4545.72,0.179,60,completed,1.0,25493.72
ORG-201035,MCH-101035,PTR-002,Marketplace Reseller,OH,2025-01-02,2025-03-05,187165.61,0,654,high,50037.31,1.318,65949.17,15911.86,0.169,62,active,0.82,54078.32
ORG-201036,MCH-101036,PTR-006,Creative Services,MD,2024-04-30,2024-07-11,191100.82,1,505,low,45142.17,1.122,50649.51,5507.34,0.11,72,completed,1.0,50649.51
ORG-201037,MCH-101037,PTR-001,Ghost Kitchen,CA,2025-08-17,2025-12-16,191521.12,1,637,high,35756.89,1.124,40190.74,4433.85,0.052,121,completed,1.0,40190.74
ORG-201038,MCH-101038,PTR-005,Restaurant,MD,2026-01-11,2026-04-04,236998.12,5,587,high,95813.01,1.214,116316.99,20503.98,0.176,83,completed,1.0,116316.99
ORG-201039,MCH-101039,PTR-003,Retail Store,PA,2022-03-25,2022-06-26,11419.29,0,594,low,4264.48,1.206,5142.96,878.48,0.145,93,active,0.98,5040.1
ORG-201040,MCH-101040,PTR-002,E-commerce Retail,FL,2022-06-27,2023-01-12,56672.94,0,594,medium,18871.89,1.177,22212.21,3340.32,0.059,199,paid_off_early,1.0,22212.21
ORG-201041,MCH-101041,PTR-004,Spa,WA,2022-12-08,2023-04-04,175120.6,1,565,high,43880.56,1.283,56298.76,12418.2,0.082,117,active,0.865,48698.43
ORG-201042,MCH-101042,PTR-002,E-commerce Retail,CA,2024-08-24,2024-10-23,58629.84,0,640,high,9087.93,1.126,10233.01,1145.08,0.149,60,completed,1.0,10233.01
ORG-201043,MCH-101043,PTR-001,Cafe,AZ,2024-11-27,2025-02-26,63388.83,1,557,high,25735.88,1.16,29853.62,4117.74,0.155,91,completed,1.0,29853.62
ORG-201044,MCH-101044,PTR-001,Bakery,VA,2025-12-09,2026-05-15,10237.4,1,565,medium,4993.09,1.14,5692.12,699.03,0.106,157,active,0.966,5498.59
ORG-201045,MCH-101045,PTR-005,Bar,OH,2023-07-26,2023-10-15,124499.17,2,558,medium,25516.95,1.265,32278.94,6761.99,0.095,81,completed,1.0,32278.94
ORG-201046,MCH-101046,PTR-006,E-commerce Retail,MA,2025-01-09,2025-05-29,52874.01,0,686,low,18144.53,1.172,21265.39,3120.86,0.086,140,completed,1.0,21265.39
ORG-201047,MCH-101047,PTR-002,E-commerce Retail,CO,2023-09-03,2023-11-29,22443.18,1,772,high,7435.93,1.159,8618.24,1182.31,0.131,87,completed,1.0,8618.24
ORG-201048,MCH-101048,PTR-006,E-commerce Retail,MA,2022-11-08,2023-01-07,58659.6,1,578,medium,9445.08,1.123,10606.82,1161.74,0.101,60,completed,1.0,10606.82
ORG-201049,MCH-101049,PTR-006,Creative Services,PA,2022-03-12,2022-05-11,146173.09,1,639,medium,27293.26,1.14,31114.32,3821.06,0.18,60,active,0.733,22806.8
ORG-201050,MCH-101050,PTR-004,Spa,WA,2024-02-23,2024-08-18,224605.61,1,744,low,65320.89,1.222,79822.13,14501.24,0.06,177,default,0.476,37995.33
ORG-201051,MCH-101051,PTR-004,Wellness Clinic,VA,2022-12-30,2023-04-06,139732.09,0,651,medium,39007.42,1.101,42947.17,3939.75,0.095,97,active,0.796,34185.95
ORG-201052,MCH-101052,PTR-006,E-commerce Retail,FL,2025-02-05,2025-04-08,128907.07,0,646,medium,29889.93,1.098,32819.14,2929.21,0.123,62,completed,1.0,32819.14
ORG-201053,MCH-101053,PTR-001,Cafe,IL,2023-11-16,2024-01-15,34780.36,1,626,low,5361.21,1.193,6395.92,1034.71,0.106,60,paid_off_early,1.0,6395.92
ORG-201054,MCH-101054,PTR-001,Ghost Kitchen,MI,2025-10-22,2026-04-05,68645.8,1,549,medium,18340.98,1.156,21202.17,2861.19,0.056,165,active,0.869,18424.69
ORG-201055,MCH-101055,PTR-001,Restaurant,GA,2026-03-25,2026-06-11,179826.11,1,669,medium,68887.52,1.169,80529.51,11641.99,0.171,78,active,0.803,64665.2
ORG-201056,MCH-101056,PTR-006,Photography Studio,PA,2023-11-04,2024-01-03,9148.81,0,579,medium,2000,1.187,2374.0,374.0,0.151,60,completed,1.0,2374.0
ORG-201057,MCH-101057,PTR-003,Auto Repair,OH,2024-11-21,2025-01-24,209883.04,1,580,medium,63091.71,1.122,70788.9,7697.19,0.158,64,active,0.915,64771.84
ORG-201058,MCH-101058,PTR-001,Restaurant,NY,2025-09-01,2025-12-15,69458.04,3,656,medium,14522.65,1.276,18530.9,4008.25,0.076,105,completed,1.0,18530.9
ORG-201059,MCH-101059,PTR-004,Fitness Studio,TX,2025-08-01,2025-11-24,133571.09,2,594,low,41481.08,1.319,54713.54,13232.46,0.106,115,active,0.775,42402.99
ORG-201060,MCH-101060,PTR-001,Ghost Kitchen,MD,2022-05-12,2022-07-31,211296.05,0,657,medium,63078.66,1.236,77965.22,14886.56,0.138,80,completed,1.0,77965.22
ORG-201061,MCH-101061,PTR-005,Bar,CO,2022-07-15,2022-09-22,144847.48,5,507,low,35347.69,1.149,40614.5,5266.81,0.121,69,active,0.807,32775.9
ORG-201062,MCH-101062,PTR-002,E-commerce Retail,VA,2025-04-20,2025-07-09,129799.22,3,740,medium,22824.52,1.281,29238.21,6413.69,0.084,80,completed,1.0,29238.21
ORG-201063,MCH-101063,PTR-006,Photography Studio,NC,2022-10-20,2023-01-14,239049.41,1,521,low,75202.15,1.343,100996.49,25794.34,0.147,86,completed,1.0,100996.49
ORG-201064,MCH-101064,PTR-001,Bakery,MA,2025-12-18,2026-03-21,212906.83,1,547,low,63023.41,1.318,83064.85,20041.44,0.125,93,default,0.308,25583.97
ORG-201065,MCH-101065,PTR-006,Creative Services,WA,2024-04-13,2024-06-12,145811.7,1,508,medium,23619.4,1.107,26146.68,2527.28,0.168,60,completed,1.0,26146.68
ORG-201066,MCH-101066,PTR-005,Restaurant,AZ,2024-08-15,2024-10-14,131486.57,5,587,high,16390.35,1.303,21356.63,4966.28,0.1,60,delinquent,0.482,10293.9
ORG-201067,MCH-101067,PTR-004,Spa,NY,2023-10-24,2024-03-01,217363.27,0,747,low,84732.13,1.184,100322.84,15590.71,0.107,129,completed,1.0,100322.84
ORG-201068,MCH-101068,PTR-005,Restaurant,AZ,2023-08-31,2024-01-11,117646.33,0,572,high,48735.63,1.326,64623.45,15887.82,0.123,133,completed,1.0,64623.45
ORG-201069,MCH-101069,PTR-002,CPG Brand,CO,2024-12-02,2025-04-27,23223.88,0,756,high,6551.75,1.314,8609.0,2057.25,0.076,146,active,0.817,7033.55
ORG-201070,MCH-101070,PTR-005,Food Truck,OH,2026-04-15,2026-06-18,18541.57,3,692,medium,3633.23,1.336,4854.0,1220.77,0.122,64,active,0.927,4499.66
ORG-201071,MCH-101071,PTR-005,Restaurant,VA,2026-01-18,2026-04-13,37218.65,0,569,low,5263.83,1.306,6874.56,1610.73,0.065,85,active,0.819,5630.26
ORG-201072,MCH-101072,PTR-004,Wellness Clinic,OH,2024-07-25,2025-01-05,42893.17,0,726,medium,14028.24,1.187,16651.52,2623.28,0.071,164,active,0.794,13221.31
ORG-201073,MCH-101073,PTR-002,E-commerce Retail,MI,2023-03-22,2023-06-15,249074.46,5,786,high,39701.29,1.13,44862.46,5161.17,0.063,85,completed,1.0,44862.46
ORG-201074,MCH-101074,PTR-002,Marketplace Reseller,MI,2025-06-09,2025-08-21,132619.88,1,675,low,25711.73,1.245,32011.1,6299.37,0.098,73,active,0.83,26569.21
ORG-201075,MCH-101075,PTR-005,Food Truck,TX,2025-10-20,2026-01-17,46961.81,5,797,medium,12261.75,1.312,16087.42,3825.67,0.115,89,paid_off_early,1.0,16087.42
ORG-201076,MCH-101076,PTR-002,E-commerce Retail,FL,2024-05-14,2024-08-30,208129.9,1,712,high,99315.14,1.252,124342.56,25027.42,0.165,108,completed,1.0,124342.56
ORG-201077,MCH-101077,PTR-002,Marketplace Reseller,IL,2024-07-02,2024-10-31,40411.65,0,783,high,11296.1,1.203,13589.21,2293.11,0.083,121,completed,1.0,13589.21
ORG-201078,MCH-101078,PTR-001,Cafe,TN,2024-08-30,2024-11-09,88156.6,2,721,medium,18230.27,1.24,22605.53,4375.26,0.108,71,active,0.834,18853.01
ORG-201079,MCH-101079,PTR-004,Fitness Studio,OR,2025-03-21,2025-08-19,248466.73,1,752,medium,89945.83,1.101,99030.36,9084.53,0.079,151,completed,1.0,99030.36
ORG-201080,MCH-101080,PTR-006,Photography Studio,FL,2023-01-09,2023-06-02,13624.4,0,738,medium,3197.99,1.192,3812.0,614.01,0.058,144,completed,1.0,3812.0
ORG-201081,MCH-101081,PTR-004,Yoga Studio,IL,2022-11-15,2023-02-23,157835.92,3,563,low,55321.61,1.203,66551.9,11230.29,0.126,100,default,0.085,5656.91
ORG-201082,MCH-101082,PTR-003,Auto Repair,NC,2026-05-31,2026-07-31,87266.29,4,648,high,26412.79,1.137,30031.34,3618.55,0.167,61,active,0.836,25106.2
ORG-201083,MCH-101083,PTR-005,Restaurant,NJ,2024-04-24,2024-06-23,28652.05,2,684,low,5925.46,1.186,7027.6,1102.14,0.165,60,completed,1.0,7027.6
ORG-201084,MCH-101084,PTR-006,E-commerce Retail,TX,2026-02-16,2026-06-21,60761.77,0,563,medium,23537.39,1.168,27491.67,3954.28,0.108,125,active,0.871,23945.24
ORG-201085,MCH-101085,PTR-001,Cafe,NY,2022-10-25,2022-12-24,160350.43,3,626,high,18060.22,1.256,22683.64,4623.42,0.076,60,completed,1.0,22683.64
ORG-201086,MCH-101086,PTR-006,E-commerce Retail,PA,2026-02-02,2026-04-24,211104.75,1,529,medium,86176.69,1.133,97638.19,11461.5,0.171,81,completed,1.0,97638.19
ORG-201087,MCH-101087,PTR-001,Bakery,NY,2025-01-29,2025-05-21,246537.3,2,794,high,73573.0,1.106,81371.74,7798.74,0.088,112,active,0.98,79744.31
ORG-201088,MCH-101088,PTR-003,Salon,VA,2022-02-22,2022-06-27,153208.31,0,722,medium,62611.31,1.167,73067.4,10456.09,0.114,125,active,0.98,71606.05
ORG-201089,MCH-101089,PTR-001,Cafe,TX,2022-02-22,2022-05-13,135373.16,0,673,medium,26007.76,1.333,34668.34,8660.58,0.096,80,default,0.236,8181.73
ORG-201090,MCH-101090,PTR-001,Restaurant,VA,2024-06-10,2024-10-05,226884.12,1,718,high,54870.29,1.341,73581.06,18710.77,0.083,117,active,0.774,56951.74
ORG-201091,MCH-101091,PTR-004,Spa,PA,2024-08-27,2025-01-26,246840.23,0,808,low,48166.32,1.325,63820.37,15654.05,0.051,152,active,0.846,53992.03
ORG-201092,MCH-101092,PTR-004,Fitness Studio,NJ,2022-11-20,2023-01-19,66844.32,1,558,high,11197.81,1.155,12933.47,1735.66,0.107,60,active,0.778,10062.24
ORG-201093,MCH-101093,PTR-002,E-commerce Retail,WA,2024-06-16,2024-08-15,204982.13,0,749,low,27745.81,1.157,32101.9,4356.09,0.146,60,active,0.813,26098.84
ORG-201094,MCH-101094,PTR-001,Bakery,AZ,2025-10-05,2025-12-14,65292.4,1,753,medium,18114.34,1.332,24128.3,6013.96,0.157,70,completed,1.0,24128.3
ORG-201095,MCH-101095,PTR-002,CPG Brand,NJ,2024-02-28,2024-05-14,67907.33,1,650,medium,22022.86,1.276,28101.17,6078.31,0.163,76,completed,1.0,28101.17
ORG-201096,MCH-101096,PTR-005,Food Truck,CA,2024-07-07,2024-11-06,174077.02,0,641,medium,60713.37,1.12,67998.97,7285.6,0.096,122,completed,1.0,67998.97
ORG-201097,MCH-101097,PTR-006,Photography Studio,PA,2023-11-25,2024-02-21,9729.32,0,601,medium,3537.73,1.178,4167.45,629.72,0.146,88,completed,1.0,4167.45
ORG-201098,MCH-101098,PTR-005,Bar,CA,2022-08-17,2022-10-16,208362.44,0,777,medium,35105.07,1.3,45636.59,10531.52,0.15,60,completed,1.0,45636.59
ORG-201099,MCH-101099,PTR-003,Auto Repair,NJ,2024-04-27,2024-07-07,196364.02,2,797,high,36817.94,1.187,43702.89,6884.95,0.094,71,active,0.84,36710.43
ORG-201100,MCH-101100,PTR-002,CPG Brand,VA,2022-11-06,2023-03-03,165538.71,2,675,low,59433.11,1.298,77144.18,17711.07,0.119,117,active,0.87,67115.44
ORG-201101,MCH-101101,PTR-001,Cafe,AZ,2025-06-29,2025-08-28,141583.0,0,705,medium,18489.96,1.19,22003.05,3513.09,0.166,60,completed,1.0,22003.05
ORG-201102,MCH-101102,PTR-002,Marketplace Reseller,GA,2022-03-20,2022-08-17,105634.88,1,779,medium,25187.76,1.327,33424.16,8236.4,0.063,150,completed,1.0,33424.16
ORG-201103,MCH-101103,PTR-006,E-commerce Retail,AZ,2023-03-08,2023-05-07,33286.53,0,684,low,7773.43,1.236,9607.96,1834.53,0.173,60,active,0.98,9415.8
ORG-201104,MCH-101104,PTR-001,Restaurant,MA,2024-05-13,2024-07-13,69076.53,0,631,medium,11950.92,1.122,13408.93,1458.01,0.095,61,active,0.854,11451.23
ORG-201105,MCH-101105,PTR-006,Photography Studio,MN,2022-03-17,2022-05-16,197641.9,0,789,medium,21327.16,1.214,25891.17,4564.01,0.171,60,active,0.76,19677.29
ORG-201106,MCH-101106,PTR-006,Photography Studio,IL,2025-03-20,2025-05-29,153102.01,2,736,medium,44831.22,1.103,49448.84,4617.62,0.138,70,active,0.74,36592.14
ORG-201107,MCH-101107,PTR-004,Yoga Studio,FL,2023-01-27,2023-03-28,83260.29,0,744,medium,6193.26,1.267,7846.86,1653.6,0.075,60,completed,1.0,7846.86
ORG-201108,MCH-101108,PTR-006,Creative Services,CO,2024-09-12,2025-01-06,25519.38,0,713,medium,11907.04,1.25,14883.8,2976.76,0.15,116,completed,1.0,14883.8
ORG-201109,MCH-101109,PTR-004,Spa,NC,2024-11-07,2025-01-06,45425.54,1,644,high,9956.61,1.246,12405.94,2449.33,0.168,60,active,0.903,11202.56
ORG-201110,MCH-101110,PTR-004,Spa,MA,2024-06-18,2024-10-10,106946.42,0,761,low,35915.18,1.189,42703.15,6787.97,0.105,114,completed,1.0,42703.15
ORG-201111,MCH-101111,PTR-001,Restaurant,FL,2025-05-07,2025-07-11,104319.17,0,762,medium,13753.77,1.096,15074.13,1320.36,0.066,65,active,0.885,13340.61
ORG-201112,MCH-101112,PTR-001,Bakery,NJ,2025-08-30,2025-11-25,10979.53,1,559,high,2000,1.09,2180.0,180.0,0.068,87,active,0.75,1635.0
ORG-201113,MCH-101113,PTR-005,Food Truck,MI,2024-05-15,2024-07-14,231421.5,0,544,low,31237.36,1.209,37765.97,6528.61,0.096,60,completed,1.0,37765.97
ORG-201114,MCH-101114,PTR-004,Spa,TX,2022-11-14,2023-06-29,135159.96,5,526,medium,46204.66,1.133,52349.88,6145.22,0.051,227,active,0.718,37587.21
ORG-201115,MCH-101115,PTR-003,Auto Repair,VA,2023-01-21,2023-10-21,127266.73,0,780,high,53038.79,1.247,66139.37,13100.58,0.057,273,active,0.976,64552.03
ORG-201116,MCH-101116,PTR-005,Bar,MI,2024-07-01,2024-08-30,248607.92,0,633,high,21481.91,1.125,24167.15,2685.24,0.075,60,completed,1.0,24167.15
ORG-201117,MCH-101117,PTR-005,Bar,CO,2024-12-09,2025-03-11,47497.95,5,601,high,18542.28,1.27,23548.7,5006.42,0.16,92,completed,1.0,23548.7
ORG-201118,MCH-101118,PTR-006,Creative Services,OH,2022-04-20,2022-07-13,30362.77,3,500,high,5869.11,1.324,7770.7,1901.59,0.091,84,completed,1.0,7770.7
ORG-201119,MCH-101119,PTR-001,Restaurant,TN,2022-03-04,2022-06-28,47284.56,4,809,high,11846.55,1.306,15471.59,3625.04,0.084,116,active,0.722,11170.49
ORG-201120,MCH-101120,PTR-002,E-commerce Retail,TX,2024-03-30,2024-07-25,163901.43,3,782,medium,62400.57,1.194,74506.28,12105.71,0.116,117,active,0.881,65640.03
ORG-201121,MCH-101121,PTR-006,Creative Services,NJ,2024-09-17,2025-06-21,187764.87,2,702,low,74365.67,1.309,97344.66,22978.99,0.056,277,completed,1.0,97344.66
ORG-201122,MCH-101122,PTR-002,Marketplace Reseller,MN,2022-03-14,2022-05-19,154556.05,3,592,high,44694.67,1.241,55466.09,10771.42,0.162,66,active,0.952,52803.72
ORG-201123,MCH-101123,PTR-001,Bakery,MD,2024-10-17,2024-12-23,88401.39,0,677,medium,17739.21,1.13,20045.31,2306.1,0.101,67,active,0.701,14051.76
ORG-201124,MCH-101124,PTR-006,Creative Services,NC,2023-01-15,2023-03-25,177288.12,3,558,low,47328.59,1.121,53055.35,5726.76,0.129,69,active,0.908,48174.26
ORG-201125,MCH-101125,PTR-001,Cafe,CO,2025-10-07,2026-02-17,174759.1,2,675,high,63026.54,1.244,78405.02,15378.48,0.101,133,active,0.871,68290.77
ORG-201126,MCH-101126,PTR-002,Marketplace Reseller,AZ,2024-12-14,2025-02-12,222529.24,3,652,medium,41797.77,1.108,46311.93,4514.16,0.112,60,paid_off_early,1.0,46311.93
ORG-201127,MCH-101127,PTR-005,Restaurant,MN,2023-09-10,2023-11-09,248914.32,1,643,medium,26064.19,1.33,34665.37,8601.18,0.16,60,active,0.909,31510.82
ORG-201128,MCH-101128,PTR-004,Spa,PA,2023-12-31,2024-04-21,211839.99,0,510,high,54650.93,1.167,63777.64,9126.71,0.08,112,completed,1.0,63777.64
ORG-201129,MCH-101129,PTR-002,E-commerce Retail,TX,2023-04-23,2023-06-28,115992.06,0,632,high,15917.82,1.268,20183.8,4265.98,0.078,66,active,0.901,18185.6
ORG-201130,MCH-101130,PTR-001,Ghost Kitchen,MI,2023-08-11,2023-11-04,146481.23,2,509,low,52824.8,1.317,69570.26,16745.46,0.167,85,delinquent,0.404,28106.39
ORG-201131,MCH-101131,PTR-004,Fitness Studio,IL,2022-02-16,2022-04-19,13863.34,1,551,low,3894.22,1.299,5058.59,1164.37,0.176,62,active,0.81,4097.46
ORG-201132,MCH-101132,PTR-006,Creative Services,VA,2025-07-26,2026-01-18,196709.39,3,643,medium,56526.1,1.165,65852.91,9326.81,0.057,176,completed,1.0,65852.91
ORG-201133,MCH-101133,PTR-003,Convenience Store,CO,2023-06-06,2023-08-05,82857.67,0,812,low,7570.56,1.086,8221.63,651.07,0.143,60,active,0.788,6478.64
ORG-201134,MCH-101134,PTR-004,Fitness Studio,NY,2022-08-07,2022-12-07,241817.8,1,723,medium,58266.49,1.217,70910.32,12643.83,0.072,122,active,0.834,59139.21
ORG-201135,MCH-101135,PTR-001,Ghost Kitchen,CO,2026-04-08,2026-08-25,82363.98,1,632,medium,26917.42,1.24,33377.6,6460.18,0.087,139,active,0.801,26735.46
ORG-201136,MCH-101136,PTR-006,Creative Services,MA,2023-08-16,2023-10-15,90221.2,2,674,high,19132.55,1.237,23666.96,4534.41,0.134,60,completed,1.0,23666.96
ORG-201137,MCH-101137,PTR-001,Cafe,NC,2025-03-16,2025-06-01,74353.0,0,536,low,25844.72,1.194,30858.6,5013.88,0.16,77,completed,1.0,30858.6
ORG-201138,MCH-101138,PTR-004,Wellness Clinic,MD,2025-07-10,2025-12-02,128084.6,4,505,medium,34706.1,1.166,40467.31,5761.21,0.065,145,completed,1.0,40467.31
ORG-201139,MCH-101139,PTR-004,Yoga Studio,IL,2023-11-21,2024-04-19,97588.93,5,569,medium,32405.38,1.282,41543.7,9138.32,0.085,150,default,0.44,18279.23
ORG-201140,MCH-101140,PTR-004,Wellness Clinic,IL,2022-05-04,2022-07-03,135769.28,2,748,high,25849.9,1.217,31459.33,5609.43,0.122,60,active,0.894,28124.64
ORG-201141,MCH-101141,PTR-003,Salon,VA,2024-03-26,2024-05-25,49740.01,4,692,medium,6964.61,1.095,7626.25,661.64,0.113,60,active,0.851,6489.94
ORG-201142,MCH-101142,PTR-006,Creative Services,WA,2024-09-10,2024-11-28,91031.97,0,512,high,23165.98,1.246,28864.81,5698.83,0.119,79,completed,1.0,28864.81
ORG-201143,MCH-101143,PTR-004,Spa,OH,2022-08-30,2022-12-07,158891.31,0,501,high,51844.66,1.325,68694.17,16849.51,0.13,99,completed,1.0,68694.17
ORG-201144,MCH-101144,PTR-005,Food Truck,TX,2023-08-18,2024-01-10,248252.42,1,623,high,81955.03,1.149,94166.33,12211.3,0.078,145,active,0.895,84278.87
ORG-201145,MCH-101145,PTR-002,CPG Brand,VA,2025-05-02,2025-08-01,181924.48,2,656,medium,71635.7,1.222,87538.83,15903.13,0.158,91,active,0.76,66529.51
ORG-201146,MCH-101146,PTR-001,Cafe,NY,2023-05-24,2023-07-23,178456.39,0,758,low,27884.86,1.156,32234.9,4350.04,0.152,60,completed,1.0,32234.9
ORG-201147,MCH-101147,PTR-001,Cafe,OR,2026-01-06,2026-04-05,81118.57,1,770,low,27541.95,1.267,34895.65,7353.7,0.144,89,active,0.932,32522.75
ORG-201148,MCH-101148,PTR-003,Auto Repair,NJ,2022-02-01,2022-04-10,45869.3,3,813,medium,13722.96,1.276,17510.5,3787.54,0.167,68,delinquent,0.429,7512.0
ORG-201149,MCH-101149,PTR-006,E-commerce Retail,TX,2023-11-03,2024-03-07,239558.73,0,527,medium,97511.81,1.271,123937.51,26425.7,0.124,125,completed,1.0,123937.51
ORG-201150,MCH-101150,PTR-006,Photography Studio,NJ,2026-05-11,2027-01-03,191162.86,2,743,medium,83969.41,1.279,107396.88,23427.47,0.071,237,completed,1.0,107396.88
ORG-201151,MCH-101151,PTR-002,Marketplace Reseller,MA,2023-04-11,2023-06-29,127471.81,1,670,low,47786.54,1.097,52421.83,4635.29,0.156,79,completed,1.0,52421.83
ORG-201152,MCH-101152,PTR-004,Wellness Clinic,VA,2025-10-07,2026-01-13,27020.27,2,514,low,8337.5,1.177,9813.24,1475.74,0.111,98,active,0.909,8920.24
ORG-201153,MCH-101153,PTR-006,Creative Services,MI,2025-02-07,2025-04-17,124696.91,0,637,medium,40527.95,1.123,45512.89,4984.94,0.158,69,default,0.215,9785.27
ORG-201154,MCH-101154,PTR-003,Auto Repair,CA,2024-12-31,2025-03-01,238064.61,1,548,medium,42862.97,1.281,54907.46,12044.49,0.131,60,active,0.848,46561.53
ORG-201155,MCH-101155,PTR-005,Food Truck,VA,2024-04-29,2024-06-28,247329.05,1,529,medium,46201.5,1.115,51514.67,5313.17,0.119,60,active,0.705,36317.84
ORG-201156,MCH-101156,PTR-005,Bar,MN,2024-04-11,2024-06-12,33557.35,0,640,high,10507.35,1.192,12524.76,2017.41,0.178,62,active,0.98,12274.26
ORG-201157,MCH-101157,PTR-003,Salon,TX,2024-08-06,2024-10-05,202827.48,5,792,high,40540.56,1.199,48608.13,8067.57,0.154,60,active,0.98,47635.97
ORG-201158,MCH-101158,PTR-002,Marketplace Reseller,MD,2024-04-28,2024-06-27,64008.11,0,502,high,7994.14,1.165,9313.17,1319.03,0.135,60,active,0.887,8260.78
ORG-201159,MCH-101159,PTR-006,Photography Studio,NC,2023-01-21,2023-04-04,21959.79,1,540,low,3025.6,1.151,3482.47,456.87,0.065,73,active,0.98,3412.82
ORG-201160,MCH-101160,PTR-001,Bakery,WA,2022-04-25,2022-08-30,91362.8,0,504,medium,32670.94,1.166,38094.32,5423.38,0.098,127,active,0.815,31046.87
ORG-201161,MCH-101161,PTR-005,Restaurant,MA,2022-11-05,2023-02-20,143944.81,3,687,high,22858.81,1.245,28459.22,5600.41,0.055,107,completed,1.0,28459.22
ORG-201162,MCH-101162,PTR-004,Wellness Clinic,MD,2026-02-22,2026-05-15,77493.83,0,595,high,17379.73,1.103,19169.84,1790.11,0.09,82,paid_off_early,1.0,19169.84
ORG-201163,MCH-101163,PTR-004,Spa,NC,2025-11-17,2026-01-16,244126.89,2,541,low,52046.37,1.137,59176.72,7130.35,0.156,60,completed,1.0,59176.72
ORG-201164,MCH-101164,PTR-002,Marketplace Reseller,NJ,2024-08-08,2024-11-07,232788.28,1,597,low,87518.41,1.185,103709.32,16190.91,0.146,91,completed,1.0,103709.32
ORG-201165,MCH-101165,PTR-006,Photography Studio,TN,2025-09-05,2025-11-04,95588.79,1,795,medium,12349.37,1.258,15535.51,3186.14,0.164,60,active,0.845,13127.51
ORG-201166,MCH-101166,PTR-005,Restaurant,WA,2022-02-17,2022-05-07,125695.16,0,733,medium,26685.0,1.152,30741.12,4056.12,0.092,79,completed,1.0,30741.12
ORG-201167,MCH-101167,PTR-005,Bar,VA,2023-10-14,2024-02-14,146790.66,4,755,medium,55531.46,1.132,62861.61,7330.15,0.104,123,completed,1.0,62861.61
ORG-201168,MCH-101168,PTR-005,Food Truck,MI,2024-06-19,2024-09-04,13596.12,5,526,medium,4211.35,1.107,4661.96,450.61,0.132,77,active,0.727,3389.24
ORG-201169,MCH-101169,PTR-005,Bar,CA,2023-08-26,2023-10-25,231024.19,1,588,high,27738.97,1.111,30818.0,3079.03,0.107,60,completed,1.0,30818.0
ORG-201170,MCH-101170,PTR-005,Bar,MA,2025-06-15,2025-10-15,117968.95,1,683,low,37538.73,1.345,50489.59,12950.86,0.105,122,active,0.852,43017.13
ORG-201171,MCH-101171,PTR-004,Fitness Studio,PA,2026-02-03,2026-05-18,209448.77,1,631,high,31536.03,1.255,39577.72,8041.69,0.054,104,active,0.98,38786.17
ORG-201172,MCH-101172,PTR-006,Creative Services,WA,2024-11-03,2025-01-26,202663.46,0,707,medium,54513.14,1.26,68686.56,14173.42,0.121,84,active,0.86,59070.44
ORG-201173,MCH-101173,PTR-001,Restaurant,NJ,2023-09-20,2023-12-18,73275.74,0,647,high,23354.37,1.164,27184.49,3830.12,0.125,89,default,0.278,7557.29
ORG-201174,MCH-101174,PTR-002,CPG Brand,MI,2023-12-23,2024-03-05,223081.0,2,584,low,63078.82,1.217,76766.92,13688.1,0.141,73,active,0.98,75231.58
ORG-201175,MCH-101175,PTR-002,E-commerce Retail,TX,2022-10-02,2022-12-05,203009.29,0,796,medium,45743.76,1.258,57545.65,11801.89,0.132,64,completed,1.0,57545.65
ORG-201176,MCH-101176,PTR-006,Photography Studio,PA,2026-01-13,2026-03-29,220513.48,0,819,high,65721.28,1.252,82283.04,16561.76,0.149,75,active,0.917,75453.55
ORG-201177,MCH-101177,PTR-002,E-commerce Retail,MA,2026-05-06,2026-07-26,161925.25,0,541,medium,36328.82,1.339,48644.29,12315.47,0.111,81,active,0.98,47671.4
ORG-201178,MCH-101178,PTR-001,Bakery,CA,2023-08-22,2023-10-21,132415.21,0,773,medium,17255.44,1.24,21396.75,4141.31,0.129,60,active,0.98,20968.81
ORG-201179,MCH-101179,PTR-002,E-commerce Retail,OR,2024-01-28,2024-05-21,27052.3,0,746,medium,9670.81,1.203,11633.98,1963.17,0.113,114,active,0.855,9947.05
ORG-201180,MCH-101180,PTR-006,Photography Studio,GA,2023-07-22,2023-11-09,158116.62,1,767,medium,39890.55,1.299,51817.82,11927.27,0.089,110,active,0.98,50781.46
ORG-201181,MCH-101181,PTR-006,Creative Services,MD,2022-05-11,2022-09-09,235668.88,0,754,medium,81845.67,1.169,95677.59,13831.92,0.1,121,completed,1.0,95677.59
ORG-201182,MCH-101182,PTR-006,Creative Services,GA,2022-12-16,2023-04-17,31124.02,2,606,medium,13766.44,1.183,16285.7,2519.26,0.128,122,default,0.307,4999.71
ORG-201183,MCH-101183,PTR-004,Wellness Clinic,AZ,2025-09-06,2025-12-18,55053.22,0,782,medium,19095.55,1.136,21692.54,2596.99,0.114,103,active,0.814,17657.73
ORG-201184,MCH-101184,PTR-003,Convenience Store,NC,2022-07-01,2022-09-08,169114.83,1,606,high,20619.51,1.322,27258.99,6639.48,0.07,69,completed,1.0,27258.99
ORG-201185,MCH-101185,PTR-006,Creative Services,NJ,2026-01-14,2026-04-02,111971.47,4,698,high,39657.84,1.295,51356.9,11699.06,0.176,78,completed,1.0,51356.9
ORG-201186,MCH-101186,PTR-005,Food Truck,MI,2026-01-27,2026-03-28,124086.0,0,745,medium,11658.32,1.246,14526.27,2867.95,0.153,60,active,0.785,11403.12
ORG-201187,MCH-101187,PTR-001,Cafe,GA,2024-05-05,2024-07-30,195799.11,3,553,low,85488.68,1.099,93952.06,8463.38,0.166,86,active,0.771,72437.04
ORG-201188,MCH-101188,PTR-005,Food Truck,PA,2022-05-22,2022-09-01,107802.87,0,798,high,33426.15,1.153,38540.35,5114.2,0.105,102,active,0.752,28982.34
ORG-201189,MCH-101189,PTR-004,Fitness Studio,AZ,2023-03-19,2023-05-18,70277.12,3,689,medium,8109.37,1.132,9179.81,1070.44,0.149,60,completed,1.0,9179.81
ORG-201190,MCH-101190,PTR-005,Food Truck,FL,2026-05-22,2026-07-21,163052.44,1,634,medium,15429.04,1.253,19332.59,3903.55,0.136,60,active,0.737,14248.12
ORG-201191,MCH-101191,PTR-003,Convenience Store,MN,2022-07-21,2022-09-27,19654.47,1,598,medium,2000,1.297,2594.0,594.0,0.058,68,completed,1.0,2594.0
ORG-201192,MCH-101192,PTR-005,Restaurant,CA,2023-08-20,2023-11-04,158918.68,3,636,low,55422.13,1.221,67670.42,12248.29,0.166,76,completed,1.0,67670.42
ORG-201193,MCH-101193,PTR-004,Fitness Studio,VA,2025-08-19,2025-12-01,242515.18,0,666,medium,55483.23,1.263,70075.32,14592.09,0.083,104,completed,1.0,70075.32
ORG-201194,MCH-101194,PTR-005,Bar,OR,2023-03-11,2023-05-10,233593.29,0,616,low,21405.91,1.313,28105.96,6700.05,0.102,60,active,0.918,25801.27
ORG-201195,MCH-101195,PTR-006,Creative Services,OH,2025-05-17,2025-07-16,138246.45,0,577,low,15732.55,1.312,20641.11,4908.56,0.112,60,active,0.735,15171.22
ORG-201196,MCH-101196,PTR-004,Yoga Studio,WA,2023-02-23,2023-05-04,205426.25,0,814,medium,23721.01,1.269,30101.96,6380.95,0.062,70,completed,1.0,30101.96
ORG-201197,MCH-101197,PTR-002,Marketplace Reseller,PA,2025-03-26,2025-05-25,18083.45,3,673,high,3102.46,1.221,3788.1,685.64,0.147,60,active,0.956,3621.42
ORG-201198,MCH-101198,PTR-002,Marketplace Reseller,NY,2024-07-09,2024-09-07,243214.3,5,619,low,25023.71,1.31,32781.06,7757.35,0.133,60,default,0.594,19471.95
ORG-201199,MCH-101199,PTR-003,Convenience Store,VA,2024-08-25,2024-10-24,131256.35,2,568,high,20399.6,1.347,27478.26,7078.66,0.126,60,active,0.711,19537.04
ORG-201200,MCH-101200,PTR-003,Convenience Store,CO,2024-02-25,2024-04-25,212499.14,2,656,high,32536.66,1.111,36148.23,3611.57,0.131,60,active,0.759,27436.51
