repayment_id,origination_id,partner_id,payment_date,remittance_amount_usd,cumulative_repaid_usd,payment_method
RPY-0000001,ORG-200001,PTR-006,2022-03-10,4085.28,4085.28,ach_remittance
RPY-0000002,ORG-200001,PTR-006,2022-03-17,4429.75,8515.03,ach_remittance
RPY-0000003,ORG-200001,PTR-006,2022-03-24,3533.84,12048.87,ach_remittance
RPY-0000004,ORG-200001,PTR-006,2022-03-31,3106.8,15155.67,ach_remittance
RPY-0000005,ORG-200001,PTR-006,2022-04-07,4559.03,19714.7,ach_remittance
RPY-0000006,ORG-200001,PTR-006,2022-04-14,3543.19,23257.89,ach_remittance
RPY-0000007,ORG-200001,PTR-006,2022-04-21,2916.81,26174.7,ach_remittance
RPY-0000008,ORG-200001,PTR-006,2022-04-28,2575.05,28749.75,ach_remittance
RPY-0000009,ORG-200001,PTR-006,2022-05-05,3350.91,32100.66,ach_remittance
RPY-0000010,ORG-200001,PTR-006,2022-05-12,3065.49,35166.15,manual_payment
RPY-0000011,ORG-200001,PTR-006,2022-05-19,3654.42,38820.57,ach_remittance
RPY-0000012,ORG-200001,PTR-006,2022-05-26,5053.03,43873.6,manual_payment
RPY-0000013,ORG-200001,PTR-006,2022-06-02,3152.08,47025.68,ach_remittance
RPY-0000014,ORG-200001,PTR-006,2022-06-09,4941.71,51967.39,ach_remittance
RPY-0000015,ORG-200001,PTR-006,2022-06-16,2847.23,54814.62,manual_payment
RPY-0000016,ORG-200001,PTR-006,2022-06-23,5617.68,60432.3,ach_remittance
RPY-0000017,ORG-200002,PTR-003,2025-11-07,4381.19,4381.19,ach_remittance
RPY-0000018,ORG-200002,PTR-003,2025-11-14,4344.39,8725.58,ach_remittance
RPY-0000019,ORG-200002,PTR-003,2025-11-21,8273.65,16999.23,ach_remittance
RPY-0000020,ORG-200002,PTR-003,2025-11-28,6216.21,23215.44,ach_remittance
RPY-0000021,ORG-200002,PTR-003,2025-12-05,7576.04,30791.48,ach_remittance
RPY-0000022,ORG-200002,PTR-003,2025-12-12,4880.57,35672.05,ach_remittance
RPY-0000023,ORG-200003,PTR-001,2022-10-27,1563.12,1563.12,ach_remittance
RPY-0000024,ORG-200003,PTR-001,2022-11-03,1590.8,3153.92,ach_remittance
RPY-0000025,ORG-200003,PTR-001,2022-11-10,1370.06,4523.98,ach_remittance
RPY-0000026,ORG-200003,PTR-001,2022-11-17,2083.03,6607.01,ach_remittance
RPY-0000027,ORG-200003,PTR-001,2022-11-24,1002.35,7609.36,manual_payment
RPY-0000028,ORG-200003,PTR-001,2022-12-01,1024.68,8634.04,ach_remittance
RPY-0000029,ORG-200003,PTR-001,2022-12-08,1838.13,10472.17,ach_remittance
RPY-0000030,ORG-200003,PTR-001,2022-12-15,1447.63,11919.8,manual_payment
RPY-0000031,ORG-200004,PTR-004,2022-08-24,2119.84,2119.84,ach_remittance
RPY-0000032,ORG-200004,PTR-004,2022-08-31,4136.1,6255.94,ach_remittance
RPY-0000033,ORG-200004,PTR-004,2022-09-07,4255.09,10511.03,ach_remittance
RPY-0000034,ORG-200004,PTR-004,2022-09-14,2410.18,12921.21,ach_remittance
RPY-0000035,ORG-200004,PTR-004,2022-09-21,4479.41,17400.62,ach_remittance
RPY-0000036,ORG-200004,PTR-004,2022-09-28,2670.5,20071.12,ach_remittance
RPY-0000037,ORG-200004,PTR-004,2022-10-05,4553.85,24624.97,ach_remittance
RPY-0000038,ORG-200005,PTR-005,2026-02-14,2578.24,2578.24,ach_remittance
RPY-0000039,ORG-200005,PTR-005,2026-02-21,1499.2,4077.44,ach_remittance
RPY-0000040,ORG-200005,PTR-005,2026-02-28,2218.45,6295.89,ach_remittance
RPY-0000041,ORG-200005,PTR-005,2026-03-07,2769.11,9065.0,ach_remittance
RPY-0000042,ORG-200005,PTR-005,2026-03-14,1641.56,10706.56,ach_remittance
RPY-0000043,ORG-200005,PTR-005,2026-03-21,2525.89,13232.45,ach_remittance
RPY-0000044,ORG-200005,PTR-005,2026-03-28,1701.71,14934.16,ach_remittance
RPY-0000045,ORG-200006,PTR-006,2022-01-22,1002.23,1002.23,ach_remittance
RPY-0000046,ORG-200006,PTR-006,2022-01-29,1647.93,2650.16,manual_payment
RPY-0000047,ORG-200006,PTR-006,2022-02-05,1011.51,3661.67,ach_remittance
RPY-0000048,ORG-200006,PTR-006,2022-02-12,987.18,4648.85,ach_remittance
RPY-0000049,ORG-200006,PTR-006,2022-02-19,1725.62,6374.47,ach_remittance
RPY-0000050,ORG-200006,PTR-006,2022-02-26,1251.76,7626.23,ach_remittance
RPY-0000051,ORG-200006,PTR-006,2022-03-05,1594.55,9220.78,ach_remittance
RPY-0000052,ORG-200006,PTR-006,2022-03-12,1017.15,10237.93,manual_payment
RPY-0000053,ORG-200007,PTR-004,2023-02-04,1412.62,1412.62,ach_remittance
RPY-0000054,ORG-200007,PTR-004,2023-02-11,1205.19,2617.81,ach_remittance
RPY-0000055,ORG-200007,PTR-004,2023-02-18,1438.23,4056.04,ach_remittance
RPY-0000056,ORG-200007,PTR-004,2023-02-25,1567.44,5623.48,manual_payment
RPY-0000057,ORG-200007,PTR-004,2023-03-04,2108.63,7732.11,ach_remittance
RPY-0000058,ORG-200007,PTR-004,2023-03-11,2072.12,9804.23,ach_remittance
RPY-0000059,ORG-200007,PTR-004,2023-03-18,1927.11,11731.34,ach_remittance
RPY-0000060,ORG-200007,PTR-004,2023-03-25,1489.47,13220.81,ach_remittance
RPY-0000061,ORG-200007,PTR-004,2023-04-01,1387.49,14608.3,manual_payment
RPY-0000062,ORG-200007,PTR-004,2023-04-08,459.51,15067.81,ach_remittance
RPY-0000063,ORG-200008,PTR-004,2025-01-22,822.29,822.29,ach_remittance
RPY-0000064,ORG-200008,PTR-004,2025-01-29,1715.6,2537.89,ach_remittance
RPY-0000065,ORG-200008,PTR-004,2025-02-05,829.22,3367.11,ach_remittance
RPY-0000066,ORG-200008,PTR-004,2025-02-12,1645.67,5012.78,manual_payment
RPY-0000067,ORG-200008,PTR-004,2025-02-19,840.6,5853.38,ach_remittance
RPY-0000068,ORG-200008,PTR-004,2025-02-26,1185.71,7039.09,ach_remittance
RPY-0000069,ORG-200008,PTR-004,2025-03-05,1356.21,8395.3,ach_remittance
RPY-0000070,ORG-200008,PTR-004,2025-03-12,1881.52,10276.82,manual_payment
RPY-0000071,ORG-200009,PTR-001,2023-10-17,1878.77,1878.77,ach_remittance
RPY-0000072,ORG-200009,PTR-001,2023-10-24,3248.73,5127.5,manual_payment
RPY-0000073,ORG-200009,PTR-001,2023-10-31,3185.98,8313.48,ach_remittance
RPY-0000074,ORG-200009,PTR-001,2023-11-07,2183.45,10496.93,ach_remittance
RPY-0000075,ORG-200009,PTR-001,2023-11-14,2025.93,12522.86,ach_remittance
RPY-0000076,ORG-200009,PTR-001,2023-11-21,2560.86,15083.72,ach_remittance
RPY-0000077,ORG-200009,PTR-001,2023-11-28,3199.8,18283.52,ach_remittance
RPY-0000078,ORG-200009,PTR-001,2023-12-05,4290.06,22573.58,ach_remittance
RPY-0000079,ORG-200009,PTR-001,2023-12-12,5262.2,27835.78,ach_remittance
RPY-0000080,ORG-200010,PTR-006,2025-05-30,3289.83,3289.83,ach_remittance
RPY-0000081,ORG-200010,PTR-006,2025-06-06,2873.11,6162.94,ach_remittance
RPY-0000082,ORG-200010,PTR-006,2025-06-13,3794.83,9957.77,manual_payment
RPY-0000083,ORG-200010,PTR-006,2025-06-20,3168.05,13125.82,ach_remittance
RPY-0000084,ORG-200010,PTR-006,2025-06-27,1817.33,14943.15,ach_remittance
RPY-0000085,ORG-200010,PTR-006,2025-07-04,2015.83,16958.98,ach_remittance
RPY-0000086,ORG-200010,PTR-006,2025-07-11,2086.23,19045.21,ach_remittance
RPY-0000087,ORG-200010,PTR-006,2025-07-18,3840.62,22885.83,ach_remittance
RPY-0000088,ORG-200011,PTR-005,2023-10-01,596.58,596.58,manual_payment
RPY-0000089,ORG-200011,PTR-005,2023-10-08,383.75,980.33,ach_remittance
RPY-0000090,ORG-200011,PTR-005,2023-10-15,490.83,1471.16,ach_remittance
RPY-0000091,ORG-200011,PTR-005,2023-10-22,453.75,1924.91,ach_remittance
RPY-0000092,ORG-200011,PTR-005,2023-10-29,597.14,2522.05,ach_remittance
RPY-0000093,ORG-200011,PTR-005,2023-11-05,580.49,3102.54,ach_remittance
RPY-0000094,ORG-200011,PTR-005,2023-11-12,316.09,3418.63,ach_remittance
RPY-0000095,ORG-200011,PTR-005,2023-11-19,321.13,3739.76,ach_remittance
RPY-0000096,ORG-200011,PTR-005,2023-11-26,321.93,4061.69,ach_remittance
RPY-0000097,ORG-200011,PTR-005,2023-12-03,530.82,4592.51,ach_remittance
RPY-0000098,ORG-200011,PTR-005,2023-12-10,491.86,5084.37,ach_remittance
RPY-0000099,ORG-200011,PTR-005,2023-12-17,345.77,5430.14,ach_remittance
RPY-0000100,ORG-200011,PTR-005,2023-12-24,502.73,5932.87,ach_remittance
RPY-0000101,ORG-200011,PTR-005,2023-12-31,273.22,6206.09,ach_remittance
RPY-0000102,ORG-200011,PTR-005,2024-01-07,328.94,6535.03,ach_remittance
RPY-0000103,ORG-200011,PTR-005,2024-01-14,380.93,6915.96,ach_remittance
RPY-0000104,ORG-200011,PTR-005,2024-01-21,561.63,7477.59,ach_remittance
RPY-0000105,ORG-200011,PTR-005,2024-01-28,488.44,7966.03,ach_remittance
RPY-0000106,ORG-200011,PTR-005,2024-02-04,356.31,8322.34,manual_payment
RPY-0000107,ORG-200011,PTR-005,2024-02-11,527.69,8850.03,ach_remittance
RPY-0000108,ORG-200011,PTR-005,2024-02-18,436.26,9286.29,ach_remittance
RPY-0000109,ORG-200011,PTR-005,2024-02-25,552.05,9838.34,ach_remittance
RPY-0000110,ORG-200011,PTR-005,2024-03-03,269.36,10107.7,ach_remittance
RPY-0000111,ORG-200011,PTR-005,2024-03-10,350.29,10457.99,ach_remittance
RPY-0000112,ORG-200011,PTR-005,2024-03-17,367.13,10825.12,ach_remittance
RPY-0000113,ORG-200012,PTR-001,2022-01-11,4728.75,4728.75,ach_remittance
RPY-0000114,ORG-200012,PTR-001,2022-01-18,4893.9,9622.65,ach_remittance
RPY-0000115,ORG-200012,PTR-001,2022-01-25,3887.69,13510.34,ach_remittance
RPY-0000116,ORG-200012,PTR-001,2022-02-01,5498.57,19008.91,ach_remittance
RPY-0000117,ORG-200012,PTR-001,2022-02-08,4651.51,23660.42,ach_remittance
RPY-0000118,ORG-200012,PTR-001,2022-02-15,5136.15,28796.57,ach_remittance
RPY-0000119,ORG-200013,PTR-006,2025-03-18,1401.58,1401.58,ach_remittance
RPY-0000120,ORG-200013,PTR-006,2025-03-25,2203.75,3605.33,ach_remittance
RPY-0000121,ORG-200013,PTR-006,2025-04-01,2623.66,6228.99,ach_remittance
RPY-0000122,ORG-200013,PTR-006,2025-04-08,2226.67,8455.66,ach_remittance
RPY-0000123,ORG-200013,PTR-006,2025-04-15,2284.62,10740.28,ach_remittance
RPY-0000124,ORG-200013,PTR-006,2025-04-22,2887.61,13627.89,ach_remittance
RPY-0000125,ORG-200013,PTR-006,2025-04-29,1559.2,15187.09,ach_remittance
RPY-0000126,ORG-200013,PTR-006,2025-05-06,2583.01,17770.1,ach_remittance
RPY-0000127,ORG-200013,PTR-006,2025-05-13,2929.45,20699.55,ach_remittance
RPY-0000128,ORG-200013,PTR-006,2025-05-20,2657.45,23357.0,ach_remittance
RPY-0000129,ORG-200013,PTR-006,2025-05-27,1772.75,25129.75,manual_payment
RPY-0000130,ORG-200013,PTR-006,2025-06-03,1858.13,26987.88,ach_remittance
RPY-0000131,ORG-200013,PTR-006,2025-06-10,2987.93,29975.81,manual_payment
RPY-0000132,ORG-200013,PTR-006,2025-06-17,2174.9,32150.71,ach_remittance
RPY-0000133,ORG-200013,PTR-006,2025-06-24,1763.98,33914.69,ach_remittance
RPY-0000134,ORG-200013,PTR-006,2025-07-01,3440.62,37355.31,ach_remittance
RPY-0000135,ORG-200014,PTR-002,2025-02-22,5659.05,5659.05,ach_remittance
RPY-0000136,ORG-200014,PTR-002,2025-03-01,6649.32,12308.37,ach_remittance
RPY-0000137,ORG-200014,PTR-002,2025-03-08,6311.01,18619.38,ach_remittance
RPY-0000138,ORG-200014,PTR-002,2025-03-15,7699.31,26318.69,ach_remittance
RPY-0000139,ORG-200014,PTR-002,2025-03-22,6891.81,33210.5,ach_remittance
RPY-0000140,ORG-200014,PTR-002,2025-03-29,7413.85,40624.35,ach_remittance
RPY-0000141,ORG-200014,PTR-002,2025-04-05,7726.43,48350.78,ach_remittance
RPY-0000142,ORG-200014,PTR-002,2025-04-12,4418.7,52769.48,ach_remittance
RPY-0000143,ORG-200015,PTR-002,2025-01-18,2996.64,2996.64,ach_remittance
RPY-0000144,ORG-200015,PTR-002,2025-01-25,2549.45,5546.09,ach_remittance
RPY-0000145,ORG-200015,PTR-002,2025-02-01,2858.71,8404.8,ach_remittance
RPY-0000146,ORG-200015,PTR-002,2025-02-08,2148.27,10553.07,ach_remittance
RPY-0000147,ORG-200015,PTR-002,2025-02-15,3013.68,13566.75,ach_remittance
RPY-0000148,ORG-200015,PTR-002,2025-02-22,4485.73,18052.48,manual_payment
RPY-0000149,ORG-200015,PTR-002,2025-03-01,4312.75,22365.23,ach_remittance
RPY-0000150,ORG-200015,PTR-002,2025-03-08,3245.11,25610.34,ach_remittance
RPY-0000151,ORG-200015,PTR-002,2025-03-15,2773.36,28383.7,ach_remittance
RPY-0000152,ORG-200015,PTR-002,2025-03-22,4341.8,32725.5,ach_remittance
RPY-0000153,ORG-200015,PTR-002,2025-03-29,3407.07,36132.57,ach_remittance
RPY-0000154,ORG-200015,PTR-002,2025-04-05,4099.08,40231.65,ach_remittance
RPY-0000155,ORG-200015,PTR-002,2025-04-12,2746.21,42977.86,ach_remittance
RPY-0000156,ORG-200016,PTR-003,2025-01-05,560.44,560.44,manual_payment
RPY-0000157,ORG-200016,PTR-003,2025-01-12,593.85,1154.29,ach_remittance
RPY-0000158,ORG-200016,PTR-003,2025-01-19,516.65,1670.94,manual_payment
RPY-0000159,ORG-200016,PTR-003,2025-01-26,481.44,2152.38,ach_remittance
RPY-0000160,ORG-200016,PTR-003,2025-02-02,459.15,2611.53,ach_remittance
RPY-0000161,ORG-200016,PTR-003,2025-02-09,481.45,3092.98,ach_remittance
RPY-0000162,ORG-200016,PTR-003,2025-02-16,674.51,3767.49,ach_remittance
RPY-0000163,ORG-200016,PTR-003,2025-02-23,354.71,4122.2,manual_payment
RPY-0000164,ORG-200016,PTR-003,2025-03-02,549.79,4671.99,ach_remittance
RPY-0000165,ORG-200016,PTR-003,2025-03-09,469.01,5141.0,ach_remittance
RPY-0000166,ORG-200016,PTR-003,2025-03-16,652.9,5793.9,ach_remittance
RPY-0000167,ORG-200016,PTR-003,2025-03-23,601.91,6395.81,ach_remittance
RPY-0000168,ORG-200017,PTR-002,2022-12-17,7461.66,7461.66,ach_remittance
RPY-0000169,ORG-200017,PTR-002,2022-12-24,4643.43,12105.09,ach_remittance
RPY-0000170,ORG-200017,PTR-002,2022-12-31,6751.89,18856.98,ach_remittance
RPY-0000171,ORG-200017,PTR-002,2023-01-07,6737.22,25594.2,ach_remittance
RPY-0000172,ORG-200017,PTR-002,2023-01-14,5718.4,31312.6,ach_remittance
RPY-0000173,ORG-200017,PTR-002,2023-01-21,4819.07,36131.67,ach_remittance
RPY-0000174,ORG-200017,PTR-002,2023-01-28,8332.66,44464.33,ach_remittance
RPY-0000175,ORG-200018,PTR-002,2023-12-07,5063.58,5063.58,ach_remittance
RPY-0000176,ORG-200018,PTR-002,2023-12-14,4540.92,9604.5,ach_remittance
RPY-0000177,ORG-200018,PTR-002,2023-12-21,4939.21,14543.71,ach_remittance
RPY-0000178,ORG-200018,PTR-002,2023-12-28,3781.3,18325.01,ach_remittance
RPY-0000179,ORG-200018,PTR-002,2024-01-04,5717.89,24042.9,ach_remittance
RPY-0000180,ORG-200018,PTR-002,2024-01-11,6816.83,30859.73,ach_remittance
RPY-0000181,ORG-200018,PTR-002,2024-01-18,4960.17,35819.9,ach_remittance
RPY-0000182,ORG-200018,PTR-002,2024-01-25,5008.81,40828.71,ach_remittance
RPY-0000183,ORG-200019,PTR-003,2024-01-04,2305.14,2305.14,ach_remittance
RPY-0000184,ORG-200019,PTR-003,2024-01-11,1451.06,3756.2,manual_payment
RPY-0000185,ORG-200019,PTR-003,2024-01-18,2400.92,6157.12,manual_payment
RPY-0000186,ORG-200019,PTR-003,2024-01-25,2078.57,8235.69,ach_remittance
RPY-0000187,ORG-200019,PTR-003,2024-02-01,2132.42,10368.11,ach_remittance
RPY-0000188,ORG-200019,PTR-003,2024-02-08,1973.69,12341.8,ach_remittance
RPY-0000189,ORG-200019,PTR-003,2024-02-15,1797.38,14139.18,manual_payment
RPY-0000190,ORG-200020,PTR-002,2023-07-16,4851.39,4851.39,ach_remittance
RPY-0000191,ORG-200020,PTR-002,2023-07-23,4922.6,9773.99,ach_remittance
RPY-0000192,ORG-200020,PTR-002,2023-07-30,4748.77,14522.76,ach_remittance
RPY-0000193,ORG-200020,PTR-002,2023-08-06,4908.5,19431.26,ach_remittance
RPY-0000194,ORG-200020,PTR-002,2023-08-13,4417.13,23848.39,ach_remittance
RPY-0000195,ORG-200020,PTR-002,2023-08-20,881.98,24730.37,ach_remittance
RPY-0000196,ORG-200021,PTR-001,2022-09-23,1723.95,1723.95,manual_payment
RPY-0000197,ORG-200021,PTR-001,2022-09-30,2091.46,3815.41,ach_remittance
RPY-0000198,ORG-200021,PTR-001,2022-10-07,2205.44,6020.85,ach_remittance
RPY-0000199,ORG-200021,PTR-001,2022-10-14,2027.04,8047.89,ach_remittance
RPY-0000200,ORG-200021,PTR-001,2022-10-21,1747.21,9795.1,manual_payment
RPY-0000201,ORG-200021,PTR-001,2022-10-28,2510.84,12305.94,ach_remittance
RPY-0000202,ORG-200021,PTR-001,2022-11-04,5386.79,17692.73,ach_remittance
RPY-0000203,ORG-200022,PTR-002,2024-07-18,5924.52,5924.52,ach_remittance
RPY-0000204,ORG-200022,PTR-002,2024-07-25,5836.46,11760.98,manual_payment
RPY-0000205,ORG-200022,PTR-002,2024-08-01,7569.2,19330.18,manual_payment
RPY-0000206,ORG-200022,PTR-002,2024-08-08,6695.61,26025.79,ach_remittance
RPY-0000207,ORG-200022,PTR-002,2024-08-15,4490.98,30516.77,manual_payment
RPY-0000208,ORG-200022,PTR-002,2024-08-22,4381.29,34898.06,ach_remittance
RPY-0000209,ORG-200022,PTR-002,2024-08-29,4012.45,38910.51,ach_remittance
RPY-0000210,ORG-200022,PTR-002,2024-09-05,6370.88,45281.39,ach_remittance
RPY-0000211,ORG-200022,PTR-002,2024-09-12,3464.08,48745.47,ach_remittance
RPY-0000212,ORG-200022,PTR-002,2024-09-19,4570.97,53316.44,ach_remittance
RPY-0000213,ORG-200022,PTR-002,2024-09-26,3634.67,56951.11,ach_remittance
RPY-0000214,ORG-200022,PTR-002,2024-10-03,4490.57,61441.68,ach_remittance
RPY-0000215,ORG-200022,PTR-002,2024-10-10,10483.3,71924.98,ach_remittance
RPY-0000216,ORG-200023,PTR-002,2025-03-18,1538.94,1538.94,ach_remittance
RPY-0000217,ORG-200023,PTR-002,2025-03-25,1455.35,2994.29,ach_remittance
RPY-0000218,ORG-200023,PTR-002,2025-04-01,1628.95,4623.24,ach_remittance
RPY-0000219,ORG-200023,PTR-002,2025-04-08,1702.26,6325.5,ach_remittance
RPY-0000220,ORG-200023,PTR-002,2025-04-15,1874.63,8200.13,ach_remittance
RPY-0000221,ORG-200023,PTR-002,2025-04-22,979.74,9179.87,ach_remittance
RPY-0000222,ORG-200023,PTR-002,2025-04-29,1798.56,10978.43,ach_remittance
RPY-0000223,ORG-200023,PTR-002,2025-05-06,1649.28,12627.71,ach_remittance
RPY-0000224,ORG-200024,PTR-001,2024-10-11,686.06,686.06,ach_remittance
RPY-0000225,ORG-200024,PTR-001,2024-10-18,506.16,1192.22,ach_remittance
RPY-0000226,ORG-200024,PTR-001,2024-10-25,688.01,1880.23,ach_remittance
RPY-0000227,ORG-200024,PTR-001,2024-11-01,836.64,2716.87,ach_remittance
RPY-0000228,ORG-200024,PTR-001,2024-11-08,894.63,3611.5,manual_payment
RPY-0000229,ORG-200024,PTR-001,2024-11-15,496.36,4107.86,ach_remittance
RPY-0000230,ORG-200024,PTR-001,2024-11-22,512.86,4620.72,ach_remittance
RPY-0000231,ORG-200024,PTR-001,2024-11-29,956.47,5577.19,ach_remittance
RPY-0000232,ORG-200024,PTR-001,2024-12-06,1085.9,6663.09,manual_payment
RPY-0000233,ORG-200025,PTR-005,2023-08-20,503.53,503.53,ach_remittance
RPY-0000234,ORG-200025,PTR-005,2023-08-27,785.18,1288.71,ach_remittance
RPY-0000235,ORG-200025,PTR-005,2023-09-03,524.88,1813.59,ach_remittance
RPY-0000236,ORG-200025,PTR-005,2023-09-10,752.46,2566.05,manual_payment
RPY-0000237,ORG-200025,PTR-005,2023-09-17,1006.71,3572.76,ach_remittance
RPY-0000238,ORG-200025,PTR-005,2023-09-24,700.0,4272.76,ach_remittance
RPY-0000239,ORG-200025,PTR-005,2023-10-01,914.19,5186.95,ach_remittance
RPY-0000240,ORG-200025,PTR-005,2023-10-08,847.43,6034.38,ach_remittance
RPY-0000241,ORG-200025,PTR-005,2023-10-15,591.35,6625.73,ach_remittance
RPY-0000242,ORG-200025,PTR-005,2023-10-22,999.77,7625.5,ach_remittance
RPY-0000243,ORG-200025,PTR-005,2023-10-29,319.5,7945.0,ach_remittance
RPY-0000244,ORG-200026,PTR-004,2023-07-09,3193.96,3193.96,ach_remittance
RPY-0000245,ORG-200026,PTR-004,2023-07-16,5327.26,8521.22,ach_remittance
RPY-0000246,ORG-200026,PTR-004,2023-07-23,2737.17,11258.39,ach_remittance
RPY-0000247,ORG-200026,PTR-004,2023-07-30,3335.81,14594.2,ach_remittance
RPY-0000248,ORG-200026,PTR-004,2023-08-06,3939.86,18534.06,ach_remittance
RPY-0000249,ORG-200026,PTR-004,2023-08-13,3264.7,21798.76,ach_remittance
RPY-0000250,ORG-200026,PTR-004,2023-08-20,4409.16,26207.92,ach_remittance
RPY-0000251,ORG-200026,PTR-004,2023-08-27,2995.99,29203.91,ach_remittance
RPY-0000252,ORG-200026,PTR-004,2023-09-03,2417.5,31621.41,ach_remittance
RPY-0000253,ORG-200026,PTR-004,2023-09-10,4432.71,36054.12,ach_remittance
RPY-0000254,ORG-200026,PTR-004,2023-09-17,3460.56,39514.68,ach_remittance
RPY-0000255,ORG-200026,PTR-004,2023-09-24,4784.59,44299.27,ach_remittance
RPY-0000256,ORG-200026,PTR-004,2023-10-01,5199.16,49498.43,ach_remittance
RPY-0000257,ORG-200027,PTR-001,2025-09-09,8219.3,8219.3,ach_remittance
RPY-0000258,ORG-200027,PTR-001,2025-09-16,7369.93,15589.23,ach_remittance
RPY-0000259,ORG-200027,PTR-001,2025-09-23,4456.09,20045.32,ach_remittance
RPY-0000260,ORG-200027,PTR-001,2025-09-30,7644.16,27689.48,ach_remittance
RPY-0000261,ORG-200027,PTR-001,2025-10-07,9145.68,36835.16,ach_remittance
RPY-0000262,ORG-200027,PTR-001,2025-10-14,3415.42,40250.58,ach_remittance
RPY-0000263,ORG-200028,PTR-004,2022-08-01,1242.01,1242.01,manual_payment
RPY-0000264,ORG-200028,PTR-004,2022-08-08,1161.43,2403.44,ach_remittance
RPY-0000265,ORG-200028,PTR-004,2022-08-15,844.95,3248.39,ach_remittance
RPY-0000266,ORG-200028,PTR-004,2022-08-22,962.38,4210.77,ach_remittance
RPY-0000267,ORG-200028,PTR-004,2022-08-29,1158.7,5369.47,ach_remittance
RPY-0000268,ORG-200028,PTR-004,2022-09-05,622.7,5992.17,ach_remittance
RPY-0000269,ORG-200028,PTR-004,2022-09-12,1028.89,7021.06,ach_remittance
RPY-0000270,ORG-200028,PTR-004,2022-09-19,1249.08,8270.14,ach_remittance
RPY-0000271,ORG-200028,PTR-004,2022-09-26,180.59,8450.73,ach_remittance
RPY-0000272,ORG-200029,PTR-003,2025-04-25,5093.6,5093.6,ach_remittance
RPY-0000273,ORG-200029,PTR-003,2025-05-02,3720.78,8814.38,ach_remittance
RPY-0000274,ORG-200029,PTR-003,2025-05-09,5670.12,14484.5,ach_remittance
RPY-0000275,ORG-200029,PTR-003,2025-05-16,4001.02,18485.52,ach_remittance
RPY-0000276,ORG-200029,PTR-003,2025-05-23,3698.68,22184.2,ach_remittance
RPY-0000277,ORG-200029,PTR-003,2025-05-30,2729.93,24914.13,ach_remittance
RPY-0000278,ORG-200029,PTR-003,2025-06-06,4052.09,28966.22,manual_payment
RPY-0000279,ORG-200029,PTR-003,2025-06-13,5711.61,34677.83,ach_remittance
RPY-0000280,ORG-200029,PTR-003,2025-06-20,6095.44,40773.27,ach_remittance
RPY-0000281,ORG-200029,PTR-003,2025-06-27,5287.6,46060.87,ach_remittance
RPY-0000282,ORG-200029,PTR-003,2025-07-04,2565.34,48626.21,ach_remittance
RPY-0000283,ORG-200030,PTR-002,2024-06-28,761.02,761.02,ach_remittance
RPY-0000284,ORG-200030,PTR-002,2024-07-05,929.65,1690.67,ach_remittance
RPY-0000285,ORG-200030,PTR-002,2024-07-12,820.93,2511.6,ach_remittance
RPY-0000286,ORG-200030,PTR-002,2024-07-19,1404.31,3915.91,ach_remittance
RPY-0000287,ORG-200030,PTR-002,2024-07-26,1080.82,4996.73,ach_remittance
RPY-0000288,ORG-200030,PTR-002,2024-08-02,789.63,5786.36,ach_remittance
RPY-0000289,ORG-200030,PTR-002,2024-08-09,1462.78,7249.14,ach_remittance
RPY-0000290,ORG-200030,PTR-002,2024-08-16,902.39,8151.53,ach_remittance
RPY-0000291,ORG-200030,PTR-002,2024-08-23,1341.95,9493.48,ach_remittance
RPY-0000292,ORG-200030,PTR-002,2024-08-30,712.57,10206.05,ach_remittance
RPY-0000293,ORG-200030,PTR-002,2024-09-06,842.36,11048.41,ach_remittance
RPY-0000294,ORG-200030,PTR-002,2024-09-13,1229.85,12278.26,ach_remittance
RPY-0000295,ORG-200030,PTR-002,2024-09-20,1377.79,13656.05,ach_remittance
RPY-0000296,ORG-200030,PTR-002,2024-09-27,725.53,14381.58,ach_remittance
RPY-0000297,ORG-200030,PTR-002,2024-10-04,875.9,15257.48,ach_remittance
RPY-0000298,ORG-200030,PTR-002,2024-10-11,965.8,16223.28,ach_remittance
RPY-0000299,ORG-200030,PTR-002,2024-10-18,873.91,17097.19,ach_remittance
RPY-0000300,ORG-200030,PTR-002,2024-10-25,1198.89,18296.08,ach_remittance
RPY-0000301,ORG-200030,PTR-002,2024-11-01,1230.22,19526.3,ach_remittance
RPY-0000302,ORG-200030,PTR-002,2024-11-08,1182.49,20708.79,ach_remittance
RPY-0000303,ORG-200030,PTR-002,2024-11-15,1955.81,22664.6,ach_remittance
RPY-0000304,ORG-200031,PTR-005,2022-09-02,1419.34,1419.34,ach_remittance
RPY-0000305,ORG-200031,PTR-005,2022-09-09,2276.43,3695.77,ach_remittance
RPY-0000306,ORG-200031,PTR-005,2022-09-16,2717.92,6413.69,ach_remittance
RPY-0000307,ORG-200031,PTR-005,2022-09-23,2391.47,8805.16,ach_remittance
RPY-0000308,ORG-200031,PTR-005,2022-09-30,1866.81,10671.97,manual_payment
RPY-0000309,ORG-200031,PTR-005,2022-10-07,1986.15,12658.12,ach_remittance
RPY-0000310,ORG-200031,PTR-005,2022-10-14,2726.81,15384.93,manual_payment
RPY-0000311,ORG-200031,PTR-005,2022-10-21,640.81,16025.74,ach_remittance
RPY-0000312,ORG-200032,PTR-004,2024-07-27,2967.21,2967.21,ach_remittance
RPY-0000313,ORG-200032,PTR-004,2024-08-03,1709.61,4676.82,ach_remittance
RPY-0000314,ORG-200032,PTR-004,2024-08-10,3713.19,8390.01,ach_remittance
RPY-0000315,ORG-200032,PTR-004,2024-08-17,2039.81,10429.82,ach_remittance
RPY-0000316,ORG-200032,PTR-004,2024-08-24,2785.09,13214.91,ach_remittance
RPY-0000317,ORG-200032,PTR-004,2024-08-31,3337.84,16552.75,ach_remittance
RPY-0000318,ORG-200032,PTR-004,2024-09-07,3255.23,19807.98,ach_remittance
RPY-0000319,ORG-200032,PTR-004,2024-09-14,1546.65,21354.63,ach_remittance
RPY-0000320,ORG-200033,PTR-003,2022-02-09,2333.47,2333.47,ach_remittance
RPY-0000321,ORG-200033,PTR-003,2022-02-16,2339.65,4673.12,ach_remittance
RPY-0000322,ORG-200033,PTR-003,2022-02-23,2390.26,7063.38,ach_remittance
RPY-0000323,ORG-200033,PTR-003,2022-03-02,1343.81,8407.19,ach_remittance
RPY-0000324,ORG-200033,PTR-003,2022-03-09,2652.11,11059.3,manual_payment
RPY-0000325,ORG-200033,PTR-003,2022-03-16,2398.41,13457.71,ach_remittance
RPY-0000326,ORG-200033,PTR-003,2022-03-23,1988.91,15446.62,ach_remittance
RPY-0000327,ORG-200033,PTR-003,2022-03-30,196.24,15642.86,ach_remittance
RPY-0000328,ORG-200034,PTR-001,2023-07-25,2305.49,2305.49,ach_remittance
RPY-0000329,ORG-200034,PTR-001,2023-08-01,2124.54,4430.03,ach_remittance
RPY-0000330,ORG-200034,PTR-001,2023-08-08,1979.73,6409.76,ach_remittance
RPY-0000331,ORG-200034,PTR-001,2023-08-15,2433.12,8842.88,ach_remittance
RPY-0000332,ORG-200034,PTR-001,2023-08-22,2214.92,11057.8,ach_remittance
RPY-0000333,ORG-200034,PTR-001,2023-08-29,768.04,11825.84,ach_remittance
RPY-0000334,ORG-200035,PTR-002,2024-02-13,7246.78,7246.78,manual_payment
RPY-0000335,ORG-200035,PTR-002,2024-02-20,4944.75,12191.53,ach_remittance
RPY-0000336,ORG-200035,PTR-002,2024-02-27,8846.88,21038.41,ach_remittance
RPY-0000337,ORG-200035,PTR-002,2024-03-05,5209.65,26248.06,manual_payment
RPY-0000338,ORG-200035,PTR-002,2024-03-12,10101.98,36350.04,ach_remittance
RPY-0000339,ORG-200035,PTR-002,2024-03-19,8044.53,44394.57,ach_remittance
RPY-0000340,ORG-200036,PTR-004,2023-04-12,5617.29,5617.29,ach_remittance
RPY-0000341,ORG-200036,PTR-004,2023-04-19,4423.12,10040.41,ach_remittance
RPY-0000342,ORG-200036,PTR-004,2023-04-26,5070.5,15110.91,ach_remittance
RPY-0000343,ORG-200036,PTR-004,2023-05-03,6525.36,21636.27,ach_remittance
RPY-0000344,ORG-200036,PTR-004,2023-05-10,6127.78,27764.05,ach_remittance
RPY-0000345,ORG-200036,PTR-004,2023-05-17,5844.04,33608.09,ach_remittance
RPY-0000346,ORG-200036,PTR-004,2023-05-24,6207.31,39815.4,manual_payment
RPY-0000347,ORG-200036,PTR-004,2023-05-31,3187.26,43002.66,ach_remittance
RPY-0000348,ORG-200037,PTR-003,2024-12-29,104.42,104.42,ach_remittance
RPY-0000349,ORG-200037,PTR-003,2025-01-05,140.86,245.28,ach_remittance
RPY-0000350,ORG-200037,PTR-003,2025-01-12,126.12,371.4,manual_payment
RPY-0000351,ORG-200037,PTR-003,2025-01-19,76.83,448.23,ach_remittance
RPY-0000352,ORG-200037,PTR-003,2025-01-26,130.93,579.16,ach_remittance
RPY-0000353,ORG-200037,PTR-003,2025-02-02,97.84,677.0,ach_remittance
RPY-0000354,ORG-200037,PTR-003,2025-02-09,118.28,795.28,ach_remittance
RPY-0000355,ORG-200037,PTR-003,2025-02-16,97.94,893.22,ach_remittance
RPY-0000356,ORG-200037,PTR-003,2025-02-23,82.68,975.9,ach_remittance
RPY-0000357,ORG-200037,PTR-003,2025-03-02,98.9,1074.8,ach_remittance
RPY-0000358,ORG-200037,PTR-003,2025-03-09,118.37,1193.17,ach_remittance
RPY-0000359,ORG-200037,PTR-003,2025-03-16,76.14,1269.31,ach_remittance
RPY-0000360,ORG-200037,PTR-003,2025-03-23,129.16,1398.47,manual_payment
RPY-0000361,ORG-200037,PTR-003,2025-03-30,100.64,1499.11,ach_remittance
RPY-0000362,ORG-200037,PTR-003,2025-04-06,84.93,1584.04,ach_remittance
RPY-0000363,ORG-200037,PTR-003,2025-04-13,103.2,1687.24,manual_payment
RPY-0000364,ORG-200037,PTR-003,2025-04-20,143.29,1830.53,ach_remittance
RPY-0000365,ORG-200037,PTR-003,2025-04-27,108.18,1938.71,ach_remittance
RPY-0000366,ORG-200037,PTR-003,2025-05-04,334.64,2273.35,ach_remittance
RPY-0000367,ORG-200038,PTR-006,2025-12-31,4215.46,4215.46,ach_remittance
RPY-0000368,ORG-200038,PTR-006,2026-01-07,3364.51,7579.97,ach_remittance
RPY-0000369,ORG-200038,PTR-006,2026-01-14,4416.43,11996.4,ach_remittance
RPY-0000370,ORG-200038,PTR-006,2026-01-21,4057.87,16054.27,ach_remittance
RPY-0000371,ORG-200038,PTR-006,2026-01-28,3123.6,19177.87,ach_remittance
RPY-0000372,ORG-200038,PTR-006,2026-02-04,4198.74,23376.61,manual_payment
RPY-0000373,ORG-200038,PTR-006,2026-02-11,5914.34,29290.95,ach_remittance
RPY-0000374,ORG-200038,PTR-006,2026-02-18,3545.9,32836.85,ach_remittance
RPY-0000375,ORG-200038,PTR-006,2026-02-25,3015.99,35852.84,ach_remittance
RPY-0000376,ORG-200038,PTR-006,2026-03-04,4673.76,40526.6,ach_remittance
RPY-0000377,ORG-200038,PTR-006,2026-03-11,5570.2,46096.8,ach_remittance
RPY-0000378,ORG-200038,PTR-006,2026-03-18,6234.41,52331.21,ach_remittance
RPY-0000379,ORG-200038,PTR-006,2026-03-25,6975.58,59306.79,ach_remittance
RPY-0000380,ORG-200039,PTR-001,2026-04-13,2522.06,2522.06,ach_remittance
RPY-0000381,ORG-200039,PTR-001,2026-04-20,2683.52,5205.58,ach_remittance
RPY-0000382,ORG-200039,PTR-001,2026-04-27,2659.48,7865.06,ach_remittance
RPY-0000383,ORG-200039,PTR-001,2026-05-04,1838.58,9703.64,ach_remittance
RPY-0000384,ORG-200039,PTR-001,2026-05-11,1886.37,11590.01,ach_remittance
RPY-0000385,ORG-200040,PTR-005,2022-07-11,4765.87,4765.87,ach_remittance
RPY-0000386,ORG-200040,PTR-005,2022-07-18,6059.23,10825.1,ach_remittance
RPY-0000387,ORG-200040,PTR-005,2022-07-25,4714.86,15539.96,ach_remittance
RPY-0000388,ORG-200040,PTR-005,2022-08-01,5509.12,21049.08,ach_remittance
RPY-0000389,ORG-200040,PTR-005,2022-08-08,4816.63,25865.71,ach_remittance
RPY-0000390,ORG-200040,PTR-005,2022-08-15,3608.73,29474.44,manual_payment
RPY-0000391,ORG-200041,PTR-001,2023-08-10,3754.59,3754.59,manual_payment
RPY-0000392,ORG-200041,PTR-001,2023-08-17,3628.44,7383.03,ach_remittance
RPY-0000393,ORG-200041,PTR-001,2023-08-24,2837.01,10220.04,ach_remittance
RPY-0000394,ORG-200041,PTR-001,2023-08-31,2986.45,13206.49,ach_remittance
RPY-0000395,ORG-200041,PTR-001,2023-09-07,4208.3,17414.79,ach_remittance
RPY-0000396,ORG-200041,PTR-001,2023-09-14,3554.37,20969.16,ach_remittance
RPY-0000397,ORG-200041,PTR-001,2023-09-21,2184.87,23154.03,ach_remittance
RPY-0000398,ORG-200041,PTR-001,2023-09-28,4379.56,27533.59,ach_remittance
RPY-0000399,ORG-200041,PTR-001,2023-10-05,3694.57,31228.16,ach_remittance
RPY-0000400,ORG-200041,PTR-001,2023-10-12,2309.54,33537.7,ach_remittance
RPY-0000401,ORG-200041,PTR-001,2023-10-19,2193.32,35731.02,ach_remittance
RPY-0000402,ORG-200041,PTR-001,2023-10-26,3661.56,39392.58,ach_remittance
RPY-0000403,ORG-200041,PTR-001,2023-11-02,2306.5,41699.08,ach_remittance
RPY-0000404,ORG-200041,PTR-001,2023-11-09,4459.34,46158.42,ach_remittance
RPY-0000405,ORG-200041,PTR-001,2023-11-16,4368.27,50526.69,manual_payment
RPY-0000406,ORG-200041,PTR-001,2023-11-23,3732.41,54259.1,ach_remittance
RPY-0000407,ORG-200041,PTR-001,2023-11-30,2018.61,56277.71,ach_remittance
RPY-0000408,ORG-200041,PTR-001,2023-12-07,4470.01,60747.72,ach_remittance
RPY-0000409,ORG-200041,PTR-001,2023-12-14,3983.87,64731.59,ach_remittance
RPY-0000410,ORG-200041,PTR-001,2023-12-21,958.73,65690.32,ach_remittance
RPY-0000411,ORG-200042,PTR-002,2022-11-19,7698.81,7698.81,ach_remittance
RPY-0000412,ORG-200042,PTR-002,2022-11-26,4633.87,12332.68,ach_remittance
RPY-0000413,ORG-200042,PTR-002,2022-12-03,5875.51,18208.19,ach_remittance
RPY-0000414,ORG-200042,PTR-002,2022-12-10,4998.24,23206.43,ach_remittance
RPY-0000415,ORG-200042,PTR-002,2022-12-17,5238.13,28444.56,ach_remittance
RPY-0000416,ORG-200042,PTR-002,2022-12-24,6068.2,34512.76,ach_remittance
RPY-0000417,ORG-200042,PTR-002,2022-12-31,5362.34,39875.1,ach_remittance
RPY-0000418,ORG-200042,PTR-002,2023-01-07,6169.87,46044.97,ach_remittance
RPY-0000419,ORG-200042,PTR-002,2023-01-14,5657.79,51702.76,ach_remittance
RPY-0000420,ORG-200042,PTR-002,2023-01-21,8778.61,60481.37,ach_remittance
RPY-0000421,ORG-200042,PTR-002,2023-01-28,5222.16,65703.53,ach_remittance
RPY-0000422,ORG-200042,PTR-002,2023-02-04,6465.67,72169.2,ach_remittance
RPY-0000423,ORG-200042,PTR-002,2023-02-11,7930.59,80099.79,ach_remittance
RPY-0000424,ORG-200042,PTR-002,2023-02-18,4496.5,84596.29,ach_remittance
RPY-0000425,ORG-200042,PTR-002,2023-02-25,10304.06,94900.35,ach_remittance
RPY-0000426,ORG-200043,PTR-003,2023-04-07,4085.78,4085.78,ach_remittance
RPY-0000427,ORG-200043,PTR-003,2023-04-14,2787.41,6873.19,ach_remittance
RPY-0000428,ORG-200043,PTR-003,2023-04-21,2762.4,9635.59,manual_payment
RPY-0000429,ORG-200043,PTR-003,2023-04-28,2369.43,12005.02,ach_remittance
RPY-0000430,ORG-200043,PTR-003,2023-05-05,2064.4,14069.42,ach_remittance
RPY-0000431,ORG-200043,PTR-003,2023-05-12,2638.7,16708.12,ach_remittance
RPY-0000432,ORG-200043,PTR-003,2023-05-19,1916.63,18624.75,ach_remittance
RPY-0000433,ORG-200043,PTR-003,2023-05-26,2972.19,21596.94,ach_remittance
RPY-0000434,ORG-200043,PTR-003,2023-06-02,3668.49,25265.43,ach_remittance
RPY-0000435,ORG-200043,PTR-003,2023-06-09,3319.61,28585.04,ach_remittance
RPY-0000436,ORG-200043,PTR-003,2023-06-16,1869.7,30454.74,ach_remittance
RPY-0000437,ORG-200043,PTR-003,2023-06-23,2187.03,32641.77,ach_remittance
RPY-0000438,ORG-200043,PTR-003,2023-06-30,3303.89,35945.66,ach_remittance
RPY-0000439,ORG-200043,PTR-003,2023-07-07,3710.63,39656.29,ach_remittance
RPY-0000440,ORG-200043,PTR-003,2023-07-14,2119.75,41776.04,ach_remittance
RPY-0000441,ORG-200043,PTR-003,2023-07-21,3377.0,45153.04,ach_remittance
RPY-0000442,ORG-200043,PTR-003,2023-07-28,1976.2,47129.24,ach_remittance
RPY-0000443,ORG-200043,PTR-003,2023-08-04,3038.75,50167.99,ach_remittance
RPY-0000444,ORG-200043,PTR-003,2023-08-11,3359.99,53527.98,ach_remittance
RPY-0000445,ORG-200043,PTR-003,2023-08-18,3570.52,57098.5,ach_remittance
RPY-0000446,ORG-200043,PTR-003,2023-08-25,6723.94,63822.44,manual_payment
RPY-0000447,ORG-200044,PTR-003,2025-02-15,1182.27,1182.27,ach_remittance
RPY-0000448,ORG-200044,PTR-003,2025-02-22,1673.59,2855.86,ach_remittance
RPY-0000449,ORG-200044,PTR-003,2025-03-01,1649.44,4505.3,manual_payment
RPY-0000450,ORG-200044,PTR-003,2025-03-08,1476.66,5981.96,ach_remittance
RPY-0000451,ORG-200044,PTR-003,2025-03-15,1271.86,7253.82,ach_remittance
RPY-0000452,ORG-200044,PTR-003,2025-03-22,2244.77,9498.59,ach_remittance
RPY-0000453,ORG-200044,PTR-003,2025-03-29,1642.29,11140.88,ach_remittance
RPY-0000454,ORG-200044,PTR-003,2025-04-05,3757.93,14898.81,ach_remittance
RPY-0000455,ORG-200045,PTR-006,2023-10-16,2698.14,2698.14,ach_remittance
RPY-0000456,ORG-200045,PTR-006,2023-10-23,1556.58,4254.72,ach_remittance
RPY-0000457,ORG-200045,PTR-006,2023-10-30,1460.06,5714.78,ach_remittance
RPY-0000458,ORG-200045,PTR-006,2023-11-06,2375.0,8089.78,ach_remittance
RPY-0000459,ORG-200045,PTR-006,2023-11-13,1678.54,9768.32,ach_remittance
RPY-0000460,ORG-200045,PTR-006,2023-11-20,1734.54,11502.86,ach_remittance
RPY-0000461,ORG-200045,PTR-006,2023-11-27,2316.77,13819.63,ach_remittance
RPY-0000462,ORG-200045,PTR-006,2023-12-04,1694.74,15514.37,ach_remittance
RPY-0000463,ORG-200046,PTR-002,2025-01-29,4908.9,4908.9,ach_remittance
RPY-0000464,ORG-200046,PTR-002,2025-02-05,5446.26,10355.16,ach_remittance
RPY-0000465,ORG-200046,PTR-002,2025-02-12,4174.45,14529.61,ach_remittance
RPY-0000466,ORG-200046,PTR-002,2025-02-19,5451.79,19981.4,ach_remittance
RPY-0000467,ORG-200046,PTR-002,2025-02-26,8481.42,28462.82,ach_remittance
RPY-0000468,ORG-200047,PTR-005,2022-10-27,5546.01,5546.01,ach_remittance
RPY-0000469,ORG-200047,PTR-005,2022-11-03,4602.31,10148.32,ach_remittance
RPY-0000470,ORG-200047,PTR-005,2022-11-10,5191.16,15339.48,ach_remittance
RPY-0000471,ORG-200047,PTR-005,2022-11-17,3651.93,18991.41,ach_remittance
RPY-0000472,ORG-200047,PTR-005,2022-11-24,5600.86,24592.27,ach_remittance
RPY-0000473,ORG-200047,PTR-005,2022-12-01,5572.93,30165.2,manual_payment
RPY-0000474,ORG-200047,PTR-005,2022-12-08,4143.48,34308.68,ach_remittance
RPY-0000475,ORG-200047,PTR-005,2022-12-15,12368.13,46676.81,ach_remittance
RPY-0000476,ORG-200048,PTR-003,2023-08-15,275.23,275.23,ach_remittance
RPY-0000477,ORG-200048,PTR-003,2023-08-22,238.69,513.92,ach_remittance
RPY-0000478,ORG-200048,PTR-003,2023-08-29,423.88,937.8,ach_remittance
RPY-0000479,ORG-200048,PTR-003,2023-09-05,452.01,1389.81,ach_remittance
RPY-0000480,ORG-200048,PTR-003,2023-09-12,503.01,1892.82,ach_remittance
RPY-0000481,ORG-200048,PTR-003,2023-09-19,422.77,2315.59,ach_remittance
RPY-0000482,ORG-200048,PTR-003,2023-09-26,218.91,2534.5,ach_remittance
RPY-0000483,ORG-200049,PTR-003,2025-03-25,5516.69,5516.69,ach_remittance
RPY-0000484,ORG-200049,PTR-003,2025-04-01,3544.08,9060.77,ach_remittance
RPY-0000485,ORG-200049,PTR-003,2025-04-08,7415.2,16475.97,ach_remittance
RPY-0000486,ORG-200049,PTR-003,2025-04-15,5406.7,21882.67,ach_remittance
RPY-0000487,ORG-200049,PTR-003,2025-04-22,6668.19,28550.86,manual_payment
RPY-0000488,ORG-200049,PTR-003,2025-04-29,7299.86,35850.72,ach_remittance
RPY-0000489,ORG-200049,PTR-003,2025-05-06,5085.78,40936.5,ach_remittance
RPY-0000490,ORG-200049,PTR-003,2025-05-13,4638.82,45575.32,ach_remittance
RPY-0000491,ORG-200049,PTR-003,2025-05-20,6485.62,52060.94,ach_remittance
RPY-0000492,ORG-200049,PTR-003,2025-05-27,3949.88,56010.82,ach_remittance
RPY-0000493,ORG-200049,PTR-003,2025-06-03,5012.22,61023.04,ach_remittance
RPY-0000494,ORG-200049,PTR-003,2025-06-10,3413.53,64436.57,ach_remittance
RPY-0000495,ORG-200049,PTR-003,2025-06-17,4434.82,68871.39,ach_remittance
RPY-0000496,ORG-200050,PTR-002,2022-09-21,5947.1,5947.1,ach_remittance
RPY-0000497,ORG-200050,PTR-002,2022-09-28,9461.23,15408.33,ach_remittance
RPY-0000498,ORG-200050,PTR-002,2022-10-05,6495.48,21903.81,ach_remittance
RPY-0000499,ORG-200050,PTR-002,2022-10-12,11648.43,33552.24,ach_remittance
RPY-0000500,ORG-200050,PTR-002,2022-10-19,11803.05,45355.29,manual_payment
RPY-0000501,ORG-200050,PTR-002,2022-10-26,11378.94,56734.23,manual_payment
RPY-0000502,ORG-200050,PTR-002,2022-11-02,11976.63,68710.86,ach_remittance
RPY-0000503,ORG-200050,PTR-002,2022-11-09,7154.44,75865.3,ach_remittance
RPY-0000504,ORG-200050,PTR-002,2022-11-16,9322.52,85187.82,ach_remittance
RPY-0000505,ORG-200050,PTR-002,2022-11-23,2950.96,88138.78,manual_payment
RPY-0000506,ORG-200051,PTR-006,2024-09-25,3492.43,3492.43,ach_remittance
RPY-0000507,ORG-200051,PTR-006,2024-10-02,4178.86,7671.29,ach_remittance
RPY-0000508,ORG-200051,PTR-006,2024-10-09,4280.67,11951.96,ach_remittance
RPY-0000509,ORG-200051,PTR-006,2024-10-16,5903.63,17855.59,ach_remittance
RPY-0000510,ORG-200051,PTR-006,2024-10-23,6569.22,24424.81,ach_remittance
RPY-0000511,ORG-200052,PTR-002,2022-12-01,3625.69,3625.69,ach_remittance
RPY-0000512,ORG-200052,PTR-002,2022-12-08,2241.13,5866.82,ach_remittance
RPY-0000513,ORG-200052,PTR-002,2022-12-15,2998.91,8865.73,ach_remittance
RPY-0000514,ORG-200052,PTR-002,2022-12-22,3074.22,11939.95,manual_payment
RPY-0000515,ORG-200052,PTR-002,2022-12-29,2817.59,14757.54,ach_remittance
RPY-0000516,ORG-200052,PTR-002,2023-01-05,2441.71,17199.25,ach_remittance
RPY-0000517,ORG-200052,PTR-002,2023-01-12,1968.34,19167.59,ach_remittance
RPY-0000518,ORG-200052,PTR-002,2023-01-19,3321.04,22488.63,ach_remittance
RPY-0000519,ORG-200052,PTR-002,2023-01-26,3505.89,25994.52,ach_remittance
RPY-0000520,ORG-200052,PTR-002,2023-02-02,1868.57,27863.09,ach_remittance
RPY-0000521,ORG-200052,PTR-002,2023-02-09,2178.51,30041.6,ach_remittance
RPY-0000522,ORG-200052,PTR-002,2023-02-16,2749.9,32791.5,ach_remittance
RPY-0000523,ORG-200052,PTR-002,2023-02-23,7257.61,40049.11,manual_payment
RPY-0000524,ORG-200053,PTR-001,2022-07-25,2216.09,2216.09,ach_remittance
RPY-0000525,ORG-200053,PTR-001,2022-08-01,3062.32,5278.41,ach_remittance
RPY-0000526,ORG-200053,PTR-001,2022-08-08,2562.08,7840.49,ach_remittance
RPY-0000527,ORG-200053,PTR-001,2022-08-15,1618.29,9458.78,ach_remittance
RPY-0000528,ORG-200053,PTR-001,2022-08-22,2203.79,11662.57,ach_remittance
RPY-0000529,ORG-200053,PTR-001,2022-08-29,2456.0,14118.57,ach_remittance
RPY-0000530,ORG-200053,PTR-001,2022-09-05,2575.07,16693.64,ach_remittance
RPY-0000531,ORG-200053,PTR-001,2022-09-12,2773.59,19467.23,ach_remittance
RPY-0000532,ORG-200053,PTR-001,2022-09-19,3541.83,23009.06,ach_remittance
RPY-0000533,ORG-200053,PTR-001,2022-09-26,2135.0,25144.06,ach_remittance
RPY-0000534,ORG-200053,PTR-001,2022-10-03,3211.53,28355.59,ach_remittance
RPY-0000535,ORG-200053,PTR-001,2022-10-10,2968.26,31323.85,ach_remittance
RPY-0000536,ORG-200053,PTR-001,2022-10-17,3186.01,34509.86,ach_remittance
RPY-0000537,ORG-200053,PTR-001,2022-10-24,2897.18,37407.04,ach_remittance
RPY-0000538,ORG-200053,PTR-001,2022-10-31,2713.84,40120.88,ach_remittance
RPY-0000539,ORG-200053,PTR-001,2022-11-07,3002.01,43122.89,ach_remittance
RPY-0000540,ORG-200053,PTR-001,2022-11-14,1580.33,44703.22,ach_remittance
RPY-0000541,ORG-200053,PTR-001,2022-11-21,3493.92,48197.14,ach_remittance
RPY-0000542,ORG-200053,PTR-001,2022-11-28,3105.46,51302.6,ach_remittance
RPY-0000543,ORG-200053,PTR-001,2022-12-05,2994.03,54296.63,ach_remittance
RPY-0000544,ORG-200053,PTR-001,2022-12-12,1873.07,56169.7,ach_remittance
RPY-0000545,ORG-200053,PTR-001,2022-12-19,2787.16,58956.86,ach_remittance
RPY-0000546,ORG-200053,PTR-001,2022-12-26,1826.81,60783.67,ach_remittance
RPY-0000547,ORG-200053,PTR-001,2023-01-02,1590.35,62374.02,ach_remittance
RPY-0000548,ORG-200053,PTR-001,2023-01-09,1749.73,64123.75,manual_payment
RPY-0000549,ORG-200053,PTR-001,2023-01-16,2007.71,66131.46,ach_remittance
RPY-0000550,ORG-200054,PTR-002,2024-09-13,5116.83,5116.83,ach_remittance
RPY-0000551,ORG-200054,PTR-002,2024-09-20,6054.34,11171.17,ach_remittance
RPY-0000552,ORG-200054,PTR-002,2024-09-27,8435.79,19606.96,ach_remittance
RPY-0000553,ORG-200054,PTR-002,2024-10-04,7722.56,27329.52,ach_remittance
RPY-0000554,ORG-200054,PTR-002,2024-10-11,7538.37,34867.89,ach_remittance
RPY-0000555,ORG-200054,PTR-002,2024-10-18,6701.64,41569.53,ach_remittance
RPY-0000556,ORG-200055,PTR-005,2026-01-24,6135.73,6135.73,ach_remittance
RPY-0000557,ORG-200055,PTR-005,2026-01-31,7441.21,13576.94,ach_remittance
RPY-0000558,ORG-200055,PTR-005,2026-02-07,7331.32,20908.26,ach_remittance
RPY-0000559,ORG-200055,PTR-005,2026-02-14,4474.86,25383.12,ach_remittance
RPY-0000560,ORG-200055,PTR-005,2026-02-21,6297.1,31680.22,ach_remittance
RPY-0000561,ORG-200055,PTR-005,2026-02-28,5128.27,36808.49,ach_remittance
RPY-0000562,ORG-200055,PTR-005,2026-03-07,5286.12,42094.61,ach_remittance
RPY-0000563,ORG-200055,PTR-005,2026-03-14,5542.02,47636.63,ach_remittance
RPY-0000564,ORG-200055,PTR-005,2026-03-21,6219.81,53856.44,ach_remittance
RPY-0000565,ORG-200055,PTR-005,2026-03-28,5873.61,59730.05,ach_remittance
RPY-0000566,ORG-200055,PTR-005,2026-04-04,4268.44,63998.49,ach_remittance
RPY-0000567,ORG-200055,PTR-005,2026-04-11,514.7,64513.19,ach_remittance
RPY-0000568,ORG-200056,PTR-006,2024-09-08,1135.58,1135.58,ach_remittance
RPY-0000569,ORG-200056,PTR-006,2024-09-15,924.87,2060.45,ach_remittance
RPY-0000570,ORG-200056,PTR-006,2024-09-22,556.2,2616.65,ach_remittance
RPY-0000571,ORG-200056,PTR-006,2024-09-29,851.49,3468.14,ach_remittance
RPY-0000572,ORG-200056,PTR-006,2024-10-06,672.88,4141.02,ach_remittance
RPY-0000573,ORG-200057,PTR-002,2022-03-25,2978.68,2978.68,ach_remittance
RPY-0000574,ORG-200057,PTR-002,2022-04-01,3594.58,6573.26,ach_remittance
RPY-0000575,ORG-200057,PTR-002,2022-04-08,4493.56,11066.82,ach_remittance
RPY-0000576,ORG-200057,PTR-002,2022-04-15,5866.89,16933.71,ach_remittance
RPY-0000577,ORG-200057,PTR-002,2022-04-22,4232.0,21165.71,ach_remittance
RPY-0000578,ORG-200057,PTR-002,2022-04-29,2997.26,24162.97,ach_remittance
RPY-0000579,ORG-200057,PTR-002,2022-05-06,4200.36,28363.33,ach_remittance
RPY-0000580,ORG-200057,PTR-002,2022-05-13,3252.82,31616.15,ach_remittance
RPY-0000581,ORG-200057,PTR-002,2022-05-20,5353.38,36969.53,ach_remittance
RPY-0000582,ORG-200057,PTR-002,2022-05-27,5237.04,42206.57,ach_remittance
RPY-0000583,ORG-200057,PTR-002,2022-06-03,5567.68,47774.25,ach_remittance
RPY-0000584,ORG-200058,PTR-004,2024-07-10,1737.97,1737.97,ach_remittance
RPY-0000585,ORG-200058,PTR-004,2024-07-17,1258.01,2995.98,ach_remittance
RPY-0000586,ORG-200058,PTR-004,2024-07-24,2383.67,5379.65,manual_payment
RPY-0000587,ORG-200058,PTR-004,2024-07-31,1434.44,6814.09,ach_remittance
RPY-0000588,ORG-200058,PTR-004,2024-08-07,1908.92,8723.01,ach_remittance
RPY-0000589,ORG-200058,PTR-004,2024-08-14,2717.99,11441.0,ach_remittance
RPY-0000590,ORG-200058,PTR-004,2024-08-21,1752.9,13193.9,ach_remittance
RPY-0000591,ORG-200058,PTR-004,2024-08-28,3327.62,16521.52,ach_remittance
RPY-0000592,ORG-200059,PTR-003,2024-08-29,2606.74,2606.74,ach_remittance
RPY-0000593,ORG-200059,PTR-003,2024-09-05,2366.42,4973.16,ach_remittance
RPY-0000594,ORG-200059,PTR-003,2024-09-12,2543.49,7516.65,ach_remittance
RPY-0000595,ORG-200059,PTR-003,2024-09-19,2114.66,9631.31,ach_remittance
RPY-0000596,ORG-200059,PTR-003,2024-09-26,2758.36,12389.67,ach_remittance
RPY-0000597,ORG-200059,PTR-003,2024-10-03,18.64,12408.31,ach_remittance
RPY-0000598,ORG-200060,PTR-005,2024-11-18,3162.37,3162.37,ach_remittance
RPY-0000599,ORG-200060,PTR-005,2024-11-25,4711.27,7873.64,ach_remittance
RPY-0000600,ORG-200060,PTR-005,2024-12-02,5101.6,12975.24,ach_remittance
RPY-0000601,ORG-200060,PTR-005,2024-12-09,4953.18,17928.42,manual_payment
RPY-0000602,ORG-200061,PTR-003,2024-08-31,4765.75,4765.75,ach_remittance
RPY-0000603,ORG-200061,PTR-003,2024-09-07,5422.62,10188.37,ach_remittance
RPY-0000604,ORG-200061,PTR-003,2024-09-14,3671.99,13860.36,ach_remittance
RPY-0000605,ORG-200061,PTR-003,2024-09-21,3553.14,17413.5,ach_remittance
RPY-0000606,ORG-200061,PTR-003,2024-09-28,5198.08,22611.58,ach_remittance
RPY-0000607,ORG-200061,PTR-003,2024-10-05,4495.17,27106.75,ach_remittance
RPY-0000608,ORG-200061,PTR-003,2024-10-12,4045.16,31151.91,ach_remittance
RPY-0000609,ORG-200061,PTR-003,2024-10-19,222.92,31374.83,ach_remittance
RPY-0000610,ORG-200062,PTR-002,2024-05-25,4244.36,4244.36,ach_remittance
RPY-0000611,ORG-200062,PTR-002,2024-06-01,4364.09,8608.45,ach_remittance
RPY-0000612,ORG-200062,PTR-002,2024-06-08,6276.15,14884.6,ach_remittance
RPY-0000613,ORG-200062,PTR-002,2024-06-15,6635.5,21520.1,ach_remittance
RPY-0000614,ORG-200062,PTR-002,2024-06-22,6450.73,27970.83,ach_remittance
RPY-0000615,ORG-200062,PTR-002,2024-06-29,3257.78,31228.61,ach_remittance
RPY-0000616,ORG-200062,PTR-002,2024-07-06,3620.52,34849.13,manual_payment
RPY-0000617,ORG-200062,PTR-002,2024-07-13,5734.75,40583.88,ach_remittance
RPY-0000618,ORG-200062,PTR-002,2024-07-20,3398.33,43982.21,ach_remittance
RPY-0000619,ORG-200062,PTR-002,2024-07-27,4902.83,48885.04,ach_remittance
RPY-0000620,ORG-200062,PTR-002,2024-08-03,4115.68,53000.72,ach_remittance
RPY-0000621,ORG-200062,PTR-002,2024-08-10,3431.38,56432.1,ach_remittance
RPY-0000622,ORG-200062,PTR-002,2024-08-17,12710.79,69142.89,ach_remittance
RPY-0000623,ORG-200063,PTR-006,2023-09-15,2884.08,2884.08,ach_remittance
RPY-0000624,ORG-200063,PTR-006,2023-09-22,1988.69,4872.77,ach_remittance
RPY-0000625,ORG-200063,PTR-006,2023-09-29,2807.09,7679.86,manual_payment
RPY-0000626,ORG-200063,PTR-006,2023-10-06,2352.58,10032.44,ach_remittance
RPY-0000627,ORG-200063,PTR-006,2023-10-13,2431.56,12464.0,ach_remittance
RPY-0000628,ORG-200063,PTR-006,2023-10-20,3109.02,15573.02,ach_remittance
RPY-0000629,ORG-200063,PTR-006,2023-10-27,2256.87,17829.89,ach_remittance
RPY-0000630,ORG-200063,PTR-006,2023-11-03,2768.57,20598.46,ach_remittance
RPY-0000631,ORG-200063,PTR-006,2023-11-10,3584.85,24183.31,ach_remittance
RPY-0000632,ORG-200064,PTR-006,2024-07-17,2792.28,2792.28,ach_remittance
RPY-0000633,ORG-200064,PTR-006,2024-07-24,1928.56,4720.84,ach_remittance
RPY-0000634,ORG-200064,PTR-006,2024-07-31,2561.9,7282.74,ach_remittance
RPY-0000635,ORG-200064,PTR-006,2024-08-07,1776.51,9059.25,ach_remittance
RPY-0000636,ORG-200064,PTR-006,2024-08-14,2791.75,11851.0,ach_remittance
RPY-0000637,ORG-200064,PTR-006,2024-08-21,2327.99,14178.99,ach_remittance
RPY-0000638,ORG-200064,PTR-006,2024-08-28,2050.71,16229.7,ach_remittance
RPY-0000639,ORG-200064,PTR-006,2024-09-04,1449.24,17678.94,ach_remittance
RPY-0000640,ORG-200064,PTR-006,2024-09-11,3242.0,20920.94,ach_remittance
RPY-0000641,ORG-200064,PTR-006,2024-09-18,3313.0,24233.94,ach_remittance
RPY-0000642,ORG-200064,PTR-006,2024-09-25,1879.58,26113.52,ach_remittance
RPY-0000643,ORG-200064,PTR-006,2024-10-02,1807.47,27920.99,ach_remittance
RPY-0000644,ORG-200064,PTR-006,2024-10-09,2465.62,30386.61,ach_remittance
RPY-0000645,ORG-200064,PTR-006,2024-10-16,2141.03,32527.64,ach_remittance
RPY-0000646,ORG-200064,PTR-006,2024-10-23,2977.44,35505.08,ach_remittance
RPY-0000647,ORG-200065,PTR-003,2022-04-11,5274.65,5274.65,ach_remittance
RPY-0000648,ORG-200065,PTR-003,2022-04-18,9918.83,15193.48,ach_remittance
RPY-0000649,ORG-200065,PTR-003,2022-04-25,6873.99,22067.47,ach_remittance
RPY-0000650,ORG-200065,PTR-003,2022-05-02,6357.59,28425.06,ach_remittance
RPY-0000651,ORG-200065,PTR-003,2022-05-09,9321.88,37746.94,ach_remittance
RPY-0000652,ORG-200065,PTR-003,2022-05-16,8269.48,46016.42,ach_remittance
RPY-0000653,ORG-200065,PTR-003,2022-05-23,5930.53,51946.95,ach_remittance
RPY-0000654,ORG-200065,PTR-003,2022-05-30,10105.76,62052.71,ach_remittance
RPY-0000655,ORG-200065,PTR-003,2022-06-06,7303.87,69356.58,ach_remittance
RPY-0000656,ORG-200065,PTR-003,2022-06-13,4235.81,73592.39,ach_remittance
RPY-0000657,ORG-200066,PTR-002,2022-04-17,7524.53,7524.53,ach_remittance
RPY-0000658,ORG-200066,PTR-002,2022-04-24,4287.59,11812.12,ach_remittance
RPY-0000659,ORG-200067,PTR-001,2022-02-11,5984.52,5984.52,manual_payment
RPY-0000660,ORG-200067,PTR-001,2022-02-18,5415.25,11399.77,ach_remittance
RPY-0000661,ORG-200067,PTR-001,2022-02-25,5391.04,16790.81,ach_remittance
RPY-0000662,ORG-200067,PTR-001,2022-03-04,2968.97,19759.78,manual_payment
RPY-0000663,ORG-200067,PTR-001,2022-03-11,3114.06,22873.84,ach_remittance
RPY-0000664,ORG-200067,PTR-001,2022-03-18,4422.03,27295.87,ach_remittance
RPY-0000665,ORG-200067,PTR-001,2022-03-25,3016.8,30312.67,ach_remittance
RPY-0000666,ORG-200068,PTR-004,2025-08-30,5936.9,5936.9,ach_remittance
RPY-0000667,ORG-200069,PTR-005,2024-12-24,7357.96,7357.96,ach_remittance
RPY-0000668,ORG-200069,PTR-005,2024-12-31,5867.5,13225.46,ach_remittance
RPY-0000669,ORG-200069,PTR-005,2025-01-07,7459.94,20685.4,ach_remittance
RPY-0000670,ORG-200069,PTR-005,2025-01-14,4591.27,25276.67,ach_remittance
RPY-0000671,ORG-200069,PTR-005,2025-01-21,6274.44,31551.11,ach_remittance
RPY-0000672,ORG-200069,PTR-005,2025-01-28,7131.4,38682.51,manual_payment
RPY-0000673,ORG-200069,PTR-005,2025-02-04,4265.03,42947.54,ach_remittance
RPY-0000674,ORG-200069,PTR-005,2025-02-11,1611.79,44559.33,ach_remittance
RPY-0000675,ORG-200070,PTR-004,2025-11-19,2991.34,2991.34,manual_payment
RPY-0000676,ORG-200070,PTR-004,2025-11-26,2059.35,5050.69,ach_remittance
RPY-0000677,ORG-200070,PTR-004,2025-12-03,1891.95,6942.64,ach_remittance
RPY-0000678,ORG-200070,PTR-004,2025-12-10,2957.57,9900.21,ach_remittance
RPY-0000679,ORG-200070,PTR-004,2025-12-17,2643.05,12543.26,manual_payment
RPY-0000680,ORG-200070,PTR-004,2025-12-24,1775.26,14318.52,ach_remittance
RPY-0000681,ORG-200070,PTR-004,2025-12-31,2152.19,16470.71,ach_remittance
RPY-0000682,ORG-200070,PTR-004,2026-01-07,877.18,17347.89,ach_remittance
RPY-0000683,ORG-200071,PTR-004,2025-07-29,4087.22,4087.22,manual_payment
RPY-0000684,ORG-200071,PTR-004,2025-08-05,6229.85,10317.07,ach_remittance
RPY-0000685,ORG-200071,PTR-004,2025-08-12,5561.54,15878.61,ach_remittance
RPY-0000686,ORG-200071,PTR-004,2025-08-19,3081.13,18959.74,ach_remittance
RPY-0000687,ORG-200071,PTR-004,2025-08-26,4809.52,23769.26,ach_remittance
RPY-0000688,ORG-200071,PTR-004,2025-09-02,3140.0,26909.26,manual_payment
RPY-0000689,ORG-200071,PTR-004,2025-09-09,4799.34,31708.6,ach_remittance
RPY-0000690,ORG-200071,PTR-004,2025-09-16,5089.97,36798.57,ach_remittance
RPY-0000691,ORG-200072,PTR-004,2023-09-16,948.96,948.96,ach_remittance
RPY-0000692,ORG-200072,PTR-004,2023-09-23,1086.09,2035.05,ach_remittance
RPY-0000693,ORG-200072,PTR-004,2023-09-30,1149.59,3184.64,ach_remittance
RPY-0000694,ORG-200072,PTR-004,2023-10-07,1521.81,4706.45,ach_remittance
RPY-0000695,ORG-200072,PTR-004,2023-10-14,1413.98,6120.43,ach_remittance
RPY-0000696,ORG-200072,PTR-004,2023-10-21,916.14,7036.57,manual_payment
RPY-0000697,ORG-200072,PTR-004,2023-10-28,1185.35,8221.92,ach_remittance
RPY-0000698,ORG-200072,PTR-004,2023-11-04,1169.0,9390.92,ach_remittance
RPY-0000699,ORG-200072,PTR-004,2023-11-11,1231.42,10622.34,ach_remittance
RPY-0000700,ORG-200072,PTR-004,2023-11-18,1628.0,12250.34,ach_remittance
RPY-0000701,ORG-200072,PTR-004,2023-11-25,1390.93,13641.27,ach_remittance
RPY-0000702,ORG-200072,PTR-004,2023-12-02,1400.05,15041.32,ach_remittance
RPY-0000703,ORG-200072,PTR-004,2023-12-09,1271.55,16312.87,ach_remittance
RPY-0000704,ORG-200072,PTR-004,2023-12-16,1187.99,17500.86,ach_remittance
RPY-0000705,ORG-200072,PTR-004,2023-12-23,1536.27,19037.13,ach_remittance
RPY-0000706,ORG-200072,PTR-004,2023-12-30,1655.17,20692.3,ach_remittance
RPY-0000707,ORG-200073,PTR-002,2026-02-05,2584.07,2584.07,ach_remittance
RPY-0000708,ORG-200073,PTR-002,2026-02-12,3137.17,5721.24,ach_remittance
RPY-0000709,ORG-200073,PTR-002,2026-02-19,3360.74,9081.98,ach_remittance
RPY-0000710,ORG-200073,PTR-002,2026-02-26,2716.37,11798.35,ach_remittance
RPY-0000711,ORG-200073,PTR-002,2026-03-05,2156.96,13955.31,ach_remittance
RPY-0000712,ORG-200073,PTR-002,2026-03-12,3185.88,17141.19,ach_remittance
RPY-0000713,ORG-200073,PTR-002,2026-03-19,1791.56,18932.75,ach_remittance
RPY-0000714,ORG-200073,PTR-002,2026-03-26,2672.74,21605.49,ach_remittance
RPY-0000715,ORG-200073,PTR-002,2026-04-02,2732.26,24337.75,ach_remittance
RPY-0000716,ORG-200073,PTR-002,2026-04-09,2841.12,27178.87,ach_remittance
RPY-0000717,ORG-200074,PTR-005,2025-06-15,3339.83,3339.83,ach_remittance
RPY-0000718,ORG-200074,PTR-005,2025-06-22,3515.8,6855.63,ach_remittance
RPY-0000719,ORG-200074,PTR-005,2025-06-29,2761.89,9617.52,manual_payment
RPY-0000720,ORG-200074,PTR-005,2025-07-06,2360.13,11977.65,ach_remittance
RPY-0000721,ORG-200074,PTR-005,2025-07-13,2968.59,14946.24,ach_remittance
RPY-0000722,ORG-200074,PTR-005,2025-07-20,3100.63,18046.87,ach_remittance
RPY-0000723,ORG-200074,PTR-005,2025-07-27,2669.89,20716.76,ach_remittance
RPY-0000724,ORG-200074,PTR-005,2025-08-03,2680.08,23396.84,ach_remittance
RPY-0000725,ORG-200075,PTR-005,2024-07-28,4386.82,4386.82,manual_payment
RPY-0000726,ORG-200075,PTR-005,2024-08-04,5879.42,10266.24,ach_remittance
RPY-0000727,ORG-200075,PTR-005,2024-08-11,3263.95,13530.19,manual_payment
RPY-0000728,ORG-200075,PTR-005,2024-08-18,5834.62,19364.81,manual_payment
RPY-0000729,ORG-200075,PTR-005,2024-08-25,4365.96,23730.77,ach_remittance
RPY-0000730,ORG-200075,PTR-005,2024-09-01,6191.19,29921.96,ach_remittance
RPY-0000731,ORG-200075,PTR-005,2024-09-08,5953.29,35875.25,ach_remittance
RPY-0000732,ORG-200075,PTR-005,2024-09-15,4066.61,39941.86,ach_remittance
RPY-0000733,ORG-200076,PTR-003,2024-06-05,1588.51,1588.51,ach_remittance
RPY-0000734,ORG-200076,PTR-003,2024-06-12,2590.61,4179.12,manual_payment
RPY-0000735,ORG-200076,PTR-003,2024-06-19,1415.61,5594.73,ach_remittance
RPY-0000736,ORG-200076,PTR-003,2024-06-26,1557.23,7151.96,ach_remittance
RPY-0000737,ORG-200076,PTR-003,2024-07-03,2006.95,9158.91,ach_remittance
RPY-0000738,ORG-200076,PTR-003,2024-07-10,2680.2,11839.11,ach_remittance
RPY-0000739,ORG-200076,PTR-003,2024-07-17,2308.7,14147.81,ach_remittance
RPY-0000740,ORG-200076,PTR-003,2024-07-24,2262.49,16410.3,ach_remittance
RPY-0000741,ORG-200076,PTR-003,2024-07-31,1824.75,18235.05,ach_remittance
RPY-0000742,ORG-200076,PTR-003,2024-08-07,2539.95,20775.0,ach_remittance
RPY-0000743,ORG-200077,PTR-006,2024-11-19,5206.99,5206.99,ach_remittance
RPY-0000744,ORG-200077,PTR-006,2024-11-26,4860.58,10067.57,ach_remittance
RPY-0000745,ORG-200077,PTR-006,2024-12-03,6560.43,16628.0,ach_remittance
RPY-0000746,ORG-200077,PTR-006,2024-12-10,3628.66,20256.66,ach_remittance
RPY-0000747,ORG-200077,PTR-006,2024-12-17,4083.01,24339.67,ach_remittance
RPY-0000748,ORG-200077,PTR-006,2024-12-24,5138.15,29477.82,ach_remittance
RPY-0000749,ORG-200078,PTR-005,2024-05-08,8335.2,8335.2,ach_remittance
RPY-0000750,ORG-200078,PTR-005,2024-05-15,14047.62,22382.82,ach_remittance
RPY-0000751,ORG-200078,PTR-005,2024-05-22,7112.45,29495.27,ach_remittance
RPY-0000752,ORG-200078,PTR-005,2024-05-29,9438.53,38933.8,ach_remittance
RPY-0000753,ORG-200078,PTR-005,2024-06-05,11955.48,50889.28,ach_remittance
RPY-0000754,ORG-200078,PTR-005,2024-06-12,11316.32,62205.6,ach_remittance
RPY-0000755,ORG-200078,PTR-005,2024-06-19,12019.67,74225.27,ach_remittance
RPY-0000756,ORG-200078,PTR-005,2024-06-26,11750.62,85975.89,ach_remittance
RPY-0000757,ORG-200078,PTR-005,2024-07-03,11740.96,97716.85,ach_remittance
RPY-0000758,ORG-200078,PTR-005,2024-07-10,15872.25,113589.1,ach_remittance
RPY-0000759,ORG-200079,PTR-004,2022-07-05,1711.27,1711.27,ach_remittance
RPY-0000760,ORG-200079,PTR-004,2022-07-12,1750.6,3461.87,ach_remittance
RPY-0000761,ORG-200079,PTR-004,2022-07-19,1234.55,4696.42,ach_remittance
RPY-0000762,ORG-200079,PTR-004,2022-07-26,1551.02,6247.44,ach_remittance
RPY-0000763,ORG-200079,PTR-004,2022-08-02,997.43,7244.87,ach_remittance
RPY-0000764,ORG-200079,PTR-004,2022-08-09,1073.38,8318.25,manual_payment
RPY-0000765,ORG-200079,PTR-004,2022-08-16,1496.42,9814.67,ach_remittance
RPY-0000766,ORG-200080,PTR-003,2023-07-29,3334.91,3334.91,ach_remittance
RPY-0000767,ORG-200080,PTR-003,2023-08-05,3015.71,6350.62,ach_remittance
RPY-0000768,ORG-200080,PTR-003,2023-08-12,3119.05,9469.67,ach_remittance
RPY-0000769,ORG-200080,PTR-003,2023-08-19,2557.72,12027.39,ach_remittance
RPY-0000770,ORG-200080,PTR-003,2023-08-26,2102.21,14129.6,ach_remittance
RPY-0000771,ORG-200080,PTR-003,2023-09-02,2480.41,16610.01,ach_remittance
RPY-0000772,ORG-200080,PTR-003,2023-09-09,3363.9,19973.91,manual_payment
RPY-0000773,ORG-200080,PTR-003,2023-09-16,2611.7,22585.61,ach_remittance
RPY-0000774,ORG-200080,PTR-003,2023-09-23,3479.89,26065.5,ach_remittance
RPY-0000775,ORG-200080,PTR-003,2023-09-30,3508.61,29574.11,ach_remittance
RPY-0000776,ORG-200080,PTR-003,2023-10-07,1552.79,31126.9,ach_remittance
RPY-0000777,ORG-200080,PTR-003,2023-10-14,2406.3,33533.2,ach_remittance
RPY-0000778,ORG-200081,PTR-004,2022-10-02,7415.04,7415.04,ach_remittance
RPY-0000779,ORG-200081,PTR-004,2022-10-09,5412.84,12827.88,manual_payment
RPY-0000780,ORG-200081,PTR-004,2022-10-16,10399.05,23226.93,ach_remittance
RPY-0000781,ORG-200081,PTR-004,2022-10-23,5926.92,29153.85,ach_remittance
RPY-0000782,ORG-200081,PTR-004,2022-10-30,8076.36,37230.21,manual_payment
RPY-0000783,ORG-200081,PTR-004,2022-11-06,13616.28,50846.49,ach_remittance
RPY-0000784,ORG-200082,PTR-002,2025-08-28,2392.79,2392.79,ach_remittance
RPY-0000785,ORG-200082,PTR-002,2025-09-04,2231.01,4623.8,ach_remittance
RPY-0000786,ORG-200082,PTR-002,2025-09-11,3295.46,7919.26,manual_payment
RPY-0000787,ORG-200082,PTR-002,2025-09-18,2781.11,10700.37,ach_remittance
RPY-0000788,ORG-200082,PTR-002,2025-09-25,2212.98,12913.35,ach_remittance
RPY-0000789,ORG-200082,PTR-002,2025-10-02,1721.27,14634.62,ach_remittance
RPY-0000790,ORG-200082,PTR-002,2025-10-09,3552.56,18187.18,ach_remittance
RPY-0000791,ORG-200082,PTR-002,2025-10-16,4482.33,22669.51,ach_remittance
RPY-0000792,ORG-200083,PTR-002,2026-03-30,2180.24,2180.24,manual_payment
RPY-0000793,ORG-200083,PTR-002,2026-04-06,2006.31,4186.55,ach_remittance
RPY-0000794,ORG-200083,PTR-002,2026-04-13,1396.49,5583.04,ach_remittance
RPY-0000795,ORG-200083,PTR-002,2026-04-20,1471.26,7054.3,ach_remittance
RPY-0000796,ORG-200083,PTR-002,2026-04-27,2551.1,9605.4,ach_remittance
RPY-0000797,ORG-200083,PTR-002,2026-05-04,1821.6,11427.0,ach_remittance
RPY-0000798,ORG-200083,PTR-002,2026-05-11,2515.5,13942.5,ach_remittance
RPY-0000799,ORG-200083,PTR-002,2026-05-18,1334.49,15276.99,ach_remittance
RPY-0000800,ORG-200084,PTR-006,2023-08-14,13572.58,13572.58,ach_remittance
RPY-0000801,ORG-200084,PTR-006,2023-08-21,8932.76,22505.34,ach_remittance
RPY-0000802,ORG-200084,PTR-006,2023-08-28,9347.35,31852.69,ach_remittance
RPY-0000803,ORG-200085,PTR-006,2024-12-24,2933.07,2933.07,ach_remittance
RPY-0000804,ORG-200085,PTR-006,2024-12-31,3001.02,5934.09,ach_remittance
RPY-0000805,ORG-200085,PTR-006,2025-01-07,3090.84,9024.93,ach_remittance
RPY-0000806,ORG-200085,PTR-006,2025-01-14,2435.93,11460.86,ach_remittance
RPY-0000807,ORG-200085,PTR-006,2025-01-21,4586.29,16047.15,manual_payment
RPY-0000808,ORG-200085,PTR-006,2025-01-28,3530.37,19577.52,manual_payment
RPY-0000809,ORG-200085,PTR-006,2025-02-04,2549.37,22126.89,ach_remittance
RPY-0000810,ORG-200085,PTR-006,2025-02-11,4271.08,26397.97,ach_remittance
RPY-0000811,ORG-200086,PTR-004,2022-11-22,5878.34,5878.34,ach_remittance
RPY-0000812,ORG-200086,PTR-004,2022-11-29,6076.91,11955.25,manual_payment
RPY-0000813,ORG-200086,PTR-004,2022-12-06,6151.73,18106.98,ach_remittance
RPY-0000814,ORG-200086,PTR-004,2022-12-13,6779.32,24886.3,manual_payment
RPY-0000815,ORG-200086,PTR-004,2022-12-20,3550.94,28437.24,ach_remittance
RPY-0000816,ORG-200086,PTR-004,2022-12-27,5110.06,33547.3,ach_remittance
RPY-0000817,ORG-200086,PTR-004,2023-01-03,3609.13,37156.43,ach_remittance
RPY-0000818,ORG-200087,PTR-006,2023-06-22,1144.63,1144.63,ach_remittance
RPY-0000819,ORG-200087,PTR-006,2023-06-29,1223.34,2367.97,ach_remittance
RPY-0000820,ORG-200087,PTR-006,2023-07-06,582.63,2950.6,ach_remittance
RPY-0000821,ORG-200087,PTR-006,2023-07-13,764.01,3714.61,manual_payment
RPY-0000822,ORG-200087,PTR-006,2023-07-20,1093.2,4807.81,ach_remittance
RPY-0000823,ORG-200087,PTR-006,2023-07-27,618.3,5426.11,ach_remittance
RPY-0000824,ORG-200087,PTR-006,2023-08-03,829.9,6256.01,ach_remittance
RPY-0000825,ORG-200087,PTR-006,2023-08-10,1219.74,7475.75,ach_remittance
RPY-0000826,ORG-200088,PTR-003,2023-05-23,4821.28,4821.28,ach_remittance
RPY-0000827,ORG-200088,PTR-003,2023-05-30,4937.08,9758.36,manual_payment
RPY-0000828,ORG-200088,PTR-003,2023-06-06,4483.22,14241.58,ach_remittance
RPY-0000829,ORG-200088,PTR-003,2023-06-13,4057.7,18299.28,ach_remittance
RPY-0000830,ORG-200088,PTR-003,2023-06-20,2881.59,21180.87,ach_remittance
RPY-0000831,ORG-200088,PTR-003,2023-06-27,3088.48,24269.35,ach_remittance
RPY-0000832,ORG-200088,PTR-003,2023-07-04,3814.75,28084.1,ach_remittance
RPY-0000833,ORG-200088,PTR-003,2023-07-11,781.91,28866.01,ach_remittance
RPY-0000834,ORG-200089,PTR-001,2022-07-03,5531.23,5531.23,ach_remittance
RPY-0000835,ORG-200089,PTR-001,2022-07-10,6131.89,11663.12,ach_remittance
RPY-0000836,ORG-200089,PTR-001,2022-07-17,7062.91,18726.03,ach_remittance
RPY-0000837,ORG-200089,PTR-001,2022-07-24,7234.17,25960.2,ach_remittance
RPY-0000838,ORG-200089,PTR-001,2022-07-31,5500.69,31460.89,ach_remittance
RPY-0000839,ORG-200089,PTR-001,2022-08-07,8788.34,40249.23,ach_remittance
RPY-0000840,ORG-200089,PTR-001,2022-08-14,4400.79,44650.02,ach_remittance
RPY-0000841,ORG-200089,PTR-001,2022-08-21,5719.31,50369.33,ach_remittance
RPY-0000842,ORG-200089,PTR-001,2022-08-28,9248.52,59617.85,ach_remittance
RPY-0000843,ORG-200089,PTR-001,2022-09-04,9896.76,69514.61,manual_payment
RPY-0000844,ORG-200089,PTR-001,2022-09-11,8188.03,77702.64,ach_remittance
RPY-0000845,ORG-200089,PTR-001,2022-09-18,8594.79,86297.43,ach_remittance
RPY-0000846,ORG-200089,PTR-001,2022-09-25,7446.26,93743.69,ach_remittance
RPY-0000847,ORG-200089,PTR-001,2022-10-02,7226.42,100970.11,manual_payment
RPY-0000848,ORG-200089,PTR-001,2022-10-09,10164.22,111134.33,ach_remittance
RPY-0000849,ORG-200089,PTR-001,2022-10-16,5230.4,116364.73,manual_payment
RPY-0000850,ORG-200090,PTR-002,2025-05-04,8331.87,8331.87,ach_remittance
RPY-0000851,ORG-200090,PTR-002,2025-05-11,4913.87,13245.74,ach_remittance
RPY-0000852,ORG-200090,PTR-002,2025-05-18,7537.66,20783.4,ach_remittance
RPY-0000853,ORG-200090,PTR-002,2025-05-25,7219.48,28002.88,ach_remittance
RPY-0000854,ORG-200090,PTR-002,2025-06-01,4967.16,32970.04,manual_payment
RPY-0000855,ORG-200090,PTR-002,2025-06-08,4630.61,37600.65,ach_remittance
RPY-0000856,ORG-200090,PTR-002,2025-06-15,6487.28,44087.93,ach_remittance
RPY-0000857,ORG-200090,PTR-002,2025-06-22,4444.27,48532.2,ach_remittance
RPY-0000858,ORG-200090,PTR-002,2025-06-29,5621.17,54153.37,ach_remittance
RPY-0000859,ORG-200090,PTR-002,2025-07-06,6602.22,60755.59,ach_remittance
RPY-0000860,ORG-200091,PTR-002,2023-11-10,6067.89,6067.89,ach_remittance
RPY-0000861,ORG-200091,PTR-002,2023-11-17,2821.2,8889.09,ach_remittance
RPY-0000862,ORG-200091,PTR-002,2023-11-24,5544.19,14433.28,ach_remittance
RPY-0000863,ORG-200091,PTR-002,2023-12-01,6010.32,20443.6,ach_remittance
RPY-0000864,ORG-200091,PTR-002,2023-12-08,4611.49,25055.09,ach_remittance
RPY-0000865,ORG-200091,PTR-002,2023-12-15,2982.83,28037.92,ach_remittance
RPY-0000866,ORG-200091,PTR-002,2023-12-22,5451.39,33489.31,ach_remittance
RPY-0000867,ORG-200091,PTR-002,2023-12-29,2866.11,36355.42,ach_remittance
RPY-0000868,ORG-200091,PTR-002,2024-01-05,3433.27,39788.69,ach_remittance
RPY-0000869,ORG-200091,PTR-002,2024-01-12,4062.85,43851.54,ach_remittance
RPY-0000870,ORG-200091,PTR-002,2024-01-19,4701.47,48553.01,ach_remittance
RPY-0000871,ORG-200092,PTR-001,2022-09-15,315.03,315.03,ach_remittance
RPY-0000872,ORG-200092,PTR-001,2022-09-22,539.36,854.39,ach_remittance
RPY-0000873,ORG-200092,PTR-001,2022-09-29,267.5,1121.89,ach_remittance
RPY-0000874,ORG-200092,PTR-001,2022-10-06,316.68,1438.57,ach_remittance
RPY-0000875,ORG-200092,PTR-001,2022-10-13,321.61,1760.18,ach_remittance
RPY-0000876,ORG-200092,PTR-001,2022-10-20,560.55,2320.73,manual_payment
RPY-0000877,ORG-200092,PTR-001,2022-10-27,469.86,2790.59,ach_remittance
RPY-0000878,ORG-200092,PTR-001,2022-11-03,358.65,3149.24,ach_remittance
RPY-0000879,ORG-200092,PTR-001,2022-11-10,711.46,3860.7,ach_remittance
RPY-0000880,ORG-200093,PTR-001,2026-05-28,7777.43,7777.43,ach_remittance
RPY-0000881,ORG-200093,PTR-001,2026-06-04,6681.56,14458.99,ach_remittance
RPY-0000882,ORG-200093,PTR-001,2026-06-11,5182.3,19641.29,manual_payment
RPY-0000883,ORG-200093,PTR-001,2026-06-18,6841.36,26482.65,manual_payment
RPY-0000884,ORG-200093,PTR-001,2026-06-25,7925.99,34408.64,ach_remittance
RPY-0000885,ORG-200093,PTR-001,2026-07-02,7915.66,42324.3,ach_remittance
RPY-0000886,ORG-200093,PTR-001,2026-07-09,2112.76,44437.06,ach_remittance
RPY-0000887,ORG-200094,PTR-005,2024-03-13,1934.96,1934.96,ach_remittance
RPY-0000888,ORG-200094,PTR-005,2024-03-20,1628.44,3563.4,ach_remittance
RPY-0000889,ORG-200094,PTR-005,2024-03-27,1755.93,5319.33,ach_remittance
RPY-0000890,ORG-200094,PTR-005,2024-04-03,943.94,6263.27,ach_remittance
RPY-0000891,ORG-200094,PTR-005,2024-04-10,2059.09,8322.36,ach_remittance
RPY-0000892,ORG-200094,PTR-005,2024-04-17,1592.77,9915.13,ach_remittance
RPY-0000893,ORG-200094,PTR-005,2024-04-24,2108.15,12023.28,ach_remittance
RPY-0000894,ORG-200094,PTR-005,2024-05-01,1506.79,13530.07,ach_remittance
RPY-0000895,ORG-200094,PTR-005,2024-05-08,1504.62,15034.69,manual_payment
RPY-0000896,ORG-200094,PTR-005,2024-05-15,1191.9,16226.59,ach_remittance
RPY-0000897,ORG-200094,PTR-005,2024-05-22,451.79,16678.38,ach_remittance
RPY-0000898,ORG-200095,PTR-001,2022-08-23,1048.77,1048.77,ach_remittance
RPY-0000899,ORG-200095,PTR-001,2022-08-30,1037.34,2086.11,ach_remittance
RPY-0000900,ORG-200095,PTR-001,2022-09-06,521.78,2607.89,ach_remittance
RPY-0000901,ORG-200095,PTR-001,2022-09-13,543.5,3151.39,ach_remittance
RPY-0000902,ORG-200095,PTR-001,2022-09-20,1041.49,4192.88,ach_remittance
RPY-0000903,ORG-200095,PTR-001,2022-09-27,1048.83,5241.71,ach_remittance
RPY-0000904,ORG-200095,PTR-001,2022-10-04,566.64,5808.35,ach_remittance
RPY-0000905,ORG-200095,PTR-001,2022-10-11,322.79,6131.14,ach_remittance
RPY-0000906,ORG-200096,PTR-005,2024-03-19,4325.71,4325.71,ach_remittance
RPY-0000907,ORG-200096,PTR-005,2024-03-26,3507.29,7833.0,ach_remittance
RPY-0000908,ORG-200096,PTR-005,2024-04-02,4469.84,12302.84,ach_remittance
RPY-0000909,ORG-200096,PTR-005,2024-04-09,2804.31,15107.15,ach_remittance
RPY-0000910,ORG-200096,PTR-005,2024-04-16,3549.82,18656.97,manual_payment
RPY-0000911,ORG-200096,PTR-005,2024-04-23,3601.17,22258.14,ach_remittance
RPY-0000912,ORG-200096,PTR-005,2024-04-30,4551.29,26809.43,ach_remittance
RPY-0000913,ORG-200096,PTR-005,2024-05-07,6023.73,32833.16,ach_remittance
RPY-0000914,ORG-200097,PTR-006,2024-06-23,2047.6,2047.6,ach_remittance
RPY-0000915,ORG-200097,PTR-006,2024-06-30,1413.93,3461.53,ach_remittance
RPY-0000916,ORG-200097,PTR-006,2024-07-07,1066.58,4528.11,ach_remittance
RPY-0000917,ORG-200097,PTR-006,2024-07-14,2021.91,6550.02,ach_remittance
RPY-0000918,ORG-200097,PTR-006,2024-07-21,1800.33,8350.35,ach_remittance
RPY-0000919,ORG-200097,PTR-006,2024-07-28,1031.86,9382.21,ach_remittance
RPY-0000920,ORG-200097,PTR-006,2024-08-04,1308.95,10691.16,ach_remittance
RPY-0000921,ORG-200097,PTR-006,2024-08-11,2131.67,12822.83,manual_payment
RPY-0000922,ORG-200097,PTR-006,2024-08-18,1152.61,13975.44,ach_remittance
RPY-0000923,ORG-200097,PTR-006,2024-08-25,1856.48,15831.92,ach_remittance
RPY-0000924,ORG-200097,PTR-006,2024-09-01,2064.6,17896.52,manual_payment
RPY-0000925,ORG-200097,PTR-006,2024-09-08,1683.66,19580.18,ach_remittance
RPY-0000926,ORG-200097,PTR-006,2024-09-15,776.13,20356.31,ach_remittance
RPY-0000927,ORG-200098,PTR-001,2026-02-10,3469.22,3469.22,manual_payment
RPY-0000928,ORG-200098,PTR-001,2026-02-17,3785.55,7254.77,ach_remittance
RPY-0000929,ORG-200098,PTR-001,2026-02-24,4110.3,11365.07,manual_payment
RPY-0000930,ORG-200098,PTR-001,2026-03-03,2496.81,13861.88,manual_payment
RPY-0000931,ORG-200098,PTR-001,2026-03-10,5213.1,19074.98,ach_remittance
RPY-0000932,ORG-200098,PTR-001,2026-03-17,5766.69,24841.67,ach_remittance
RPY-0000933,ORG-200099,PTR-001,2022-07-13,1573.42,1573.42,ach_remittance
RPY-0000934,ORG-200099,PTR-001,2022-07-20,1314.55,2887.97,manual_payment
RPY-0000935,ORG-200099,PTR-001,2022-07-27,1669.87,4557.84,ach_remittance
RPY-0000936,ORG-200099,PTR-001,2022-08-03,2227.56,6785.4,ach_remittance
RPY-0000937,ORG-200099,PTR-001,2022-08-10,1264.79,8050.19,ach_remittance
RPY-0000938,ORG-200099,PTR-001,2022-08-17,2476.5,10526.69,manual_payment
RPY-0000939,ORG-200100,PTR-006,2024-09-06,4149.65,4149.65,ach_remittance
RPY-0000940,ORG-200100,PTR-006,2024-09-13,6345.79,10495.44,manual_payment
RPY-0000941,ORG-200100,PTR-006,2024-09-20,5227.24,15722.68,ach_remittance
RPY-0000942,ORG-200100,PTR-006,2024-09-27,5228.29,20950.97,ach_remittance
RPY-0000943,ORG-200100,PTR-006,2024-10-04,3550.64,24501.61,ach_remittance
RPY-0000944,ORG-200100,PTR-006,2024-10-11,4743.85,29245.46,ach_remittance
RPY-0000945,ORG-200100,PTR-006,2024-10-18,3628.65,32874.11,ach_remittance
RPY-0000946,ORG-200100,PTR-006,2024-10-25,3729.78,36603.89,manual_payment
RPY-0000947,ORG-200100,PTR-006,2024-11-01,3277.34,39881.23,ach_remittance
RPY-0000948,ORG-200100,PTR-006,2024-11-08,3766.15,43647.38,ach_remittance
RPY-0000949,ORG-200100,PTR-006,2024-11-15,10752.79,54400.17,ach_remittance
RPY-0000950,ORG-200101,PTR-005,2022-02-02,5880.03,5880.03,ach_remittance
RPY-0000951,ORG-200101,PTR-005,2022-02-09,5380.45,11260.48,ach_remittance
RPY-0000952,ORG-200101,PTR-005,2022-02-16,6182.09,17442.57,ach_remittance
RPY-0000953,ORG-200101,PTR-005,2022-02-23,7807.24,25249.81,ach_remittance
RPY-0000954,ORG-200101,PTR-005,2022-03-02,6065.42,31315.23,ach_remittance
RPY-0000955,ORG-200101,PTR-005,2022-03-09,4787.4,36102.63,ach_remittance
RPY-0000956,ORG-200101,PTR-005,2022-03-16,5054.36,41156.99,ach_remittance
RPY-0000957,ORG-200101,PTR-005,2022-03-23,5235.37,46392.36,ach_remittance
RPY-0000958,ORG-200101,PTR-005,2022-03-30,6279.26,52671.62,manual_payment
RPY-0000959,ORG-200101,PTR-005,2022-04-06,4738.06,57409.68,ach_remittance
RPY-0000960,ORG-200101,PTR-005,2022-04-13,6277.84,63687.52,ach_remittance
RPY-0000961,ORG-200101,PTR-005,2022-04-20,3644.67,67332.19,ach_remittance
RPY-0000962,ORG-200101,PTR-005,2022-04-27,7753.0,75085.19,ach_remittance
RPY-0000963,ORG-200102,PTR-002,2023-04-19,7173.71,7173.71,ach_remittance
RPY-0000964,ORG-200102,PTR-002,2023-04-26,6129.37,13303.08,ach_remittance
RPY-0000965,ORG-200102,PTR-002,2023-05-03,8390.93,21694.01,ach_remittance
RPY-0000966,ORG-200102,PTR-002,2023-05-10,5780.47,27474.48,ach_remittance
RPY-0000967,ORG-200102,PTR-002,2023-05-17,8964.47,36438.95,ach_remittance
RPY-0000968,ORG-200102,PTR-002,2023-05-24,9723.52,46162.47,ach_remittance
RPY-0000969,ORG-200102,PTR-002,2023-05-31,7607.57,53770.04,ach_remittance
RPY-0000970,ORG-200102,PTR-002,2023-06-07,6380.12,60150.16,ach_remittance
RPY-0000971,ORG-200102,PTR-002,2023-06-14,7491.69,67641.85,ach_remittance
RPY-0000972,ORG-200103,PTR-005,2023-07-23,1676.68,1676.68,ach_remittance
RPY-0000973,ORG-200103,PTR-005,2023-07-30,2092.19,3768.87,ach_remittance
RPY-0000974,ORG-200103,PTR-005,2023-08-06,1810.94,5579.81,ach_remittance
RPY-0000975,ORG-200103,PTR-005,2023-08-13,2500.56,8080.37,ach_remittance
RPY-0000976,ORG-200103,PTR-005,2023-08-20,1902.38,9982.75,ach_remittance
RPY-0000977,ORG-200103,PTR-005,2023-08-27,981.27,10964.02,ach_remittance
RPY-0000978,ORG-200104,PTR-003,2024-04-25,450.67,450.67,ach_remittance
RPY-0000979,ORG-200104,PTR-003,2024-05-02,321.27,771.94,ach_remittance
RPY-0000980,ORG-200104,PTR-003,2024-05-09,242.3,1014.24,ach_remittance
RPY-0000981,ORG-200104,PTR-003,2024-05-16,255.57,1269.81,ach_remittance
RPY-0000982,ORG-200104,PTR-003,2024-05-23,444.34,1714.15,ach_remittance
RPY-0000983,ORG-200104,PTR-003,2024-05-30,383.02,2097.17,ach_remittance
RPY-0000984,ORG-200104,PTR-003,2024-06-06,431.87,2529.04,ach_remittance
RPY-0000985,ORG-200104,PTR-003,2024-06-13,317.31,2846.35,ach_remittance
RPY-0000986,ORG-200104,PTR-003,2024-06-20,276.14,3122.49,ach_remittance
RPY-0000987,ORG-200104,PTR-003,2024-06-27,360.51,3483.0,ach_remittance
RPY-0000988,ORG-200104,PTR-003,2024-07-04,198.77,3681.77,ach_remittance
RPY-0000989,ORG-200104,PTR-003,2024-07-11,450.5,4132.27,ach_remittance
RPY-0000990,ORG-200104,PTR-003,2024-07-18,344.2,4476.47,ach_remittance
RPY-0000991,ORG-200104,PTR-003,2024-07-25,271.03,4747.5,ach_remittance
RPY-0000992,ORG-200104,PTR-003,2024-08-01,323.28,5070.78,ach_remittance
RPY-0000993,ORG-200104,PTR-003,2024-08-08,269.41,5340.19,ach_remittance
RPY-0000994,ORG-200104,PTR-003,2024-08-15,269.51,5609.7,ach_remittance
RPY-0000995,ORG-200104,PTR-003,2024-08-22,446.75,6056.45,ach_remittance
RPY-0000996,ORG-200104,PTR-003,2024-08-29,246.28,6302.73,ach_remittance
RPY-0000997,ORG-200104,PTR-003,2024-09-05,259.91,6562.64,manual_payment
RPY-0000998,ORG-200104,PTR-003,2024-09-12,421.85,6984.49,ach_remittance
RPY-0000999,ORG-200104,PTR-003,2024-09-19,233.05,7217.54,ach_remittance
RPY-0001000,ORG-200105,PTR-003,2023-01-31,8423.32,8423.32,ach_remittance
RPY-0001001,ORG-200105,PTR-003,2023-02-07,7188.35,15611.67,ach_remittance
RPY-0001002,ORG-200105,PTR-003,2023-02-14,6500.8,22112.47,ach_remittance
RPY-0001003,ORG-200105,PTR-003,2023-02-21,5395.28,27507.75,ach_remittance
RPY-0001004,ORG-200105,PTR-003,2023-02-28,7672.25,35180.0,ach_remittance
RPY-0001005,ORG-200105,PTR-003,2023-03-07,7159.3,42339.3,ach_remittance
RPY-0001006,ORG-200105,PTR-003,2023-03-14,8975.26,51314.56,ach_remittance
RPY-0001007,ORG-200106,PTR-005,2024-08-14,5489.07,5489.07,ach_remittance
RPY-0001008,ORG-200106,PTR-005,2024-08-21,5753.63,11242.7,manual_payment
RPY-0001009,ORG-200106,PTR-005,2024-08-28,5567.29,16809.99,ach_remittance
RPY-0001010,ORG-200106,PTR-005,2024-09-04,5492.82,22302.81,ach_remittance
RPY-0001011,ORG-200106,PTR-005,2024-09-11,3560.09,25862.9,manual_payment
RPY-0001012,ORG-200106,PTR-005,2024-09-18,5447.8,31310.7,ach_remittance
RPY-0001013,ORG-200106,PTR-005,2024-09-25,3227.09,34537.79,ach_remittance
RPY-0001014,ORG-200106,PTR-005,2024-10-02,4480.53,39018.32,ach_remittance
RPY-0001015,ORG-200106,PTR-005,2024-10-09,4100.76,43119.08,ach_remittance
RPY-0001016,ORG-200106,PTR-005,2024-10-16,3574.2,46693.28,ach_remittance
RPY-0001017,ORG-200107,PTR-004,2026-04-20,3419.82,3419.82,ach_remittance
RPY-0001018,ORG-200108,PTR-004,2024-12-30,8919.84,8919.84,ach_remittance
RPY-0001019,ORG-200108,PTR-004,2025-01-06,9352.9,18272.74,ach_remittance
RPY-0001020,ORG-200108,PTR-004,2025-01-13,5694.78,23967.52,ach_remittance
RPY-0001021,ORG-200108,PTR-004,2025-01-20,8673.53,32641.05,ach_remittance
RPY-0001022,ORG-200108,PTR-004,2025-01-27,10197.26,42838.31,ach_remittance
RPY-0001023,ORG-200108,PTR-004,2025-02-03,6743.74,49582.05,ach_remittance
RPY-0001024,ORG-200108,PTR-004,2025-02-10,8723.41,58305.46,ach_remittance
RPY-0001025,ORG-200108,PTR-004,2025-02-17,10612.78,68918.24,ach_remittance
RPY-0001026,ORG-200108,PTR-004,2025-02-24,7080.05,75998.29,ach_remittance
RPY-0001027,ORG-200108,PTR-004,2025-03-03,7187.07,83185.36,ach_remittance
RPY-0001028,ORG-200108,PTR-004,2025-03-10,11002.25,94187.61,ach_remittance
RPY-0001029,ORG-200108,PTR-004,2025-03-17,7473.07,101660.68,ach_remittance
RPY-0001030,ORG-200108,PTR-004,2025-03-24,9570.89,111231.57,ach_remittance
RPY-0001031,ORG-200108,PTR-004,2025-03-31,9615.64,120847.21,ach_remittance
RPY-0001032,ORG-200108,PTR-004,2025-04-07,637.98,121485.19,ach_remittance
RPY-0001033,ORG-200109,PTR-003,2022-04-16,7370.85,7370.85,ach_remittance
RPY-0001034,ORG-200109,PTR-003,2022-04-23,7984.79,15355.64,ach_remittance
RPY-0001035,ORG-200109,PTR-003,2022-04-30,9424.69,24780.33,ach_remittance
RPY-0001036,ORG-200109,PTR-003,2022-05-07,6854.76,31635.09,ach_remittance
RPY-0001037,ORG-200109,PTR-003,2022-05-14,9211.38,40846.47,ach_remittance
RPY-0001038,ORG-200109,PTR-003,2022-05-21,8064.11,48910.58,ach_remittance
RPY-0001039,ORG-200110,PTR-002,2023-02-25,5425.95,5425.95,ach_remittance
RPY-0001040,ORG-200110,PTR-002,2023-03-04,9895.95,15321.9,ach_remittance
RPY-0001041,ORG-200110,PTR-002,2023-03-11,7334.93,22656.83,ach_remittance
RPY-0001042,ORG-200110,PTR-002,2023-03-18,4546.09,27202.92,manual_payment
RPY-0001043,ORG-200110,PTR-002,2023-03-25,5128.29,32331.21,ach_remittance
RPY-0001044,ORG-200110,PTR-002,2023-04-01,12369.82,44701.03,ach_remittance
RPY-0001045,ORG-200111,PTR-001,2023-08-26,5845.54,5845.54,ach_remittance
RPY-0001046,ORG-200111,PTR-001,2023-09-02,7959.34,13804.88,ach_remittance
RPY-0001047,ORG-200111,PTR-001,2023-09-09,3776.12,17581.0,ach_remittance
RPY-0001048,ORG-200111,PTR-001,2023-09-16,6945.08,24526.08,ach_remittance
RPY-0001049,ORG-200111,PTR-001,2023-09-23,8174.48,32700.56,ach_remittance
RPY-0001050,ORG-200111,PTR-001,2023-09-30,4579.81,37280.37,ach_remittance
RPY-0001051,ORG-200112,PTR-006,2025-08-28,2951.74,2951.74,ach_remittance
RPY-0001052,ORG-200112,PTR-006,2025-09-04,5791.59,8743.33,ach_remittance
RPY-0001053,ORG-200112,PTR-006,2025-09-11,2855.42,11598.75,ach_remittance
RPY-0001054,ORG-200112,PTR-006,2025-09-18,4122.94,15721.69,ach_remittance
RPY-0001055,ORG-200112,PTR-006,2025-09-25,3974.06,19695.75,ach_remittance
RPY-0001056,ORG-200112,PTR-006,2025-10-02,5114.61,24810.36,ach_remittance
RPY-0001057,ORG-200112,PTR-006,2025-10-09,5393.6,30203.96,ach_remittance
RPY-0001058,ORG-200112,PTR-006,2025-10-16,3243.12,33447.08,ach_remittance
RPY-0001059,ORG-200113,PTR-002,2026-03-10,1904.09,1904.09,ach_remittance
RPY-0001060,ORG-200113,PTR-002,2026-03-17,1199.28,3103.37,ach_remittance
RPY-0001061,ORG-200113,PTR-002,2026-03-24,1598.5,4701.87,manual_payment
RPY-0001062,ORG-200113,PTR-002,2026-03-31,1555.67,6257.54,ach_remittance
RPY-0001063,ORG-200113,PTR-002,2026-04-07,1207.49,7465.03,ach_remittance
RPY-0001064,ORG-200113,PTR-002,2026-04-14,1250.6,8715.63,ach_remittance
RPY-0001065,ORG-200113,PTR-002,2026-04-21,926.63,9642.26,ach_remittance
RPY-0001066,ORG-200114,PTR-005,2023-07-31,2717.62,2717.62,ach_remittance
RPY-0001067,ORG-200114,PTR-005,2023-08-07,1921.21,4638.83,ach_remittance
RPY-0001068,ORG-200114,PTR-005,2023-08-14,3025.68,7664.51,ach_remittance
RPY-0001069,ORG-200114,PTR-005,2023-08-21,3133.6,10798.11,ach_remittance
RPY-0001070,ORG-200114,PTR-005,2023-08-28,1694.38,12492.49,ach_remittance
RPY-0001071,ORG-200114,PTR-005,2023-09-04,2737.23,15229.72,ach_remittance
RPY-0001072,ORG-200114,PTR-005,2023-09-11,2267.1,17496.82,ach_remittance
RPY-0001073,ORG-200114,PTR-005,2023-09-18,1463.18,18960.0,manual_payment
RPY-0001074,ORG-200114,PTR-005,2023-09-25,2641.33,21601.33,ach_remittance
RPY-0001075,ORG-200114,PTR-005,2023-10-02,2056.96,23658.29,ach_remittance
RPY-0001076,ORG-200114,PTR-005,2023-10-09,1866.3,25524.59,ach_remittance
RPY-0001077,ORG-200114,PTR-005,2023-10-16,3316.48,28841.07,ach_remittance
RPY-0001078,ORG-200114,PTR-005,2023-10-23,1568.71,30409.78,ach_remittance
RPY-0001079,ORG-200114,PTR-005,2023-10-30,2349.26,32759.04,ach_remittance
RPY-0001080,ORG-200114,PTR-005,2023-11-06,2671.66,35430.7,ach_remittance
RPY-0001081,ORG-200114,PTR-005,2023-11-13,2744.63,38175.33,ach_remittance
RPY-0001082,ORG-200114,PTR-005,2023-11-20,3272.04,41447.37,ach_remittance
RPY-0001083,ORG-200115,PTR-006,2024-10-12,3402.27,3402.27,ach_remittance
RPY-0001084,ORG-200115,PTR-006,2024-10-19,3146.32,6548.59,ach_remittance
RPY-0001085,ORG-200115,PTR-006,2024-10-26,3884.69,10433.28,ach_remittance
RPY-0001086,ORG-200115,PTR-006,2024-11-02,2790.71,13223.99,ach_remittance
RPY-0001087,ORG-200115,PTR-006,2024-11-09,3391.24,16615.23,ach_remittance
RPY-0001088,ORG-200115,PTR-006,2024-11-16,2692.28,19307.51,ach_remittance
RPY-0001089,ORG-200115,PTR-006,2024-11-23,3670.25,22977.76,ach_remittance
RPY-0001090,ORG-200115,PTR-006,2024-11-30,142.43,23120.19,ach_remittance
RPY-0001091,ORG-200116,PTR-004,2026-05-26,7590.61,7590.61,ach_remittance
RPY-0001092,ORG-200116,PTR-004,2026-06-02,5018.58,12609.19,ach_remittance
RPY-0001093,ORG-200116,PTR-004,2026-06-09,7716.26,20325.45,ach_remittance
RPY-0001094,ORG-200116,PTR-004,2026-06-16,7165.28,27490.73,ach_remittance
RPY-0001095,ORG-200116,PTR-004,2026-06-23,9881.4,37372.13,ach_remittance
RPY-0001096,ORG-200116,PTR-004,2026-06-30,8640.86,46012.99,ach_remittance
RPY-0001097,ORG-200116,PTR-004,2026-07-07,9790.51,55803.5,ach_remittance
RPY-0001098,ORG-200116,PTR-004,2026-07-14,1330.89,57134.39,ach_remittance
RPY-0001099,ORG-200117,PTR-002,2025-07-09,4429.47,4429.47,ach_remittance
RPY-0001100,ORG-200117,PTR-002,2025-07-16,3870.76,8300.23,ach_remittance
RPY-0001101,ORG-200117,PTR-002,2025-07-23,2459.15,10759.38,ach_remittance
RPY-0001102,ORG-200117,PTR-002,2025-07-30,3675.9,14435.28,ach_remittance
RPY-0001103,ORG-200117,PTR-002,2025-08-06,4004.28,18439.56,ach_remittance
RPY-0001104,ORG-200117,PTR-002,2025-08-13,3532.58,21972.14,ach_remittance
RPY-0001105,ORG-200117,PTR-002,2025-08-20,3870.03,25842.17,ach_remittance
RPY-0001106,ORG-200117,PTR-002,2025-08-27,4357.04,30199.21,ach_remittance
RPY-0001107,ORG-200117,PTR-002,2025-09-03,4313.6,34512.81,ach_remittance
RPY-0001108,ORG-200117,PTR-002,2025-09-10,2021.71,36534.52,ach_remittance
RPY-0001109,ORG-200117,PTR-002,2025-09-17,2997.35,39531.87,manual_payment
RPY-0001110,ORG-200117,PTR-002,2025-09-24,2137.89,41669.76,ach_remittance
RPY-0001111,ORG-200117,PTR-002,2025-10-01,4069.9,45739.66,ach_remittance
RPY-0001112,ORG-200117,PTR-002,2025-10-08,3799.18,49538.84,ach_remittance
RPY-0001113,ORG-200117,PTR-002,2025-10-15,2152.28,51691.12,ach_remittance
RPY-0001114,ORG-200117,PTR-002,2025-10-22,2528.56,54219.68,ach_remittance
RPY-0001115,ORG-200117,PTR-002,2025-10-29,2938.54,57158.22,ach_remittance
RPY-0001116,ORG-200117,PTR-002,2025-11-05,3620.85,60779.07,ach_remittance
RPY-0001117,ORG-200117,PTR-002,2025-11-12,3477.13,64256.2,ach_remittance
RPY-0001118,ORG-200117,PTR-002,2025-11-19,3703.04,67959.24,ach_remittance
RPY-0001119,ORG-200117,PTR-002,2025-11-26,3342.05,71301.29,ach_remittance
RPY-0001120,ORG-200117,PTR-002,2025-12-03,3832.94,75134.23,ach_remittance
RPY-0001121,ORG-200117,PTR-002,2025-12-10,1067.18,76201.41,manual_payment
RPY-0001122,ORG-200118,PTR-004,2024-07-03,3472.56,3472.56,ach_remittance
RPY-0001123,ORG-200118,PTR-004,2024-07-10,3593.07,7065.63,ach_remittance
RPY-0001124,ORG-200118,PTR-004,2024-07-17,3230.87,10296.5,ach_remittance
RPY-0001125,ORG-200118,PTR-004,2024-07-24,4092.44,14388.94,ach_remittance
RPY-0001126,ORG-200118,PTR-004,2024-07-31,2214.0,16602.94,ach_remittance
RPY-0001127,ORG-200118,PTR-004,2024-08-07,2236.8,18839.74,ach_remittance
RPY-0001128,ORG-200118,PTR-004,2024-08-14,3017.12,21856.86,ach_remittance
RPY-0001129,ORG-200118,PTR-004,2024-08-21,2015.65,23872.51,ach_remittance
RPY-0001130,ORG-200119,PTR-005,2022-04-22,1630.0,1630.0,ach_remittance
RPY-0001131,ORG-200119,PTR-005,2022-04-29,1575.54,3205.54,ach_remittance
RPY-0001132,ORG-200119,PTR-005,2022-05-06,841.92,4047.46,ach_remittance
RPY-0001133,ORG-200119,PTR-005,2022-05-13,1068.23,5115.69,ach_remittance
RPY-0001134,ORG-200120,PTR-002,2024-01-16,3531.61,3531.61,ach_remittance
RPY-0001135,ORG-200120,PTR-002,2024-01-23,3384.63,6916.24,ach_remittance
RPY-0001136,ORG-200120,PTR-002,2024-01-30,3611.67,10527.91,ach_remittance
RPY-0001137,ORG-200120,PTR-002,2024-02-06,2828.85,13356.76,ach_remittance
RPY-0001138,ORG-200120,PTR-002,2024-02-13,3593.51,16950.27,ach_remittance
RPY-0001139,ORG-200120,PTR-002,2024-02-20,2565.12,19515.39,manual_payment
RPY-0001140,ORG-200120,PTR-002,2024-02-27,3068.83,22584.22,ach_remittance
RPY-0001141,ORG-200121,PTR-004,2025-09-03,1834.18,1834.18,ach_remittance
RPY-0001142,ORG-200121,PTR-004,2025-09-10,1842.89,3677.07,ach_remittance
RPY-0001143,ORG-200121,PTR-004,2025-09-17,817.97,4495.04,manual_payment
RPY-0001144,ORG-200121,PTR-004,2025-09-24,1534.05,6029.09,ach_remittance
RPY-0001145,ORG-200121,PTR-004,2025-10-01,1744.25,7773.34,ach_remittance
RPY-0001146,ORG-200121,PTR-004,2025-10-08,922.3,8695.64,ach_remittance
RPY-0001147,ORG-200121,PTR-004,2025-10-15,1569.06,10264.7,ach_remittance
RPY-0001148,ORG-200121,PTR-004,2025-10-22,1647.32,11912.02,ach_remittance
RPY-0001149,ORG-200121,PTR-004,2025-10-29,1825.04,13737.06,ach_remittance
RPY-0001150,ORG-200121,PTR-004,2025-11-05,976.11,14713.17,ach_remittance
RPY-0001151,ORG-200121,PTR-004,2025-11-12,1168.32,15881.49,manual_payment
RPY-0001152,ORG-200121,PTR-004,2025-11-19,868.66,16750.15,ach_remittance
RPY-0001153,ORG-200121,PTR-004,2025-11-26,1412.81,18162.96,ach_remittance
RPY-0001154,ORG-200121,PTR-004,2025-12-03,738.16,18901.12,ach_remittance
RPY-0001155,ORG-200122,PTR-003,2026-04-05,3385.34,3385.34,ach_remittance
RPY-0001156,ORG-200123,PTR-003,2023-04-03,3518.98,3518.98,ach_remittance
RPY-0001157,ORG-200123,PTR-003,2023-04-10,3888.85,7407.83,ach_remittance
RPY-0001158,ORG-200123,PTR-003,2023-04-17,3245.66,10653.49,ach_remittance
RPY-0001159,ORG-200123,PTR-003,2023-04-24,3513.37,14166.86,ach_remittance
RPY-0001160,ORG-200123,PTR-003,2023-05-01,2554.0,16720.86,ach_remittance
RPY-0001161,ORG-200123,PTR-003,2023-05-08,2964.22,19685.08,ach_remittance
RPY-0001162,ORG-200123,PTR-003,2023-05-15,1985.74,21670.82,manual_payment
RPY-0001163,ORG-200123,PTR-003,2023-05-22,3062.29,24733.11,ach_remittance
RPY-0001164,ORG-200123,PTR-003,2023-05-29,3858.93,28592.04,ach_remittance
RPY-0001165,ORG-200123,PTR-003,2023-06-05,3407.13,31999.17,ach_remittance
RPY-0001166,ORG-200123,PTR-003,2023-06-12,2487.42,34486.59,ach_remittance
RPY-0001167,ORG-200123,PTR-003,2023-06-19,3174.35,37660.94,ach_remittance
RPY-0001168,ORG-200123,PTR-003,2023-06-26,2071.51,39732.45,ach_remittance
RPY-0001169,ORG-200123,PTR-003,2023-07-03,3603.72,43336.17,ach_remittance
RPY-0001170,ORG-200123,PTR-003,2023-07-10,2117.91,45454.08,ach_remittance
RPY-0001171,ORG-200123,PTR-003,2023-07-17,25.94,45480.02,ach_remittance
RPY-0001172,ORG-200124,PTR-005,2025-09-11,215.77,215.77,ach_remittance
RPY-0001173,ORG-200124,PTR-005,2025-09-18,325.27,541.04,ach_remittance
RPY-0001174,ORG-200124,PTR-005,2025-09-25,370.96,912.0,ach_remittance
RPY-0001175,ORG-200124,PTR-005,2025-10-02,237.51,1149.51,ach_remittance
RPY-0001176,ORG-200124,PTR-005,2025-10-09,409.98,1559.49,ach_remittance
RPY-0001177,ORG-200124,PTR-005,2025-10-16,241.78,1801.27,ach_remittance
RPY-0001178,ORG-200124,PTR-005,2025-10-23,404.18,2205.45,ach_remittance
RPY-0001179,ORG-200124,PTR-005,2025-10-30,366.06,2571.51,ach_remittance
RPY-0001180,ORG-200124,PTR-005,2025-11-06,292.01,2863.52,ach_remittance
RPY-0001181,ORG-200124,PTR-005,2025-11-13,284.66,3148.18,ach_remittance
RPY-0001182,ORG-200124,PTR-005,2025-11-20,314.61,3462.79,ach_remittance
RPY-0001183,ORG-200124,PTR-005,2025-11-27,325.57,3788.36,ach_remittance
RPY-0001184,ORG-200124,PTR-005,2025-12-04,367.3,4155.66,manual_payment
RPY-0001185,ORG-200124,PTR-005,2025-12-11,271.25,4426.91,ach_remittance
RPY-0001186,ORG-200124,PTR-005,2025-12-18,431.98,4858.89,ach_remittance
RPY-0001187,ORG-200124,PTR-005,2025-12-25,390.46,5249.35,ach_remittance
RPY-0001188,ORG-200124,PTR-005,2026-01-01,388.85,5638.2,ach_remittance
RPY-0001189,ORG-200124,PTR-005,2026-01-08,421.01,6059.21,ach_remittance
RPY-0001190,ORG-200124,PTR-005,2026-01-15,411.28,6470.49,ach_remittance
RPY-0001191,ORG-200124,PTR-005,2026-01-22,399.85,6870.34,ach_remittance
RPY-0001192,ORG-200124,PTR-005,2026-01-29,207.05,7077.39,ach_remittance
RPY-0001193,ORG-200124,PTR-005,2026-02-05,432.69,7510.08,ach_remittance
RPY-0001194,ORG-200124,PTR-005,2026-02-12,56.83,7566.91,ach_remittance
RPY-0001195,ORG-200125,PTR-002,2022-01-29,1628.55,1628.55,ach_remittance
RPY-0001196,ORG-200125,PTR-002,2022-02-05,958.21,2586.76,ach_remittance
RPY-0001197,ORG-200125,PTR-002,2022-02-12,1251.56,3838.32,ach_remittance
RPY-0001198,ORG-200125,PTR-002,2022-02-19,1777.3,5615.62,ach_remittance
RPY-0001199,ORG-200125,PTR-002,2022-02-26,1797.2,7412.82,ach_remittance
RPY-0001200,ORG-200125,PTR-002,2022-03-05,1290.57,8703.39,ach_remittance
RPY-0001201,ORG-200125,PTR-002,2022-03-12,451.4,9154.79,ach_remittance
RPY-0001202,ORG-200126,PTR-004,2025-08-28,1118.2,1118.2,ach_remittance
RPY-0001203,ORG-200126,PTR-004,2025-09-04,1393.93,2512.13,ach_remittance
RPY-0001204,ORG-200126,PTR-004,2025-09-11,1138.41,3650.54,ach_remittance
RPY-0001205,ORG-200126,PTR-004,2025-09-18,1234.57,4885.11,ach_remittance
RPY-0001206,ORG-200126,PTR-004,2025-09-25,1234.27,6119.38,ach_remittance
RPY-0001207,ORG-200126,PTR-004,2025-10-02,1114.06,7233.44,ach_remittance
RPY-0001208,ORG-200126,PTR-004,2025-10-09,1457.59,8691.03,ach_remittance
RPY-0001209,ORG-200126,PTR-004,2025-10-16,970.03,9661.06,ach_remittance
RPY-0001210,ORG-200126,PTR-004,2025-10-23,1087.85,10748.91,ach_remittance
RPY-0001211,ORG-200126,PTR-004,2025-10-30,1191.06,11939.97,ach_remittance
RPY-0001212,ORG-200126,PTR-004,2025-11-06,781.87,12721.84,ach_remittance
RPY-0001213,ORG-200126,PTR-004,2025-11-13,727.44,13449.28,ach_remittance
RPY-0001214,ORG-200126,PTR-004,2025-11-20,845.68,14294.96,ach_remittance
RPY-0001215,ORG-200126,PTR-004,2025-11-27,978.23,15273.19,ach_remittance
RPY-0001216,ORG-200126,PTR-004,2025-12-04,763.72,16036.91,ach_remittance
RPY-0001217,ORG-200126,PTR-004,2025-12-11,1373.09,17410.0,ach_remittance
RPY-0001218,ORG-200126,PTR-004,2025-12-18,1083.15,18493.15,ach_remittance
RPY-0001219,ORG-200126,PTR-004,2025-12-25,844.96,19338.11,ach_remittance
RPY-0001220,ORG-200126,PTR-004,2026-01-01,1392.61,20730.72,manual_payment
RPY-0001221,ORG-200126,PTR-004,2026-01-08,697.59,21428.31,ach_remittance
RPY-0001222,ORG-200126,PTR-004,2026-01-15,801.36,22229.67,ach_remittance
RPY-0001223,ORG-200126,PTR-004,2026-01-22,694.11,22923.78,ach_remittance
RPY-0001224,ORG-200126,PTR-004,2026-01-29,2362.55,25286.33,manual_payment
RPY-0001225,ORG-200127,PTR-003,2023-03-27,13989.18,13989.18,ach_remittance
RPY-0001226,ORG-200127,PTR-003,2023-04-03,13669.67,27658.85,ach_remittance
RPY-0001227,ORG-200127,PTR-003,2023-04-10,13360.46,41019.31,ach_remittance
RPY-0001228,ORG-200127,PTR-003,2023-04-17,8060.52,49079.83,ach_remittance
RPY-0001229,ORG-200127,PTR-003,2023-04-24,8775.3,57855.13,ach_remittance
RPY-0001230,ORG-200127,PTR-003,2023-05-01,9451.28,67306.41,ach_remittance
RPY-0001231,ORG-200127,PTR-003,2023-05-08,11595.75,78902.16,ach_remittance
RPY-0001232,ORG-200127,PTR-003,2023-05-15,9821.4,88723.56,ach_remittance
RPY-0001233,ORG-200127,PTR-003,2023-05-22,8237.53,96961.09,ach_remittance
RPY-0001234,ORG-200127,PTR-003,2023-05-29,10849.83,107810.92,ach_remittance
RPY-0001235,ORG-200127,PTR-003,2023-06-05,7780.93,115591.85,manual_payment
RPY-0001236,ORG-200127,PTR-003,2023-06-12,14153.61,129745.46,ach_remittance
RPY-0001237,ORG-200128,PTR-005,2026-05-13,8011.72,8011.72,ach_remittance
RPY-0001238,ORG-200128,PTR-005,2026-05-20,9907.13,17918.85,ach_remittance
RPY-0001239,ORG-200128,PTR-005,2026-05-27,11554.93,29473.78,ach_remittance
RPY-0001240,ORG-200128,PTR-005,2026-06-03,10393.22,39867.0,ach_remittance
RPY-0001241,ORG-200128,PTR-005,2026-06-10,10639.25,50506.25,ach_remittance
RPY-0001242,ORG-200128,PTR-005,2026-06-17,820.95,51327.2,ach_remittance
RPY-0001243,ORG-200129,PTR-005,2025-12-30,574.32,574.32,ach_remittance
RPY-0001244,ORG-200130,PTR-005,2025-01-09,4038.27,4038.27,ach_remittance
RPY-0001245,ORG-200130,PTR-005,2025-01-16,5926.02,9964.29,ach_remittance
RPY-0001246,ORG-200130,PTR-005,2025-01-23,6039.48,16003.77,ach_remittance
RPY-0001247,ORG-200130,PTR-005,2025-01-30,4410.98,20414.75,ach_remittance
RPY-0001248,ORG-200130,PTR-005,2025-02-06,4195.41,24610.16,ach_remittance
RPY-0001249,ORG-200131,PTR-003,2024-04-07,3856.39,3856.39,ach_remittance
RPY-0001250,ORG-200131,PTR-003,2024-04-14,2267.58,6123.97,ach_remittance
RPY-0001251,ORG-200131,PTR-003,2024-04-21,3918.17,10042.14,ach_remittance
RPY-0001252,ORG-200131,PTR-003,2024-04-28,4447.93,14490.07,ach_remittance
RPY-0001253,ORG-200131,PTR-003,2024-05-05,3817.44,18307.51,manual_payment
RPY-0001254,ORG-200131,PTR-003,2024-05-12,2864.23,21171.74,ach_remittance
RPY-0001255,ORG-200131,PTR-003,2024-05-19,3842.27,25014.01,ach_remittance
RPY-0001256,ORG-200131,PTR-003,2024-05-26,4751.66,29765.67,ach_remittance
RPY-0001257,ORG-200131,PTR-003,2024-06-02,3975.56,33741.23,ach_remittance
RPY-0001258,ORG-200131,PTR-003,2024-06-09,4844.52,38585.75,manual_payment
RPY-0001259,ORG-200131,PTR-003,2024-06-16,4307.57,42893.32,ach_remittance
RPY-0001260,ORG-200131,PTR-003,2024-06-23,3518.1,46411.42,manual_payment
RPY-0001261,ORG-200131,PTR-003,2024-06-30,4525.15,50936.57,ach_remittance
RPY-0001262,ORG-200131,PTR-003,2024-07-07,2073.73,53010.3,ach_remittance
RPY-0001263,ORG-200132,PTR-005,2026-05-23,3543.8,3543.8,ach_remittance
RPY-0001264,ORG-200132,PTR-005,2026-05-30,2347.4,5891.2,ach_remittance
RPY-0001265,ORG-200132,PTR-005,2026-06-06,5119.42,11010.62,ach_remittance
RPY-0001266,ORG-200132,PTR-005,2026-06-13,4527.36,15537.98,ach_remittance
RPY-0001267,ORG-200132,PTR-005,2026-06-20,4088.14,19626.12,ach_remittance
RPY-0001268,ORG-200132,PTR-005,2026-06-27,3376.6,23002.72,ach_remittance
RPY-0001269,ORG-200133,PTR-002,2022-09-04,3437.16,3437.16,ach_remittance
RPY-0001270,ORG-200133,PTR-002,2022-09-11,2800.46,6237.62,ach_remittance
RPY-0001271,ORG-200133,PTR-002,2022-09-18,3627.27,9864.89,ach_remittance
RPY-0001272,ORG-200133,PTR-002,2022-09-25,3212.79,13077.68,ach_remittance
RPY-0001273,ORG-200133,PTR-002,2022-10-02,3617.09,16694.77,ach_remittance
RPY-0001274,ORG-200133,PTR-002,2022-10-09,2559.13,19253.9,ach_remittance
RPY-0001275,ORG-200133,PTR-002,2022-10-16,1643.11,20897.01,ach_remittance
RPY-0001276,ORG-200133,PTR-002,2022-10-23,240.24,21137.25,manual_payment
RPY-0001277,ORG-200134,PTR-006,2026-03-21,5042.58,5042.58,ach_remittance
RPY-0001278,ORG-200134,PTR-006,2026-03-28,3309.56,8352.14,ach_remittance
RPY-0001279,ORG-200134,PTR-006,2026-04-04,3056.25,11408.39,ach_remittance
RPY-0001280,ORG-200134,PTR-006,2026-04-11,4297.95,15706.34,ach_remittance
RPY-0001281,ORG-200134,PTR-006,2026-04-18,3745.8,19452.14,ach_remittance
RPY-0001282,ORG-200134,PTR-006,2026-04-25,4454.86,23907.0,ach_remittance
RPY-0001283,ORG-200134,PTR-006,2026-05-02,2869.42,26776.42,ach_remittance
RPY-0001284,ORG-200134,PTR-006,2026-05-09,2998.13,29774.55,ach_remittance
RPY-0001285,ORG-200134,PTR-006,2026-05-16,2717.12,32491.67,ach_remittance
RPY-0001286,ORG-200134,PTR-006,2026-05-23,5008.96,37500.63,ach_remittance
RPY-0001287,ORG-200134,PTR-006,2026-05-30,4238.92,41739.55,ach_remittance
RPY-0001288,ORG-200134,PTR-006,2026-06-06,3246.08,44985.63,ach_remittance
RPY-0001289,ORG-200135,PTR-005,2023-04-07,2536.64,2536.64,ach_remittance
RPY-0001290,ORG-200135,PTR-005,2023-04-14,2434.29,4970.93,ach_remittance
RPY-0001291,ORG-200136,PTR-001,2023-03-15,3860.18,3860.18,ach_remittance
RPY-0001292,ORG-200136,PTR-001,2023-03-22,3254.38,7114.56,ach_remittance
RPY-0001293,ORG-200136,PTR-001,2023-03-29,3540.02,10654.58,ach_remittance
RPY-0001294,ORG-200136,PTR-001,2023-04-05,3795.91,14450.49,ach_remittance
RPY-0001295,ORG-200136,PTR-001,2023-04-12,4076.66,18527.15,ach_remittance
RPY-0001296,ORG-200136,PTR-001,2023-04-19,5216.56,23743.71,ach_remittance
RPY-0001297,ORG-200136,PTR-001,2023-04-26,3995.58,27739.29,ach_remittance
RPY-0001298,ORG-200136,PTR-001,2023-05-03,4588.76,32328.05,ach_remittance
RPY-0001299,ORG-200136,PTR-001,2023-05-10,4986.73,37314.78,ach_remittance
RPY-0001300,ORG-200136,PTR-001,2023-05-17,5107.59,42422.37,ach_remittance
RPY-0001301,ORG-200136,PTR-001,2023-05-24,4532.96,46955.33,ach_remittance
RPY-0001302,ORG-200136,PTR-001,2023-05-31,3285.32,50240.65,ach_remittance
RPY-0001303,ORG-200136,PTR-001,2023-06-07,5169.15,55409.8,ach_remittance
RPY-0001304,ORG-200136,PTR-001,2023-06-14,2638.3,58048.1,ach_remittance
RPY-0001305,ORG-200136,PTR-001,2023-06-21,3071.44,61119.54,ach_remittance
RPY-0001306,ORG-200136,PTR-001,2023-06-28,4794.49,65914.03,ach_remittance
RPY-0001307,ORG-200136,PTR-001,2023-07-05,3700.87,69614.9,ach_remittance
RPY-0001308,ORG-200136,PTR-001,2023-07-12,3476.01,73090.91,ach_remittance
RPY-0001309,ORG-200136,PTR-001,2023-07-19,9383.95,82474.86,manual_payment
RPY-0001310,ORG-200137,PTR-001,2023-06-19,2165.43,2165.43,ach_remittance
RPY-0001311,ORG-200137,PTR-001,2023-06-26,2665.91,4831.34,ach_remittance
RPY-0001312,ORG-200137,PTR-001,2023-07-03,2753.01,7584.35,ach_remittance
RPY-0001313,ORG-200137,PTR-001,2023-07-10,3401.02,10985.37,ach_remittance
RPY-0001314,ORG-200137,PTR-001,2023-07-17,2114.3,13099.67,ach_remittance
RPY-0001315,ORG-200137,PTR-001,2023-07-24,1650.0,14749.67,ach_remittance
RPY-0001316,ORG-200138,PTR-004,2024-04-15,2589.67,2589.67,ach_remittance
RPY-0001317,ORG-200138,PTR-004,2024-04-22,3029.46,5619.13,ach_remittance
RPY-0001318,ORG-200138,PTR-004,2024-04-29,2889.17,8508.3,ach_remittance
RPY-0001319,ORG-200138,PTR-004,2024-05-06,2899.89,11408.19,ach_remittance
RPY-0001320,ORG-200138,PTR-004,2024-05-13,4579.65,15987.84,ach_remittance
RPY-0001321,ORG-200138,PTR-004,2024-05-20,3796.26,19784.1,ach_remittance
RPY-0001322,ORG-200138,PTR-004,2024-05-27,3305.21,23089.31,ach_remittance
RPY-0001323,ORG-200138,PTR-004,2024-06-03,2195.26,25284.57,ach_remittance
RPY-0001324,ORG-200138,PTR-004,2024-06-10,4009.52,29294.09,ach_remittance
RPY-0001325,ORG-200138,PTR-004,2024-06-17,4119.33,33413.42,manual_payment
RPY-0001326,ORG-200138,PTR-004,2024-06-24,2603.62,36017.04,ach_remittance
RPY-0001327,ORG-200138,PTR-004,2024-07-01,2310.81,38327.85,ach_remittance
RPY-0001328,ORG-200138,PTR-004,2024-07-08,3686.97,42014.82,manual_payment
RPY-0001329,ORG-200138,PTR-004,2024-07-15,7677.4,49692.22,ach_remittance
RPY-0001330,ORG-200139,PTR-001,2022-10-03,3645.03,3645.03,ach_remittance
RPY-0001331,ORG-200139,PTR-001,2022-10-10,7730.93,11375.96,ach_remittance
RPY-0001332,ORG-200139,PTR-001,2022-10-17,5650.75,17026.71,ach_remittance
RPY-0001333,ORG-200139,PTR-001,2022-10-24,7821.85,24848.56,ach_remittance
RPY-0001334,ORG-200139,PTR-001,2022-10-31,4166.69,29015.25,ach_remittance
RPY-0001335,ORG-200140,PTR-006,2025-01-17,2144.54,2144.54,ach_remittance
RPY-0001336,ORG-200140,PTR-006,2025-01-24,1836.1,3980.64,manual_payment
RPY-0001337,ORG-200140,PTR-006,2025-01-31,2581.3,6561.94,ach_remittance
RPY-0001338,ORG-200140,PTR-006,2025-02-07,1796.73,8358.67,ach_remittance
RPY-0001339,ORG-200140,PTR-006,2025-02-14,2605.19,10963.86,ach_remittance
RPY-0001340,ORG-200140,PTR-006,2025-02-21,2517.68,13481.54,ach_remittance
RPY-0001341,ORG-200140,PTR-006,2025-02-28,2127.8,15609.34,ach_remittance
RPY-0001342,ORG-200140,PTR-006,2025-03-07,3138.08,18747.42,ach_remittance
RPY-0001343,ORG-200140,PTR-006,2025-03-14,3135.65,21883.07,ach_remittance
RPY-0001344,ORG-200140,PTR-006,2025-03-21,1902.7,23785.77,ach_remittance
RPY-0001345,ORG-200140,PTR-006,2025-03-28,2406.54,26192.31,ach_remittance
RPY-0001346,ORG-200140,PTR-006,2025-04-04,2969.77,29162.08,ach_remittance
RPY-0001347,ORG-200140,PTR-006,2025-04-11,3199.83,32361.91,ach_remittance
RPY-0001348,ORG-200140,PTR-006,2025-04-18,3114.61,35476.52,manual_payment
RPY-0001349,ORG-200141,PTR-006,2022-05-28,4191.37,4191.37,ach_remittance
RPY-0001350,ORG-200141,PTR-006,2022-06-04,3089.02,7280.39,ach_remittance
RPY-0001351,ORG-200141,PTR-006,2022-06-11,2834.12,10114.51,manual_payment
RPY-0001352,ORG-200141,PTR-006,2022-06-18,2416.59,12531.1,ach_remittance
RPY-0001353,ORG-200141,PTR-006,2022-06-25,2828.52,15359.62,ach_remittance
RPY-0001354,ORG-200141,PTR-006,2022-07-02,3080.14,18439.76,ach_remittance
RPY-0001355,ORG-200141,PTR-006,2022-07-09,4464.01,22903.77,ach_remittance
RPY-0001356,ORG-200141,PTR-006,2022-07-16,2721.98,25625.75,ach_remittance
RPY-0001357,ORG-200141,PTR-006,2022-07-23,3299.9,28925.65,ach_remittance
RPY-0001358,ORG-200141,PTR-006,2022-07-30,4682.67,33608.32,ach_remittance
RPY-0001359,ORG-200141,PTR-006,2022-08-06,7945.93,41554.25,ach_remittance
RPY-0001360,ORG-200142,PTR-001,2024-02-28,3036.24,3036.24,ach_remittance
RPY-0001361,ORG-200142,PTR-001,2024-03-06,3042.4,6078.64,ach_remittance
RPY-0001362,ORG-200142,PTR-001,2024-03-13,2975.19,9053.83,manual_payment
RPY-0001363,ORG-200142,PTR-001,2024-03-20,2421.63,11475.46,ach_remittance
RPY-0001364,ORG-200142,PTR-001,2024-03-27,2542.23,14017.69,ach_remittance
RPY-0001365,ORG-200142,PTR-001,2024-04-03,2445.61,16463.3,ach_remittance
RPY-0001366,ORG-200142,PTR-001,2024-04-10,2124.18,18587.48,ach_remittance
RPY-0001367,ORG-200142,PTR-001,2024-04-17,1412.17,19999.65,ach_remittance
RPY-0001368,ORG-200143,PTR-001,2023-11-03,4303.32,4303.32,ach_remittance
RPY-0001369,ORG-200143,PTR-001,2023-11-10,3201.91,7505.23,ach_remittance
RPY-0001370,ORG-200143,PTR-001,2023-11-17,4291.64,11796.87,ach_remittance
RPY-0001371,ORG-200143,PTR-001,2023-11-24,4637.7,16434.57,ach_remittance
RPY-0001372,ORG-200143,PTR-001,2023-12-01,4903.34,21337.91,ach_remittance
RPY-0001373,ORG-200143,PTR-001,2023-12-08,4029.98,25367.89,ach_remittance
RPY-0001374,ORG-200143,PTR-001,2023-12-15,3509.28,28877.17,ach_remittance
RPY-0001375,ORG-200143,PTR-001,2023-12-22,4867.11,33744.28,manual_payment
RPY-0001376,ORG-200143,PTR-001,2023-12-29,3564.4,37308.68,ach_remittance
RPY-0001377,ORG-200143,PTR-001,2024-01-05,2993.69,40302.37,ach_remittance
RPY-0001378,ORG-200144,PTR-001,2024-01-11,2163.25,2163.25,ach_remittance
RPY-0001379,ORG-200144,PTR-001,2024-01-18,3586.82,5750.07,ach_remittance
RPY-0001380,ORG-200144,PTR-001,2024-01-25,3397.94,9148.01,ach_remittance
RPY-0001381,ORG-200144,PTR-001,2024-02-01,3544.61,12692.62,ach_remittance
RPY-0001382,ORG-200144,PTR-001,2024-02-08,3338.49,16031.11,ach_remittance
RPY-0001383,ORG-200144,PTR-001,2024-02-15,3695.48,19726.59,ach_remittance
RPY-0001384,ORG-200144,PTR-001,2024-02-22,4249.02,23975.61,ach_remittance
RPY-0001385,ORG-200145,PTR-005,2025-06-30,2374.48,2374.48,ach_remittance
RPY-0001386,ORG-200145,PTR-005,2025-07-07,3381.87,5756.35,ach_remittance
RPY-0001387,ORG-200145,PTR-005,2025-07-14,2731.57,8487.92,ach_remittance
RPY-0001388,ORG-200145,PTR-005,2025-07-21,2995.87,11483.79,ach_remittance
RPY-0001389,ORG-200145,PTR-005,2025-07-28,3273.21,14757.0,ach_remittance
RPY-0001390,ORG-200145,PTR-005,2025-08-04,3340.12,18097.12,ach_remittance
RPY-0001391,ORG-200145,PTR-005,2025-08-11,3057.47,21154.59,manual_payment
RPY-0001392,ORG-200145,PTR-005,2025-08-18,3806.69,24961.28,ach_remittance
RPY-0001393,ORG-200145,PTR-005,2025-08-25,3898.66,28859.94,ach_remittance
RPY-0001394,ORG-200145,PTR-005,2025-09-01,2966.62,31826.56,manual_payment
RPY-0001395,ORG-200145,PTR-005,2025-09-08,1192.74,33019.3,ach_remittance
RPY-0001396,ORG-200146,PTR-004,2024-10-10,2788.57,2788.57,ach_remittance
RPY-0001397,ORG-200146,PTR-004,2024-10-17,2543.31,5331.88,ach_remittance
RPY-0001398,ORG-200146,PTR-004,2024-10-24,3755.53,9087.41,ach_remittance
RPY-0001399,ORG-200146,PTR-004,2024-10-31,3535.34,12622.75,manual_payment
RPY-0001400,ORG-200146,PTR-004,2024-11-07,3129.4,15752.15,ach_remittance
RPY-0001401,ORG-200146,PTR-004,2024-11-14,3398.09,19150.24,ach_remittance
RPY-0001402,ORG-200146,PTR-004,2024-11-21,1895.44,21045.68,ach_remittance
RPY-0001403,ORG-200146,PTR-004,2024-11-28,2906.3,23951.98,ach_remittance
RPY-0001404,ORG-200146,PTR-004,2024-12-05,2245.9,26197.88,ach_remittance
RPY-0001405,ORG-200146,PTR-004,2024-12-12,2159.14,28357.02,ach_remittance
RPY-0001406,ORG-200146,PTR-004,2024-12-19,3022.01,31379.03,ach_remittance
RPY-0001407,ORG-200146,PTR-004,2024-12-26,2995.45,34374.48,ach_remittance
RPY-0001408,ORG-200146,PTR-004,2025-01-02,3425.13,37799.61,ach_remittance
RPY-0001409,ORG-200146,PTR-004,2025-01-09,3036.98,40836.59,ach_remittance
RPY-0001410,ORG-200146,PTR-004,2025-01-16,2088.85,42925.44,ach_remittance
RPY-0001411,ORG-200147,PTR-004,2025-02-07,2749.8,2749.8,ach_remittance
RPY-0001412,ORG-200147,PTR-004,2025-02-14,2894.11,5643.91,ach_remittance
RPY-0001413,ORG-200147,PTR-004,2025-02-21,3330.04,8973.95,ach_remittance
RPY-0001414,ORG-200147,PTR-004,2025-02-28,2362.99,11336.94,ach_remittance
RPY-0001415,ORG-200147,PTR-004,2025-03-07,4108.94,15445.88,ach_remittance
RPY-0001416,ORG-200147,PTR-004,2025-03-14,4195.97,19641.85,ach_remittance
RPY-0001417,ORG-200147,PTR-004,2025-03-21,2812.0,22453.85,ach_remittance
RPY-0001418,ORG-200147,PTR-004,2025-03-28,4248.2,26702.05,ach_remittance
RPY-0001419,ORG-200147,PTR-004,2025-04-04,876.4,27578.45,ach_remittance
RPY-0001420,ORG-200148,PTR-003,2022-07-20,4225.79,4225.79,ach_remittance
RPY-0001421,ORG-200148,PTR-003,2022-07-27,6336.51,10562.3,ach_remittance
RPY-0001422,ORG-200148,PTR-003,2022-08-03,7425.38,17987.68,manual_payment
RPY-0001423,ORG-200148,PTR-003,2022-08-10,5469.11,23456.79,ach_remittance
RPY-0001424,ORG-200148,PTR-003,2022-08-17,7060.03,30516.82,ach_remittance
RPY-0001425,ORG-200148,PTR-003,2022-08-24,7338.95,37855.77,ach_remittance
RPY-0001426,ORG-200148,PTR-003,2022-08-31,7494.97,45350.74,ach_remittance
RPY-0001427,ORG-200148,PTR-003,2022-09-07,6308.34,51659.08,ach_remittance
RPY-0001428,ORG-200148,PTR-003,2022-09-14,6398.7,58057.78,ach_remittance
RPY-0001429,ORG-200148,PTR-003,2022-09-21,7043.5,65101.28,ach_remittance
RPY-0001430,ORG-200148,PTR-003,2022-09-28,3940.72,69042.0,manual_payment
RPY-0001431,ORG-200148,PTR-003,2022-10-05,7234.29,76276.29,ach_remittance
RPY-0001432,ORG-200148,PTR-003,2022-10-12,7454.24,83730.53,ach_remittance
RPY-0001433,ORG-200148,PTR-003,2022-10-19,7695.35,91425.88,ach_remittance
RPY-0001434,ORG-200148,PTR-003,2022-10-26,3705.79,95131.67,ach_remittance
RPY-0001435,ORG-200149,PTR-005,2024-03-22,776.54,776.54,manual_payment
RPY-0001436,ORG-200149,PTR-005,2024-03-29,692.56,1469.1,ach_remittance
RPY-0001437,ORG-200149,PTR-005,2024-04-05,526.19,1995.29,ach_remittance
RPY-0001438,ORG-200149,PTR-005,2024-04-12,718.29,2713.58,ach_remittance
RPY-0001439,ORG-200149,PTR-005,2024-04-19,760.66,3474.24,ach_remittance
RPY-0001440,ORG-200149,PTR-005,2024-04-26,672.98,4147.22,ach_remittance
RPY-0001441,ORG-200149,PTR-005,2024-05-03,979.88,5127.1,ach_remittance
RPY-0001442,ORG-200150,PTR-002,2025-04-01,1053.09,1053.09,ach_remittance
RPY-0001443,ORG-200150,PTR-002,2025-04-08,960.84,2013.93,ach_remittance
RPY-0001444,ORG-200150,PTR-002,2025-04-15,694.74,2708.67,ach_remittance
RPY-0001445,ORG-200150,PTR-002,2025-04-22,1559.3,4267.97,ach_remittance
RPY-0001446,ORG-200150,PTR-002,2025-04-29,1561.55,5829.52,ach_remittance
RPY-0001447,ORG-200150,PTR-002,2025-05-06,803.87,6633.39,manual_payment
RPY-0001448,ORG-200150,PTR-002,2025-05-13,1407.21,8040.6,ach_remittance
RPY-0001449,ORG-200150,PTR-002,2025-05-20,932.99,8973.59,ach_remittance
RPY-0001450,ORG-200151,PTR-006,2022-08-23,6893.2,6893.2,ach_remittance
RPY-0001451,ORG-200151,PTR-006,2022-08-30,6128.61,13021.81,ach_remittance
RPY-0001452,ORG-200151,PTR-006,2022-09-06,9559.54,22581.35,ach_remittance
RPY-0001453,ORG-200151,PTR-006,2022-09-13,8748.36,31329.71,ach_remittance
RPY-0001454,ORG-200151,PTR-006,2022-09-20,9207.3,40537.01,ach_remittance
RPY-0001455,ORG-200151,PTR-006,2022-09-27,7178.2,47715.21,ach_remittance
RPY-0001456,ORG-200151,PTR-006,2022-10-04,8135.15,55850.36,ach_remittance
RPY-0001457,ORG-200151,PTR-006,2022-10-11,5161.63,61011.99,ach_remittance
RPY-0001458,ORG-200151,PTR-006,2022-10-18,9216.57,70228.56,ach_remittance
RPY-0001459,ORG-200151,PTR-006,2022-10-25,7741.15,77969.71,ach_remittance
RPY-0001460,ORG-200151,PTR-006,2022-11-01,9638.68,87608.39,manual_payment
RPY-0001461,ORG-200152,PTR-006,2023-10-16,2971.88,2971.88,ach_remittance
RPY-0001462,ORG-200152,PTR-006,2023-10-23,6088.27,9060.15,ach_remittance
RPY-0001463,ORG-200152,PTR-006,2023-10-30,5186.36,14246.51,manual_payment
RPY-0001464,ORG-200152,PTR-006,2023-11-06,5930.38,20176.89,ach_remittance
RPY-0001465,ORG-200152,PTR-006,2023-11-13,4397.18,24574.07,ach_remittance
RPY-0001466,ORG-200152,PTR-006,2023-11-20,2724.88,27298.95,ach_remittance
RPY-0001467,ORG-200152,PTR-006,2023-11-27,3920.01,31218.96,ach_remittance
RPY-0001468,ORG-200152,PTR-006,2023-12-04,6191.83,37410.79,ach_remittance
RPY-0001469,ORG-200152,PTR-006,2023-12-11,3638.08,41048.87,manual_payment
RPY-0001470,ORG-200152,PTR-006,2023-12-18,3279.95,44328.82,ach_remittance
RPY-0001471,ORG-200153,PTR-004,2025-06-15,6840.78,6840.78,ach_remittance
RPY-0001472,ORG-200153,PTR-004,2025-06-22,6894.29,13735.07,ach_remittance
RPY-0001473,ORG-200153,PTR-004,2025-06-29,7942.7,21677.77,ach_remittance
RPY-0001474,ORG-200153,PTR-004,2025-07-06,5167.34,26845.11,ach_remittance
RPY-0001475,ORG-200153,PTR-004,2025-07-13,7800.07,34645.18,ach_remittance
RPY-0001476,ORG-200153,PTR-004,2025-07-20,5580.7,40225.88,ach_remittance
RPY-0001477,ORG-200153,PTR-004,2025-07-27,8430.05,48655.93,ach_remittance
RPY-0001478,ORG-200153,PTR-004,2025-08-03,9945.8,58601.73,ach_remittance
RPY-0001479,ORG-200154,PTR-004,2023-10-22,2423.87,2423.87,ach_remittance
RPY-0001480,ORG-200154,PTR-004,2023-10-29,3514.51,5938.38,ach_remittance
RPY-0001481,ORG-200154,PTR-004,2023-11-05,3513.43,9451.81,ach_remittance
RPY-0001482,ORG-200154,PTR-004,2023-11-12,3191.69,12643.5,ach_remittance
RPY-0001483,ORG-200154,PTR-004,2023-11-19,1951.09,14594.59,ach_remittance
RPY-0001484,ORG-200154,PTR-004,2023-11-26,2842.85,17437.44,ach_remittance
RPY-0001485,ORG-200154,PTR-004,2023-12-03,2749.05,20186.49,ach_remittance
RPY-0001486,ORG-200154,PTR-004,2023-12-10,2050.1,22236.59,ach_remittance
RPY-0001487,ORG-200154,PTR-004,2023-12-17,2315.35,24551.94,ach_remittance
RPY-0001488,ORG-200154,PTR-004,2023-12-24,2560.27,27112.21,ach_remittance
RPY-0001489,ORG-200154,PTR-004,2023-12-31,2827.67,29939.88,ach_remittance
RPY-0001490,ORG-200154,PTR-004,2024-01-07,2346.03,32285.91,ach_remittance
RPY-0001491,ORG-200154,PTR-004,2024-01-14,2591.25,34877.16,ach_remittance
RPY-0001492,ORG-200154,PTR-004,2024-01-21,1968.85,36846.01,manual_payment
RPY-0001493,ORG-200154,PTR-004,2024-01-28,2290.64,39136.65,ach_remittance
RPY-0001494,ORG-200155,PTR-001,2024-10-07,2209.48,2209.48,ach_remittance
RPY-0001495,ORG-200155,PTR-001,2024-10-14,2059.21,4268.69,ach_remittance
RPY-0001496,ORG-200155,PTR-001,2024-10-21,2124.13,6392.82,ach_remittance
RPY-0001497,ORG-200155,PTR-001,2024-10-28,1543.72,7936.54,ach_remittance
RPY-0001498,ORG-200155,PTR-001,2024-11-04,1783.59,9720.13,ach_remittance
RPY-0001499,ORG-200155,PTR-001,2024-11-11,1877.31,11597.44,ach_remittance
RPY-0001500,ORG-200155,PTR-001,2024-11-18,208.29,11805.73,manual_payment
RPY-0001501,ORG-200156,PTR-001,2022-04-18,8751.89,8751.89,ach_remittance
RPY-0001502,ORG-200156,PTR-001,2022-04-25,5547.13,14299.02,ach_remittance
RPY-0001503,ORG-200156,PTR-001,2022-05-02,5592.67,19891.69,ach_remittance
RPY-0001504,ORG-200156,PTR-001,2022-05-09,7710.68,27602.37,ach_remittance
RPY-0001505,ORG-200156,PTR-001,2022-05-16,6498.49,34100.86,ach_remittance
RPY-0001506,ORG-200156,PTR-001,2022-05-23,4500.4,38601.26,ach_remittance
RPY-0001507,ORG-200156,PTR-001,2022-05-30,4978.75,43580.01,ach_remittance
RPY-0001508,ORG-200156,PTR-001,2022-06-06,8805.07,52385.08,ach_remittance
RPY-0001509,ORG-200156,PTR-001,2022-06-13,7856.54,60241.62,ach_remittance
RPY-0001510,ORG-200157,PTR-003,2026-01-04,1093.74,1093.74,ach_remittance
RPY-0001511,ORG-200157,PTR-003,2026-01-11,1501.73,2595.47,ach_remittance
RPY-0001512,ORG-200157,PTR-003,2026-01-18,1594.91,4190.38,ach_remittance
RPY-0001513,ORG-200157,PTR-003,2026-01-25,1929.53,6119.91,ach_remittance
RPY-0001514,ORG-200157,PTR-003,2026-02-01,2128.21,8248.12,ach_remittance
RPY-0001515,ORG-200157,PTR-003,2026-02-08,1415.6,9663.72,ach_remittance
RPY-0001516,ORG-200157,PTR-003,2026-02-15,2081.26,11744.98,ach_remittance
RPY-0001517,ORG-200157,PTR-003,2026-02-22,1764.83,13509.81,ach_remittance
RPY-0001518,ORG-200157,PTR-003,2026-03-01,2026.88,15536.69,ach_remittance
RPY-0001519,ORG-200157,PTR-003,2026-03-08,114.2,15650.89,ach_remittance
RPY-0001520,ORG-200158,PTR-004,2023-06-10,2280.5,2280.5,ach_remittance
RPY-0001521,ORG-200158,PTR-004,2023-06-17,2480.2,4760.7,ach_remittance
RPY-0001522,ORG-200158,PTR-004,2023-06-24,1765.88,6526.58,ach_remittance
RPY-0001523,ORG-200158,PTR-004,2023-07-01,2198.49,8725.07,ach_remittance
RPY-0001524,ORG-200158,PTR-004,2023-07-08,2467.84,11192.91,manual_payment
RPY-0001525,ORG-200158,PTR-004,2023-07-15,2980.97,14173.88,ach_remittance
RPY-0001526,ORG-200158,PTR-004,2023-07-22,2517.92,16691.8,ach_remittance
RPY-0001527,ORG-200158,PTR-004,2023-07-29,1572.06,18263.86,ach_remittance
RPY-0001528,ORG-200159,PTR-002,2022-12-04,5166.0,5166.0,ach_remittance
RPY-0001529,ORG-200159,PTR-002,2022-12-11,5509.3,10675.3,ach_remittance
RPY-0001530,ORG-200159,PTR-002,2022-12-18,4319.61,14994.91,ach_remittance
RPY-0001531,ORG-200159,PTR-002,2022-12-25,6025.98,21020.89,manual_payment
RPY-0001532,ORG-200159,PTR-002,2023-01-01,3760.39,24781.28,ach_remittance
RPY-0001533,ORG-200159,PTR-002,2023-01-08,2096.72,26878.0,ach_remittance
RPY-0001534,ORG-200160,PTR-001,2022-05-07,475.18,475.18,ach_remittance
RPY-0001535,ORG-200160,PTR-001,2022-05-14,425.11,900.29,ach_remittance
RPY-0001536,ORG-200160,PTR-001,2022-05-21,580.25,1480.54,ach_remittance
RPY-0001537,ORG-200160,PTR-001,2022-05-28,357.41,1837.95,ach_remittance
RPY-0001538,ORG-200160,PTR-001,2022-06-04,367.5,2205.45,ach_remittance
RPY-0001539,ORG-200160,PTR-001,2022-06-11,601.32,2806.77,ach_remittance
RPY-0001540,ORG-200160,PTR-001,2022-06-18,303.14,3109.91,ach_remittance
RPY-0001541,ORG-200160,PTR-001,2022-06-25,437.53,3547.44,ach_remittance
RPY-0001542,ORG-200160,PTR-001,2022-07-02,428.16,3975.6,ach_remittance
RPY-0001543,ORG-200160,PTR-001,2022-07-09,468.44,4444.04,ach_remittance
RPY-0001544,ORG-200160,PTR-001,2022-07-16,294.09,4738.13,ach_remittance
RPY-0001545,ORG-200161,PTR-001,2025-02-28,2286.15,2286.15,ach_remittance
RPY-0001546,ORG-200161,PTR-001,2025-03-07,1651.24,3937.39,manual_payment
RPY-0001547,ORG-200161,PTR-001,2025-03-14,1726.65,5664.04,ach_remittance
RPY-0001548,ORG-200161,PTR-001,2025-03-21,2493.97,8158.01,ach_remittance
RPY-0001549,ORG-200161,PTR-001,2025-03-28,1780.9,9938.91,ach_remittance
RPY-0001550,ORG-200161,PTR-001,2025-04-04,2168.28,12107.19,ach_remittance
RPY-0001551,ORG-200161,PTR-001,2025-04-11,2600.85,14708.04,ach_remittance
RPY-0001552,ORG-200161,PTR-001,2025-04-18,2603.78,17311.82,ach_remittance
RPY-0001553,ORG-200161,PTR-001,2025-04-25,2020.63,19332.45,ach_remittance
RPY-0001554,ORG-200161,PTR-001,2025-05-02,1291.44,20623.89,ach_remittance
RPY-0001555,ORG-200161,PTR-001,2025-05-09,1488.44,22112.33,ach_remittance
RPY-0001556,ORG-200161,PTR-001,2025-05-16,2655.4,24767.73,ach_remittance
RPY-0001557,ORG-200161,PTR-001,2025-05-23,1993.28,26761.01,ach_remittance
RPY-0001558,ORG-200161,PTR-001,2025-05-30,2758.25,29519.26,manual_payment
RPY-0001559,ORG-200161,PTR-001,2025-06-06,2089.62,31608.88,ach_remittance
RPY-0001560,ORG-200161,PTR-001,2025-06-13,2347.93,33956.81,ach_remittance
RPY-0001561,ORG-200161,PTR-001,2025-06-20,1263.76,35220.57,ach_remittance
RPY-0001562,ORG-200161,PTR-001,2025-06-27,1778.32,36998.89,ach_remittance
RPY-0001563,ORG-200161,PTR-001,2025-07-04,2541.24,39540.13,manual_payment
RPY-0001564,ORG-200161,PTR-001,2025-07-11,1478.44,41018.57,ach_remittance
RPY-0001565,ORG-200161,PTR-001,2025-07-18,1790.54,42809.11,ach_remittance
RPY-0001566,ORG-200161,PTR-001,2025-07-25,2111.32,44920.43,ach_remittance
RPY-0001567,ORG-200161,PTR-001,2025-08-01,2228.73,47149.16,ach_remittance
RPY-0001568,ORG-200161,PTR-001,2025-08-08,2170.23,49319.39,ach_remittance
RPY-0001569,ORG-200162,PTR-003,2022-08-25,2101.48,2101.48,manual_payment
RPY-0001570,ORG-200162,PTR-003,2022-09-01,2772.24,4873.72,ach_remittance
RPY-0001571,ORG-200162,PTR-003,2022-09-08,3652.83,8526.55,ach_remittance
RPY-0001572,ORG-200162,PTR-003,2022-09-15,2406.11,10932.66,ach_remittance
RPY-0001573,ORG-200162,PTR-003,2022-09-22,3584.23,14516.89,ach_remittance
RPY-0001574,ORG-200162,PTR-003,2022-09-29,2377.91,16894.8,ach_remittance
RPY-0001575,ORG-200162,PTR-003,2022-10-06,1872.26,18767.06,ach_remittance
RPY-0001576,ORG-200162,PTR-003,2022-10-13,2794.64,21561.7,ach_remittance
RPY-0001577,ORG-200162,PTR-003,2022-10-20,3269.35,24831.05,ach_remittance
RPY-0001578,ORG-200163,PTR-001,2022-04-12,5738.27,5738.27,manual_payment
RPY-0001579,ORG-200163,PTR-001,2022-04-19,5787.91,11526.18,ach_remittance
RPY-0001580,ORG-200163,PTR-001,2022-04-26,3682.81,15208.99,ach_remittance
RPY-0001581,ORG-200163,PTR-001,2022-05-03,3977.19,19186.18,ach_remittance
RPY-0001582,ORG-200163,PTR-001,2022-05-10,5842.75,25028.93,ach_remittance
RPY-0001583,ORG-200163,PTR-001,2022-05-17,3923.8,28952.73,ach_remittance
RPY-0001584,ORG-200163,PTR-001,2022-05-24,3316.83,32269.56,ach_remittance
RPY-0001585,ORG-200163,PTR-001,2022-05-31,5024.88,37294.44,ach_remittance
RPY-0001586,ORG-200163,PTR-001,2022-06-07,4959.28,42253.72,ach_remittance
RPY-0001587,ORG-200163,PTR-001,2022-06-14,3917.66,46171.38,ach_remittance
RPY-0001588,ORG-200163,PTR-001,2022-06-21,5962.53,52133.91,ach_remittance
RPY-0001589,ORG-200163,PTR-001,2022-06-28,3534.82,55668.73,ach_remittance
RPY-0001590,ORG-200163,PTR-001,2022-07-05,6680.6,62349.33,ach_remittance
RPY-0001591,ORG-200164,PTR-005,2025-05-05,1010.53,1010.53,ach_remittance
RPY-0001592,ORG-200164,PTR-005,2025-05-12,914.62,1925.15,ach_remittance
RPY-0001593,ORG-200164,PTR-005,2025-05-19,1274.67,3199.82,ach_remittance
RPY-0001594,ORG-200164,PTR-005,2025-05-26,700.16,3899.98,ach_remittance
RPY-0001595,ORG-200164,PTR-005,2025-06-02,1279.76,5179.74,ach_remittance
RPY-0001596,ORG-200164,PTR-005,2025-06-09,712.3,5892.04,ach_remittance
RPY-0001597,ORG-200164,PTR-005,2025-06-16,1502.09,7394.13,ach_remittance
RPY-0001598,ORG-200165,PTR-001,2024-01-22,4623.52,4623.52,ach_remittance
RPY-0001599,ORG-200165,PTR-001,2024-01-29,5333.21,9956.73,ach_remittance
RPY-0001600,ORG-200165,PTR-001,2024-02-05,2549.19,12505.92,ach_remittance
RPY-0001601,ORG-200165,PTR-001,2024-02-12,3598.5,16104.42,ach_remittance
RPY-0001602,ORG-200165,PTR-001,2024-02-19,3008.34,19112.76,ach_remittance
RPY-0001603,ORG-200165,PTR-001,2024-02-26,4425.08,23537.84,ach_remittance
RPY-0001604,ORG-200165,PTR-001,2024-03-04,2786.6,26324.44,ach_remittance
RPY-0001605,ORG-200165,PTR-001,2024-03-11,5053.39,31377.83,ach_remittance
RPY-0001606,ORG-200165,PTR-001,2024-03-18,4572.13,35949.96,ach_remittance
RPY-0001607,ORG-200165,PTR-001,2024-03-25,4190.84,40140.8,ach_remittance
RPY-0001608,ORG-200165,PTR-001,2024-04-01,3801.07,43941.87,ach_remittance
RPY-0001609,ORG-200165,PTR-001,2024-04-08,4240.51,48182.38,ach_remittance
RPY-0001610,ORG-200165,PTR-001,2024-04-15,3704.28,51886.66,ach_remittance
RPY-0001611,ORG-200165,PTR-001,2024-04-22,5109.45,56996.11,ach_remittance
RPY-0001612,ORG-200165,PTR-001,2024-04-29,5012.74,62008.85,ach_remittance
RPY-0001613,ORG-200165,PTR-001,2024-05-06,5022.58,67031.43,ach_remittance
RPY-0001614,ORG-200165,PTR-001,2024-05-13,2394.19,69425.62,ach_remittance
RPY-0001615,ORG-200166,PTR-006,2023-01-03,11144.75,11144.75,ach_remittance
RPY-0001616,ORG-200166,PTR-006,2023-01-10,11129.43,22274.18,ach_remittance
RPY-0001617,ORG-200166,PTR-006,2023-01-17,8905.89,31180.07,ach_remittance
RPY-0001618,ORG-200166,PTR-006,2023-01-24,6707.74,37887.81,ach_remittance
RPY-0001619,ORG-200166,PTR-006,2023-01-31,7347.81,45235.62,ach_remittance
RPY-0001620,ORG-200166,PTR-006,2023-02-07,16759.61,61995.23,ach_remittance
RPY-0001621,ORG-200167,PTR-001,2025-10-30,3147.2,3147.2,ach_remittance
RPY-0001622,ORG-200167,PTR-001,2025-11-06,2906.89,6054.09,manual_payment
RPY-0001623,ORG-200167,PTR-001,2025-11-13,2013.93,8068.02,ach_remittance
RPY-0001624,ORG-200167,PTR-001,2025-11-20,3066.1,11134.12,ach_remittance
RPY-0001625,ORG-200167,PTR-001,2025-11-27,2773.85,13907.97,ach_remittance
RPY-0001626,ORG-200167,PTR-001,2025-12-04,3450.46,17358.43,manual_payment
RPY-0001627,ORG-200167,PTR-001,2025-12-11,5885.75,23244.18,ach_remittance
RPY-0001628,ORG-200168,PTR-003,2023-03-16,5704.53,5704.53,ach_remittance
RPY-0001629,ORG-200168,PTR-003,2023-03-23,10181.05,15885.58,ach_remittance
RPY-0001630,ORG-200168,PTR-003,2023-03-30,5498.05,21383.63,ach_remittance
RPY-0001631,ORG-200168,PTR-003,2023-04-06,8634.17,30017.8,ach_remittance
RPY-0001632,ORG-200168,PTR-003,2023-04-13,4996.31,35014.11,manual_payment
RPY-0001633,ORG-200168,PTR-003,2023-04-20,8945.92,43960.03,ach_remittance
RPY-0001634,ORG-200168,PTR-003,2023-04-27,7215.49,51175.52,ach_remittance
RPY-0001635,ORG-200168,PTR-003,2023-05-04,5074.85,56250.37,ach_remittance
RPY-0001636,ORG-200168,PTR-003,2023-05-11,7088.54,63338.91,ach_remittance
RPY-0001637,ORG-200168,PTR-003,2023-05-18,9356.87,72695.78,ach_remittance
RPY-0001638,ORG-200168,PTR-003,2023-05-25,10905.86,83601.64,ach_remittance
RPY-0001639,ORG-200169,PTR-002,2023-05-07,5840.51,5840.51,ach_remittance
RPY-0001640,ORG-200169,PTR-002,2023-05-14,2729.28,8569.79,manual_payment
RPY-0001641,ORG-200169,PTR-002,2023-05-21,4296.24,12866.03,ach_remittance
RPY-0001642,ORG-200169,PTR-002,2023-05-28,4634.15,17500.18,ach_remittance
RPY-0001643,ORG-200169,PTR-002,2023-06-04,4272.45,21772.63,manual_payment
RPY-0001644,ORG-200170,PTR-006,2025-07-22,3337.44,3337.44,ach_remittance
RPY-0001645,ORG-200170,PTR-006,2025-07-29,6239.34,9576.78,ach_remittance
RPY-0001646,ORG-200170,PTR-006,2025-08-05,3235.44,12812.22,ach_remittance
RPY-0001647,ORG-200170,PTR-006,2025-08-12,6160.47,18972.69,ach_remittance
RPY-0001648,ORG-200170,PTR-006,2025-08-19,5088.95,24061.64,ach_remittance
RPY-0001649,ORG-200170,PTR-006,2025-08-26,5980.26,30041.9,ach_remittance
RPY-0001650,ORG-200170,PTR-006,2025-09-02,6894.2,36936.1,ach_remittance
RPY-0001651,ORG-200170,PTR-006,2025-09-09,4188.35,41124.45,manual_payment
RPY-0001652,ORG-200170,PTR-006,2025-09-16,4216.74,45341.19,ach_remittance
RPY-0001653,ORG-200171,PTR-006,2024-09-26,1014.0,1014.0,ach_remittance
RPY-0001654,ORG-200171,PTR-006,2024-10-03,558.8,1572.8,ach_remittance
RPY-0001655,ORG-200171,PTR-006,2024-10-10,1018.06,2590.86,manual_payment
RPY-0001656,ORG-200171,PTR-006,2024-10-17,545.51,3136.37,ach_remittance
RPY-0001657,ORG-200171,PTR-006,2024-10-24,849.58,3985.95,ach_remittance
RPY-0001658,ORG-200171,PTR-006,2024-10-31,757.69,4743.64,ach_remittance
RPY-0001659,ORG-200171,PTR-006,2024-11-07,640.3,5383.94,ach_remittance
RPY-0001660,ORG-200171,PTR-006,2024-11-14,781.92,6165.86,ach_remittance
RPY-0001661,ORG-200171,PTR-006,2024-11-21,1020.69,7186.55,ach_remittance
RPY-0001662,ORG-200171,PTR-006,2024-11-28,528.32,7714.87,ach_remittance
RPY-0001663,ORG-200171,PTR-006,2024-12-05,1066.23,8781.1,ach_remittance
RPY-0001664,ORG-200171,PTR-006,2024-12-12,788.91,9570.01,ach_remittance
RPY-0001665,ORG-200171,PTR-006,2024-12-19,962.66,10532.67,ach_remittance
RPY-0001666,ORG-200171,PTR-006,2024-12-26,753.6,11286.27,ach_remittance
RPY-0001667,ORG-200171,PTR-006,2025-01-02,608.39,11894.66,ach_remittance
RPY-0001668,ORG-200171,PTR-006,2025-01-09,693.38,12588.04,ach_remittance
RPY-0001669,ORG-200171,PTR-006,2025-01-16,953.24,13541.28,ach_remittance
RPY-0001670,ORG-200171,PTR-006,2025-01-23,581.0,14122.28,ach_remittance
RPY-0001671,ORG-200171,PTR-006,2025-01-30,665.7,14787.98,ach_remittance
RPY-0001672,ORG-200171,PTR-006,2025-02-06,951.3,15739.28,ach_remittance
RPY-0001673,ORG-200171,PTR-006,2025-02-13,715.36,16454.64,ach_remittance
RPY-0001674,ORG-200171,PTR-006,2025-02-20,775.38,17230.02,ach_remittance
RPY-0001675,ORG-200171,PTR-006,2025-02-27,1025.92,18255.94,manual_payment
RPY-0001676,ORG-200171,PTR-006,2025-03-06,1061.98,19317.92,ach_remittance
RPY-0001677,ORG-200171,PTR-006,2025-03-13,904.49,20222.41,ach_remittance
RPY-0001678,ORG-200171,PTR-006,2025-03-20,355.85,20578.26,ach_remittance
RPY-0001679,ORG-200172,PTR-001,2024-03-19,3995.64,3995.64,ach_remittance
RPY-0001680,ORG-200172,PTR-001,2024-03-26,6125.61,10121.25,ach_remittance
RPY-0001681,ORG-200172,PTR-001,2024-04-02,5751.83,15873.08,ach_remittance
RPY-0001682,ORG-200172,PTR-001,2024-04-09,4283.58,20156.66,manual_payment
RPY-0001683,ORG-200172,PTR-001,2024-04-16,3055.66,23212.32,manual_payment
RPY-0001684,ORG-200172,PTR-001,2024-04-23,7002.84,30215.16,ach_remittance
RPY-0001685,ORG-200173,PTR-005,2023-03-28,1801.14,1801.14,ach_remittance
RPY-0001686,ORG-200173,PTR-005,2023-04-04,1984.42,3785.56,ach_remittance
RPY-0001687,ORG-200173,PTR-005,2023-04-11,1737.3,5522.86,ach_remittance
RPY-0001688,ORG-200173,PTR-005,2023-04-18,1625.72,7148.58,ach_remittance
RPY-0001689,ORG-200173,PTR-005,2023-04-25,2033.29,9181.87,ach_remittance
RPY-0001690,ORG-200173,PTR-005,2023-05-02,82.79,9264.66,ach_remittance
RPY-0001691,ORG-200174,PTR-004,2024-03-13,7336.82,7336.82,ach_remittance
RPY-0001692,ORG-200174,PTR-004,2024-03-20,5121.36,12458.18,ach_remittance
RPY-0001693,ORG-200174,PTR-004,2024-03-27,7220.59,19678.77,ach_remittance
RPY-0001694,ORG-200174,PTR-004,2024-04-03,3993.78,23672.55,ach_remittance
RPY-0001695,ORG-200174,PTR-004,2024-04-10,3845.07,27517.62,ach_remittance
RPY-0001696,ORG-200174,PTR-004,2024-04-17,4165.6,31683.22,ach_remittance
RPY-0001697,ORG-200174,PTR-004,2024-04-24,7151.86,38835.08,ach_remittance
RPY-0001698,ORG-200174,PTR-004,2024-05-01,3670.49,42505.57,manual_payment
RPY-0001699,ORG-200174,PTR-004,2024-05-08,5683.88,48189.45,ach_remittance
RPY-0001700,ORG-200174,PTR-004,2024-05-15,5580.42,53769.87,ach_remittance
RPY-0001701,ORG-200175,PTR-004,2024-10-08,16415.35,16415.35,ach_remittance
RPY-0001702,ORG-200175,PTR-004,2024-10-15,9109.84,25525.19,ach_remittance
RPY-0001703,ORG-200175,PTR-004,2024-10-22,12601.42,38126.61,ach_remittance
RPY-0001704,ORG-200175,PTR-004,2024-10-29,16993.67,55120.28,ach_remittance
RPY-0001705,ORG-200175,PTR-004,2024-11-05,14277.43,69397.71,ach_remittance
RPY-0001706,ORG-200175,PTR-004,2024-11-12,12035.08,81432.79,ach_remittance
RPY-0001707,ORG-200175,PTR-004,2024-11-19,8944.27,90377.06,ach_remittance
RPY-0001708,ORG-200175,PTR-004,2024-11-26,20705.06,111082.12,ach_remittance
RPY-0001709,ORG-200176,PTR-003,2025-12-03,6093.43,6093.43,ach_remittance
RPY-0001710,ORG-200176,PTR-003,2025-12-10,6925.06,13018.49,ach_remittance
RPY-0001711,ORG-200176,PTR-003,2025-12-17,3978.59,16997.08,manual_payment
RPY-0001712,ORG-200176,PTR-003,2025-12-24,3283.63,20280.71,ach_remittance
RPY-0001713,ORG-200176,PTR-003,2025-12-31,6187.75,26468.46,ach_remittance
RPY-0001714,ORG-200177,PTR-004,2026-01-23,3500.21,3500.21,ach_remittance
RPY-0001715,ORG-200177,PTR-004,2026-01-30,2716.29,6216.5,ach_remittance
RPY-0001716,ORG-200177,PTR-004,2026-02-06,3651.16,9867.66,ach_remittance
RPY-0001717,ORG-200177,PTR-004,2026-02-13,2988.23,12855.89,ach_remittance
RPY-0001718,ORG-200177,PTR-004,2026-02-20,1768.82,14624.71,ach_remittance
RPY-0001719,ORG-200177,PTR-004,2026-02-27,3155.67,17780.38,ach_remittance
RPY-0001720,ORG-200177,PTR-004,2026-03-06,3749.53,21529.91,manual_payment
RPY-0001721,ORG-200177,PTR-004,2026-03-13,3262.36,24792.27,ach_remittance
RPY-0001722,ORG-200177,PTR-004,2026-03-20,2073.12,26865.39,manual_payment
RPY-0001723,ORG-200177,PTR-004,2026-03-27,2376.78,29242.17,ach_remittance
RPY-0001724,ORG-200177,PTR-004,2026-04-03,2711.38,31953.55,ach_remittance
RPY-0001725,ORG-200177,PTR-004,2026-04-10,3014.52,34968.07,ach_remittance
RPY-0001726,ORG-200177,PTR-004,2026-04-17,1924.94,36893.01,ach_remittance
RPY-0001727,ORG-200177,PTR-004,2026-04-24,2445.15,39338.16,ach_remittance
RPY-0001728,ORG-200178,PTR-002,2023-03-20,1592.24,1592.24,ach_remittance
RPY-0001729,ORG-200178,PTR-002,2023-03-27,1307.29,2899.53,ach_remittance
RPY-0001730,ORG-200178,PTR-002,2023-04-03,2121.46,5020.99,ach_remittance
RPY-0001731,ORG-200178,PTR-002,2023-04-10,1743.56,6764.55,ach_remittance
RPY-0001732,ORG-200178,PTR-002,2023-04-17,1159.82,7924.37,manual_payment
RPY-0001733,ORG-200178,PTR-002,2023-04-24,2343.06,10267.43,ach_remittance
RPY-0001734,ORG-200178,PTR-002,2023-05-01,2567.28,12834.71,ach_remittance
RPY-0001735,ORG-200179,PTR-001,2023-03-06,246.48,246.48,ach_remittance
RPY-0001736,ORG-200179,PTR-001,2023-03-13,189.84,436.32,ach_remittance
RPY-0001737,ORG-200179,PTR-001,2023-03-20,276.43,712.75,ach_remittance
RPY-0001738,ORG-200179,PTR-001,2023-03-27,279.67,992.42,manual_payment
RPY-0001739,ORG-200179,PTR-001,2023-04-03,323.7,1316.12,ach_remittance
RPY-0001740,ORG-200179,PTR-001,2023-04-10,239.99,1556.11,ach_remittance
RPY-0001741,ORG-200179,PTR-001,2023-04-17,193.4,1749.51,ach_remittance
RPY-0001742,ORG-200179,PTR-001,2023-04-24,354.56,2104.07,ach_remittance
RPY-0001743,ORG-200179,PTR-001,2023-05-01,331.14,2435.21,ach_remittance
RPY-0001744,ORG-200179,PTR-001,2023-05-08,131.43,2566.64,ach_remittance
RPY-0001745,ORG-200180,PTR-004,2024-01-23,335.42,335.42,ach_remittance
RPY-0001746,ORG-200180,PTR-004,2024-01-30,466.61,802.03,manual_payment
RPY-0001747,ORG-200180,PTR-004,2024-02-06,461.05,1263.08,ach_remittance
RPY-0001748,ORG-200180,PTR-004,2024-02-13,286.41,1549.49,ach_remittance
RPY-0001749,ORG-200180,PTR-004,2024-02-20,382.05,1931.54,ach_remittance
RPY-0001750,ORG-200180,PTR-004,2024-02-27,508.89,2440.43,ach_remittance
RPY-0001751,ORG-200180,PTR-004,2024-03-05,415.35,2855.78,ach_remittance
RPY-0001752,ORG-200180,PTR-004,2024-03-12,293.49,3149.27,ach_remittance
RPY-0001753,ORG-200180,PTR-004,2024-03-19,332.75,3482.02,ach_remittance
RPY-0001754,ORG-200180,PTR-004,2024-03-26,332.89,3814.91,manual_payment
RPY-0001755,ORG-200180,PTR-004,2024-04-02,460.22,4275.13,ach_remittance
RPY-0001756,ORG-200180,PTR-004,2024-04-09,348.17,4623.3,ach_remittance
RPY-0001757,ORG-200180,PTR-004,2024-04-16,377.7,5001.0,ach_remittance
RPY-0001758,ORG-200180,PTR-004,2024-04-23,412.46,5413.46,ach_remittance
RPY-0001759,ORG-200181,PTR-002,2025-11-25,1906.86,1906.86,ach_remittance
RPY-0001760,ORG-200181,PTR-002,2025-12-02,2586.94,4493.8,ach_remittance
RPY-0001761,ORG-200181,PTR-002,2025-12-09,2147.67,6641.47,ach_remittance
RPY-0001762,ORG-200181,PTR-002,2025-12-16,2008.01,8649.48,ach_remittance
RPY-0001763,ORG-200181,PTR-002,2025-12-23,3770.63,12420.11,ach_remittance
RPY-0001764,ORG-200181,PTR-002,2025-12-30,2941.02,15361.13,ach_remittance
RPY-0001765,ORG-200181,PTR-002,2026-01-06,2169.48,17530.61,ach_remittance
RPY-0001766,ORG-200181,PTR-002,2026-01-13,2816.24,20346.85,ach_remittance
RPY-0001767,ORG-200181,PTR-002,2026-01-20,2140.11,22486.96,ach_remittance
RPY-0001768,ORG-200181,PTR-002,2026-01-27,2685.57,25172.53,manual_payment
RPY-0001769,ORG-200181,PTR-002,2026-02-03,2608.84,27781.37,ach_remittance
RPY-0001770,ORG-200181,PTR-002,2026-02-10,2209.62,29990.99,ach_remittance
RPY-0001771,ORG-200181,PTR-002,2026-02-17,2153.32,32144.31,ach_remittance
RPY-0001772,ORG-200181,PTR-002,2026-02-24,3756.22,35900.53,ach_remittance
RPY-0001773,ORG-200181,PTR-002,2026-03-03,3649.93,39550.46,ach_remittance
RPY-0001774,ORG-200181,PTR-002,2026-03-10,1758.75,41309.21,ach_remittance
RPY-0001775,ORG-200181,PTR-002,2026-03-17,3285.05,44594.26,ach_remittance
RPY-0001776,ORG-200181,PTR-002,2026-03-24,5230.29,49824.55,ach_remittance
RPY-0001777,ORG-200182,PTR-004,2023-05-12,4768.69,4768.69,ach_remittance
RPY-0001778,ORG-200182,PTR-004,2023-05-19,5635.43,10404.12,ach_remittance
RPY-0001779,ORG-200182,PTR-004,2023-05-26,5805.98,16210.1,manual_payment
RPY-0001780,ORG-200182,PTR-004,2023-06-02,4671.97,20882.07,ach_remittance
RPY-0001781,ORG-200182,PTR-004,2023-06-09,6298.1,27180.17,ach_remittance
RPY-0001782,ORG-200182,PTR-004,2023-06-16,5971.06,33151.23,ach_remittance
RPY-0001783,ORG-200182,PTR-004,2023-06-23,4708.63,37859.86,ach_remittance
RPY-0001784,ORG-200182,PTR-004,2023-06-30,916.81,38776.67,ach_remittance
RPY-0001785,ORG-200183,PTR-001,2022-04-30,5024.32,5024.32,manual_payment
RPY-0001786,ORG-200183,PTR-001,2022-05-07,5109.85,10134.17,ach_remittance
RPY-0001787,ORG-200183,PTR-001,2022-05-14,3567.0,13701.17,ach_remittance
RPY-0001788,ORG-200183,PTR-001,2022-05-21,6306.04,20007.21,ach_remittance
RPY-0001789,ORG-200183,PTR-001,2022-05-28,5911.78,25918.99,ach_remittance
RPY-0001790,ORG-200183,PTR-001,2022-06-04,4006.89,29925.88,ach_remittance
RPY-0001791,ORG-200183,PTR-001,2022-06-11,5816.51,35742.39,ach_remittance
RPY-0001792,ORG-200183,PTR-001,2022-06-18,9359.6,45101.99,ach_remittance
RPY-0001793,ORG-200184,PTR-005,2024-07-22,4303.87,4303.87,ach_remittance
RPY-0001794,ORG-200184,PTR-005,2024-07-29,7043.87,11347.74,ach_remittance
RPY-0001795,ORG-200184,PTR-005,2024-08-05,5140.05,16487.79,ach_remittance
RPY-0001796,ORG-200184,PTR-005,2024-08-12,7643.53,24131.32,ach_remittance
RPY-0001797,ORG-200184,PTR-005,2024-08-19,7687.38,31818.7,ach_remittance
RPY-0001798,ORG-200184,PTR-005,2024-08-26,4022.36,35841.06,ach_remittance
RPY-0001799,ORG-200184,PTR-005,2024-09-02,5956.77,41797.83,manual_payment
RPY-0001800,ORG-200184,PTR-005,2024-09-09,7518.34,49316.17,ach_remittance
RPY-0001801,ORG-200185,PTR-003,2025-11-05,1379.96,1379.96,ach_remittance
RPY-0001802,ORG-200185,PTR-003,2025-11-12,1754.91,3134.87,ach_remittance
RPY-0001803,ORG-200185,PTR-003,2025-11-19,1022.92,4157.79,ach_remittance
RPY-0001804,ORG-200185,PTR-003,2025-11-26,1236.05,5393.84,ach_remittance
RPY-0001805,ORG-200185,PTR-003,2025-12-03,1754.9,7148.74,ach_remittance
RPY-0001806,ORG-200185,PTR-003,2025-12-10,1375.05,8523.79,ach_remittance
RPY-0001807,ORG-200185,PTR-003,2025-12-17,1354.3,9878.09,ach_remittance
RPY-0001808,ORG-200185,PTR-003,2025-12-24,1820.57,11698.66,ach_remittance
RPY-0001809,ORG-200185,PTR-003,2025-12-31,1503.97,13202.63,ach_remittance
RPY-0001810,ORG-200185,PTR-003,2026-01-07,1109.75,14312.38,ach_remittance
RPY-0001811,ORG-200185,PTR-003,2026-01-14,1159.81,15472.19,ach_remittance
RPY-0001812,ORG-200185,PTR-003,2026-01-21,1553.03,17025.22,ach_remittance
RPY-0001813,ORG-200185,PTR-003,2026-01-28,1912.28,18937.5,manual_payment
RPY-0001814,ORG-200185,PTR-003,2026-02-04,3082.51,22020.01,ach_remittance
RPY-0001815,ORG-200186,PTR-004,2023-05-10,3980.54,3980.54,ach_remittance
RPY-0001816,ORG-200186,PTR-004,2023-05-17,3364.91,7345.45,ach_remittance
RPY-0001817,ORG-200186,PTR-004,2023-05-24,4379.07,11724.52,ach_remittance
RPY-0001818,ORG-200186,PTR-004,2023-05-31,5193.16,16917.68,ach_remittance
RPY-0001819,ORG-200186,PTR-004,2023-06-07,3601.59,20519.27,ach_remittance
RPY-0001820,ORG-200186,PTR-004,2023-06-14,3857.68,24376.95,ach_remittance
RPY-0001821,ORG-200186,PTR-004,2023-06-21,2328.85,26705.8,ach_remittance
RPY-0001822,ORG-200186,PTR-004,2023-06-28,4563.54,31269.34,ach_remittance
RPY-0001823,ORG-200186,PTR-004,2023-07-05,5042.26,36311.6,ach_remittance
RPY-0001824,ORG-200186,PTR-004,2023-07-12,5169.5,41481.1,ach_remittance
RPY-0001825,ORG-200186,PTR-004,2023-07-19,3778.84,45259.94,ach_remittance
RPY-0001826,ORG-200186,PTR-004,2023-07-26,3142.17,48402.11,ach_remittance
RPY-0001827,ORG-200186,PTR-004,2023-08-02,5167.86,53569.97,ach_remittance
RPY-0001828,ORG-200186,PTR-004,2023-08-09,5241.37,58811.34,ach_remittance
RPY-0001829,ORG-200186,PTR-004,2023-08-16,4656.88,63468.22,ach_remittance
RPY-0001830,ORG-200186,PTR-004,2023-08-23,5025.67,68493.89,ach_remittance
RPY-0001831,ORG-200186,PTR-004,2023-08-30,2591.48,71085.37,ach_remittance
RPY-0001832,ORG-200186,PTR-004,2023-09-06,2374.4,73459.77,ach_remittance
RPY-0001833,ORG-200186,PTR-004,2023-09-13,2605.19,76064.96,manual_payment
RPY-0001834,ORG-200186,PTR-004,2023-09-20,4109.76,80174.72,ach_remittance
RPY-0001835,ORG-200186,PTR-004,2023-09-27,3328.01,83502.73,ach_remittance
RPY-0001836,ORG-200186,PTR-004,2023-10-04,4081.6,87584.33,ach_remittance
RPY-0001837,ORG-200186,PTR-004,2023-10-11,3836.02,91420.35,ach_remittance
RPY-0001838,ORG-200186,PTR-004,2023-10-18,4559.27,95979.62,ach_remittance
RPY-0001839,ORG-200186,PTR-004,2023-10-25,2505.15,98484.77,ach_remittance
RPY-0001840,ORG-200186,PTR-004,2023-11-01,4288.7,102773.47,ach_remittance
RPY-0001841,ORG-200186,PTR-004,2023-11-08,5186.6,107960.07,ach_remittance
RPY-0001842,ORG-200186,PTR-004,2023-11-15,3727.92,111687.99,ach_remittance
RPY-0001843,ORG-200186,PTR-004,2023-11-22,1009.28,112697.27,manual_payment
RPY-0001844,ORG-200187,PTR-006,2025-03-01,503.97,503.97,ach_remittance
RPY-0001845,ORG-200187,PTR-006,2025-03-08,655.67,1159.64,ach_remittance
RPY-0001846,ORG-200187,PTR-006,2025-03-15,656.51,1816.15,ach_remittance
RPY-0001847,ORG-200187,PTR-006,2025-03-22,495.37,2311.52,ach_remittance
RPY-0001848,ORG-200187,PTR-006,2025-03-29,375.41,2686.93,ach_remittance
RPY-0001849,ORG-200187,PTR-006,2025-04-05,352.83,3039.76,ach_remittance
RPY-0001850,ORG-200187,PTR-006,2025-04-12,516.8,3556.56,ach_remittance
RPY-0001851,ORG-200187,PTR-006,2025-04-19,663.55,4220.11,ach_remittance
RPY-0001852,ORG-200188,PTR-001,2023-01-23,121.87,121.87,ach_remittance
RPY-0001853,ORG-200188,PTR-001,2023-01-30,103.35,225.22,ach_remittance
RPY-0001854,ORG-200188,PTR-001,2023-02-06,122.22,347.44,ach_remittance
RPY-0001855,ORG-200188,PTR-001,2023-02-13,95.74,443.18,ach_remittance
RPY-0001856,ORG-200188,PTR-001,2023-02-20,88.81,531.99,ach_remittance
RPY-0001857,ORG-200188,PTR-001,2023-02-27,136.61,668.6,ach_remittance
RPY-0001858,ORG-200188,PTR-001,2023-03-06,85.88,754.48,ach_remittance
RPY-0001859,ORG-200188,PTR-001,2023-03-13,101.94,856.42,ach_remittance
RPY-0001860,ORG-200188,PTR-001,2023-03-20,162.76,1019.18,ach_remittance
RPY-0001861,ORG-200188,PTR-001,2023-03-27,76.47,1095.65,ach_remittance
RPY-0001862,ORG-200188,PTR-001,2023-04-03,122.12,1217.77,ach_remittance
RPY-0001863,ORG-200188,PTR-001,2023-04-10,132.51,1350.28,ach_remittance
RPY-0001864,ORG-200188,PTR-001,2023-04-17,120.88,1471.16,ach_remittance
RPY-0001865,ORG-200188,PTR-001,2023-04-24,99.02,1570.18,ach_remittance
RPY-0001866,ORG-200188,PTR-001,2023-05-01,169.39,1739.57,ach_remittance
RPY-0001867,ORG-200188,PTR-001,2023-05-08,110.34,1849.91,ach_remittance
RPY-0001868,ORG-200188,PTR-001,2023-05-15,75.4,1925.31,ach_remittance
RPY-0001869,ORG-200188,PTR-001,2023-05-22,130.82,2056.13,ach_remittance
RPY-0001870,ORG-200188,PTR-001,2023-05-29,118.97,2175.1,ach_remittance
RPY-0001871,ORG-200188,PTR-001,2023-06-05,108.79,2283.89,manual_payment
RPY-0001872,ORG-200188,PTR-001,2023-06-12,109.16,2393.05,ach_remittance
RPY-0001873,ORG-200188,PTR-001,2023-06-19,167.51,2560.56,manual_payment
RPY-0001874,ORG-200188,PTR-001,2023-06-26,102.33,2662.89,ach_remittance
RPY-0001875,ORG-200188,PTR-001,2023-07-03,284.29,2947.18,manual_payment
RPY-0001876,ORG-200189,PTR-002,2025-11-11,5746.32,5746.32,ach_remittance
RPY-0001877,ORG-200189,PTR-002,2025-11-18,3998.37,9744.69,ach_remittance
RPY-0001878,ORG-200189,PTR-002,2025-11-25,4614.42,14359.11,ach_remittance
RPY-0001879,ORG-200189,PTR-002,2025-12-02,5198.6,19557.71,ach_remittance
RPY-0001880,ORG-200189,PTR-002,2025-12-09,4084.77,23642.48,ach_remittance
RPY-0001881,ORG-200189,PTR-002,2025-12-16,5607.46,29249.94,ach_remittance
RPY-0001882,ORG-200189,PTR-002,2025-12-23,6912.59,36162.53,ach_remittance
RPY-0001883,ORG-200189,PTR-002,2025-12-30,6440.81,42603.34,ach_remittance
RPY-0001884,ORG-200189,PTR-002,2026-01-06,7140.6,49743.94,ach_remittance
RPY-0001885,ORG-200189,PTR-002,2026-01-13,6497.23,56241.17,ach_remittance
RPY-0001886,ORG-200189,PTR-002,2026-01-20,5222.55,61463.72,ach_remittance
RPY-0001887,ORG-200189,PTR-002,2026-01-27,3876.9,65340.62,ach_remittance
RPY-0001888,ORG-200189,PTR-002,2026-02-03,3433.15,68773.77,ach_remittance
RPY-0001889,ORG-200189,PTR-002,2026-02-10,6447.06,75220.83,ach_remittance
RPY-0001890,ORG-200189,PTR-002,2026-02-17,5332.57,80553.4,ach_remittance
RPY-0001891,ORG-200189,PTR-002,2026-02-24,5695.77,86249.17,ach_remittance
RPY-0001892,ORG-200189,PTR-002,2026-03-03,4125.83,90375.0,ach_remittance
RPY-0001893,ORG-200189,PTR-002,2026-03-10,6686.01,97061.01,ach_remittance
RPY-0001894,ORG-200189,PTR-002,2026-03-17,9193.21,106254.22,ach_remittance
RPY-0001895,ORG-200190,PTR-006,2026-04-08,2917.6,2917.6,ach_remittance
RPY-0001896,ORG-200190,PTR-006,2026-04-15,5006.25,7923.85,ach_remittance
RPY-0001897,ORG-200190,PTR-006,2026-04-22,6181.63,14105.48,manual_payment
RPY-0001898,ORG-200190,PTR-006,2026-04-29,3919.67,18025.15,manual_payment
RPY-0001899,ORG-200190,PTR-006,2026-05-06,3155.07,21180.22,ach_remittance
RPY-0001900,ORG-200190,PTR-006,2026-05-13,5038.36,26218.58,ach_remittance
RPY-0001901,ORG-200190,PTR-006,2026-05-20,6394.19,32612.77,ach_remittance
RPY-0001902,ORG-200191,PTR-006,2024-11-07,1677.8,1677.8,manual_payment
RPY-0001903,ORG-200191,PTR-006,2024-11-14,1221.58,2899.38,ach_remittance
RPY-0001904,ORG-200191,PTR-006,2024-11-21,1303.52,4202.9,ach_remittance
RPY-0001905,ORG-200191,PTR-006,2024-11-28,1625.99,5828.89,ach_remittance
RPY-0001906,ORG-200191,PTR-006,2024-12-05,1072.12,6901.01,ach_remittance
RPY-0001907,ORG-200191,PTR-006,2024-12-12,2573.54,9474.55,ach_remittance
RPY-0001908,ORG-200192,PTR-006,2023-04-19,3435.92,3435.92,ach_remittance
RPY-0001909,ORG-200192,PTR-006,2023-04-26,4099.18,7535.1,ach_remittance
RPY-0001910,ORG-200192,PTR-006,2023-05-03,3587.55,11122.65,ach_remittance
RPY-0001911,ORG-200192,PTR-006,2023-05-10,4752.64,15875.29,manual_payment
RPY-0001912,ORG-200192,PTR-006,2023-05-17,4015.19,19890.48,ach_remittance
RPY-0001913,ORG-200192,PTR-006,2023-05-24,3896.5,23786.98,ach_remittance
RPY-0001914,ORG-200192,PTR-006,2023-05-31,4461.46,28248.44,ach_remittance
RPY-0001915,ORG-200193,PTR-004,2022-02-03,800.64,800.64,ach_remittance
RPY-0001916,ORG-200193,PTR-004,2022-02-10,1318.73,2119.37,manual_payment
RPY-0001917,ORG-200193,PTR-004,2022-02-17,836.4,2955.77,ach_remittance
RPY-0001918,ORG-200193,PTR-004,2022-02-24,1255.08,4210.85,ach_remittance
RPY-0001919,ORG-200193,PTR-004,2022-03-03,1568.46,5779.31,ach_remittance
RPY-0001920,ORG-200193,PTR-004,2022-03-10,762.76,6542.07,ach_remittance
RPY-0001921,ORG-200193,PTR-004,2022-03-17,1019.21,7561.28,ach_remittance
RPY-0001922,ORG-200193,PTR-004,2022-03-24,1629.67,9190.95,ach_remittance
RPY-0001923,ORG-200193,PTR-004,2022-03-31,1486.84,10677.79,ach_remittance
RPY-0001924,ORG-200193,PTR-004,2022-04-07,962.93,11640.72,ach_remittance
RPY-0001925,ORG-200193,PTR-004,2022-04-14,1246.99,12887.71,ach_remittance
RPY-0001926,ORG-200193,PTR-004,2022-04-21,1441.33,14329.04,ach_remittance
RPY-0001927,ORG-200193,PTR-004,2022-04-28,1076.89,15405.93,ach_remittance
RPY-0001928,ORG-200193,PTR-004,2022-05-05,1266.88,16672.81,ach_remittance
RPY-0001929,ORG-200193,PTR-004,2022-05-12,1155.81,17828.62,ach_remittance
RPY-0001930,ORG-200193,PTR-004,2022-05-19,1421.2,19249.82,ach_remittance
RPY-0001931,ORG-200193,PTR-004,2022-05-26,936.88,20186.7,ach_remittance
RPY-0001932,ORG-200193,PTR-004,2022-06-02,1290.48,21477.18,ach_remittance
RPY-0001933,ORG-200193,PTR-004,2022-06-09,795.43,22272.61,manual_payment
RPY-0001934,ORG-200193,PTR-004,2022-06-16,766.05,23038.66,ach_remittance
RPY-0001935,ORG-200193,PTR-004,2022-06-23,1612.26,24650.92,ach_remittance
RPY-0001936,ORG-200193,PTR-004,2022-06-30,1338.07,25988.99,ach_remittance
RPY-0001937,ORG-200193,PTR-004,2022-07-07,1284.48,27273.47,manual_payment
RPY-0001938,ORG-200193,PTR-004,2022-07-14,773.81,28047.28,ach_remittance
RPY-0001939,ORG-200193,PTR-004,2022-07-21,1210.04,29257.32,ach_remittance
RPY-0001940,ORG-200194,PTR-004,2024-06-07,4574.62,4574.62,ach_remittance
RPY-0001941,ORG-200194,PTR-004,2024-06-14,4545.8,9120.42,manual_payment
RPY-0001942,ORG-200194,PTR-004,2024-06-21,3533.05,12653.47,ach_remittance
RPY-0001943,ORG-200194,PTR-004,2024-06-28,5829.72,18483.19,ach_remittance
RPY-0001944,ORG-200194,PTR-004,2024-07-05,3484.55,21967.74,ach_remittance
RPY-0001945,ORG-200194,PTR-004,2024-07-12,4049.9,26017.64,ach_remittance
RPY-0001946,ORG-200194,PTR-004,2024-07-19,5771.13,31788.77,ach_remittance
RPY-0001947,ORG-200194,PTR-004,2024-07-26,4728.76,36517.53,ach_remittance
RPY-0001948,ORG-200194,PTR-004,2024-08-02,4914.92,41432.45,ach_remittance
RPY-0001949,ORG-200194,PTR-004,2024-08-09,6215.21,47647.66,ach_remittance
RPY-0001950,ORG-200195,PTR-002,2022-09-27,3169.58,3169.58,manual_payment
RPY-0001951,ORG-200195,PTR-002,2022-10-04,3486.71,6656.29,ach_remittance
RPY-0001952,ORG-200195,PTR-002,2022-10-11,1800.03,8456.32,ach_remittance
RPY-0001953,ORG-200195,PTR-002,2022-10-18,2352.38,10808.7,ach_remittance
RPY-0001954,ORG-200195,PTR-002,2022-10-25,2997.9,13806.6,ach_remittance
RPY-0001955,ORG-200195,PTR-002,2022-11-01,2969.95,16776.55,ach_remittance
RPY-0001956,ORG-200195,PTR-002,2022-11-08,3527.17,20303.72,manual_payment
RPY-0001957,ORG-200195,PTR-002,2022-11-15,2240.95,22544.67,ach_remittance
RPY-0001958,ORG-200195,PTR-002,2022-11-22,1635.1,24179.77,ach_remittance
RPY-0001959,ORG-200195,PTR-002,2022-11-29,2374.01,26553.78,ach_remittance
RPY-0001960,ORG-200196,PTR-004,2022-07-31,622.5,622.5,ach_remittance
RPY-0001961,ORG-200196,PTR-004,2022-08-07,707.71,1330.21,ach_remittance
RPY-0001962,ORG-200196,PTR-004,2022-08-14,524.03,1854.24,ach_remittance
RPY-0001963,ORG-200196,PTR-004,2022-08-21,475.22,2329.46,ach_remittance
RPY-0001964,ORG-200196,PTR-004,2022-08-28,791.18,3120.64,ach_remittance
RPY-0001965,ORG-200197,PTR-001,2025-05-04,4635.18,4635.18,ach_remittance
RPY-0001966,ORG-200197,PTR-001,2025-05-11,2867.84,7503.02,ach_remittance
RPY-0001967,ORG-200197,PTR-001,2025-05-18,4188.0,11691.02,ach_remittance
RPY-0001968,ORG-200197,PTR-001,2025-05-25,4643.96,16334.98,ach_remittance
RPY-0001969,ORG-200197,PTR-001,2025-06-01,3854.56,20189.54,ach_remittance
RPY-0001970,ORG-200197,PTR-001,2025-06-08,3443.25,23632.79,ach_remittance
RPY-0001971,ORG-200197,PTR-001,2025-06-15,3595.43,27228.22,ach_remittance
RPY-0001972,ORG-200197,PTR-001,2025-06-22,2780.78,30009.0,manual_payment
RPY-0001973,ORG-200197,PTR-001,2025-06-29,3607.69,33616.69,ach_remittance
RPY-0001974,ORG-200198,PTR-002,2024-06-14,1133.82,1133.82,ach_remittance
RPY-0001975,ORG-200198,PTR-002,2024-06-21,1697.46,2831.28,ach_remittance
RPY-0001976,ORG-200198,PTR-002,2024-06-28,2094.98,4926.26,ach_remittance
RPY-0001977,ORG-200198,PTR-002,2024-07-05,2231.75,7158.01,ach_remittance
RPY-0001978,ORG-200198,PTR-002,2024-07-12,2254.24,9412.25,ach_remittance
RPY-0001979,ORG-200198,PTR-002,2024-07-19,1937.48,11349.73,ach_remittance
RPY-0001980,ORG-200198,PTR-002,2024-07-26,1423.69,12773.42,ach_remittance
RPY-0001981,ORG-200198,PTR-002,2024-08-02,1226.43,13999.85,ach_remittance
RPY-0001982,ORG-200199,PTR-006,2024-05-21,7026.12,7026.12,ach_remittance
RPY-0001983,ORG-200199,PTR-006,2024-05-28,7791.34,14817.46,ach_remittance
RPY-0001984,ORG-200199,PTR-006,2024-06-04,10884.04,25701.5,ach_remittance
RPY-0001985,ORG-200199,PTR-006,2024-06-11,12930.8,38632.3,ach_remittance
RPY-0001986,ORG-200200,PTR-006,2025-09-15,530.62,530.62,ach_remittance
RPY-0001987,ORG-200200,PTR-006,2025-09-22,329.11,859.73,ach_remittance
RPY-0001988,ORG-200200,PTR-006,2025-09-29,417.29,1277.02,ach_remittance
RPY-0001989,ORG-200200,PTR-006,2025-10-06,472.02,1749.04,ach_remittance
RPY-0001990,ORG-200200,PTR-006,2025-10-13,509.03,2258.07,ach_remittance
RPY-0001991,ORG-200200,PTR-006,2025-10-20,416.02,2674.09,manual_payment
RPY-0001992,ORG-200200,PTR-006,2025-10-27,450.52,3124.61,ach_remittance
RPY-0001993,ORG-200200,PTR-006,2025-11-03,354.93,3479.54,ach_remittance
RPY-0001994,ORG-200200,PTR-006,2025-11-10,496.39,3975.93,ach_remittance
RPY-0001995,ORG-200200,PTR-006,2025-11-17,498.63,4474.56,ach_remittance
RPY-0001996,ORG-200200,PTR-006,2025-11-24,323.09,4797.65,ach_remittance
RPY-0001997,ORG-200200,PTR-006,2025-12-01,321.79,5119.44,ach_remittance
RPY-0001998,ORG-200200,PTR-006,2025-12-08,386.63,5506.07,ach_remittance
RPY-0001999,ORG-200200,PTR-006,2025-12-15,268.99,5775.06,ach_remittance
RPY-0002000,ORG-200200,PTR-006,2025-12-22,483.83,6258.89,ach_remittance
RPY-0002001,ORG-200200,PTR-006,2025-12-29,432.48,6691.37,ach_remittance
RPY-0002002,ORG-200200,PTR-006,2026-01-05,332.55,7023.92,ach_remittance
RPY-0002003,ORG-200200,PTR-006,2026-01-12,512.09,7536.01,ach_remittance
RPY-0002004,ORG-200200,PTR-006,2026-01-19,408.94,7944.95,ach_remittance
RPY-0002005,ORG-200200,PTR-006,2026-01-26,353.18,8298.13,ach_remittance
RPY-0002006,ORG-200200,PTR-006,2026-02-02,552.46,8850.59,manual_payment
RPY-0002007,ORG-200200,PTR-006,2026-02-09,497.13,9347.72,ach_remittance
RPY-0002008,ORG-200200,PTR-006,2026-02-16,248.05,9595.77,manual_payment
RPY-0002009,ORG-200201,PTR-006,2024-07-02,2630.08,2630.08,ach_remittance
RPY-0002010,ORG-200201,PTR-006,2024-07-09,2313.82,4943.9,manual_payment
RPY-0002011,ORG-200201,PTR-006,2024-07-16,3618.93,8562.83,ach_remittance
RPY-0002012,ORG-200201,PTR-006,2024-07-23,2209.93,10772.76,ach_remittance
RPY-0002013,ORG-200201,PTR-006,2024-07-30,3833.35,14606.11,ach_remittance
RPY-0002014,ORG-200201,PTR-006,2024-08-06,3749.54,18355.65,ach_remittance
RPY-0002015,ORG-200201,PTR-006,2024-08-13,2660.71,21016.36,manual_payment
RPY-0002016,ORG-200201,PTR-006,2024-08-20,3719.57,24735.93,ach_remittance
RPY-0002017,ORG-200201,PTR-006,2024-08-27,3889.97,28625.9,ach_remittance
RPY-0002018,ORG-200201,PTR-006,2024-09-03,2676.07,31301.97,ach_remittance
RPY-0002019,ORG-200201,PTR-006,2024-09-10,3376.57,34678.54,ach_remittance
RPY-0002020,ORG-200201,PTR-006,2024-09-17,3613.25,38291.79,ach_remittance
RPY-0002021,ORG-200201,PTR-006,2024-09-24,3333.08,41624.87,ach_remittance
RPY-0002022,ORG-200201,PTR-006,2024-10-01,2535.46,44160.33,ach_remittance
RPY-0002023,ORG-200201,PTR-006,2024-10-08,3597.58,47757.91,ach_remittance
RPY-0002024,ORG-200201,PTR-006,2024-10-15,2768.8,50526.71,manual_payment
RPY-0002025,ORG-200201,PTR-006,2024-10-22,1845.69,52372.4,ach_remittance
RPY-0002026,ORG-200201,PTR-006,2024-10-29,3175.85,55548.25,ach_remittance
RPY-0002027,ORG-200201,PTR-006,2024-11-05,2038.97,57587.22,ach_remittance
RPY-0002028,ORG-200201,PTR-006,2024-11-12,3171.57,60758.79,ach_remittance
RPY-0002029,ORG-200201,PTR-006,2024-11-19,1915.03,62673.82,ach_remittance
RPY-0002030,ORG-200201,PTR-006,2024-11-26,2914.01,65587.83,ach_remittance
RPY-0002031,ORG-200201,PTR-006,2024-12-03,3637.14,69224.97,ach_remittance
RPY-0002032,ORG-200201,PTR-006,2024-12-10,2683.83,71908.8,ach_remittance
RPY-0002033,ORG-200202,PTR-003,2024-02-19,2921.66,2921.66,ach_remittance
RPY-0002034,ORG-200202,PTR-003,2024-02-26,5016.24,7937.9,ach_remittance
RPY-0002035,ORG-200202,PTR-003,2024-03-04,4127.33,12065.23,ach_remittance
RPY-0002036,ORG-200202,PTR-003,2024-03-11,5169.19,17234.42,ach_remittance
RPY-0002037,ORG-200202,PTR-003,2024-03-18,4351.09,21585.51,ach_remittance
RPY-0002038,ORG-200202,PTR-003,2024-03-25,3450.97,25036.48,ach_remittance
RPY-0002039,ORG-200202,PTR-003,2024-04-01,3028.6,28065.08,manual_payment
RPY-0002040,ORG-200202,PTR-003,2024-04-08,3351.69,31416.77,ach_remittance
RPY-0002041,ORG-200202,PTR-003,2024-04-15,2600.44,34017.21,ach_remittance
RPY-0002042,ORG-200202,PTR-003,2024-04-22,3553.28,37570.49,ach_remittance
RPY-0002043,ORG-200202,PTR-003,2024-04-29,3608.89,41179.38,ach_remittance
RPY-0002044,ORG-200202,PTR-003,2024-05-06,2603.93,43783.31,ach_remittance
RPY-0002045,ORG-200202,PTR-003,2024-05-13,2819.89,46603.2,ach_remittance
RPY-0002046,ORG-200202,PTR-003,2024-05-20,4593.53,51196.73,ach_remittance
RPY-0002047,ORG-200202,PTR-003,2024-05-27,3730.2,54926.93,ach_remittance
RPY-0002048,ORG-200202,PTR-003,2024-06-03,4816.04,59742.97,ach_remittance
RPY-0002049,ORG-200202,PTR-003,2024-06-10,5232.39,64975.36,ach_remittance
RPY-0002050,ORG-200202,PTR-003,2024-06-17,4278.92,69254.28,ach_remittance
RPY-0002051,ORG-200202,PTR-003,2024-06-24,1951.7,71205.98,ach_remittance
RPY-0002052,ORG-200203,PTR-002,2022-10-07,2645.06,2645.06,ach_remittance
RPY-0002053,ORG-200203,PTR-002,2022-10-14,2612.66,5257.72,ach_remittance
RPY-0002054,ORG-200203,PTR-002,2022-10-21,3105.23,8362.95,manual_payment
RPY-0002055,ORG-200203,PTR-002,2022-10-28,3012.58,11375.53,manual_payment
RPY-0002056,ORG-200203,PTR-002,2022-11-04,3874.78,15250.31,ach_remittance
RPY-0002057,ORG-200203,PTR-002,2022-11-11,2545.37,17795.68,ach_remittance
RPY-0002058,ORG-200203,PTR-002,2022-11-18,3274.86,21070.54,ach_remittance
RPY-0002059,ORG-200203,PTR-002,2022-11-25,3364.23,24434.77,ach_remittance
RPY-0002060,ORG-200203,PTR-002,2022-12-02,1741.07,26175.84,ach_remittance
RPY-0002061,ORG-200203,PTR-002,2022-12-09,2606.76,28782.6,ach_remittance
RPY-0002062,ORG-200203,PTR-002,2022-12-16,3275.94,32058.54,ach_remittance
RPY-0002063,ORG-200203,PTR-002,2022-12-23,3785.26,35843.8,manual_payment
RPY-0002064,ORG-200203,PTR-002,2022-12-30,2142.16,37985.96,ach_remittance
RPY-0002065,ORG-200203,PTR-002,2023-01-06,2864.69,40850.65,ach_remittance
RPY-0002066,ORG-200203,PTR-002,2023-01-13,2807.63,43658.28,manual_payment
RPY-0002067,ORG-200203,PTR-002,2023-01-20,3365.82,47024.1,ach_remittance
RPY-0002068,ORG-200203,PTR-002,2023-01-27,2328.94,49353.04,ach_remittance
RPY-0002069,ORG-200203,PTR-002,2023-02-03,3984.15,53337.19,ach_remittance
RPY-0002070,ORG-200203,PTR-002,2023-02-10,3972.29,57309.48,ach_remittance
RPY-0002071,ORG-200203,PTR-002,2023-02-17,2559.86,59869.34,ach_remittance
RPY-0002072,ORG-200203,PTR-002,2023-02-24,3809.61,63678.95,ach_remittance
RPY-0002073,ORG-200203,PTR-002,2023-03-03,2588.49,66267.44,ach_remittance
RPY-0002074,ORG-200204,PTR-005,2023-01-29,2859.37,2859.37,ach_remittance
RPY-0002075,ORG-200204,PTR-005,2023-02-05,5297.55,8156.92,ach_remittance
RPY-0002076,ORG-200204,PTR-005,2023-02-12,6349.95,14506.87,ach_remittance
RPY-0002077,ORG-200204,PTR-005,2023-02-19,2877.31,17384.18,ach_remittance
RPY-0002078,ORG-200204,PTR-005,2023-02-26,5308.7,22692.88,ach_remittance
RPY-0002079,ORG-200204,PTR-005,2023-03-05,4522.64,27215.52,ach_remittance
RPY-0002080,ORG-200204,PTR-005,2023-03-12,5883.04,33098.56,ach_remittance
RPY-0002081,ORG-200204,PTR-005,2023-03-19,3069.37,36167.93,ach_remittance
RPY-0002082,ORG-200204,PTR-005,2023-03-26,3386.2,39554.13,ach_remittance
RPY-0002083,ORG-200204,PTR-005,2023-04-02,4579.94,44134.07,ach_remittance
RPY-0002084,ORG-200204,PTR-005,2023-04-09,5970.42,50104.49,ach_remittance
RPY-0002085,ORG-200204,PTR-005,2023-04-16,4852.14,54956.63,ach_remittance
RPY-0002086,ORG-200204,PTR-005,2023-04-23,4642.8,59599.43,ach_remittance
RPY-0002087,ORG-200204,PTR-005,2023-04-30,4244.04,63843.47,manual_payment
RPY-0002088,ORG-200204,PTR-005,2023-05-07,5524.19,69367.66,ach_remittance
RPY-0002089,ORG-200204,PTR-005,2023-05-14,3402.69,72770.35,ach_remittance
RPY-0002090,ORG-200205,PTR-001,2024-07-25,3162.08,3162.08,ach_remittance
RPY-0002091,ORG-200205,PTR-001,2024-08-01,1782.81,4944.89,ach_remittance
RPY-0002092,ORG-200205,PTR-001,2024-08-08,2701.91,7646.8,ach_remittance
RPY-0002093,ORG-200205,PTR-001,2024-08-15,3929.73,11576.53,ach_remittance
RPY-0002094,ORG-200205,PTR-001,2024-08-22,2459.65,14036.18,ach_remittance
RPY-0002095,ORG-200206,PTR-002,2023-05-14,2977.42,2977.42,ach_remittance
RPY-0002096,ORG-200206,PTR-002,2023-05-21,3239.09,6216.51,ach_remittance
RPY-0002097,ORG-200206,PTR-002,2023-05-28,3671.93,9888.44,ach_remittance
RPY-0002098,ORG-200206,PTR-002,2023-06-04,4981.59,14870.03,ach_remittance
RPY-0002099,ORG-200206,PTR-002,2023-06-11,4402.49,19272.52,ach_remittance
RPY-0002100,ORG-200206,PTR-002,2023-06-18,5521.91,24794.43,ach_remittance
RPY-0002101,ORG-200206,PTR-002,2023-06-25,5091.22,29885.65,ach_remittance
RPY-0002102,ORG-200206,PTR-002,2023-07-02,5022.24,34907.89,ach_remittance
RPY-0002103,ORG-200206,PTR-002,2023-07-09,4479.87,39387.76,ach_remittance
RPY-0002104,ORG-200206,PTR-002,2023-07-16,5802.41,45190.17,ach_remittance
RPY-0002105,ORG-200206,PTR-002,2023-07-23,4658.7,49848.87,ach_remittance
RPY-0002106,ORG-200206,PTR-002,2023-07-30,5345.0,55193.87,ach_remittance
RPY-0002107,ORG-200206,PTR-002,2023-08-06,4838.97,60032.84,ach_remittance
RPY-0002108,ORG-200206,PTR-002,2023-08-13,2056.8,62089.64,ach_remittance
RPY-0002109,ORG-200207,PTR-001,2022-06-19,2989.96,2989.96,ach_remittance
RPY-0002110,ORG-200207,PTR-001,2022-06-26,5499.76,8489.72,ach_remittance
RPY-0002111,ORG-200207,PTR-001,2022-07-03,4236.0,12725.72,ach_remittance
RPY-0002112,ORG-200207,PTR-001,2022-07-10,2654.31,15380.03,manual_payment
RPY-0002113,ORG-200207,PTR-001,2022-07-17,2645.55,18025.58,ach_remittance
RPY-0002114,ORG-200207,PTR-001,2022-07-24,3909.33,21934.91,manual_payment
RPY-0002115,ORG-200207,PTR-001,2022-07-31,4694.39,26629.3,ach_remittance
RPY-0002116,ORG-200207,PTR-001,2022-08-07,3338.58,29967.88,ach_remittance
RPY-0002117,ORG-200207,PTR-001,2022-08-14,2767.57,32735.45,ach_remittance
RPY-0002118,ORG-200207,PTR-001,2022-08-21,2874.6,35610.05,ach_remittance
RPY-0002119,ORG-200207,PTR-001,2022-08-28,10140.79,45750.84,ach_remittance
RPY-0002120,ORG-200208,PTR-002,2023-01-26,648.81,648.81,ach_remittance
RPY-0002121,ORG-200208,PTR-002,2023-02-02,533.15,1181.96,ach_remittance
RPY-0002122,ORG-200208,PTR-002,2023-02-09,287.63,1469.59,ach_remittance
RPY-0002123,ORG-200208,PTR-002,2023-02-16,285.9,1755.49,ach_remittance
RPY-0002124,ORG-200208,PTR-002,2023-02-23,453.28,2208.77,ach_remittance
RPY-0002125,ORG-200208,PTR-002,2023-03-02,527.28,2736.05,ach_remittance
RPY-0002126,ORG-200208,PTR-002,2023-03-09,552.82,3288.87,ach_remittance
RPY-0002127,ORG-200208,PTR-002,2023-03-16,585.49,3874.36,ach_remittance
RPY-0002128,ORG-200208,PTR-002,2023-03-23,539.62,4413.98,ach_remittance
RPY-0002129,ORG-200208,PTR-002,2023-03-30,533.79,4947.77,ach_remittance
RPY-0002130,ORG-200208,PTR-002,2023-04-06,313.75,5261.52,ach_remittance
RPY-0002131,ORG-200208,PTR-002,2023-04-13,352.39,5613.91,ach_remittance
RPY-0002132,ORG-200208,PTR-002,2023-04-20,541.63,6155.54,ach_remittance
RPY-0002133,ORG-200208,PTR-002,2023-04-27,290.97,6446.51,ach_remittance
RPY-0002134,ORG-200208,PTR-002,2023-05-04,335.29,6781.8,ach_remittance
RPY-0002135,ORG-200208,PTR-002,2023-05-11,596.34,7378.14,ach_remittance
RPY-0002136,ORG-200208,PTR-002,2023-05-18,482.65,7860.79,manual_payment
RPY-0002137,ORG-200208,PTR-002,2023-05-25,566.85,8427.64,ach_remittance
RPY-0002138,ORG-200209,PTR-002,2023-02-24,407.91,407.91,ach_remittance
RPY-0002139,ORG-200209,PTR-002,2023-03-03,304.64,712.55,ach_remittance
RPY-0002140,ORG-200209,PTR-002,2023-03-10,422.23,1134.78,ach_remittance
RPY-0002141,ORG-200209,PTR-002,2023-03-17,445.06,1579.84,ach_remittance
RPY-0002142,ORG-200209,PTR-002,2023-03-24,529.16,2109.0,ach_remittance
RPY-0002143,ORG-200209,PTR-002,2023-03-31,281.18,2390.18,ach_remittance
RPY-0002144,ORG-200209,PTR-002,2023-04-07,451.37,2841.55,ach_remittance
RPY-0002145,ORG-200209,PTR-002,2023-04-14,602.11,3443.66,ach_remittance
RPY-0002146,ORG-200209,PTR-002,2023-04-21,577.94,4021.6,ach_remittance
RPY-0002147,ORG-200209,PTR-002,2023-04-28,289.65,4311.25,manual_payment
RPY-0002148,ORG-200209,PTR-002,2023-05-05,473.89,4785.14,ach_remittance
RPY-0002149,ORG-200209,PTR-002,2023-05-12,363.65,5148.79,ach_remittance
RPY-0002150,ORG-200209,PTR-002,2023-05-19,585.63,5734.42,ach_remittance
RPY-0002151,ORG-200209,PTR-002,2023-05-26,490.43,6224.85,ach_remittance
RPY-0002152,ORG-200209,PTR-002,2023-06-02,474.09,6698.94,ach_remittance
RPY-0002153,ORG-200210,PTR-004,2026-01-11,4314.48,4314.48,ach_remittance
RPY-0002154,ORG-200210,PTR-004,2026-01-18,7070.12,11384.6,ach_remittance
RPY-0002155,ORG-200210,PTR-004,2026-01-25,5884.62,17269.22,ach_remittance
RPY-0002156,ORG-200210,PTR-004,2026-02-01,6392.67,23661.89,ach_remittance
RPY-0002157,ORG-200210,PTR-004,2026-02-08,2182.16,25844.05,ach_remittance
RPY-0002158,ORG-200211,PTR-005,2024-10-15,4051.38,4051.38,manual_payment
RPY-0002159,ORG-200211,PTR-005,2024-10-22,8289.86,12341.24,ach_remittance
RPY-0002160,ORG-200211,PTR-005,2024-10-29,4618.42,16959.66,ach_remittance
RPY-0002161,ORG-200211,PTR-005,2024-11-05,8358.74,25318.4,manual_payment
RPY-0002162,ORG-200211,PTR-005,2024-11-12,6450.2,31768.6,manual_payment
RPY-0002163,ORG-200212,PTR-004,2022-11-13,1975.89,1975.89,ach_remittance
RPY-0002164,ORG-200212,PTR-004,2022-11-20,1167.81,3143.7,ach_remittance
RPY-0002165,ORG-200212,PTR-004,2022-11-27,2259.95,5403.65,ach_remittance
RPY-0002166,ORG-200212,PTR-004,2022-12-04,2196.89,7600.54,ach_remittance
RPY-0002167,ORG-200212,PTR-004,2022-12-11,2234.66,9835.2,ach_remittance
RPY-0002168,ORG-200212,PTR-004,2022-12-18,2346.62,12181.82,ach_remittance
RPY-0002169,ORG-200212,PTR-004,2022-12-25,1914.88,14096.7,ach_remittance
RPY-0002170,ORG-200212,PTR-004,2023-01-01,1337.96,15434.66,ach_remittance
RPY-0002171,ORG-200212,PTR-004,2023-01-08,1393.9,16828.56,ach_remittance
RPY-0002172,ORG-200212,PTR-004,2023-01-15,2156.89,18985.45,ach_remittance
RPY-0002173,ORG-200212,PTR-004,2023-01-22,2205.94,21191.39,ach_remittance
RPY-0002174,ORG-200212,PTR-004,2023-01-29,2364.28,23555.67,ach_remittance
RPY-0002175,ORG-200212,PTR-004,2023-02-05,1624.93,25180.6,ach_remittance
RPY-0002176,ORG-200212,PTR-004,2023-02-12,1273.67,26454.27,ach_remittance
RPY-0002177,ORG-200212,PTR-004,2023-02-19,2508.93,28963.2,ach_remittance
RPY-0002178,ORG-200212,PTR-004,2023-02-26,1103.85,30067.05,ach_remittance
RPY-0002179,ORG-200212,PTR-004,2023-03-05,936.45,31003.5,ach_remittance
RPY-0002180,ORG-200213,PTR-003,2024-06-04,1916.46,1916.46,ach_remittance
RPY-0002181,ORG-200213,PTR-003,2024-06-11,2448.95,4365.41,ach_remittance
RPY-0002182,ORG-200213,PTR-003,2024-06-18,1236.3,5601.71,ach_remittance
RPY-0002183,ORG-200213,PTR-003,2024-06-25,1204.89,6806.6,ach_remittance
RPY-0002184,ORG-200213,PTR-003,2024-07-02,2685.24,9491.84,manual_payment
RPY-0002185,ORG-200213,PTR-003,2024-07-09,1688.23,11180.07,ach_remittance
RPY-0002186,ORG-200213,PTR-003,2024-07-16,2692.9,13872.97,ach_remittance
RPY-0002187,ORG-200214,PTR-001,2023-09-05,8062.07,8062.07,ach_remittance
RPY-0002188,ORG-200214,PTR-001,2023-09-12,8177.44,16239.51,ach_remittance
RPY-0002189,ORG-200214,PTR-001,2023-09-19,6080.25,22319.76,ach_remittance
RPY-0002190,ORG-200214,PTR-001,2023-09-26,9170.24,31490.0,ach_remittance
RPY-0002191,ORG-200214,PTR-001,2023-10-03,4983.88,36473.88,ach_remittance
RPY-0002192,ORG-200214,PTR-001,2023-10-10,7745.81,44219.69,ach_remittance
RPY-0002193,ORG-200214,PTR-001,2023-10-17,7637.34,51857.03,ach_remittance
RPY-0002194,ORG-200214,PTR-001,2023-10-24,6624.77,58481.8,ach_remittance
RPY-0002195,ORG-200214,PTR-001,2023-10-31,8679.12,67160.92,ach_remittance
RPY-0002196,ORG-200214,PTR-001,2023-11-07,8476.68,75637.6,ach_remittance
RPY-0002197,ORG-200214,PTR-001,2023-11-14,4636.11,80273.71,ach_remittance
RPY-0002198,ORG-200214,PTR-001,2023-11-21,6334.97,86608.68,ach_remittance
RPY-0002199,ORG-200214,PTR-001,2023-11-28,9057.25,95665.93,ach_remittance
RPY-0002200,ORG-200214,PTR-001,2023-12-05,7172.95,102838.88,ach_remittance
RPY-0002201,ORG-200214,PTR-001,2023-12-12,7011.13,109850.01,ach_remittance
RPY-0002202,ORG-200214,PTR-001,2023-12-19,1290.36,111140.37,ach_remittance
RPY-0002203,ORG-200215,PTR-006,2026-02-15,382.69,382.69,ach_remittance
RPY-0002204,ORG-200215,PTR-006,2026-02-22,221.7,604.39,ach_remittance
RPY-0002205,ORG-200215,PTR-006,2026-03-01,243.11,847.5,ach_remittance
RPY-0002206,ORG-200215,PTR-006,2026-03-08,413.22,1260.72,ach_remittance
RPY-0002207,ORG-200215,PTR-006,2026-03-15,481.62,1742.34,ach_remittance
RPY-0002208,ORG-200215,PTR-006,2026-03-22,483.3,2225.64,ach_remittance
RPY-0002209,ORG-200215,PTR-006,2026-03-29,456.99,2682.63,ach_remittance
RPY-0002210,ORG-200215,PTR-006,2026-04-05,356.65,3039.28,ach_remittance
RPY-0002211,ORG-200215,PTR-006,2026-04-12,305.8,3345.08,ach_remittance
RPY-0002212,ORG-200215,PTR-006,2026-04-19,426.54,3771.62,ach_remittance
RPY-0002213,ORG-200215,PTR-006,2026-04-26,395.32,4166.94,ach_remittance
RPY-0002214,ORG-200215,PTR-006,2026-05-03,349.22,4516.16,ach_remittance
RPY-0002215,ORG-200216,PTR-003,2024-07-09,1448.64,1448.64,ach_remittance
RPY-0002216,ORG-200216,PTR-003,2024-07-16,1921.24,3369.88,ach_remittance
RPY-0002217,ORG-200216,PTR-003,2024-07-23,1676.79,5046.67,ach_remittance
RPY-0002218,ORG-200216,PTR-003,2024-07-30,2194.8,7241.47,ach_remittance
RPY-0002219,ORG-200216,PTR-003,2024-08-06,2133.61,9375.08,ach_remittance
RPY-0002220,ORG-200216,PTR-003,2024-08-13,1466.44,10841.52,ach_remittance
RPY-0002221,ORG-200216,PTR-003,2024-08-20,1578.12,12419.64,ach_remittance
RPY-0002222,ORG-200216,PTR-003,2024-08-27,147.13,12566.77,ach_remittance
RPY-0002223,ORG-200217,PTR-006,2024-04-23,796.69,796.69,ach_remittance
RPY-0002224,ORG-200217,PTR-006,2024-04-30,665.0,1461.69,ach_remittance
RPY-0002225,ORG-200217,PTR-006,2024-05-07,861.73,2323.42,ach_remittance
RPY-0002226,ORG-200217,PTR-006,2024-05-14,596.2,2919.62,ach_remittance
RPY-0002227,ORG-200217,PTR-006,2024-05-21,1175.42,4095.04,ach_remittance
RPY-0002228,ORG-200217,PTR-006,2024-05-28,1292.7,5387.74,ach_remittance
RPY-0002229,ORG-200217,PTR-006,2024-06-04,792.01,6179.75,ach_remittance
RPY-0002230,ORG-200217,PTR-006,2024-06-11,1141.6,7321.35,manual_payment
RPY-0002231,ORG-200217,PTR-006,2024-06-18,994.37,8315.72,manual_payment
RPY-0002232,ORG-200217,PTR-006,2024-06-25,609.01,8924.73,ach_remittance
RPY-0002233,ORG-200217,PTR-006,2024-07-02,812.1,9736.83,ach_remittance
RPY-0002234,ORG-200217,PTR-006,2024-07-09,833.65,10570.48,ach_remittance
RPY-0002235,ORG-200217,PTR-006,2024-07-16,1214.25,11784.73,ach_remittance
RPY-0002236,ORG-200217,PTR-006,2024-07-23,676.54,12461.27,ach_remittance
RPY-0002237,ORG-200217,PTR-006,2024-07-30,1907.82,14369.09,ach_remittance
RPY-0002238,ORG-200218,PTR-004,2025-10-12,3131.81,3131.81,ach_remittance
RPY-0002239,ORG-200218,PTR-004,2025-10-19,3269.32,6401.13,ach_remittance
RPY-0002240,ORG-200218,PTR-004,2025-10-26,3468.88,9870.01,ach_remittance
RPY-0002241,ORG-200218,PTR-004,2025-11-02,2941.39,12811.4,ach_remittance
RPY-0002242,ORG-200218,PTR-004,2025-11-09,2937.6,15749.0,ach_remittance
RPY-0002243,ORG-200218,PTR-004,2025-11-16,3070.75,18819.75,ach_remittance
RPY-0002244,ORG-200218,PTR-004,2025-11-23,1801.29,20621.04,ach_remittance
RPY-0002245,ORG-200218,PTR-004,2025-11-30,2107.58,22728.62,ach_remittance
RPY-0002246,ORG-200218,PTR-004,2025-12-07,3694.82,26423.44,ach_remittance
RPY-0002247,ORG-200218,PTR-004,2025-12-14,3783.03,30206.47,ach_remittance
RPY-0002248,ORG-200218,PTR-004,2025-12-21,1725.23,31931.7,ach_remittance
RPY-0002249,ORG-200218,PTR-004,2025-12-28,2232.97,34164.67,ach_remittance
RPY-0002250,ORG-200218,PTR-004,2026-01-04,3674.16,37838.83,ach_remittance
RPY-0002251,ORG-200218,PTR-004,2026-01-11,3493.03,41331.86,ach_remittance
RPY-0002252,ORG-200218,PTR-004,2026-01-18,2584.11,43915.97,manual_payment
RPY-0002253,ORG-200218,PTR-004,2026-01-25,3616.54,47532.51,manual_payment
RPY-0002254,ORG-200218,PTR-004,2026-02-01,2663.13,50195.64,ach_remittance
RPY-0002255,ORG-200218,PTR-004,2026-02-08,3611.32,53806.96,ach_remittance
RPY-0002256,ORG-200218,PTR-004,2026-02-15,2259.65,56066.61,ach_remittance
RPY-0002257,ORG-200218,PTR-004,2026-02-22,1905.52,57972.13,ach_remittance
RPY-0002258,ORG-200218,PTR-004,2026-03-01,2005.81,59977.94,ach_remittance
RPY-0002259,ORG-200218,PTR-004,2026-03-08,1883.75,61861.69,ach_remittance
RPY-0002260,ORG-200218,PTR-004,2026-03-15,2640.32,64502.01,ach_remittance
RPY-0002261,ORG-200219,PTR-002,2024-02-16,3417.96,3417.96,ach_remittance
RPY-0002262,ORG-200219,PTR-002,2024-02-23,5741.53,9159.49,ach_remittance
RPY-0002263,ORG-200219,PTR-002,2024-03-01,5364.8,14524.29,ach_remittance
RPY-0002264,ORG-200219,PTR-002,2024-03-08,7243.41,21767.7,ach_remittance
RPY-0002265,ORG-200219,PTR-002,2024-03-15,4553.72,26321.42,ach_remittance
RPY-0002266,ORG-200219,PTR-002,2024-03-22,3475.84,29797.26,manual_payment
RPY-0002267,ORG-200219,PTR-002,2024-03-29,5897.26,35694.52,ach_remittance
RPY-0002268,ORG-200219,PTR-002,2024-04-05,3276.21,38970.73,ach_remittance
RPY-0002269,ORG-200219,PTR-002,2024-04-12,5695.35,44666.08,ach_remittance
RPY-0002270,ORG-200219,PTR-002,2024-04-19,8614.41,53280.49,ach_remittance
RPY-0002271,ORG-200220,PTR-006,2023-05-25,4440.11,4440.11,ach_remittance
RPY-0002272,ORG-200220,PTR-006,2023-06-01,2006.95,6447.06,ach_remittance
RPY-0002273,ORG-200220,PTR-006,2023-06-08,4220.65,10667.71,ach_remittance
RPY-0002274,ORG-200220,PTR-006,2023-06-15,4602.03,15269.74,manual_payment
RPY-0002275,ORG-200220,PTR-006,2023-06-22,4498.94,19768.68,ach_remittance
RPY-0002276,ORG-200220,PTR-006,2023-06-29,3601.99,23370.67,ach_remittance
RPY-0002277,ORG-200220,PTR-006,2023-07-06,3020.18,26390.85,ach_remittance
RPY-0002278,ORG-200220,PTR-006,2023-07-13,3693.76,30084.61,ach_remittance
RPY-0002279,ORG-200220,PTR-006,2023-07-20,3368.05,33452.66,manual_payment
RPY-0002280,ORG-200220,PTR-006,2023-07-27,3979.64,37432.3,ach_remittance
RPY-0002281,ORG-200220,PTR-006,2023-08-03,2807.69,40239.99,ach_remittance
RPY-0002282,ORG-200220,PTR-006,2023-08-10,2332.91,42572.9,ach_remittance
RPY-0002283,ORG-200220,PTR-006,2023-08-17,3491.38,46064.28,ach_remittance
RPY-0002284,ORG-200220,PTR-006,2023-08-24,702.05,46766.33,ach_remittance
RPY-0002285,ORG-200221,PTR-005,2025-05-19,3232.85,3232.85,ach_remittance
RPY-0002286,ORG-200221,PTR-005,2025-05-26,4970.71,8203.56,manual_payment
RPY-0002287,ORG-200221,PTR-005,2025-06-02,2778.69,10982.25,ach_remittance
RPY-0002288,ORG-200221,PTR-005,2025-06-09,4776.84,15759.09,ach_remittance
RPY-0002289,ORG-200221,PTR-005,2025-06-16,4532.43,20291.52,ach_remittance
RPY-0002290,ORG-200221,PTR-005,2025-06-23,3040.51,23332.03,ach_remittance
RPY-0002291,ORG-200221,PTR-005,2025-06-30,5126.11,28458.14,ach_remittance
RPY-0002292,ORG-200221,PTR-005,2025-07-07,6008.86,34467.0,ach_remittance
RPY-0002293,ORG-200221,PTR-005,2025-07-14,4372.2,38839.2,ach_remittance
RPY-0002294,ORG-200221,PTR-005,2025-07-21,6299.56,45138.76,ach_remittance
RPY-0002295,ORG-200221,PTR-005,2025-07-28,5161.5,50300.26,ach_remittance
RPY-0002296,ORG-200222,PTR-004,2024-01-10,677.06,677.06,ach_remittance
RPY-0002297,ORG-200222,PTR-004,2024-01-17,478.12,1155.18,ach_remittance
RPY-0002298,ORG-200222,PTR-004,2024-01-24,845.46,2000.64,manual_payment
RPY-0002299,ORG-200222,PTR-004,2024-01-31,611.88,2612.52,ach_remittance
RPY-0002300,ORG-200222,PTR-004,2024-02-07,667.6,3280.12,manual_payment
RPY-0002301,ORG-200222,PTR-004,2024-02-14,853.82,4133.94,ach_remittance
RPY-0002302,ORG-200222,PTR-004,2024-02-21,423.86,4557.8,ach_remittance
RPY-0002303,ORG-200222,PTR-004,2024-02-28,365.42,4923.22,ach_remittance
RPY-0002304,ORG-200223,PTR-002,2025-03-20,2318.41,2318.41,ach_remittance
RPY-0002305,ORG-200223,PTR-002,2025-03-27,2504.6,4823.01,manual_payment
RPY-0002306,ORG-200223,PTR-002,2025-04-03,2696.08,7519.09,ach_remittance
RPY-0002307,ORG-200223,PTR-002,2025-04-10,2139.0,9658.09,ach_remittance
RPY-0002308,ORG-200223,PTR-002,2025-04-17,2560.15,12218.24,manual_payment
RPY-0002309,ORG-200223,PTR-002,2025-04-24,1845.31,14063.55,ach_remittance
RPY-0002310,ORG-200223,PTR-002,2025-05-01,1613.04,15676.59,ach_remittance
RPY-0002311,ORG-200224,PTR-003,2024-05-17,1315.73,1315.73,ach_remittance
RPY-0002312,ORG-200224,PTR-003,2024-05-24,1878.32,3194.05,ach_remittance
RPY-0002313,ORG-200224,PTR-003,2024-05-31,2005.26,5199.31,ach_remittance
RPY-0002314,ORG-200224,PTR-003,2024-06-07,1658.75,6858.06,ach_remittance
RPY-0002315,ORG-200224,PTR-003,2024-06-14,1920.83,8778.89,ach_remittance
RPY-0002316,ORG-200224,PTR-003,2024-06-21,1243.56,10022.45,manual_payment
RPY-0002317,ORG-200224,PTR-003,2024-06-28,1584.71,11607.16,manual_payment
RPY-0002318,ORG-200224,PTR-003,2024-07-05,1361.93,12969.09,manual_payment
RPY-0002319,ORG-200224,PTR-003,2024-07-12,1782.82,14751.91,ach_remittance
RPY-0002320,ORG-200224,PTR-003,2024-07-19,1832.7,16584.61,ach_remittance
RPY-0002321,ORG-200224,PTR-003,2024-07-26,699.47,17284.08,ach_remittance
RPY-0002322,ORG-200225,PTR-001,2022-05-12,3190.42,3190.42,ach_remittance
RPY-0002323,ORG-200225,PTR-001,2022-05-19,2981.43,6171.85,manual_payment
RPY-0002324,ORG-200225,PTR-001,2022-05-26,3019.83,9191.68,manual_payment
RPY-0002325,ORG-200225,PTR-001,2022-06-02,2647.02,11838.7,ach_remittance
RPY-0002326,ORG-200225,PTR-001,2022-06-09,1657.04,13495.74,manual_payment
RPY-0002327,ORG-200225,PTR-001,2022-06-16,1560.51,15056.25,ach_remittance
RPY-0002328,ORG-200225,PTR-001,2022-06-23,2240.35,17296.6,ach_remittance
RPY-0002329,ORG-200225,PTR-001,2022-06-30,2258.68,19555.28,ach_remittance
RPY-0002330,ORG-200225,PTR-001,2022-07-07,2990.82,22546.1,ach_remittance
RPY-0002331,ORG-200225,PTR-001,2022-07-14,2340.97,24887.07,ach_remittance
RPY-0002332,ORG-200225,PTR-001,2022-07-21,2291.75,27178.82,ach_remittance
RPY-0002333,ORG-200225,PTR-001,2022-07-28,1655.97,28834.79,ach_remittance
RPY-0002334,ORG-200225,PTR-001,2022-08-04,2773.54,31608.33,manual_payment
RPY-0002335,ORG-200225,PTR-001,2022-08-11,2465.09,34073.42,ach_remittance
RPY-0002336,ORG-200225,PTR-001,2022-08-18,1669.06,35742.48,manual_payment
RPY-0002337,ORG-200225,PTR-001,2022-08-25,2846.53,38589.01,ach_remittance
RPY-0002338,ORG-200225,PTR-001,2022-09-01,3094.51,41683.52,ach_remittance
RPY-0002339,ORG-200225,PTR-001,2022-09-08,1704.03,43387.55,ach_remittance
RPY-0002340,ORG-200225,PTR-001,2022-09-15,2150.3,45537.85,ach_remittance
RPY-0002341,ORG-200225,PTR-001,2022-09-22,2666.69,48204.54,ach_remittance
RPY-0002342,ORG-200225,PTR-001,2022-09-29,1726.77,49931.31,manual_payment
RPY-0002343,ORG-200225,PTR-001,2022-10-06,1707.34,51638.65,ach_remittance
RPY-0002344,ORG-200225,PTR-001,2022-10-13,2457.13,54095.78,ach_remittance
RPY-0002345,ORG-200225,PTR-001,2022-10-20,2154.87,56250.65,ach_remittance
RPY-0002346,ORG-200225,PTR-001,2022-10-27,2511.64,58762.29,ach_remittance
RPY-0002347,ORG-200225,PTR-001,2022-11-03,2372.32,61134.61,ach_remittance
RPY-0002348,ORG-200225,PTR-001,2022-11-10,2025.16,63159.77,ach_remittance
RPY-0002349,ORG-200225,PTR-001,2022-11-17,2466.0,65625.77,ach_remittance
RPY-0002350,ORG-200225,PTR-001,2022-11-24,1740.25,67366.02,ach_remittance
RPY-0002351,ORG-200225,PTR-001,2022-12-01,5582.02,72948.04,ach_remittance
RPY-0002352,ORG-200226,PTR-005,2024-08-22,4632.13,4632.13,ach_remittance
RPY-0002353,ORG-200226,PTR-005,2024-08-29,4763.56,9395.69,ach_remittance
RPY-0002354,ORG-200226,PTR-005,2024-09-05,3181.09,12576.78,ach_remittance
RPY-0002355,ORG-200226,PTR-005,2024-09-12,5367.11,17943.89,manual_payment
RPY-0002356,ORG-200226,PTR-005,2024-09-19,3380.29,21324.18,manual_payment
RPY-0002357,ORG-200226,PTR-005,2024-09-26,3392.91,24717.09,ach_remittance
RPY-0002358,ORG-200226,PTR-005,2024-10-03,4790.82,29507.91,ach_remittance
RPY-0002359,ORG-200226,PTR-005,2024-10-10,5361.78,34869.69,ach_remittance
RPY-0002360,ORG-200227,PTR-003,2023-02-10,1212.32,1212.32,ach_remittance
RPY-0002361,ORG-200227,PTR-003,2023-02-17,1036.69,2249.01,ach_remittance
RPY-0002362,ORG-200227,PTR-003,2023-02-24,1058.34,3307.35,ach_remittance
RPY-0002363,ORG-200227,PTR-003,2023-03-03,1009.56,4316.91,ach_remittance
RPY-0002364,ORG-200227,PTR-003,2023-03-10,1087.86,5404.77,ach_remittance
RPY-0002365,ORG-200227,PTR-003,2023-03-17,1011.52,6416.29,ach_remittance
RPY-0002366,ORG-200227,PTR-003,2023-03-24,3141.03,9557.32,ach_remittance
RPY-0002367,ORG-200228,PTR-006,2024-12-22,6338.94,6338.94,ach_remittance
RPY-0002368,ORG-200228,PTR-006,2024-12-29,3167.7,9506.64,ach_remittance
RPY-0002369,ORG-200228,PTR-006,2025-01-05,6504.02,16010.66,ach_remittance
RPY-0002370,ORG-200228,PTR-006,2025-01-12,3658.39,19669.05,ach_remittance
RPY-0002371,ORG-200228,PTR-006,2025-01-19,4367.68,24036.73,ach_remittance
RPY-0002372,ORG-200228,PTR-006,2025-01-26,6709.24,30745.97,ach_remittance
RPY-0002373,ORG-200228,PTR-006,2025-02-02,3247.38,33993.35,manual_payment
RPY-0002374,ORG-200229,PTR-005,2025-04-18,2326.3,2326.3,ach_remittance
RPY-0002375,ORG-200229,PTR-005,2025-04-25,3955.02,6281.32,manual_payment
RPY-0002376,ORG-200229,PTR-005,2025-05-02,3521.64,9802.96,ach_remittance
RPY-0002377,ORG-200229,PTR-005,2025-05-09,3903.45,13706.41,ach_remittance
RPY-0002378,ORG-200229,PTR-005,2025-05-16,3493.59,17200.0,ach_remittance
RPY-0002379,ORG-200229,PTR-005,2025-05-23,2998.99,20198.99,ach_remittance
RPY-0002380,ORG-200229,PTR-005,2025-05-30,4041.78,24240.77,ach_remittance
RPY-0002381,ORG-200229,PTR-005,2025-06-06,3739.53,27980.3,ach_remittance
RPY-0002382,ORG-200230,PTR-003,2025-03-23,5103.33,5103.33,manual_payment
RPY-0002383,ORG-200230,PTR-003,2025-03-30,7628.72,12732.05,ach_remittance
RPY-0002384,ORG-200230,PTR-003,2025-04-06,6446.01,19178.06,ach_remittance
RPY-0002385,ORG-200230,PTR-003,2025-04-13,4019.26,23197.32,ach_remittance
RPY-0002386,ORG-200230,PTR-003,2025-04-20,5519.13,28716.45,ach_remittance
RPY-0002387,ORG-200230,PTR-003,2025-04-27,6007.51,34723.96,ach_remittance
RPY-0002388,ORG-200230,PTR-003,2025-05-04,6337.92,41061.88,ach_remittance
RPY-0002389,ORG-200230,PTR-003,2025-05-11,3935.82,44997.7,ach_remittance
RPY-0002390,ORG-200230,PTR-003,2025-05-18,5159.7,50157.4,manual_payment
RPY-0002391,ORG-200230,PTR-003,2025-05-25,13346.58,63503.98,ach_remittance
RPY-0002392,ORG-200231,PTR-003,2026-03-14,3534.78,3534.78,ach_remittance
RPY-0002393,ORG-200231,PTR-003,2026-03-21,6031.23,9566.01,ach_remittance
RPY-0002394,ORG-200231,PTR-003,2026-03-28,5183.78,14749.79,ach_remittance
RPY-0002395,ORG-200231,PTR-003,2026-04-04,5735.83,20485.62,manual_payment
RPY-0002396,ORG-200231,PTR-003,2026-04-11,3621.07,24106.69,ach_remittance
RPY-0002397,ORG-200231,PTR-003,2026-04-18,5289.86,29396.55,ach_remittance
RPY-0002398,ORG-200231,PTR-003,2026-04-25,3987.79,33384.34,ach_remittance
RPY-0002399,ORG-200231,PTR-003,2026-05-02,4848.83,38233.17,ach_remittance
RPY-0002400,ORG-200231,PTR-003,2026-05-09,4356.6,42589.77,ach_remittance
RPY-0002401,ORG-200231,PTR-003,2026-05-16,3102.85,45692.62,ach_remittance
RPY-0002402,ORG-200231,PTR-003,2026-05-23,3370.76,49063.38,ach_remittance
RPY-0002403,ORG-200231,PTR-003,2026-05-30,4224.76,53288.14,ach_remittance
RPY-0002404,ORG-200231,PTR-003,2026-06-06,5299.68,58587.82,ach_remittance
RPY-0002405,ORG-200231,PTR-003,2026-06-13,5080.7,63668.52,ach_remittance
RPY-0002406,ORG-200231,PTR-003,2026-06-20,1025.9,64694.42,ach_remittance
RPY-0002407,ORG-200232,PTR-003,2023-09-25,6073.27,6073.27,ach_remittance
RPY-0002408,ORG-200232,PTR-003,2023-10-02,4241.72,10314.99,ach_remittance
RPY-0002409,ORG-200232,PTR-003,2023-10-09,5588.17,15903.16,ach_remittance
RPY-0002410,ORG-200232,PTR-003,2023-10-16,5949.67,21852.83,ach_remittance
RPY-0002411,ORG-200232,PTR-003,2023-10-23,4188.23,26041.06,manual_payment
RPY-0002412,ORG-200232,PTR-003,2023-10-30,5975.8,32016.86,ach_remittance
RPY-0002413,ORG-200232,PTR-003,2023-11-06,3517.28,35534.14,ach_remittance
RPY-0002414,ORG-200232,PTR-003,2023-11-13,3387.09,38921.23,ach_remittance
RPY-0002415,ORG-200233,PTR-006,2024-07-20,2721.86,2721.86,ach_remittance
RPY-0002416,ORG-200233,PTR-006,2024-07-27,2740.21,5462.07,ach_remittance
RPY-0002417,ORG-200233,PTR-006,2024-08-03,3997.8,9459.87,manual_payment
RPY-0002418,ORG-200233,PTR-006,2024-08-10,2803.32,12263.19,ach_remittance
RPY-0002419,ORG-200233,PTR-006,2024-08-17,6199.15,18462.34,ach_remittance
RPY-0002420,ORG-200234,PTR-002,2022-08-22,2978.62,2978.62,ach_remittance
RPY-0002421,ORG-200234,PTR-002,2022-08-29,3298.68,6277.3,ach_remittance
RPY-0002422,ORG-200234,PTR-002,2022-09-05,3232.58,9509.88,ach_remittance
RPY-0002423,ORG-200234,PTR-002,2022-09-12,3127.74,12637.62,ach_remittance
RPY-0002424,ORG-200234,PTR-002,2022-09-19,1812.9,14450.52,ach_remittance
RPY-0002425,ORG-200234,PTR-002,2022-09-26,2115.18,16565.7,ach_remittance
RPY-0002426,ORG-200234,PTR-002,2022-10-03,2926.01,19491.71,ach_remittance
RPY-0002427,ORG-200234,PTR-002,2022-10-10,1898.52,21390.23,ach_remittance
RPY-0002428,ORG-200234,PTR-002,2022-10-17,2385.32,23775.55,ach_remittance
RPY-0002429,ORG-200234,PTR-002,2022-10-24,2702.74,26478.29,ach_remittance
RPY-0002430,ORG-200234,PTR-002,2022-10-31,2152.24,28630.53,ach_remittance
RPY-0002431,ORG-200234,PTR-002,2022-11-07,1292.45,29922.98,ach_remittance
RPY-0002432,ORG-200235,PTR-004,2023-01-10,1847.53,1847.53,ach_remittance
RPY-0002433,ORG-200235,PTR-004,2023-01-17,1427.83,3275.36,ach_remittance
RPY-0002434,ORG-200235,PTR-004,2023-01-24,1749.21,5024.57,ach_remittance
RPY-0002435,ORG-200235,PTR-004,2023-01-31,1513.87,6538.44,ach_remittance
RPY-0002436,ORG-200235,PTR-004,2023-02-07,1566.0,8104.44,ach_remittance
RPY-0002437,ORG-200235,PTR-004,2023-02-14,1593.71,9698.15,ach_remittance
RPY-0002438,ORG-200235,PTR-004,2023-02-21,2214.98,11913.13,ach_remittance
RPY-0002439,ORG-200235,PTR-004,2023-02-28,1479.55,13392.68,ach_remittance
RPY-0002440,ORG-200235,PTR-004,2023-03-07,2665.22,16057.9,ach_remittance
RPY-0002441,ORG-200235,PTR-004,2023-03-14,2669.69,18727.59,manual_payment
RPY-0002442,ORG-200235,PTR-004,2023-03-21,1308.18,20035.77,ach_remittance
RPY-0002443,ORG-200235,PTR-004,2023-03-28,1645.91,21681.68,ach_remittance
RPY-0002444,ORG-200235,PTR-004,2023-04-04,3174.86,24856.54,ach_remittance
RPY-0002445,ORG-200236,PTR-005,2022-01-29,237.19,237.19,ach_remittance
RPY-0002446,ORG-200236,PTR-005,2022-02-05,324.89,562.08,ach_remittance
RPY-0002447,ORG-200236,PTR-005,2022-02-12,222.76,784.84,ach_remittance
RPY-0002448,ORG-200236,PTR-005,2022-02-19,391.6,1176.44,ach_remittance
RPY-0002449,ORG-200236,PTR-005,2022-02-26,326.64,1503.08,ach_remittance
RPY-0002450,ORG-200236,PTR-005,2022-03-05,243.85,1746.93,ach_remittance
RPY-0002451,ORG-200236,PTR-005,2022-03-12,363.08,2110.01,ach_remittance
RPY-0002452,ORG-200236,PTR-005,2022-03-19,233.89,2343.9,ach_remittance
RPY-0002453,ORG-200236,PTR-005,2022-03-26,245.74,2589.64,ach_remittance
RPY-0002454,ORG-200236,PTR-005,2022-04-02,203.67,2793.31,ach_remittance
RPY-0002455,ORG-200236,PTR-005,2022-04-09,318.58,3111.89,ach_remittance
RPY-0002456,ORG-200236,PTR-005,2022-04-16,391.82,3503.71,ach_remittance
RPY-0002457,ORG-200236,PTR-005,2022-04-23,844.2,4347.91,ach_remittance
RPY-0002458,ORG-200237,PTR-004,2024-02-19,2017.32,2017.32,ach_remittance
RPY-0002459,ORG-200237,PTR-004,2024-02-26,1509.23,3526.55,ach_remittance
RPY-0002460,ORG-200237,PTR-004,2024-03-04,3119.84,6646.39,ach_remittance
RPY-0002461,ORG-200237,PTR-004,2024-03-11,1689.98,8336.37,ach_remittance
RPY-0002462,ORG-200237,PTR-004,2024-03-18,1740.95,10077.32,ach_remittance
RPY-0002463,ORG-200237,PTR-004,2024-03-25,2774.78,12852.1,ach_remittance
RPY-0002464,ORG-200237,PTR-004,2024-04-01,1646.44,14498.54,ach_remittance
RPY-0002465,ORG-200237,PTR-004,2024-04-08,2090.93,16589.47,ach_remittance
RPY-0002466,ORG-200237,PTR-004,2024-04-15,1932.11,18521.58,ach_remittance
RPY-0002467,ORG-200237,PTR-004,2024-04-22,1685.3,20206.88,ach_remittance
RPY-0002468,ORG-200237,PTR-004,2024-04-29,2316.98,22523.86,ach_remittance
RPY-0002469,ORG-200237,PTR-004,2024-05-06,1562.0,24085.86,ach_remittance
RPY-0002470,ORG-200237,PTR-004,2024-05-13,1984.91,26070.77,ach_remittance
RPY-0002471,ORG-200237,PTR-004,2024-05-20,2066.64,28137.41,ach_remittance
RPY-0002472,ORG-200237,PTR-004,2024-05-27,5495.22,33632.63,ach_remittance
RPY-0002473,ORG-200238,PTR-004,2022-08-04,3471.64,3471.64,ach_remittance
RPY-0002474,ORG-200238,PTR-004,2022-08-11,2080.09,5551.73,manual_payment
RPY-0002475,ORG-200238,PTR-004,2022-08-18,2230.42,7782.15,ach_remittance
RPY-0002476,ORG-200238,PTR-004,2022-08-25,2363.73,10145.88,ach_remittance
RPY-0002477,ORG-200238,PTR-004,2022-09-01,3158.53,13304.41,ach_remittance
RPY-0002478,ORG-200238,PTR-004,2022-09-08,1921.04,15225.45,ach_remittance
RPY-0002479,ORG-200238,PTR-004,2022-09-15,2940.08,18165.53,ach_remittance
RPY-0002480,ORG-200239,PTR-006,2022-02-04,3759.71,3759.71,ach_remittance
RPY-0002481,ORG-200239,PTR-006,2022-02-11,3397.01,7156.72,ach_remittance
RPY-0002482,ORG-200239,PTR-006,2022-02-18,3127.27,10283.99,manual_payment
RPY-0002483,ORG-200239,PTR-006,2022-02-25,2567.36,12851.35,ach_remittance
RPY-0002484,ORG-200239,PTR-006,2022-03-04,2058.58,14909.93,ach_remittance
RPY-0002485,ORG-200239,PTR-006,2022-03-11,1798.85,16708.78,ach_remittance
RPY-0002486,ORG-200239,PTR-006,2022-03-18,3077.75,19786.53,ach_remittance
RPY-0002487,ORG-200239,PTR-006,2022-03-25,3400.07,23186.6,ach_remittance
RPY-0002488,ORG-200239,PTR-006,2022-04-01,2347.28,25533.88,ach_remittance
RPY-0002489,ORG-200239,PTR-006,2022-04-08,3004.48,28538.36,ach_remittance
RPY-0002490,ORG-200240,PTR-005,2023-05-31,3949.31,3949.31,ach_remittance
RPY-0002491,ORG-200240,PTR-005,2023-06-07,5163.72,9113.03,ach_remittance
RPY-0002492,ORG-200240,PTR-005,2023-06-14,5603.59,14716.62,manual_payment
RPY-0002493,ORG-200240,PTR-005,2023-06-21,5042.58,19759.2,ach_remittance
RPY-0002494,ORG-200240,PTR-005,2023-06-28,3257.53,23016.73,ach_remittance
RPY-0002495,ORG-200240,PTR-005,2023-07-05,6856.45,29873.18,ach_remittance
RPY-0002496,ORG-200240,PTR-005,2023-07-12,3751.25,33624.43,ach_remittance
RPY-0002497,ORG-200240,PTR-005,2023-07-19,6987.73,40612.16,ach_remittance
RPY-0002498,ORG-200241,PTR-002,2024-07-14,1074.85,1074.85,ach_remittance
RPY-0002499,ORG-200241,PTR-002,2024-07-21,1133.9,2208.75,ach_remittance
RPY-0002500,ORG-200241,PTR-002,2024-07-28,751.74,2960.49,ach_remittance
RPY-0002501,ORG-200241,PTR-002,2024-08-04,781.73,3742.22,ach_remittance
RPY-0002502,ORG-200241,PTR-002,2024-08-11,424.06,4166.28,ach_remittance
RPY-0002503,ORG-200242,PTR-002,2024-08-14,6250.54,6250.54,ach_remittance
RPY-0002504,ORG-200242,PTR-002,2024-08-21,5160.11,11410.65,ach_remittance
RPY-0002505,ORG-200242,PTR-002,2024-08-28,4505.02,15915.67,ach_remittance
RPY-0002506,ORG-200242,PTR-002,2024-09-04,3592.62,19508.29,ach_remittance
RPY-0002507,ORG-200242,PTR-002,2024-09-11,7051.9,26560.19,ach_remittance
RPY-0002508,ORG-200242,PTR-002,2024-09-18,5499.85,32060.04,ach_remittance
RPY-0002509,ORG-200242,PTR-002,2024-09-25,5452.67,37512.71,ach_remittance
RPY-0002510,ORG-200242,PTR-002,2024-10-02,5402.12,42914.83,ach_remittance
RPY-0002511,ORG-200242,PTR-002,2024-10-09,10675.82,53590.65,ach_remittance
RPY-0002512,ORG-200243,PTR-001,2026-01-26,6607.95,6607.95,ach_remittance
RPY-0002513,ORG-200243,PTR-001,2026-02-02,3853.68,10461.63,ach_remittance
RPY-0002514,ORG-200243,PTR-001,2026-02-09,5601.52,16063.15,ach_remittance
RPY-0002515,ORG-200243,PTR-001,2026-02-16,5857.66,21920.81,ach_remittance
RPY-0002516,ORG-200243,PTR-001,2026-02-23,5302.73,27223.54,ach_remittance
RPY-0002517,ORG-200243,PTR-001,2026-03-02,3713.18,30936.72,ach_remittance
RPY-0002518,ORG-200243,PTR-001,2026-03-09,10810.85,41747.57,ach_remittance
RPY-0002519,ORG-200244,PTR-005,2024-04-01,923.8,923.8,ach_remittance
RPY-0002520,ORG-200244,PTR-005,2024-04-08,1809.01,2732.81,ach_remittance
RPY-0002521,ORG-200244,PTR-005,2024-04-15,1309.32,4042.13,ach_remittance
RPY-0002522,ORG-200244,PTR-005,2024-04-22,1391.4,5433.53,ach_remittance
RPY-0002523,ORG-200244,PTR-005,2024-04-29,1820.85,7254.38,ach_remittance
RPY-0002524,ORG-200244,PTR-005,2024-05-06,1650.94,8905.32,ach_remittance
RPY-0002525,ORG-200244,PTR-005,2024-05-13,829.46,9734.78,ach_remittance
RPY-0002526,ORG-200245,PTR-001,2024-10-11,6817.96,6817.96,ach_remittance
RPY-0002527,ORG-200245,PTR-001,2024-10-18,6620.94,13438.9,ach_remittance
RPY-0002528,ORG-200245,PTR-001,2024-10-25,4339.89,17778.79,ach_remittance
RPY-0002529,ORG-200245,PTR-001,2024-11-01,6854.4,24633.19,ach_remittance
RPY-0002530,ORG-200245,PTR-001,2024-11-08,4393.39,29026.58,ach_remittance
RPY-0002531,ORG-200245,PTR-001,2024-11-15,5659.94,34686.52,ach_remittance
RPY-0002532,ORG-200245,PTR-001,2024-11-22,4410.61,39097.13,manual_payment
RPY-0002533,ORG-200245,PTR-001,2024-11-29,4396.9,43494.03,ach_remittance
RPY-0002534,ORG-200245,PTR-001,2024-12-06,4758.1,48252.13,ach_remittance
RPY-0002535,ORG-200245,PTR-001,2024-12-13,10673.09,58925.22,ach_remittance
RPY-0002536,ORG-200246,PTR-006,2024-09-27,2958.11,2958.11,ach_remittance
RPY-0002537,ORG-200246,PTR-006,2024-10-04,2761.78,5719.89,ach_remittance
RPY-0002538,ORG-200246,PTR-006,2024-10-11,6337.49,12057.38,manual_payment
RPY-0002539,ORG-200246,PTR-006,2024-10-18,4640.49,16697.87,manual_payment
RPY-0002540,ORG-200246,PTR-006,2024-10-25,6097.3,22795.17,ach_remittance
RPY-0002541,ORG-200247,PTR-003,2024-02-22,8364.27,8364.27,ach_remittance
RPY-0002542,ORG-200247,PTR-003,2024-02-29,3880.9,12245.17,ach_remittance
RPY-0002543,ORG-200247,PTR-003,2024-03-07,5935.66,18180.83,ach_remittance
RPY-0002544,ORG-200247,PTR-003,2024-03-14,8632.03,26812.86,manual_payment
RPY-0002545,ORG-200247,PTR-003,2024-03-21,4498.32,31311.18,ach_remittance
RPY-0002546,ORG-200247,PTR-003,2024-03-28,8766.15,40077.33,ach_remittance
RPY-0002547,ORG-200247,PTR-003,2024-04-04,5145.8,45223.13,ach_remittance
RPY-0002548,ORG-200247,PTR-003,2024-04-11,7401.15,52624.28,ach_remittance
RPY-0002549,ORG-200247,PTR-003,2024-04-18,6518.53,59142.81,ach_remittance
RPY-0002550,ORG-200247,PTR-003,2024-04-25,3881.13,63023.94,ach_remittance
RPY-0002551,ORG-200247,PTR-003,2024-05-02,8719.13,71743.07,ach_remittance
RPY-0002552,ORG-200247,PTR-003,2024-05-09,7131.07,78874.14,ach_remittance
RPY-0002553,ORG-200247,PTR-003,2024-05-16,8861.67,87735.81,ach_remittance
RPY-0002554,ORG-200247,PTR-003,2024-05-23,7358.6,95094.41,ach_remittance
RPY-0002555,ORG-200247,PTR-003,2024-05-30,6361.98,101456.39,ach_remittance
RPY-0002556,ORG-200247,PTR-003,2024-06-06,7956.55,109412.94,ach_remittance
RPY-0002557,ORG-200247,PTR-003,2024-06-13,8704.42,118117.36,ach_remittance
RPY-0002558,ORG-200247,PTR-003,2024-06-20,4274.42,122391.78,ach_remittance
RPY-0002559,ORG-200248,PTR-006,2025-02-04,1074.64,1074.64,ach_remittance
RPY-0002560,ORG-200248,PTR-006,2025-02-11,804.26,1878.9,ach_remittance
RPY-0002561,ORG-200248,PTR-006,2025-02-18,648.38,2527.28,ach_remittance
RPY-0002562,ORG-200248,PTR-006,2025-02-25,1105.84,3633.12,ach_remittance
RPY-0002563,ORG-200248,PTR-006,2025-03-04,558.38,4191.5,ach_remittance
RPY-0002564,ORG-200248,PTR-006,2025-03-11,508.61,4700.11,ach_remittance
RPY-0002565,ORG-200248,PTR-006,2025-03-18,702.65,5402.76,ach_remittance
RPY-0002566,ORG-200248,PTR-006,2025-03-25,1124.42,6527.18,ach_remittance
RPY-0002567,ORG-200249,PTR-006,2026-04-26,3320.95,3320.95,ach_remittance
RPY-0002568,ORG-200249,PTR-006,2026-05-03,4535.27,7856.22,ach_remittance
RPY-0002569,ORG-200249,PTR-006,2026-05-10,4264.76,12120.98,ach_remittance
RPY-0002570,ORG-200249,PTR-006,2026-05-17,5213.54,17334.52,ach_remittance
RPY-0002571,ORG-200249,PTR-006,2026-05-24,2987.23,20321.75,ach_remittance
RPY-0002572,ORG-200249,PTR-006,2026-05-31,3162.23,23483.98,ach_remittance
RPY-0002573,ORG-200249,PTR-006,2026-06-07,3311.87,26795.85,ach_remittance
RPY-0002574,ORG-200249,PTR-006,2026-06-14,3581.67,30377.52,ach_remittance
RPY-0002575,ORG-200250,PTR-001,2024-05-24,9193.08,9193.08,ach_remittance
RPY-0002576,ORG-200250,PTR-001,2024-05-31,8166.87,17359.95,ach_remittance
RPY-0002577,ORG-200250,PTR-001,2024-06-07,6252.68,23612.63,ach_remittance
RPY-0002578,ORG-200250,PTR-001,2024-06-14,8286.13,31898.76,ach_remittance
RPY-0002579,ORG-200250,PTR-001,2024-06-21,5754.59,37653.35,ach_remittance
RPY-0002580,ORG-200250,PTR-001,2024-06-28,10585.64,48238.99,ach_remittance
RPY-0002581,ORG-200251,PTR-004,2025-12-24,2308.76,2308.76,ach_remittance
RPY-0002582,ORG-200251,PTR-004,2025-12-31,4103.71,6412.47,manual_payment
RPY-0002583,ORG-200251,PTR-004,2026-01-07,3730.07,10142.54,ach_remittance
RPY-0002584,ORG-200251,PTR-004,2026-01-14,3506.67,13649.21,ach_remittance
RPY-0002585,ORG-200251,PTR-004,2026-01-21,4027.05,17676.26,ach_remittance
RPY-0002586,ORG-200251,PTR-004,2026-01-28,3551.99,21228.25,ach_remittance
RPY-0002587,ORG-200251,PTR-004,2026-02-04,3648.37,24876.62,ach_remittance
RPY-0002588,ORG-200251,PTR-004,2026-02-11,3532.08,28408.7,ach_remittance
RPY-0002589,ORG-200251,PTR-004,2026-02-18,3741.55,32150.25,ach_remittance
RPY-0002590,ORG-200251,PTR-004,2026-02-25,2173.65,34323.9,manual_payment
RPY-0002591,ORG-200251,PTR-004,2026-03-04,2730.92,37054.82,ach_remittance
RPY-0002592,ORG-200251,PTR-004,2026-03-11,2924.89,39979.71,ach_remittance
RPY-0002593,ORG-200251,PTR-004,2026-03-18,2728.71,42708.42,manual_payment
RPY-0002594,ORG-200251,PTR-004,2026-03-25,3530.55,46238.97,ach_remittance
RPY-0002595,ORG-200251,PTR-004,2026-04-01,3999.87,50238.84,ach_remittance
RPY-0002596,ORG-200251,PTR-004,2026-04-08,564.52,50803.36,manual_payment
RPY-0002597,ORG-200252,PTR-003,2026-02-21,4967.63,4967.63,ach_remittance
RPY-0002598,ORG-200252,PTR-003,2026-02-28,4749.14,9716.77,ach_remittance
RPY-0002599,ORG-200252,PTR-003,2026-03-07,3484.32,13201.09,ach_remittance
RPY-0002600,ORG-200252,PTR-003,2026-03-14,4421.13,17622.22,ach_remittance
RPY-0002601,ORG-200252,PTR-003,2026-03-21,1708.39,19330.61,manual_payment
RPY-0002602,ORG-200253,PTR-003,2022-03-18,4122.53,4122.53,ach_remittance
RPY-0002603,ORG-200253,PTR-003,2022-03-25,3612.63,7735.16,ach_remittance
RPY-0002604,ORG-200253,PTR-003,2022-04-01,5975.52,13710.68,ach_remittance
RPY-0002605,ORG-200253,PTR-003,2022-04-08,5563.87,19274.55,manual_payment
RPY-0002606,ORG-200253,PTR-003,2022-04-15,4752.98,24027.53,ach_remittance
RPY-0002607,ORG-200253,PTR-003,2022-04-22,4433.52,28461.05,ach_remittance
RPY-0002608,ORG-200253,PTR-003,2022-04-29,4680.31,33141.36,manual_payment
RPY-0002609,ORG-200253,PTR-003,2022-05-06,3393.88,36535.24,ach_remittance
RPY-0002610,ORG-200253,PTR-003,2022-05-13,5449.02,41984.26,ach_remittance
RPY-0002611,ORG-200253,PTR-003,2022-05-20,3818.03,45802.29,ach_remittance
RPY-0002612,ORG-200253,PTR-003,2022-05-27,6803.79,52606.08,ach_remittance
RPY-0002613,ORG-200253,PTR-003,2022-06-03,5653.9,58259.98,manual_payment
RPY-0002614,ORG-200253,PTR-003,2022-06-10,5258.97,63518.95,ach_remittance
RPY-0002615,ORG-200253,PTR-003,2022-06-17,6853.15,70372.1,ach_remittance
RPY-0002616,ORG-200253,PTR-003,2022-06-24,4105.59,74477.69,ach_remittance
RPY-0002617,ORG-200253,PTR-003,2022-07-01,4210.8,78688.49,ach_remittance
RPY-0002618,ORG-200253,PTR-003,2022-07-08,6313.72,85002.21,ach_remittance
RPY-0002619,ORG-200253,PTR-003,2022-07-15,3112.05,88114.26,ach_remittance
RPY-0002620,ORG-200254,PTR-006,2025-09-03,3896.97,3896.97,ach_remittance
RPY-0002621,ORG-200254,PTR-006,2025-09-10,2113.89,6010.86,ach_remittance
RPY-0002622,ORG-200254,PTR-006,2025-09-17,2112.24,8123.1,ach_remittance
RPY-0002623,ORG-200254,PTR-006,2025-09-24,3521.81,11644.91,ach_remittance
RPY-0002624,ORG-200254,PTR-006,2025-10-01,1996.13,13641.04,ach_remittance
RPY-0002625,ORG-200254,PTR-006,2025-10-08,2069.71,15710.75,ach_remittance
RPY-0002626,ORG-200254,PTR-006,2025-10-15,3637.5,19348.25,manual_payment
RPY-0002627,ORG-200254,PTR-006,2025-10-22,3365.56,22713.81,ach_remittance
RPY-0002628,ORG-200255,PTR-005,2023-08-31,6991.93,6991.93,ach_remittance
RPY-0002629,ORG-200255,PTR-005,2023-09-07,6705.28,13697.21,ach_remittance
RPY-0002630,ORG-200255,PTR-005,2023-09-14,5806.71,19503.92,ach_remittance
RPY-0002631,ORG-200255,PTR-005,2023-09-21,5057.09,24561.01,manual_payment
RPY-0002632,ORG-200255,PTR-005,2023-09-28,8270.59,32831.6,ach_remittance
RPY-0002633,ORG-200255,PTR-005,2023-10-05,6683.56,39515.16,ach_remittance
RPY-0002634,ORG-200256,PTR-003,2025-08-30,1687.15,1687.15,ach_remittance
RPY-0002635,ORG-200256,PTR-003,2025-09-06,2379.8,4066.95,ach_remittance
RPY-0002636,ORG-200256,PTR-003,2025-09-13,2603.66,6670.61,manual_payment
RPY-0002637,ORG-200256,PTR-003,2025-09-20,3002.08,9672.69,ach_remittance
RPY-0002638,ORG-200256,PTR-003,2025-09-27,2929.44,12602.13,ach_remittance
RPY-0002639,ORG-200256,PTR-003,2025-10-04,2272.08,14874.21,ach_remittance
RPY-0002640,ORG-200256,PTR-003,2025-10-11,3179.92,18054.13,ach_remittance
RPY-0002641,ORG-200256,PTR-003,2025-10-18,2368.35,20422.48,ach_remittance
RPY-0002642,ORG-200256,PTR-003,2025-10-25,3528.06,23950.54,ach_remittance
RPY-0002643,ORG-200256,PTR-003,2025-11-01,1571.04,25521.58,ach_remittance
RPY-0002644,ORG-200256,PTR-003,2025-11-08,1675.55,27197.13,ach_remittance
RPY-0002645,ORG-200256,PTR-003,2025-11-15,1741.28,28938.41,ach_remittance
RPY-0002646,ORG-200256,PTR-003,2025-11-22,1652.13,30590.54,ach_remittance
RPY-0002647,ORG-200256,PTR-003,2025-11-29,2253.2,32843.74,ach_remittance
RPY-0002648,ORG-200256,PTR-003,2025-12-06,2071.85,34915.59,ach_remittance
RPY-0002649,ORG-200256,PTR-003,2025-12-13,1975.7,36891.29,manual_payment
RPY-0002650,ORG-200256,PTR-003,2025-12-20,2282.23,39173.52,ach_remittance
RPY-0002651,ORG-200256,PTR-003,2025-12-27,2285.22,41458.74,ach_remittance
RPY-0002652,ORG-200256,PTR-003,2026-01-03,6629.55,48088.29,ach_remittance
RPY-0002653,ORG-200257,PTR-002,2022-04-16,4167.81,4167.81,ach_remittance
RPY-0002654,ORG-200257,PTR-002,2022-04-23,5454.24,9622.05,ach_remittance
RPY-0002655,ORG-200257,PTR-002,2022-04-30,4687.6,14309.65,ach_remittance
RPY-0002656,ORG-200257,PTR-002,2022-05-07,5850.45,20160.1,ach_remittance
RPY-0002657,ORG-200257,PTR-002,2022-05-14,3209.61,23369.71,manual_payment
RPY-0002658,ORG-200257,PTR-002,2022-05-21,4621.34,27991.05,ach_remittance
RPY-0002659,ORG-200257,PTR-002,2022-05-28,3205.21,31196.26,ach_remittance
RPY-0002660,ORG-200257,PTR-002,2022-06-04,5432.75,36629.01,manual_payment
RPY-0002661,ORG-200257,PTR-002,2022-06-11,5396.17,42025.18,ach_remittance
RPY-0002662,ORG-200257,PTR-002,2022-06-18,5330.64,47355.82,ach_remittance
RPY-0002663,ORG-200257,PTR-002,2022-06-25,4969.29,52325.11,ach_remittance
RPY-0002664,ORG-200257,PTR-002,2022-07-02,3412.72,55737.83,ach_remittance
RPY-0002665,ORG-200257,PTR-002,2022-07-09,5663.34,61401.17,ach_remittance
RPY-0002666,ORG-200257,PTR-002,2022-07-16,3751.82,65152.99,ach_remittance
RPY-0002667,ORG-200257,PTR-002,2022-07-23,3422.85,68575.84,ach_remittance
RPY-0002668,ORG-200258,PTR-002,2025-03-31,3649.59,3649.59,ach_remittance
RPY-0002669,ORG-200258,PTR-002,2025-04-07,4545.63,8195.22,ach_remittance
RPY-0002670,ORG-200258,PTR-002,2025-04-14,3285.31,11480.53,ach_remittance
RPY-0002671,ORG-200258,PTR-002,2025-04-21,4143.9,15624.43,ach_remittance
RPY-0002672,ORG-200258,PTR-002,2025-04-28,3540.04,19164.47,ach_remittance
RPY-0002673,ORG-200258,PTR-002,2025-05-05,4584.05,23748.52,ach_remittance
RPY-0002674,ORG-200258,PTR-002,2025-05-12,3233.5,26982.02,ach_remittance
RPY-0002675,ORG-200258,PTR-002,2025-05-19,4647.87,31629.89,ach_remittance
RPY-0002676,ORG-200258,PTR-002,2025-05-26,4097.34,35727.23,ach_remittance
RPY-0002677,ORG-200258,PTR-002,2025-06-02,4196.71,39923.94,ach_remittance
RPY-0002678,ORG-200258,PTR-002,2025-06-09,4166.81,44090.75,ach_remittance
RPY-0002679,ORG-200258,PTR-002,2025-06-16,4402.94,48493.69,ach_remittance
RPY-0002680,ORG-200258,PTR-002,2025-06-23,3576.7,52070.39,ach_remittance
RPY-0002681,ORG-200258,PTR-002,2025-06-30,3798.51,55868.9,ach_remittance
RPY-0002682,ORG-200258,PTR-002,2025-07-07,99.62,55968.52,ach_remittance
RPY-0002683,ORG-200259,PTR-005,2025-10-29,431.03,431.03,ach_remittance
RPY-0002684,ORG-200259,PTR-005,2025-11-05,298.22,729.25,ach_remittance
RPY-0002685,ORG-200259,PTR-005,2025-11-12,273.74,1002.99,ach_remittance
RPY-0002686,ORG-200259,PTR-005,2025-11-19,374.87,1377.86,ach_remittance
RPY-0002687,ORG-200259,PTR-005,2025-11-26,299.82,1677.68,ach_remittance
RPY-0002688,ORG-200259,PTR-005,2025-12-03,395.94,2073.62,ach_remittance
RPY-0002689,ORG-200259,PTR-005,2025-12-10,223.25,2296.87,ach_remittance
RPY-0002690,ORG-200259,PTR-005,2025-12-17,388.77,2685.64,ach_remittance
RPY-0002691,ORG-200259,PTR-005,2025-12-24,314.3,2999.94,ach_remittance
RPY-0002692,ORG-200259,PTR-005,2025-12-31,306.57,3306.51,ach_remittance
RPY-0002693,ORG-200259,PTR-005,2026-01-07,214.65,3521.16,ach_remittance
RPY-0002694,ORG-200259,PTR-005,2026-01-14,266.09,3787.25,ach_remittance
RPY-0002695,ORG-200259,PTR-005,2026-01-21,241.99,4029.24,ach_remittance
RPY-0002696,ORG-200259,PTR-005,2026-01-28,237.27,4266.51,ach_remittance
RPY-0002697,ORG-200259,PTR-005,2026-02-04,256.87,4523.38,ach_remittance
RPY-0002698,ORG-200259,PTR-005,2026-02-11,1161.45,5684.83,ach_remittance
RPY-0002699,ORG-200260,PTR-002,2025-09-13,1823.2,1823.2,ach_remittance
RPY-0002700,ORG-200260,PTR-002,2025-09-20,1832.28,3655.48,ach_remittance
RPY-0002701,ORG-200260,PTR-002,2025-09-27,1566.71,5222.19,ach_remittance
RPY-0002702,ORG-200260,PTR-002,2025-10-04,1305.38,6527.57,ach_remittance
RPY-0002703,ORG-200260,PTR-002,2025-10-11,2467.73,8995.3,ach_remittance
RPY-0002704,ORG-200260,PTR-002,2025-10-18,1503.69,10498.99,ach_remittance
RPY-0002705,ORG-200260,PTR-002,2025-10-25,2030.6,12529.59,ach_remittance
RPY-0002706,ORG-200260,PTR-002,2025-11-01,1677.94,14207.53,ach_remittance
RPY-0002707,ORG-200260,PTR-002,2025-11-08,2147.6,16355.13,ach_remittance
RPY-0002708,ORG-200260,PTR-002,2025-11-15,4292.89,20648.02,ach_remittance
RPY-0002709,ORG-200261,PTR-003,2024-10-28,1443.53,1443.53,ach_remittance
RPY-0002710,ORG-200261,PTR-003,2024-11-04,2123.19,3566.72,ach_remittance
RPY-0002711,ORG-200261,PTR-003,2024-11-11,1364.32,4931.04,ach_remittance
RPY-0002712,ORG-200261,PTR-003,2024-11-18,1857.82,6788.86,manual_payment
RPY-0002713,ORG-200261,PTR-003,2024-11-25,2121.9,8910.76,ach_remittance
RPY-0002714,ORG-200261,PTR-003,2024-12-02,2662.39,11573.15,ach_remittance
RPY-0002715,ORG-200261,PTR-003,2024-12-09,1855.87,13429.02,ach_remittance
RPY-0002716,ORG-200261,PTR-003,2024-12-16,4569.21,17998.23,ach_remittance
RPY-0002717,ORG-200262,PTR-006,2022-09-11,909.14,909.14,ach_remittance
RPY-0002718,ORG-200262,PTR-006,2022-09-18,614.47,1523.61,ach_remittance
RPY-0002719,ORG-200262,PTR-006,2022-09-25,439.28,1962.89,manual_payment
RPY-0002720,ORG-200262,PTR-006,2022-10-02,604.54,2567.43,ach_remittance
RPY-0002721,ORG-200262,PTR-006,2022-10-09,722.6,3290.03,ach_remittance
RPY-0002722,ORG-200262,PTR-006,2022-10-16,567.39,3857.42,ach_remittance
RPY-0002723,ORG-200262,PTR-006,2022-10-23,658.12,4515.54,ach_remittance
RPY-0002724,ORG-200262,PTR-006,2022-10-30,550.73,5066.27,ach_remittance
RPY-0002725,ORG-200262,PTR-006,2022-11-06,538.34,5604.61,ach_remittance
RPY-0002726,ORG-200262,PTR-006,2022-11-13,610.17,6214.78,ach_remittance
RPY-0002727,ORG-200262,PTR-006,2022-11-20,416.62,6631.4,manual_payment
RPY-0002728,ORG-200262,PTR-006,2022-11-27,419.01,7050.41,ach_remittance
RPY-0002729,ORG-200262,PTR-006,2022-12-04,502.51,7552.92,ach_remittance
RPY-0002730,ORG-200262,PTR-006,2022-12-11,1588.62,9141.54,ach_remittance
RPY-0002731,ORG-200263,PTR-001,2023-11-17,1244.35,1244.35,ach_remittance
RPY-0002732,ORG-200263,PTR-001,2023-11-24,1129.15,2373.5,ach_remittance
RPY-0002733,ORG-200263,PTR-001,2023-12-01,855.12,3228.62,ach_remittance
RPY-0002734,ORG-200263,PTR-001,2023-12-08,697.83,3926.45,ach_remittance
RPY-0002735,ORG-200263,PTR-001,2023-12-15,1149.85,5076.3,ach_remittance
RPY-0002736,ORG-200263,PTR-001,2023-12-22,659.33,5735.63,ach_remittance
RPY-0002737,ORG-200263,PTR-001,2023-12-29,1557.44,7293.07,ach_remittance
RPY-0002738,ORG-200264,PTR-002,2022-11-18,5432.06,5432.06,ach_remittance
RPY-0002739,ORG-200264,PTR-002,2022-11-25,6796.15,12228.21,ach_remittance
RPY-0002740,ORG-200264,PTR-002,2022-12-02,6920.37,19148.58,ach_remittance
RPY-0002741,ORG-200264,PTR-002,2022-12-09,6870.66,26019.24,ach_remittance
RPY-0002742,ORG-200264,PTR-002,2022-12-16,6128.89,32148.13,ach_remittance
RPY-0002743,ORG-200264,PTR-002,2022-12-23,3415.5,35563.63,ach_remittance
RPY-0002744,ORG-200264,PTR-002,2022-12-30,6205.49,41769.12,ach_remittance
RPY-0002745,ORG-200265,PTR-001,2025-11-10,1486.15,1486.15,ach_remittance
RPY-0002746,ORG-200265,PTR-001,2025-11-17,2268.5,3754.65,ach_remittance
RPY-0002747,ORG-200265,PTR-001,2025-11-24,2054.07,5808.72,ach_remittance
RPY-0002748,ORG-200265,PTR-001,2025-12-01,1723.83,7532.55,manual_payment
RPY-0002749,ORG-200265,PTR-001,2025-12-08,2381.3,9913.85,ach_remittance
RPY-0002750,ORG-200265,PTR-001,2025-12-15,1367.03,11280.88,ach_remittance
RPY-0002751,ORG-200265,PTR-001,2025-12-22,2274.83,13555.71,ach_remittance
RPY-0002752,ORG-200265,PTR-001,2025-12-29,2649.14,16204.85,ach_remittance
RPY-0002753,ORG-200265,PTR-001,2026-01-05,2886.74,19091.59,ach_remittance
RPY-0002754,ORG-200265,PTR-001,2026-01-12,1834.78,20926.37,ach_remittance
RPY-0002755,ORG-200265,PTR-001,2026-01-19,1754.46,22680.83,ach_remittance
RPY-0002756,ORG-200265,PTR-001,2026-01-26,1876.8,24557.63,ach_remittance
RPY-0002757,ORG-200265,PTR-001,2026-02-02,3048.1,27605.73,ach_remittance
RPY-0002758,ORG-200265,PTR-001,2026-02-09,1590.61,29196.34,ach_remittance
RPY-0002759,ORG-200265,PTR-001,2026-02-16,1443.88,30640.22,ach_remittance
RPY-0002760,ORG-200265,PTR-001,2026-02-23,5388.3,36028.52,ach_remittance
RPY-0002761,ORG-200266,PTR-002,2022-10-08,178.32,178.32,manual_payment
RPY-0002762,ORG-200266,PTR-002,2022-10-15,259.85,438.17,ach_remittance
RPY-0002763,ORG-200266,PTR-002,2022-10-22,160.84,599.01,ach_remittance
RPY-0002764,ORG-200266,PTR-002,2022-10-29,153.78,752.79,ach_remittance
RPY-0002765,ORG-200266,PTR-002,2022-11-05,213.63,966.42,ach_remittance
RPY-0002766,ORG-200266,PTR-002,2022-11-12,253.58,1220.0,ach_remittance
RPY-0002767,ORG-200266,PTR-002,2022-11-19,142.12,1362.12,ach_remittance
RPY-0002768,ORG-200266,PTR-002,2022-11-26,187.84,1549.96,ach_remittance
RPY-0002769,ORG-200266,PTR-002,2022-12-03,268.82,1818.78,ach_remittance
RPY-0002770,ORG-200266,PTR-002,2022-12-10,215.87,2034.65,ach_remittance
RPY-0002771,ORG-200266,PTR-002,2022-12-17,161.07,2195.72,ach_remittance
RPY-0002772,ORG-200266,PTR-002,2022-12-24,220.97,2416.69,ach_remittance
RPY-0002773,ORG-200266,PTR-002,2022-12-31,279.81,2696.5,ach_remittance
RPY-0002774,ORG-200267,PTR-002,2023-01-29,2165.36,2165.36,ach_remittance
RPY-0002775,ORG-200267,PTR-002,2023-02-05,2467.34,4632.7,ach_remittance
RPY-0002776,ORG-200267,PTR-002,2023-02-12,3648.09,8280.79,ach_remittance
RPY-0002777,ORG-200267,PTR-002,2023-02-19,2182.68,10463.47,ach_remittance
RPY-0002778,ORG-200267,PTR-002,2023-02-26,2737.86,13201.33,ach_remittance
RPY-0002779,ORG-200267,PTR-002,2023-03-05,3246.9,16448.23,ach_remittance
RPY-0002780,ORG-200267,PTR-002,2023-03-12,3915.91,20364.14,ach_remittance
RPY-0002781,ORG-200268,PTR-002,2022-06-28,3184.98,3184.98,ach_remittance
RPY-0002782,ORG-200268,PTR-002,2022-07-05,1792.08,4977.06,ach_remittance
RPY-0002783,ORG-200268,PTR-002,2022-07-12,3049.84,8026.9,ach_remittance
RPY-0002784,ORG-200268,PTR-002,2022-07-19,3782.23,11809.13,manual_payment
RPY-0002785,ORG-200268,PTR-002,2022-07-26,2098.48,13907.61,ach_remittance
RPY-0002786,ORG-200268,PTR-002,2022-08-02,3875.84,17783.45,ach_remittance
RPY-0002787,ORG-200268,PTR-002,2022-08-09,2495.3,20278.75,ach_remittance
RPY-0002788,ORG-200268,PTR-002,2022-08-16,2345.27,22624.02,ach_remittance
RPY-0002789,ORG-200268,PTR-002,2022-08-23,2401.08,25025.1,ach_remittance
RPY-0002790,ORG-200268,PTR-002,2022-08-30,1819.96,26845.06,manual_payment
RPY-0002791,ORG-200268,PTR-002,2022-09-06,3055.2,29900.26,ach_remittance
RPY-0002792,ORG-200268,PTR-002,2022-09-13,3861.84,33762.1,ach_remittance
RPY-0002793,ORG-200268,PTR-002,2022-09-20,1772.77,35534.87,ach_remittance
RPY-0002794,ORG-200268,PTR-002,2022-09-27,2304.84,37839.71,ach_remittance
RPY-0002795,ORG-200268,PTR-002,2022-10-04,2603.68,40443.39,ach_remittance
RPY-0002796,ORG-200268,PTR-002,2022-10-11,3944.99,44388.38,ach_remittance
RPY-0002797,ORG-200268,PTR-002,2022-10-18,3390.6,47778.98,ach_remittance
RPY-0002798,ORG-200268,PTR-002,2022-10-25,3897.61,51676.59,ach_remittance
RPY-0002799,ORG-200268,PTR-002,2022-11-01,4108.0,55784.59,ach_remittance
RPY-0002800,ORG-200268,PTR-002,2022-11-08,3212.42,58997.01,ach_remittance
RPY-0002801,ORG-200269,PTR-003,2025-05-20,5186.31,5186.31,ach_remittance
RPY-0002802,ORG-200269,PTR-003,2025-05-27,4339.27,9525.58,ach_remittance
RPY-0002803,ORG-200269,PTR-003,2025-06-03,5130.39,14655.97,ach_remittance
RPY-0002804,ORG-200269,PTR-003,2025-06-10,3943.12,18599.09,ach_remittance
RPY-0002805,ORG-200269,PTR-003,2025-06-17,3205.0,21804.09,ach_remittance
RPY-0002806,ORG-200269,PTR-003,2025-06-24,4888.24,26692.33,ach_remittance
RPY-0002807,ORG-200269,PTR-003,2025-07-01,5087.19,31779.52,ach_remittance
RPY-0002808,ORG-200269,PTR-003,2025-07-08,4822.27,36601.79,ach_remittance
RPY-0002809,ORG-200269,PTR-003,2025-07-15,2833.74,39435.53,ach_remittance
RPY-0002810,ORG-200269,PTR-003,2025-07-22,4882.46,44317.99,ach_remittance
RPY-0002811,ORG-200269,PTR-003,2025-07-29,4938.64,49256.63,ach_remittance
RPY-0002812,ORG-200269,PTR-003,2025-08-05,3716.49,52973.12,ach_remittance
RPY-0002813,ORG-200269,PTR-003,2025-08-12,2823.92,55797.04,ach_remittance
RPY-0002814,ORG-200269,PTR-003,2025-08-19,2769.84,58566.88,ach_remittance
RPY-0002815,ORG-200269,PTR-003,2025-08-26,615.33,59182.21,ach_remittance
RPY-0002816,ORG-200270,PTR-004,2025-02-06,5869.11,5869.11,ach_remittance
RPY-0002817,ORG-200270,PTR-004,2025-02-13,5192.5,11061.61,ach_remittance
RPY-0002818,ORG-200270,PTR-004,2025-02-20,5362.8,16424.41,ach_remittance
RPY-0002819,ORG-200270,PTR-004,2025-02-27,6606.02,23030.43,ach_remittance
RPY-0002820,ORG-200270,PTR-004,2025-03-06,6649.92,29680.35,ach_remittance
RPY-0002821,ORG-200270,PTR-004,2025-03-13,3445.41,33125.76,ach_remittance
RPY-0002822,ORG-200270,PTR-004,2025-03-20,6917.67,40043.43,manual_payment
RPY-0002823,ORG-200271,PTR-005,2024-05-19,3433.43,3433.43,ach_remittance
RPY-0002824,ORG-200271,PTR-005,2024-05-26,7294.29,10727.72,ach_remittance
RPY-0002825,ORG-200271,PTR-005,2024-06-02,4803.61,15531.33,manual_payment
RPY-0002826,ORG-200271,PTR-005,2024-06-09,7306.48,22837.81,ach_remittance
RPY-0002827,ORG-200271,PTR-005,2024-06-16,6183.78,29021.59,ach_remittance
RPY-0002828,ORG-200271,PTR-005,2024-06-23,3509.72,32531.31,ach_remittance
RPY-0002829,ORG-200271,PTR-005,2024-06-30,6904.13,39435.44,manual_payment
RPY-0002830,ORG-200271,PTR-005,2024-07-07,3170.1,42605.54,ach_remittance
RPY-0002831,ORG-200272,PTR-001,2024-08-27,612.89,612.89,ach_remittance
RPY-0002832,ORG-200272,PTR-001,2024-09-03,414.93,1027.82,ach_remittance
RPY-0002833,ORG-200272,PTR-001,2024-09-10,652.82,1680.64,manual_payment
RPY-0002834,ORG-200272,PTR-001,2024-09-17,600.78,2281.42,ach_remittance
RPY-0002835,ORG-200272,PTR-001,2024-09-24,219.95,2501.37,manual_payment
RPY-0002836,ORG-200273,PTR-004,2024-12-11,10270.45,10270.45,ach_remittance
RPY-0002837,ORG-200273,PTR-004,2024-12-18,5544.01,15814.46,ach_remittance
RPY-0002838,ORG-200273,PTR-004,2024-12-25,10816.39,26630.85,ach_remittance
RPY-0002839,ORG-200273,PTR-004,2025-01-01,9320.87,35951.72,manual_payment
RPY-0002840,ORG-200273,PTR-004,2025-01-08,9921.66,45873.38,ach_remittance
RPY-0002841,ORG-200273,PTR-004,2025-01-15,9648.4,55521.78,ach_remittance
RPY-0002842,ORG-200273,PTR-004,2025-01-22,4664.64,60186.42,ach_remittance
RPY-0002843,ORG-200274,PTR-001,2025-05-14,542.56,542.56,ach_remittance
RPY-0002844,ORG-200274,PTR-001,2025-05-21,971.56,1514.12,ach_remittance
RPY-0002845,ORG-200274,PTR-001,2025-05-28,483.14,1997.26,ach_remittance
RPY-0002846,ORG-200274,PTR-001,2025-06-04,459.9,2457.16,ach_remittance
RPY-0002847,ORG-200274,PTR-001,2025-06-11,713.86,3171.02,manual_payment
RPY-0002848,ORG-200274,PTR-001,2025-06-18,487.87,3658.89,ach_remittance
RPY-0002849,ORG-200274,PTR-001,2025-06-25,1001.27,4660.16,ach_remittance
RPY-0002850,ORG-200274,PTR-001,2025-07-02,1125.69,5785.85,ach_remittance
RPY-0002851,ORG-200275,PTR-005,2026-05-14,4584.81,4584.81,ach_remittance
RPY-0002852,ORG-200275,PTR-005,2026-05-21,6487.87,11072.68,ach_remittance
RPY-0002853,ORG-200275,PTR-005,2026-05-28,3651.03,14723.71,ach_remittance
RPY-0002854,ORG-200275,PTR-005,2026-06-04,6622.23,21345.94,manual_payment
RPY-0002855,ORG-200275,PTR-005,2026-06-11,5946.96,27292.9,ach_remittance
RPY-0002856,ORG-200275,PTR-005,2026-06-18,6307.44,33600.34,ach_remittance
RPY-0002857,ORG-200275,PTR-005,2026-06-25,6150.92,39751.26,ach_remittance
RPY-0002858,ORG-200275,PTR-005,2026-07-02,6939.99,46691.25,ach_remittance
RPY-0002859,ORG-200275,PTR-005,2026-07-09,3931.07,50622.32,ach_remittance
RPY-0002860,ORG-200276,PTR-003,2025-06-11,2020.37,2020.37,ach_remittance
RPY-0002861,ORG-200276,PTR-003,2025-06-18,1300.08,3320.45,manual_payment
RPY-0002862,ORG-200276,PTR-003,2025-06-25,2326.32,5646.77,ach_remittance
RPY-0002863,ORG-200276,PTR-003,2025-07-02,2481.6,8128.37,ach_remittance
RPY-0002864,ORG-200276,PTR-003,2025-07-09,2523.95,10652.32,ach_remittance
RPY-0002865,ORG-200276,PTR-003,2025-07-16,1848.4,12500.72,ach_remittance
RPY-0002866,ORG-200276,PTR-003,2025-07-23,923.43,13424.15,ach_remittance
RPY-0002867,ORG-200277,PTR-001,2025-08-31,3148.22,3148.22,ach_remittance
RPY-0002868,ORG-200277,PTR-001,2025-09-07,2036.07,5184.29,ach_remittance
RPY-0002869,ORG-200277,PTR-001,2025-09-14,2119.38,7303.67,ach_remittance
RPY-0002870,ORG-200277,PTR-001,2025-09-21,2615.93,9919.6,ach_remittance
RPY-0002871,ORG-200277,PTR-001,2025-09-28,2308.54,12228.14,ach_remittance
RPY-0002872,ORG-200277,PTR-001,2025-10-05,1944.96,14173.1,manual_payment
RPY-0002873,ORG-200277,PTR-001,2025-10-12,2126.99,16300.09,ach_remittance
RPY-0002874,ORG-200277,PTR-001,2025-10-19,1985.66,18285.75,ach_remittance
RPY-0002875,ORG-200278,PTR-006,2022-06-06,4271.91,4271.91,ach_remittance
RPY-0002876,ORG-200278,PTR-006,2022-06-13,3667.88,7939.79,ach_remittance
RPY-0002877,ORG-200278,PTR-006,2022-06-20,4720.85,12660.64,ach_remittance
RPY-0002878,ORG-200278,PTR-006,2022-06-27,2800.3,15460.94,ach_remittance
RPY-0002879,ORG-200278,PTR-006,2022-07-04,5146.06,20607.0,ach_remittance
RPY-0002880,ORG-200278,PTR-006,2022-07-11,3561.4,24168.4,ach_remittance
RPY-0002881,ORG-200278,PTR-006,2022-07-18,2451.71,26620.11,ach_remittance
RPY-0002882,ORG-200278,PTR-006,2022-07-25,3481.79,30101.9,ach_remittance
RPY-0002883,ORG-200279,PTR-002,2026-05-12,632.69,632.69,ach_remittance
RPY-0002884,ORG-200279,PTR-002,2026-05-19,696.4,1329.09,manual_payment
RPY-0002885,ORG-200279,PTR-002,2026-05-26,921.02,2250.11,ach_remittance
RPY-0002886,ORG-200279,PTR-002,2026-06-02,816.08,3066.19,ach_remittance
RPY-0002887,ORG-200279,PTR-002,2026-06-09,788.77,3854.96,manual_payment
RPY-0002888,ORG-200279,PTR-002,2026-06-16,466.34,4321.3,ach_remittance
RPY-0002889,ORG-200279,PTR-002,2026-06-23,659.42,4980.72,ach_remittance
RPY-0002890,ORG-200280,PTR-006,2022-12-10,2868.53,2868.53,ach_remittance
RPY-0002891,ORG-200280,PTR-006,2022-12-17,3572.44,6440.97,ach_remittance
RPY-0002892,ORG-200280,PTR-006,2022-12-24,2764.09,9205.06,ach_remittance
RPY-0002893,ORG-200280,PTR-006,2022-12-31,3075.1,12280.16,ach_remittance
RPY-0002894,ORG-200280,PTR-006,2023-01-07,3053.18,15333.34,ach_remittance
RPY-0002895,ORG-200280,PTR-006,2023-01-14,2209.25,17542.59,ach_remittance
RPY-0002896,ORG-200280,PTR-006,2023-01-21,3094.13,20636.72,ach_remittance
RPY-0002897,ORG-200280,PTR-006,2023-01-28,2653.87,23290.59,ach_remittance
RPY-0002898,ORG-200281,PTR-006,2024-12-09,409.18,409.18,ach_remittance
RPY-0002899,ORG-200281,PTR-006,2024-12-16,334.51,743.69,ach_remittance
RPY-0002900,ORG-200281,PTR-006,2024-12-23,320.99,1064.68,manual_payment
RPY-0002901,ORG-200281,PTR-006,2024-12-30,361.43,1426.11,ach_remittance
RPY-0002902,ORG-200281,PTR-006,2025-01-06,349.52,1775.63,ach_remittance
RPY-0002903,ORG-200281,PTR-006,2025-01-13,326.45,2102.08,ach_remittance
RPY-0002904,ORG-200281,PTR-006,2025-01-20,231.92,2334.0,ach_remittance
RPY-0002905,ORG-200281,PTR-006,2025-01-27,345.46,2679.46,ach_remittance
RPY-0002906,ORG-200281,PTR-006,2025-02-03,270.7,2950.16,ach_remittance
RPY-0002907,ORG-200281,PTR-006,2025-02-10,254.2,3204.36,ach_remittance
RPY-0002908,ORG-200281,PTR-006,2025-02-17,379.15,3583.51,ach_remittance
RPY-0002909,ORG-200281,PTR-006,2025-02-24,301.84,3885.35,ach_remittance
RPY-0002910,ORG-200281,PTR-006,2025-03-03,281.29,4166.64,ach_remittance
RPY-0002911,ORG-200281,PTR-006,2025-03-10,62.12,4228.76,ach_remittance
RPY-0002912,ORG-200282,PTR-004,2024-06-21,14161.98,14161.98,ach_remittance
RPY-0002913,ORG-200282,PTR-004,2024-06-28,7125.24,21287.22,manual_payment
RPY-0002914,ORG-200282,PTR-004,2024-07-05,13317.36,34604.58,manual_payment
RPY-0002915,ORG-200282,PTR-004,2024-07-12,6430.54,41035.12,ach_remittance
RPY-0002916,ORG-200282,PTR-004,2024-07-19,7162.58,48197.7,ach_remittance
RPY-0002917,ORG-200282,PTR-004,2024-07-26,11526.79,59724.49,ach_remittance
RPY-0002918,ORG-200282,PTR-004,2024-08-02,13690.54,73415.03,ach_remittance
RPY-0002919,ORG-200283,PTR-005,2023-12-27,5953.84,5953.84,ach_remittance
RPY-0002920,ORG-200283,PTR-005,2024-01-03,7443.15,13396.99,ach_remittance
RPY-0002921,ORG-200283,PTR-005,2024-01-10,3878.69,17275.68,ach_remittance
RPY-0002922,ORG-200283,PTR-005,2024-01-17,4986.23,22261.91,ach_remittance
RPY-0002923,ORG-200283,PTR-005,2024-01-24,8343.04,30604.95,ach_remittance
RPY-0002924,ORG-200283,PTR-005,2024-01-31,8132.51,38737.46,ach_remittance
RPY-0002925,ORG-200283,PTR-005,2024-02-07,6059.62,44797.08,ach_remittance
RPY-0002926,ORG-200284,PTR-002,2024-03-19,369.99,369.99,ach_remittance
RPY-0002927,ORG-200284,PTR-002,2024-03-26,311.23,681.22,ach_remittance
RPY-0002928,ORG-200284,PTR-002,2024-04-02,324.92,1006.14,ach_remittance
RPY-0002929,ORG-200284,PTR-002,2024-04-09,216.51,1222.65,ach_remittance
RPY-0002930,ORG-200284,PTR-002,2024-04-16,297.03,1519.68,ach_remittance
RPY-0002931,ORG-200284,PTR-002,2024-04-23,199.13,1718.81,ach_remittance
RPY-0002932,ORG-200284,PTR-002,2024-04-30,293.98,2012.79,ach_remittance
RPY-0002933,ORG-200284,PTR-002,2024-05-07,359.61,2372.4,ach_remittance
RPY-0002934,ORG-200284,PTR-002,2024-05-14,322.82,2695.22,ach_remittance
RPY-0002935,ORG-200284,PTR-002,2024-05-21,305.38,3000.6,ach_remittance
RPY-0002936,ORG-200284,PTR-002,2024-05-28,223.55,3224.15,manual_payment
RPY-0002937,ORG-200284,PTR-002,2024-06-04,278.31,3502.46,ach_remittance
RPY-0002938,ORG-200284,PTR-002,2024-06-11,314.85,3817.31,manual_payment
RPY-0002939,ORG-200284,PTR-002,2024-06-18,341.63,4158.94,ach_remittance
RPY-0002940,ORG-200284,PTR-002,2024-06-25,194.25,4353.19,ach_remittance
RPY-0002941,ORG-200284,PTR-002,2024-07-02,349.78,4702.97,ach_remittance
RPY-0002942,ORG-200284,PTR-002,2024-07-09,277.72,4980.69,ach_remittance
RPY-0002943,ORG-200285,PTR-006,2022-04-23,1443.46,1443.46,ach_remittance
RPY-0002944,ORG-200285,PTR-006,2022-04-30,1393.08,2836.54,ach_remittance
RPY-0002945,ORG-200285,PTR-006,2022-05-07,1267.09,4103.63,ach_remittance
RPY-0002946,ORG-200285,PTR-006,2022-05-14,898.16,5001.79,ach_remittance
RPY-0002947,ORG-200285,PTR-006,2022-05-21,1723.44,6725.23,manual_payment
RPY-0002948,ORG-200285,PTR-006,2022-05-28,1303.89,8029.12,ach_remittance
RPY-0002949,ORG-200285,PTR-006,2022-06-04,1664.45,9693.57,ach_remittance
RPY-0002950,ORG-200285,PTR-006,2022-06-11,1300.53,10994.1,manual_payment
RPY-0002951,ORG-200285,PTR-006,2022-06-18,863.05,11857.15,ach_remittance
RPY-0002952,ORG-200285,PTR-006,2022-06-25,865.92,12723.07,ach_remittance
RPY-0002953,ORG-200285,PTR-006,2022-07-02,1179.19,13902.26,ach_remittance
RPY-0002954,ORG-200285,PTR-006,2022-07-09,1737.79,15640.05,ach_remittance
RPY-0002955,ORG-200285,PTR-006,2022-07-16,974.38,16614.43,manual_payment
RPY-0002956,ORG-200285,PTR-006,2022-07-23,973.19,17587.62,ach_remittance
RPY-0002957,ORG-200285,PTR-006,2022-07-30,1421.69,19009.31,manual_payment
RPY-0002958,ORG-200285,PTR-006,2022-08-06,1808.65,20817.96,ach_remittance
RPY-0002959,ORG-200285,PTR-006,2022-08-13,1293.06,22111.02,ach_remittance
RPY-0002960,ORG-200285,PTR-006,2022-08-20,1358.63,23469.65,ach_remittance
RPY-0002961,ORG-200285,PTR-006,2022-08-27,1563.2,25032.85,ach_remittance
RPY-0002962,ORG-200285,PTR-006,2022-09-03,988.04,26020.89,manual_payment
RPY-0002963,ORG-200285,PTR-006,2022-09-10,810.09,26830.98,ach_remittance
RPY-0002964,ORG-200285,PTR-006,2022-09-17,1987.22,28818.2,ach_remittance
RPY-0002965,ORG-200286,PTR-003,2025-02-10,624.32,624.32,ach_remittance
RPY-0002966,ORG-200286,PTR-003,2025-02-17,679.32,1303.64,ach_remittance
RPY-0002967,ORG-200286,PTR-003,2025-02-24,400.5,1704.14,ach_remittance
RPY-0002968,ORG-200286,PTR-003,2025-03-03,639.15,2343.29,ach_remittance
RPY-0002969,ORG-200286,PTR-003,2025-03-10,685.54,3028.83,ach_remittance
RPY-0002970,ORG-200286,PTR-003,2025-03-17,475.19,3504.02,ach_remittance
RPY-0002971,ORG-200287,PTR-002,2025-03-14,3849.88,3849.88,ach_remittance
RPY-0002972,ORG-200287,PTR-002,2025-03-21,4021.87,7871.75,ach_remittance
RPY-0002973,ORG-200287,PTR-002,2025-03-28,2460.7,10332.45,ach_remittance
RPY-0002974,ORG-200287,PTR-002,2025-04-04,3321.32,13653.77,ach_remittance
RPY-0002975,ORG-200287,PTR-002,2025-04-11,4171.34,17825.11,ach_remittance
RPY-0002976,ORG-200287,PTR-002,2025-04-18,2817.01,20642.12,ach_remittance
RPY-0002977,ORG-200287,PTR-002,2025-04-25,3824.61,24466.73,ach_remittance
RPY-0002978,ORG-200287,PTR-002,2025-05-02,2295.97,26762.7,ach_remittance
RPY-0002979,ORG-200287,PTR-002,2025-05-09,2367.77,29130.47,ach_remittance
RPY-0002980,ORG-200287,PTR-002,2025-05-16,2195.7,31326.17,ach_remittance
RPY-0002981,ORG-200287,PTR-002,2025-05-23,1863.52,33189.69,ach_remittance
RPY-0002982,ORG-200287,PTR-002,2025-05-30,3598.33,36788.02,ach_remittance
RPY-0002983,ORG-200287,PTR-002,2025-06-06,3231.99,40020.01,ach_remittance
RPY-0002984,ORG-200287,PTR-002,2025-06-13,2410.62,42430.63,manual_payment
RPY-0002985,ORG-200287,PTR-002,2025-06-20,2535.64,44966.27,ach_remittance
RPY-0002986,ORG-200287,PTR-002,2025-06-27,2373.36,47339.63,ach_remittance
RPY-0002987,ORG-200287,PTR-002,2025-07-04,4790.49,52130.12,ach_remittance
RPY-0002988,ORG-200288,PTR-006,2022-04-13,1891.25,1891.25,ach_remittance
RPY-0002989,ORG-200288,PTR-006,2022-04-20,2330.01,4221.26,ach_remittance
RPY-0002990,ORG-200288,PTR-006,2022-04-27,2869.93,7091.19,ach_remittance
RPY-0002991,ORG-200288,PTR-006,2022-05-04,3015.44,10106.63,ach_remittance
RPY-0002992,ORG-200288,PTR-006,2022-05-11,3760.37,13867.0,ach_remittance
RPY-0002993,ORG-200288,PTR-006,2022-05-18,2238.03,16105.03,ach_remittance
RPY-0002994,ORG-200288,PTR-006,2022-05-25,2494.31,18599.34,ach_remittance
RPY-0002995,ORG-200288,PTR-006,2022-06-01,3609.09,22208.43,manual_payment
RPY-0002996,ORG-200288,PTR-006,2022-06-08,3017.84,25226.27,manual_payment
RPY-0002997,ORG-200288,PTR-006,2022-06-15,1828.57,27054.84,ach_remittance
RPY-0002998,ORG-200288,PTR-006,2022-06-22,2695.7,29750.54,ach_remittance
RPY-0002999,ORG-200289,PTR-003,2022-09-13,2527.82,2527.82,ach_remittance
RPY-0003000,ORG-200289,PTR-003,2022-09-20,4670.19,7198.01,ach_remittance
RPY-0003001,ORG-200289,PTR-003,2022-09-27,5168.45,12366.46,ach_remittance
RPY-0003002,ORG-200289,PTR-003,2022-10-04,4370.19,16736.65,ach_remittance
RPY-0003003,ORG-200289,PTR-003,2022-10-11,2484.17,19220.82,ach_remittance
RPY-0003004,ORG-200289,PTR-003,2022-10-18,4631.14,23851.96,ach_remittance
RPY-0003005,ORG-200289,PTR-003,2022-10-25,3816.76,27668.72,manual_payment
RPY-0003006,ORG-200289,PTR-003,2022-11-01,1974.69,29643.41,ach_remittance
RPY-0003007,ORG-200290,PTR-001,2022-10-17,1809.68,1809.68,ach_remittance
RPY-0003008,ORG-200290,PTR-001,2022-10-24,2257.8,4067.48,ach_remittance
RPY-0003009,ORG-200290,PTR-001,2022-10-31,2784.71,6852.19,ach_remittance
RPY-0003010,ORG-200290,PTR-001,2022-11-07,2400.14,9252.33,ach_remittance
RPY-0003011,ORG-200290,PTR-001,2022-11-14,1676.3,10928.63,ach_remittance
RPY-0003012,ORG-200290,PTR-001,2022-11-21,2098.68,13027.31,ach_remittance
RPY-0003013,ORG-200290,PTR-001,2022-11-28,1780.67,14807.98,ach_remittance
RPY-0003014,ORG-200291,PTR-004,2024-10-16,558.8,558.8,ach_remittance
RPY-0003015,ORG-200291,PTR-004,2024-10-23,542.48,1101.28,ach_remittance
RPY-0003016,ORG-200291,PTR-004,2024-10-30,554.48,1655.76,ach_remittance
RPY-0003017,ORG-200291,PTR-004,2024-11-06,738.97,2394.73,ach_remittance
RPY-0003018,ORG-200291,PTR-004,2024-11-13,873.65,3268.38,ach_remittance
RPY-0003019,ORG-200291,PTR-004,2024-11-20,696.39,3964.77,ach_remittance
RPY-0003020,ORG-200291,PTR-004,2024-11-27,725.59,4690.36,ach_remittance
RPY-0003021,ORG-200291,PTR-004,2024-12-04,560.33,5250.69,ach_remittance
RPY-0003022,ORG-200291,PTR-004,2024-12-11,997.75,6248.44,ach_remittance
RPY-0003023,ORG-200291,PTR-004,2024-12-18,730.77,6979.21,ach_remittance
RPY-0003024,ORG-200291,PTR-004,2024-12-25,542.5,7521.71,ach_remittance
RPY-0003025,ORG-200291,PTR-004,2025-01-01,528.76,8050.47,ach_remittance
RPY-0003026,ORG-200291,PTR-004,2025-01-08,936.89,8987.36,ach_remittance
RPY-0003027,ORG-200291,PTR-004,2025-01-15,518.98,9506.34,ach_remittance
RPY-0003028,ORG-200291,PTR-004,2025-01-22,864.7,10371.04,ach_remittance
RPY-0003029,ORG-200291,PTR-004,2025-01-29,950.92,11321.96,ach_remittance
RPY-0003030,ORG-200291,PTR-004,2025-02-05,450.32,11772.28,ach_remittance
RPY-0003031,ORG-200291,PTR-004,2025-02-12,695.59,12467.87,ach_remittance
RPY-0003032,ORG-200291,PTR-004,2025-02-19,969.91,13437.78,manual_payment
RPY-0003033,ORG-200291,PTR-004,2025-02-26,683.35,14121.13,ach_remittance
RPY-0003034,ORG-200291,PTR-004,2025-03-05,724.25,14845.38,ach_remittance
RPY-0003035,ORG-200291,PTR-004,2025-03-12,464.54,15309.92,ach_remittance
RPY-0003036,ORG-200291,PTR-004,2025-03-19,490.36,15800.28,ach_remittance
RPY-0003037,ORG-200291,PTR-004,2025-03-26,857.17,16657.45,ach_remittance
RPY-0003038,ORG-200291,PTR-004,2025-04-02,603.84,17261.29,ach_remittance
RPY-0003039,ORG-200291,PTR-004,2025-04-09,777.38,18038.67,ach_remittance
RPY-0003040,ORG-200291,PTR-004,2025-04-16,1481.88,19520.55,ach_remittance
RPY-0003041,ORG-200292,PTR-004,2023-07-26,5216.35,5216.35,ach_remittance
RPY-0003042,ORG-200292,PTR-004,2023-08-02,3029.49,8245.84,ach_remittance
RPY-0003043,ORG-200292,PTR-004,2023-08-09,5798.91,14044.75,ach_remittance
RPY-0003044,ORG-200292,PTR-004,2023-08-16,3401.02,17445.77,ach_remittance
RPY-0003045,ORG-200292,PTR-004,2023-08-23,3906.09,21351.86,ach_remittance
RPY-0003046,ORG-200292,PTR-004,2023-08-30,4791.05,26142.91,ach_remittance
RPY-0003047,ORG-200292,PTR-004,2023-09-06,3004.36,29147.27,ach_remittance
RPY-0003048,ORG-200292,PTR-004,2023-09-13,5161.71,34308.98,ach_remittance
RPY-0003049,ORG-200292,PTR-004,2023-09-20,3755.53,38064.51,ach_remittance
RPY-0003050,ORG-200292,PTR-004,2023-09-27,3518.15,41582.66,ach_remittance
RPY-0003051,ORG-200292,PTR-004,2023-10-04,2916.15,44498.81,ach_remittance
RPY-0003052,ORG-200292,PTR-004,2023-10-11,5871.3,50370.11,ach_remittance
RPY-0003053,ORG-200292,PTR-004,2023-10-18,2714.3,53084.41,ach_remittance
RPY-0003054,ORG-200292,PTR-004,2023-10-25,3857.77,56942.18,ach_remittance
RPY-0003055,ORG-200292,PTR-004,2023-11-01,9782.45,66724.63,ach_remittance
RPY-0003056,ORG-200293,PTR-001,2025-10-31,1243.17,1243.17,ach_remittance
RPY-0003057,ORG-200293,PTR-001,2025-11-07,874.02,2117.19,manual_payment
RPY-0003058,ORG-200293,PTR-001,2025-11-14,1028.06,3145.25,ach_remittance
RPY-0003059,ORG-200293,PTR-001,2025-11-21,1172.35,4317.6,ach_remittance
RPY-0003060,ORG-200293,PTR-001,2025-11-28,1696.0,6013.6,ach_remittance
RPY-0003061,ORG-200293,PTR-001,2025-12-05,1205.37,7218.97,ach_remittance
RPY-0003062,ORG-200293,PTR-001,2025-12-12,744.34,7963.31,ach_remittance
RPY-0003063,ORG-200293,PTR-001,2025-12-19,1423.41,9386.72,ach_remittance
RPY-0003064,ORG-200293,PTR-001,2025-12-26,1486.15,10872.87,ach_remittance
RPY-0003065,ORG-200293,PTR-001,2026-01-02,1610.58,12483.45,ach_remittance
RPY-0003066,ORG-200293,PTR-001,2026-01-09,841.05,13324.5,ach_remittance
RPY-0003067,ORG-200293,PTR-001,2026-01-16,1441.01,14765.51,manual_payment
RPY-0003068,ORG-200293,PTR-001,2026-01-23,1685.13,16450.64,ach_remittance
RPY-0003069,ORG-200293,PTR-001,2026-01-30,1373.89,17824.53,ach_remittance
RPY-0003070,ORG-200293,PTR-001,2026-02-06,1216.42,19040.95,ach_remittance
RPY-0003071,ORG-200293,PTR-001,2026-02-13,1453.48,20494.43,ach_remittance
RPY-0003072,ORG-200293,PTR-001,2026-02-20,1081.5,21575.93,ach_remittance
RPY-0003073,ORG-200293,PTR-001,2026-02-27,920.09,22496.02,ach_remittance
RPY-0003074,ORG-200293,PTR-001,2026-03-06,1353.78,23849.8,ach_remittance
RPY-0003075,ORG-200293,PTR-001,2026-03-13,1586.19,25435.99,ach_remittance
RPY-0003076,ORG-200293,PTR-001,2026-03-20,1607.71,27043.7,ach_remittance
RPY-0003077,ORG-200293,PTR-001,2026-03-27,1665.31,28709.01,ach_remittance
RPY-0003078,ORG-200293,PTR-001,2026-04-03,989.75,29698.76,ach_remittance
RPY-0003079,ORG-200293,PTR-001,2026-04-10,1596.77,31295.53,ach_remittance
RPY-0003080,ORG-200293,PTR-001,2026-04-17,1137.91,32433.44,ach_remittance
RPY-0003081,ORG-200293,PTR-001,2026-04-24,1032.66,33466.1,manual_payment
RPY-0003082,ORG-200293,PTR-001,2026-05-01,1238.11,34704.21,ach_remittance
RPY-0003083,ORG-200293,PTR-001,2026-05-08,1328.08,36032.29,ach_remittance
RPY-0003084,ORG-200293,PTR-001,2026-05-15,1174.7,37206.99,ach_remittance
RPY-0003085,ORG-200293,PTR-001,2026-05-22,1503.52,38710.51,ach_remittance
RPY-0003086,ORG-200293,PTR-001,2026-05-29,282.7,38993.21,ach_remittance
RPY-0003087,ORG-200294,PTR-006,2022-04-01,1463.7,1463.7,ach_remittance
RPY-0003088,ORG-200294,PTR-006,2022-04-08,1265.37,2729.07,ach_remittance
RPY-0003089,ORG-200294,PTR-006,2022-04-15,2654.64,5383.71,manual_payment
RPY-0003090,ORG-200294,PTR-006,2022-04-22,1487.63,6871.34,ach_remittance
RPY-0003091,ORG-200294,PTR-006,2022-04-29,2572.78,9444.12,ach_remittance
RPY-0003092,ORG-200294,PTR-006,2022-05-06,2863.13,12307.25,ach_remittance
RPY-0003093,ORG-200294,PTR-006,2022-05-13,2855.02,15162.27,ach_remittance
RPY-0003094,ORG-200294,PTR-006,2022-05-20,1495.89,16658.16,ach_remittance
RPY-0003095,ORG-200294,PTR-006,2022-05-27,1980.87,18639.03,ach_remittance
RPY-0003096,ORG-200294,PTR-006,2022-06-03,1744.17,20383.2,manual_payment
RPY-0003097,ORG-200294,PTR-006,2022-06-10,2820.25,23203.45,ach_remittance
RPY-0003098,ORG-200294,PTR-006,2022-06-17,2393.87,25597.32,ach_remittance
RPY-0003099,ORG-200294,PTR-006,2022-06-24,1925.68,27523.0,ach_remittance
RPY-0003100,ORG-200294,PTR-006,2022-07-01,2753.38,30276.38,ach_remittance
RPY-0003101,ORG-200294,PTR-006,2022-07-08,2257.36,32533.74,ach_remittance
RPY-0003102,ORG-200294,PTR-006,2022-07-15,1987.18,34520.92,ach_remittance
RPY-0003103,ORG-200294,PTR-006,2022-07-22,1089.67,35610.59,ach_remittance
RPY-0003104,ORG-200295,PTR-002,2024-02-16,876.05,876.05,ach_remittance
RPY-0003105,ORG-200295,PTR-002,2024-02-23,1495.36,2371.41,ach_remittance
RPY-0003106,ORG-200295,PTR-002,2024-03-01,1486.07,3857.48,ach_remittance
RPY-0003107,ORG-200295,PTR-002,2024-03-08,1143.36,5000.84,ach_remittance
RPY-0003108,ORG-200295,PTR-002,2024-03-15,1772.15,6772.99,ach_remittance
RPY-0003109,ORG-200295,PTR-002,2024-03-22,1721.53,8494.52,manual_payment
RPY-0003110,ORG-200295,PTR-002,2024-03-29,1570.57,10065.09,manual_payment
RPY-0003111,ORG-200295,PTR-002,2024-04-05,289.61,10354.7,ach_remittance
RPY-0003112,ORG-200296,PTR-003,2024-08-12,2291.55,2291.55,manual_payment
RPY-0003113,ORG-200296,PTR-003,2024-08-19,1523.68,3815.23,ach_remittance
RPY-0003114,ORG-200296,PTR-003,2024-08-26,2650.67,6465.9,ach_remittance
RPY-0003115,ORG-200296,PTR-003,2024-09-02,1604.55,8070.45,ach_remittance
RPY-0003116,ORG-200296,PTR-003,2024-09-09,2331.78,10402.23,ach_remittance
RPY-0003117,ORG-200296,PTR-003,2024-09-16,1535.37,11937.6,ach_remittance
RPY-0003118,ORG-200296,PTR-003,2024-09-23,2697.12,14634.72,ach_remittance
RPY-0003119,ORG-200296,PTR-003,2024-09-30,4300.23,18934.95,manual_payment
RPY-0003120,ORG-200297,PTR-002,2024-09-27,1733.99,1733.99,ach_remittance
RPY-0003121,ORG-200297,PTR-002,2024-10-04,3458.68,5192.67,ach_remittance
RPY-0003122,ORG-200297,PTR-002,2024-10-11,2116.09,7308.76,ach_remittance
RPY-0003123,ORG-200297,PTR-002,2024-10-18,1643.84,8952.6,ach_remittance
RPY-0003124,ORG-200297,PTR-002,2024-10-25,2420.62,11373.22,ach_remittance
RPY-0003125,ORG-200297,PTR-002,2024-11-01,2227.96,13601.18,ach_remittance
RPY-0003126,ORG-200297,PTR-002,2024-11-08,1982.06,15583.24,ach_remittance
RPY-0003127,ORG-200297,PTR-002,2024-11-15,3390.41,18973.65,ach_remittance
RPY-0003128,ORG-200297,PTR-002,2024-11-22,2891.8,21865.45,ach_remittance
RPY-0003129,ORG-200297,PTR-002,2024-11-29,2988.14,24853.59,ach_remittance
RPY-0003130,ORG-200297,PTR-002,2024-12-06,1901.85,26755.44,manual_payment
RPY-0003131,ORG-200297,PTR-002,2024-12-13,5074.84,31830.28,ach_remittance
RPY-0003132,ORG-200298,PTR-006,2024-01-30,2216.29,2216.29,ach_remittance
RPY-0003133,ORG-200298,PTR-006,2024-02-06,1786.47,4002.76,ach_remittance
RPY-0003134,ORG-200298,PTR-006,2024-02-13,1191.04,5193.8,ach_remittance
RPY-0003135,ORG-200298,PTR-006,2024-02-20,2012.0,7205.8,manual_payment
RPY-0003136,ORG-200298,PTR-006,2024-02-27,1611.73,8817.53,ach_remittance
RPY-0003137,ORG-200298,PTR-006,2024-03-05,2664.65,11482.18,ach_remittance
RPY-0003138,ORG-200299,PTR-005,2024-11-03,7710.12,7710.12,ach_remittance
RPY-0003139,ORG-200299,PTR-005,2024-11-10,5590.33,13300.45,ach_remittance
RPY-0003140,ORG-200299,PTR-005,2024-11-17,8501.52,21801.97,ach_remittance
RPY-0003141,ORG-200299,PTR-005,2024-11-24,7313.6,29115.57,ach_remittance
RPY-0003142,ORG-200299,PTR-005,2024-12-01,5381.97,34497.54,ach_remittance
RPY-0003143,ORG-200299,PTR-005,2024-12-08,8516.7,43014.24,ach_remittance
RPY-0003144,ORG-200299,PTR-005,2024-12-15,4947.62,47961.86,ach_remittance
RPY-0003145,ORG-200299,PTR-005,2024-12-22,12507.01,60468.87,ach_remittance
RPY-0003146,ORG-200300,PTR-004,2025-06-25,1599.48,1599.48,ach_remittance
RPY-0003147,ORG-200300,PTR-004,2025-07-02,2014.33,3613.81,ach_remittance
RPY-0003148,ORG-200300,PTR-004,2025-07-09,2563.68,6177.49,ach_remittance
RPY-0003149,ORG-200300,PTR-004,2025-07-16,2203.01,8380.5,ach_remittance
RPY-0003150,ORG-200300,PTR-004,2025-07-23,3122.42,11502.92,ach_remittance
RPY-0003151,ORG-200300,PTR-004,2025-07-30,3171.38,14674.3,ach_remittance
RPY-0003152,ORG-200300,PTR-004,2025-08-06,3346.1,18020.4,ach_remittance
RPY-0003153,ORG-200300,PTR-004,2025-08-13,2498.3,20518.7,ach_remittance
RPY-0003154,ORG-200301,PTR-004,2022-12-30,2190.37,2190.37,ach_remittance
RPY-0003155,ORG-200301,PTR-004,2023-01-06,2571.39,4761.76,ach_remittance
RPY-0003156,ORG-200301,PTR-004,2023-01-13,1947.31,6709.07,ach_remittance
RPY-0003157,ORG-200301,PTR-004,2023-01-20,2012.56,8721.63,ach_remittance
RPY-0003158,ORG-200301,PTR-004,2023-01-27,1771.7,10493.33,ach_remittance
RPY-0003159,ORG-200301,PTR-004,2023-02-03,3027.66,13520.99,ach_remittance
RPY-0003160,ORG-200301,PTR-004,2023-02-10,2587.57,16108.56,ach_remittance
RPY-0003161,ORG-200301,PTR-004,2023-02-17,2755.69,18864.25,ach_remittance
RPY-0003162,ORG-200301,PTR-004,2023-02-24,3030.26,21894.51,ach_remittance
RPY-0003163,ORG-200301,PTR-004,2023-03-03,2155.28,24049.79,ach_remittance
RPY-0003164,ORG-200301,PTR-004,2023-03-10,2518.56,26568.35,manual_payment
RPY-0003165,ORG-200301,PTR-004,2023-03-17,1816.79,28385.14,ach_remittance
RPY-0003166,ORG-200301,PTR-004,2023-03-24,3226.4,31611.54,ach_remittance
RPY-0003167,ORG-200301,PTR-004,2023-03-31,2420.65,34032.19,ach_remittance
RPY-0003168,ORG-200301,PTR-004,2023-04-07,2564.77,36596.96,ach_remittance
RPY-0003169,ORG-200301,PTR-004,2023-04-14,2140.8,38737.76,ach_remittance
RPY-0003170,ORG-200301,PTR-004,2023-04-21,2539.52,41277.28,ach_remittance
RPY-0003171,ORG-200302,PTR-002,2022-04-23,2554.97,2554.97,ach_remittance
RPY-0003172,ORG-200302,PTR-002,2022-04-30,4386.56,6941.53,ach_remittance
RPY-0003173,ORG-200302,PTR-002,2022-05-07,3812.1,10753.63,manual_payment
RPY-0003174,ORG-200302,PTR-002,2022-05-14,4253.31,15006.94,ach_remittance
RPY-0003175,ORG-200302,PTR-002,2022-05-21,1387.52,16394.46,manual_payment
RPY-0003176,ORG-200303,PTR-005,2023-06-30,17533.53,17533.53,ach_remittance
RPY-0003177,ORG-200303,PTR-005,2023-07-07,24517.91,42051.44,manual_payment
RPY-0003178,ORG-200303,PTR-005,2023-07-14,14282.91,56334.35,ach_remittance
RPY-0003179,ORG-200303,PTR-005,2023-07-21,16159.53,72493.88,ach_remittance
RPY-0003180,ORG-200303,PTR-005,2023-07-28,21055.75,93549.63,ach_remittance
RPY-0003181,ORG-200304,PTR-001,2022-06-22,343.71,343.71,ach_remittance
RPY-0003182,ORG-200304,PTR-001,2022-06-29,333.78,677.49,ach_remittance
RPY-0003183,ORG-200304,PTR-001,2022-07-06,381.14,1058.63,ach_remittance
RPY-0003184,ORG-200304,PTR-001,2022-07-13,479.76,1538.39,ach_remittance
RPY-0003185,ORG-200304,PTR-001,2022-07-20,635.64,2174.03,ach_remittance
RPY-0003186,ORG-200304,PTR-001,2022-07-27,657.05,2831.08,manual_payment
RPY-0003187,ORG-200304,PTR-001,2022-08-03,598.66,3429.74,ach_remittance
RPY-0003188,ORG-200304,PTR-001,2022-08-10,478.4,3908.14,ach_remittance
RPY-0003189,ORG-200305,PTR-004,2025-06-21,1011.52,1011.52,ach_remittance
RPY-0003190,ORG-200305,PTR-004,2025-06-28,866.03,1877.55,ach_remittance
RPY-0003191,ORG-200305,PTR-004,2025-07-05,1434.9,3312.45,ach_remittance
RPY-0003192,ORG-200305,PTR-004,2025-07-12,1605.19,4917.64,ach_remittance
RPY-0003193,ORG-200305,PTR-004,2025-07-19,1654.18,6571.82,ach_remittance
RPY-0003194,ORG-200305,PTR-004,2025-07-26,1866.16,8437.98,manual_payment
RPY-0003195,ORG-200305,PTR-004,2025-08-02,1575.55,10013.53,ach_remittance
RPY-0003196,ORG-200305,PTR-004,2025-08-09,886.07,10899.6,ach_remittance
RPY-0003197,ORG-200305,PTR-004,2025-08-16,1159.59,12059.19,ach_remittance
RPY-0003198,ORG-200306,PTR-001,2023-06-04,2026.0,2026.0,ach_remittance
RPY-0003199,ORG-200306,PTR-001,2023-06-11,2293.83,4319.83,ach_remittance
RPY-0003200,ORG-200306,PTR-001,2023-06-18,1661.64,5981.47,ach_remittance
RPY-0003201,ORG-200306,PTR-001,2023-06-25,1554.99,7536.46,ach_remittance
RPY-0003202,ORG-200306,PTR-001,2023-07-02,2253.92,9790.38,ach_remittance
RPY-0003203,ORG-200306,PTR-001,2023-07-09,2287.34,12077.72,ach_remittance
RPY-0003204,ORG-200306,PTR-001,2023-07-16,1797.9,13875.62,ach_remittance
RPY-0003205,ORG-200306,PTR-001,2023-07-23,1526.73,15402.35,ach_remittance
RPY-0003206,ORG-200306,PTR-001,2023-07-30,2367.51,17769.86,ach_remittance
RPY-0003207,ORG-200306,PTR-001,2023-08-06,1153.36,18923.22,ach_remittance
RPY-0003208,ORG-200306,PTR-001,2023-08-13,2215.57,21138.79,ach_remittance
RPY-0003209,ORG-200306,PTR-001,2023-08-20,1468.68,22607.47,ach_remittance
RPY-0003210,ORG-200306,PTR-001,2023-08-27,1215.03,23822.5,ach_remittance
RPY-0003211,ORG-200306,PTR-001,2023-09-03,2141.11,25963.61,manual_payment
RPY-0003212,ORG-200306,PTR-001,2023-09-10,1371.46,27335.07,ach_remittance
RPY-0003213,ORG-200306,PTR-001,2023-09-17,2108.05,29443.12,ach_remittance
RPY-0003214,ORG-200306,PTR-001,2023-09-24,1073.78,30516.9,ach_remittance
RPY-0003215,ORG-200306,PTR-001,2023-10-01,1420.45,31937.35,ach_remittance
RPY-0003216,ORG-200306,PTR-001,2023-10-08,1462.38,33399.73,ach_remittance
RPY-0003217,ORG-200306,PTR-001,2023-10-15,1127.29,34527.02,ach_remittance
RPY-0003218,ORG-200306,PTR-001,2023-10-22,2018.05,36545.07,ach_remittance
RPY-0003219,ORG-200307,PTR-001,2022-03-02,3715.27,3715.27,ach_remittance
RPY-0003220,ORG-200307,PTR-001,2022-03-09,3463.24,7178.51,ach_remittance
RPY-0003221,ORG-200307,PTR-001,2022-03-16,3305.94,10484.45,manual_payment
RPY-0003222,ORG-200307,PTR-001,2022-03-23,5047.74,15532.19,ach_remittance
RPY-0003223,ORG-200307,PTR-001,2022-03-30,5526.45,21058.64,ach_remittance
RPY-0003224,ORG-200307,PTR-001,2022-04-06,5741.33,26799.97,ach_remittance
RPY-0003225,ORG-200307,PTR-001,2022-04-13,5326.88,32126.85,ach_remittance
RPY-0003226,ORG-200307,PTR-001,2022-04-20,2076.91,34203.76,ach_remittance
RPY-0003227,ORG-200308,PTR-006,2022-10-05,2326.05,2326.05,ach_remittance
RPY-0003228,ORG-200308,PTR-006,2022-10-12,2839.46,5165.51,ach_remittance
RPY-0003229,ORG-200308,PTR-006,2022-10-19,1698.06,6863.57,ach_remittance
RPY-0003230,ORG-200308,PTR-006,2022-10-26,1280.43,8144.0,ach_remittance
RPY-0003231,ORG-200308,PTR-006,2022-11-02,1654.1,9798.1,ach_remittance
RPY-0003232,ORG-200308,PTR-006,2022-11-09,2278.04,12076.14,ach_remittance
RPY-0003233,ORG-200308,PTR-006,2022-11-16,1237.78,13313.92,ach_remittance
RPY-0003234,ORG-200308,PTR-006,2022-11-23,2922.67,16236.59,ach_remittance
RPY-0003235,ORG-200309,PTR-003,2022-06-19,1291.96,1291.96,manual_payment
RPY-0003236,ORG-200309,PTR-003,2022-06-26,1128.99,2420.95,ach_remittance
RPY-0003237,ORG-200309,PTR-003,2022-07-03,1245.97,3666.92,ach_remittance
RPY-0003238,ORG-200309,PTR-003,2022-07-10,1065.14,4732.06,ach_remittance
RPY-0003239,ORG-200309,PTR-003,2022-07-17,1089.04,5821.1,ach_remittance
RPY-0003240,ORG-200309,PTR-003,2022-07-24,970.87,6791.97,ach_remittance
RPY-0003241,ORG-200309,PTR-003,2022-07-31,957.42,7749.39,ach_remittance
RPY-0003242,ORG-200309,PTR-003,2022-08-07,1955.59,9704.98,ach_remittance
RPY-0003243,ORG-200309,PTR-003,2022-08-14,961.61,10666.59,ach_remittance
RPY-0003244,ORG-200309,PTR-003,2022-08-21,984.51,11651.1,ach_remittance
RPY-0003245,ORG-200309,PTR-003,2022-08-28,1225.22,12876.32,ach_remittance
RPY-0003246,ORG-200309,PTR-003,2022-09-04,1734.38,14610.7,ach_remittance
RPY-0003247,ORG-200309,PTR-003,2022-09-11,1339.69,15950.39,ach_remittance
RPY-0003248,ORG-200309,PTR-003,2022-09-18,1639.9,17590.29,ach_remittance
RPY-0003249,ORG-200309,PTR-003,2022-09-25,1004.74,18595.03,ach_remittance
RPY-0003250,ORG-200309,PTR-003,2022-10-02,1531.18,20126.21,ach_remittance
RPY-0003251,ORG-200309,PTR-003,2022-10-09,1306.25,21432.46,ach_remittance
RPY-0003252,ORG-200309,PTR-003,2022-10-16,1909.6,23342.06,ach_remittance
RPY-0003253,ORG-200309,PTR-003,2022-10-23,1690.06,25032.12,ach_remittance
RPY-0003254,ORG-200309,PTR-003,2022-10-30,1084.4,26116.52,ach_remittance
RPY-0003255,ORG-200309,PTR-003,2022-11-06,1867.67,27984.19,ach_remittance
RPY-0003256,ORG-200309,PTR-003,2022-11-13,1406.24,29390.43,ach_remittance
RPY-0003257,ORG-200309,PTR-003,2022-11-20,1482.18,30872.61,ach_remittance
RPY-0003258,ORG-200309,PTR-003,2022-11-27,5554.06,36426.67,ach_remittance
RPY-0003259,ORG-200310,PTR-002,2024-11-13,3717.52,3717.52,ach_remittance
RPY-0003260,ORG-200310,PTR-002,2024-11-20,2931.63,6649.15,ach_remittance
RPY-0003261,ORG-200310,PTR-002,2024-11-27,1979.98,8629.13,ach_remittance
RPY-0003262,ORG-200310,PTR-002,2024-12-04,3077.98,11707.11,ach_remittance
RPY-0003263,ORG-200310,PTR-002,2024-12-11,3758.62,15465.73,ach_remittance
RPY-0003264,ORG-200310,PTR-002,2024-12-18,2893.61,18359.34,ach_remittance
RPY-0003265,ORG-200310,PTR-002,2024-12-25,3036.43,21395.77,ach_remittance
RPY-0003266,ORG-200310,PTR-002,2025-01-01,2835.46,24231.23,ach_remittance
RPY-0003267,ORG-200310,PTR-002,2025-01-08,3582.32,27813.55,ach_remittance
RPY-0003268,ORG-200310,PTR-002,2025-01-15,2433.61,30247.16,ach_remittance
RPY-0003269,ORG-200311,PTR-005,2023-10-14,2547.96,2547.96,ach_remittance
RPY-0003270,ORG-200312,PTR-006,2025-03-19,900.47,900.47,ach_remittance
RPY-0003271,ORG-200312,PTR-006,2025-03-26,891.63,1792.1,ach_remittance
RPY-0003272,ORG-200312,PTR-006,2025-04-02,760.85,2552.95,ach_remittance
RPY-0003273,ORG-200312,PTR-006,2025-04-09,830.68,3383.63,ach_remittance
RPY-0003274,ORG-200312,PTR-006,2025-04-16,466.41,3850.04,ach_remittance
RPY-0003275,ORG-200312,PTR-006,2025-04-23,674.4,4524.44,ach_remittance
RPY-0003276,ORG-200312,PTR-006,2025-04-30,668.59,5193.03,ach_remittance
RPY-0003277,ORG-200312,PTR-006,2025-05-07,509.47,5702.5,ach_remittance
RPY-0003278,ORG-200312,PTR-006,2025-05-14,647.02,6349.52,ach_remittance
RPY-0003279,ORG-200312,PTR-006,2025-05-21,627.97,6977.49,ach_remittance
RPY-0003280,ORG-200312,PTR-006,2025-05-28,785.29,7762.78,ach_remittance
RPY-0003281,ORG-200312,PTR-006,2025-06-04,457.29,8220.07,ach_remittance
RPY-0003282,ORG-200312,PTR-006,2025-06-11,851.1,9071.17,manual_payment
RPY-0003283,ORG-200312,PTR-006,2025-06-18,492.73,9563.9,manual_payment
RPY-0003284,ORG-200312,PTR-006,2025-06-25,511.63,10075.53,ach_remittance
RPY-0003285,ORG-200313,PTR-005,2025-06-23,1559.53,1559.53,ach_remittance
RPY-0003286,ORG-200313,PTR-005,2025-06-30,3218.3,4777.83,ach_remittance
RPY-0003287,ORG-200313,PTR-005,2025-07-07,2614.2,7392.03,ach_remittance
RPY-0003288,ORG-200313,PTR-005,2025-07-14,2244.75,9636.78,ach_remittance
RPY-0003289,ORG-200313,PTR-005,2025-07-21,2745.36,12382.14,ach_remittance
RPY-0003290,ORG-200313,PTR-005,2025-07-28,2790.03,15172.17,ach_remittance
RPY-0003291,ORG-200313,PTR-005,2025-08-04,2972.53,18144.7,ach_remittance
RPY-0003292,ORG-200313,PTR-005,2025-08-11,787.35,18932.05,ach_remittance
RPY-0003293,ORG-200314,PTR-001,2025-03-08,2824.14,2824.14,ach_remittance
RPY-0003294,ORG-200314,PTR-001,2025-03-15,2323.67,5147.81,ach_remittance
RPY-0003295,ORG-200314,PTR-001,2025-03-22,3383.19,8531.0,ach_remittance
RPY-0003296,ORG-200314,PTR-001,2025-03-29,1777.53,10308.53,ach_remittance
RPY-0003297,ORG-200314,PTR-001,2025-04-05,3663.95,13972.48,ach_remittance
RPY-0003298,ORG-200314,PTR-001,2025-04-12,2649.76,16622.24,ach_remittance
RPY-0003299,ORG-200314,PTR-001,2025-04-19,3657.66,20279.9,ach_remittance
RPY-0003300,ORG-200314,PTR-001,2025-04-26,2463.03,22742.93,ach_remittance
RPY-0003301,ORG-200314,PTR-001,2025-05-03,2329.48,25072.41,ach_remittance
RPY-0003302,ORG-200314,PTR-001,2025-05-10,2185.36,27257.77,ach_remittance
RPY-0003303,ORG-200314,PTR-001,2025-05-17,3791.49,31049.26,ach_remittance
RPY-0003304,ORG-200314,PTR-001,2025-05-24,2618.82,33668.08,ach_remittance
RPY-0003305,ORG-200315,PTR-001,2023-02-11,536.5,536.5,ach_remittance
RPY-0003306,ORG-200315,PTR-001,2023-02-18,1170.0,1706.5,ach_remittance
RPY-0003307,ORG-200315,PTR-001,2023-02-25,1024.96,2731.46,ach_remittance
RPY-0003308,ORG-200315,PTR-001,2023-03-04,1093.39,3824.85,ach_remittance
RPY-0003309,ORG-200315,PTR-001,2023-03-11,594.48,4419.33,ach_remittance
RPY-0003310,ORG-200315,PTR-001,2023-03-18,1102.87,5522.2,ach_remittance
RPY-0003311,ORG-200315,PTR-001,2023-03-25,817.61,6339.81,ach_remittance
RPY-0003312,ORG-200315,PTR-001,2023-04-01,575.85,6915.66,ach_remittance
RPY-0003313,ORG-200316,PTR-003,2024-11-23,10459.86,10459.86,ach_remittance
RPY-0003314,ORG-200316,PTR-003,2024-11-30,5734.67,16194.53,ach_remittance
RPY-0003315,ORG-200316,PTR-003,2024-12-07,10584.73,26779.26,ach_remittance
RPY-0003316,ORG-200316,PTR-003,2024-12-14,6840.66,33619.92,ach_remittance
RPY-0003317,ORG-200316,PTR-003,2024-12-21,11843.88,45463.8,ach_remittance
RPY-0003318,ORG-200317,PTR-006,2026-02-18,4327.13,4327.13,manual_payment
RPY-0003319,ORG-200317,PTR-006,2026-02-25,3956.95,8284.08,ach_remittance
RPY-0003320,ORG-200317,PTR-006,2026-03-04,3012.89,11296.97,ach_remittance
RPY-0003321,ORG-200317,PTR-006,2026-03-11,3876.91,15173.88,ach_remittance
RPY-0003322,ORG-200317,PTR-006,2026-03-18,4356.1,19529.98,ach_remittance
RPY-0003323,ORG-200318,PTR-001,2023-04-27,3103.97,3103.97,ach_remittance
RPY-0003324,ORG-200318,PTR-001,2023-05-04,3373.32,6477.29,ach_remittance
RPY-0003325,ORG-200318,PTR-001,2023-05-11,2616.42,9093.71,ach_remittance
RPY-0003326,ORG-200318,PTR-001,2023-05-18,4287.02,13380.73,ach_remittance
RPY-0003327,ORG-200318,PTR-001,2023-05-25,3789.01,17169.74,ach_remittance
RPY-0003328,ORG-200318,PTR-001,2023-06-01,2996.23,20165.97,ach_remittance
RPY-0003329,ORG-200318,PTR-001,2023-06-08,2940.4,23106.37,ach_remittance
RPY-0003330,ORG-200318,PTR-001,2023-06-15,4270.49,27376.86,ach_remittance
RPY-0003331,ORG-200318,PTR-001,2023-06-22,2746.97,30123.83,ach_remittance
RPY-0003332,ORG-200318,PTR-001,2023-06-29,2197.56,32321.39,ach_remittance
RPY-0003333,ORG-200318,PTR-001,2023-07-06,3979.68,36301.07,ach_remittance
RPY-0003334,ORG-200318,PTR-001,2023-07-13,3381.37,39682.44,ach_remittance
RPY-0003335,ORG-200318,PTR-001,2023-07-20,1949.55,41631.99,ach_remittance
RPY-0003336,ORG-200318,PTR-001,2023-07-27,2166.24,43798.23,ach_remittance
RPY-0003337,ORG-200319,PTR-004,2024-09-28,4603.6,4603.6,ach_remittance
RPY-0003338,ORG-200319,PTR-004,2024-10-05,3404.03,8007.63,ach_remittance
RPY-0003339,ORG-200319,PTR-004,2024-10-12,2690.02,10697.65,ach_remittance
RPY-0003340,ORG-200319,PTR-004,2024-10-19,4036.44,14734.09,ach_remittance
RPY-0003341,ORG-200319,PTR-004,2024-10-26,4001.28,18735.37,ach_remittance
RPY-0003342,ORG-200319,PTR-004,2024-11-02,3976.79,22712.16,manual_payment
RPY-0003343,ORG-200319,PTR-004,2024-11-09,4320.97,27033.13,ach_remittance
RPY-0003344,ORG-200319,PTR-004,2024-11-16,2466.13,29499.26,ach_remittance
RPY-0003345,ORG-200319,PTR-004,2024-11-23,4878.62,34377.88,ach_remittance
RPY-0003346,ORG-200319,PTR-004,2024-11-30,3823.97,38201.85,ach_remittance
RPY-0003347,ORG-200319,PTR-004,2024-12-07,3723.47,41925.32,ach_remittance
RPY-0003348,ORG-200319,PTR-004,2024-12-14,2783.66,44708.98,ach_remittance
RPY-0003349,ORG-200319,PTR-004,2024-12-21,3773.51,48482.49,ach_remittance
RPY-0003350,ORG-200319,PTR-004,2024-12-28,2874.33,51356.82,ach_remittance
RPY-0003351,ORG-200319,PTR-004,2025-01-04,4873.99,56230.81,ach_remittance
RPY-0003352,ORG-200319,PTR-004,2025-01-11,2834.07,59064.88,ach_remittance
RPY-0003353,ORG-200319,PTR-004,2025-01-18,4960.16,64025.04,manual_payment
RPY-0003354,ORG-200319,PTR-004,2025-01-25,2260.02,66285.06,ach_remittance
RPY-0003355,ORG-200319,PTR-004,2025-02-01,2502.14,68787.2,ach_remittance
RPY-0003356,ORG-200319,PTR-004,2025-02-08,4587.42,73374.62,ach_remittance
RPY-0003357,ORG-200320,PTR-002,2022-10-03,408.21,408.21,manual_payment
RPY-0003358,ORG-200320,PTR-002,2022-10-10,317.68,725.89,ach_remittance
RPY-0003359,ORG-200320,PTR-002,2022-10-17,375.45,1101.34,manual_payment
RPY-0003360,ORG-200320,PTR-002,2022-10-24,377.99,1479.33,ach_remittance
RPY-0003361,ORG-200320,PTR-002,2022-10-31,422.64,1901.97,manual_payment
RPY-0003362,ORG-200320,PTR-002,2022-11-07,338.87,2240.84,ach_remittance
RPY-0003363,ORG-200320,PTR-002,2022-11-14,291.48,2532.32,ach_remittance
RPY-0003364,ORG-200321,PTR-003,2022-07-17,2722.85,2722.85,ach_remittance
RPY-0003365,ORG-200321,PTR-003,2022-07-24,3846.13,6568.98,ach_remittance
RPY-0003366,ORG-200321,PTR-003,2022-07-31,2997.76,9566.74,ach_remittance
RPY-0003367,ORG-200321,PTR-003,2022-08-07,3911.46,13478.2,ach_remittance
RPY-0003368,ORG-200321,PTR-003,2022-08-14,4004.49,17482.69,ach_remittance
RPY-0003369,ORG-200321,PTR-003,2022-08-21,3182.71,20665.4,ach_remittance
RPY-0003370,ORG-200321,PTR-003,2022-08-28,2051.33,22716.73,ach_remittance
RPY-0003371,ORG-200321,PTR-003,2022-09-04,3168.98,25885.71,ach_remittance
RPY-0003372,ORG-200321,PTR-003,2022-09-11,2273.85,28159.56,ach_remittance
RPY-0003373,ORG-200321,PTR-003,2022-09-18,2366.03,30525.59,ach_remittance
RPY-0003374,ORG-200321,PTR-003,2022-09-25,5874.04,36399.63,manual_payment
RPY-0003375,ORG-200322,PTR-005,2026-04-14,6746.32,6746.32,ach_remittance
RPY-0003376,ORG-200322,PTR-005,2026-04-21,7324.28,14070.6,ach_remittance
RPY-0003377,ORG-200322,PTR-005,2026-04-28,7213.69,21284.29,ach_remittance
RPY-0003378,ORG-200322,PTR-005,2026-05-05,7786.59,29070.88,manual_payment
RPY-0003379,ORG-200322,PTR-005,2026-05-12,9697.75,38768.63,ach_remittance
RPY-0003380,ORG-200322,PTR-005,2026-05-19,10399.96,49168.59,ach_remittance
RPY-0003381,ORG-200322,PTR-005,2026-05-26,7156.96,56325.55,ach_remittance
RPY-0003382,ORG-200322,PTR-005,2026-06-02,11001.35,67326.9,ach_remittance
RPY-0003383,ORG-200323,PTR-006,2024-12-07,1767.73,1767.73,ach_remittance
RPY-0003384,ORG-200323,PTR-006,2024-12-14,1953.48,3721.21,manual_payment
RPY-0003385,ORG-200324,PTR-004,2025-10-24,3507.07,3507.07,ach_remittance
RPY-0003386,ORG-200324,PTR-004,2025-10-31,1959.26,5466.33,ach_remittance
RPY-0003387,ORG-200324,PTR-004,2025-11-07,3069.59,8535.92,ach_remittance
RPY-0003388,ORG-200324,PTR-004,2025-11-14,3640.66,12176.58,ach_remittance
RPY-0003389,ORG-200324,PTR-004,2025-11-21,2897.39,15073.97,ach_remittance
RPY-0003390,ORG-200324,PTR-004,2025-11-28,2054.81,17128.78,ach_remittance
RPY-0003391,ORG-200324,PTR-004,2025-12-05,3201.66,20330.44,ach_remittance
RPY-0003392,ORG-200324,PTR-004,2025-12-12,3588.99,23919.43,ach_remittance
RPY-0003393,ORG-200324,PTR-004,2025-12-19,3133.89,27053.32,ach_remittance
RPY-0003394,ORG-200324,PTR-004,2025-12-26,2283.84,29337.16,ach_remittance
RPY-0003395,ORG-200324,PTR-004,2026-01-02,74.82,29411.98,ach_remittance
RPY-0003396,ORG-200325,PTR-001,2025-02-26,430.81,430.81,ach_remittance
RPY-0003397,ORG-200325,PTR-001,2025-03-05,583.06,1013.87,ach_remittance
RPY-0003398,ORG-200325,PTR-001,2025-03-12,663.11,1676.98,ach_remittance
RPY-0003399,ORG-200325,PTR-001,2025-03-19,629.9,2306.88,ach_remittance
RPY-0003400,ORG-200325,PTR-001,2025-03-26,949.59,3256.47,ach_remittance
RPY-0003401,ORG-200325,PTR-001,2025-04-02,784.56,4041.03,ach_remittance
RPY-0003402,ORG-200325,PTR-001,2025-04-09,756.96,4797.99,ach_remittance
RPY-0003403,ORG-200325,PTR-001,2025-04-16,839.87,5637.86,ach_remittance
RPY-0003404,ORG-200326,PTR-002,2026-02-25,601.39,601.39,ach_remittance
RPY-0003405,ORG-200326,PTR-002,2026-03-04,753.75,1355.14,ach_remittance
RPY-0003406,ORG-200326,PTR-002,2026-03-11,413.58,1768.72,ach_remittance
RPY-0003407,ORG-200326,PTR-002,2026-03-18,440.69,2209.41,ach_remittance
RPY-0003408,ORG-200326,PTR-002,2026-03-25,798.61,3008.02,ach_remittance
RPY-0003409,ORG-200326,PTR-002,2026-04-01,809.1,3817.12,manual_payment
RPY-0003410,ORG-200326,PTR-002,2026-04-08,620.22,4437.34,ach_remittance
RPY-0003411,ORG-200326,PTR-002,2026-04-15,695.49,5132.83,ach_remittance
RPY-0003412,ORG-200326,PTR-002,2026-04-22,614.65,5747.48,ach_remittance
RPY-0003413,ORG-200326,PTR-002,2026-04-29,644.03,6391.51,ach_remittance
RPY-0003414,ORG-200326,PTR-002,2026-05-06,558.19,6949.7,ach_remittance
RPY-0003415,ORG-200326,PTR-002,2026-05-13,521.93,7471.63,ach_remittance
RPY-0003416,ORG-200326,PTR-002,2026-05-20,629.55,8101.18,ach_remittance
RPY-0003417,ORG-200326,PTR-002,2026-05-27,501.28,8602.46,ach_remittance
RPY-0003418,ORG-200327,PTR-002,2025-09-04,11670.4,11670.4,ach_remittance
RPY-0003419,ORG-200327,PTR-002,2025-09-11,14854.01,26524.41,ach_remittance
RPY-0003420,ORG-200327,PTR-002,2025-09-18,10081.41,36605.82,ach_remittance
RPY-0003421,ORG-200327,PTR-002,2025-09-25,15695.59,52301.41,ach_remittance
RPY-0003422,ORG-200328,PTR-002,2024-02-02,627.29,627.29,ach_remittance
RPY-0003423,ORG-200328,PTR-002,2024-02-09,1148.7,1775.99,ach_remittance
RPY-0003424,ORG-200328,PTR-002,2024-02-16,944.05,2720.04,ach_remittance
RPY-0003425,ORG-200328,PTR-002,2024-02-23,1195.6,3915.64,ach_remittance
RPY-0003426,ORG-200328,PTR-002,2024-03-01,663.65,4579.29,ach_remittance
RPY-0003427,ORG-200328,PTR-002,2024-03-08,641.62,5220.91,ach_remittance
RPY-0003428,ORG-200328,PTR-002,2024-03-15,1003.67,6224.58,ach_remittance
RPY-0003429,ORG-200328,PTR-002,2024-03-22,990.25,7214.83,ach_remittance
RPY-0003430,ORG-200328,PTR-002,2024-03-29,2034.21,9249.04,ach_remittance
RPY-0003431,ORG-200329,PTR-006,2022-09-09,147.22,147.22,manual_payment
RPY-0003432,ORG-200329,PTR-006,2022-09-16,234.53,381.75,ach_remittance
RPY-0003433,ORG-200329,PTR-006,2022-09-23,171.12,552.87,ach_remittance
RPY-0003434,ORG-200329,PTR-006,2022-09-30,138.95,691.82,ach_remittance
RPY-0003435,ORG-200329,PTR-006,2022-10-07,289.66,981.48,ach_remittance
RPY-0003436,ORG-200329,PTR-006,2022-10-14,264.48,1245.96,ach_remittance
RPY-0003437,ORG-200329,PTR-006,2022-10-21,242.28,1488.24,ach_remittance
RPY-0003438,ORG-200329,PTR-006,2022-10-28,229.51,1717.75,ach_remittance
RPY-0003439,ORG-200329,PTR-006,2022-11-04,209.0,1926.75,ach_remittance
RPY-0003440,ORG-200329,PTR-006,2022-11-11,257.29,2184.04,manual_payment
RPY-0003441,ORG-200329,PTR-006,2022-11-18,285.45,2469.49,ach_remittance
RPY-0003442,ORG-200329,PTR-006,2022-11-25,268.04,2737.53,manual_payment
RPY-0003443,ORG-200329,PTR-006,2022-12-02,216.29,2953.82,ach_remittance
RPY-0003444,ORG-200329,PTR-006,2022-12-09,171.94,3125.76,ach_remittance
RPY-0003445,ORG-200329,PTR-006,2022-12-16,167.27,3293.03,ach_remittance
RPY-0003446,ORG-200329,PTR-006,2022-12-23,287.78,3580.81,manual_payment
RPY-0003447,ORG-200329,PTR-006,2022-12-30,185.54,3766.35,ach_remittance
RPY-0003448,ORG-200329,PTR-006,2023-01-06,197.81,3964.16,ach_remittance
RPY-0003449,ORG-200329,PTR-006,2023-01-13,262.12,4226.28,ach_remittance
RPY-0003450,ORG-200329,PTR-006,2023-01-20,219.84,4446.12,ach_remittance
RPY-0003451,ORG-200329,PTR-006,2023-01-27,152.34,4598.46,ach_remittance
RPY-0003452,ORG-200329,PTR-006,2023-02-03,169.57,4768.03,ach_remittance
RPY-0003453,ORG-200329,PTR-006,2023-02-10,442.49,5210.52,ach_remittance
RPY-0003454,ORG-200330,PTR-002,2026-03-18,5551.96,5551.96,manual_payment
RPY-0003455,ORG-200331,PTR-006,2024-06-26,1507.01,1507.01,ach_remittance
RPY-0003456,ORG-200331,PTR-006,2024-07-03,1578.61,3085.62,ach_remittance
RPY-0003457,ORG-200331,PTR-006,2024-07-10,1566.36,4651.98,ach_remittance
RPY-0003458,ORG-200331,PTR-006,2024-07-17,892.31,5544.29,ach_remittance
RPY-0003459,ORG-200331,PTR-006,2024-07-24,1288.09,6832.38,ach_remittance
RPY-0003460,ORG-200331,PTR-006,2024-07-31,1089.59,7921.97,ach_remittance
RPY-0003461,ORG-200331,PTR-006,2024-08-07,1244.13,9166.1,ach_remittance
RPY-0003462,ORG-200331,PTR-006,2024-08-14,1753.79,10919.89,ach_remittance
RPY-0003463,ORG-200331,PTR-006,2024-08-21,1839.89,12759.78,ach_remittance
RPY-0003464,ORG-200332,PTR-005,2024-09-07,807.24,807.24,ach_remittance
RPY-0003465,ORG-200332,PTR-005,2024-09-14,962.68,1769.92,manual_payment
RPY-0003466,ORG-200332,PTR-005,2024-09-21,1043.89,2813.81,ach_remittance
RPY-0003467,ORG-200332,PTR-005,2024-09-28,1164.75,3978.56,manual_payment
RPY-0003468,ORG-200332,PTR-005,2024-10-05,842.57,4821.13,ach_remittance
RPY-0003469,ORG-200332,PTR-005,2024-10-12,1005.47,5826.6,ach_remittance
RPY-0003470,ORG-200332,PTR-005,2024-10-19,1196.27,7022.87,ach_remittance
RPY-0003471,ORG-200332,PTR-005,2024-10-26,169.95,7192.82,ach_remittance
RPY-0003472,ORG-200333,PTR-002,2025-05-22,7698.61,7698.61,ach_remittance
RPY-0003473,ORG-200333,PTR-002,2025-05-29,11930.38,19628.99,ach_remittance
RPY-0003474,ORG-200333,PTR-002,2025-06-05,12102.16,31731.15,ach_remittance
RPY-0003475,ORG-200333,PTR-002,2025-06-12,8584.26,40315.41,ach_remittance
RPY-0003476,ORG-200333,PTR-002,2025-06-19,12491.55,52806.96,ach_remittance
RPY-0003477,ORG-200333,PTR-002,2025-06-26,5707.43,58514.39,ach_remittance
RPY-0003478,ORG-200333,PTR-002,2025-07-03,12259.68,70774.07,ach_remittance
RPY-0003479,ORG-200333,PTR-002,2025-07-10,2533.9,73307.97,ach_remittance
RPY-0003480,ORG-200334,PTR-005,2024-08-04,10640.57,10640.57,ach_remittance
RPY-0003481,ORG-200334,PTR-005,2024-08-11,6965.26,17605.83,ach_remittance
RPY-0003482,ORG-200334,PTR-005,2024-08-18,7059.88,24665.71,ach_remittance
RPY-0003483,ORG-200334,PTR-005,2024-08-25,8963.14,33628.85,ach_remittance
RPY-0003484,ORG-200334,PTR-005,2024-09-01,6829.82,40458.67,ach_remittance
RPY-0003485,ORG-200334,PTR-005,2024-09-08,11524.38,51983.05,manual_payment
RPY-0003486,ORG-200334,PTR-005,2024-09-15,6869.04,58852.09,manual_payment
RPY-0003487,ORG-200334,PTR-005,2024-09-22,9818.85,68670.94,ach_remittance
RPY-0003488,ORG-200334,PTR-005,2024-09-29,16311.06,84982.0,ach_remittance
RPY-0003489,ORG-200335,PTR-004,2023-08-10,3545.65,3545.65,ach_remittance
RPY-0003490,ORG-200335,PTR-004,2023-08-17,2480.27,6025.92,ach_remittance
RPY-0003491,ORG-200335,PTR-004,2023-08-24,4499.04,10524.96,ach_remittance
RPY-0003492,ORG-200335,PTR-004,2023-08-31,2933.18,13458.14,ach_remittance
RPY-0003493,ORG-200335,PTR-004,2023-09-07,4581.8,18039.94,ach_remittance
RPY-0003494,ORG-200335,PTR-004,2023-09-14,3289.85,21329.79,ach_remittance
RPY-0003495,ORG-200335,PTR-004,2023-09-21,4107.04,25436.83,ach_remittance
RPY-0003496,ORG-200335,PTR-004,2023-09-28,5024.76,30461.59,ach_remittance
RPY-0003497,ORG-200335,PTR-004,2023-10-05,2680.78,33142.37,ach_remittance
RPY-0003498,ORG-200335,PTR-004,2023-10-12,2901.6,36043.97,ach_remittance
RPY-0003499,ORG-200335,PTR-004,2023-10-19,3289.05,39333.02,ach_remittance
RPY-0003500,ORG-200335,PTR-004,2023-10-26,3549.03,42882.05,ach_remittance
RPY-0003501,ORG-200335,PTR-004,2023-11-02,6170.57,49052.62,ach_remittance
RPY-0003502,ORG-200336,PTR-004,2024-04-15,2148.19,2148.19,ach_remittance
RPY-0003503,ORG-200336,PTR-004,2024-04-22,2278.74,4426.93,ach_remittance
RPY-0003504,ORG-200336,PTR-004,2024-04-29,2484.0,6910.93,ach_remittance
RPY-0003505,ORG-200336,PTR-004,2024-05-06,2314.33,9225.26,ach_remittance
RPY-0003506,ORG-200336,PTR-004,2024-05-13,2115.9,11341.16,ach_remittance
RPY-0003507,ORG-200336,PTR-004,2024-05-20,2781.36,14122.52,ach_remittance
RPY-0003508,ORG-200336,PTR-004,2024-05-27,3119.56,17242.08,ach_remittance
RPY-0003509,ORG-200336,PTR-004,2024-06-03,2256.3,19498.38,ach_remittance
RPY-0003510,ORG-200336,PTR-004,2024-06-10,2180.42,21678.8,ach_remittance
RPY-0003511,ORG-200336,PTR-004,2024-06-17,2240.3,23919.1,ach_remittance
RPY-0003512,ORG-200336,PTR-004,2024-06-24,3477.89,27396.99,ach_remittance
RPY-0003513,ORG-200336,PTR-004,2024-07-01,2277.7,29674.69,ach_remittance
RPY-0003514,ORG-200336,PTR-004,2024-07-08,1809.31,31484.0,ach_remittance
RPY-0003515,ORG-200336,PTR-004,2024-07-15,3384.33,34868.33,ach_remittance
RPY-0003516,ORG-200336,PTR-004,2024-07-22,2809.52,37677.85,ach_remittance
RPY-0003517,ORG-200337,PTR-005,2024-05-28,5019.43,5019.43,ach_remittance
RPY-0003518,ORG-200337,PTR-005,2024-06-04,2970.8,7990.23,ach_remittance
RPY-0003519,ORG-200337,PTR-005,2024-06-11,2455.12,10445.35,ach_remittance
RPY-0003520,ORG-200337,PTR-005,2024-06-18,4433.45,14878.8,ach_remittance
RPY-0003521,ORG-200337,PTR-005,2024-06-25,3541.83,18420.63,manual_payment
RPY-0003522,ORG-200337,PTR-005,2024-07-02,5570.21,23990.84,ach_remittance
RPY-0003523,ORG-200338,PTR-002,2023-05-22,5927.11,5927.11,ach_remittance
RPY-0003524,ORG-200338,PTR-002,2023-05-29,4647.45,10574.56,manual_payment
RPY-0003525,ORG-200338,PTR-002,2023-06-05,3793.13,14367.69,manual_payment
RPY-0003526,ORG-200338,PTR-002,2023-06-12,4789.39,19157.08,ach_remittance
RPY-0003527,ORG-200338,PTR-002,2023-06-19,5505.05,24662.13,ach_remittance
RPY-0003528,ORG-200338,PTR-002,2023-06-26,4448.61,29110.74,ach_remittance
RPY-0003529,ORG-200338,PTR-002,2023-07-03,3832.53,32943.27,ach_remittance
RPY-0003530,ORG-200338,PTR-002,2023-07-10,2289.59,35232.86,ach_remittance
RPY-0003531,ORG-200339,PTR-004,2023-06-26,2362.75,2362.75,ach_remittance
RPY-0003532,ORG-200339,PTR-004,2023-07-03,2647.02,5009.77,manual_payment
RPY-0003533,ORG-200339,PTR-004,2023-07-10,2425.39,7435.16,ach_remittance
RPY-0003534,ORG-200339,PTR-004,2023-07-17,3089.12,10524.28,ach_remittance
RPY-0003535,ORG-200339,PTR-004,2023-07-24,2637.13,13161.41,ach_remittance
RPY-0003536,ORG-200339,PTR-004,2023-07-31,2293.85,15455.26,manual_payment
RPY-0003537,ORG-200339,PTR-004,2023-08-07,2105.27,17560.53,ach_remittance
RPY-0003538,ORG-200339,PTR-004,2023-08-14,1896.78,19457.31,manual_payment
RPY-0003539,ORG-200339,PTR-004,2023-08-21,1754.23,21211.54,ach_remittance
RPY-0003540,ORG-200339,PTR-004,2023-08-28,2579.12,23790.66,ach_remittance
RPY-0003541,ORG-200339,PTR-004,2023-09-04,2222.15,26012.81,ach_remittance
RPY-0003542,ORG-200339,PTR-004,2023-09-11,2538.15,28550.96,manual_payment
RPY-0003543,ORG-200339,PTR-004,2023-09-18,1786.65,30337.61,ach_remittance
RPY-0003544,ORG-200339,PTR-004,2023-09-25,1779.74,32117.35,ach_remittance
RPY-0003545,ORG-200339,PTR-004,2023-10-02,2709.16,34826.51,ach_remittance
RPY-0003546,ORG-200339,PTR-004,2023-10-09,2218.85,37045.36,ach_remittance
RPY-0003547,ORG-200339,PTR-004,2023-10-16,2465.52,39510.88,ach_remittance
RPY-0003548,ORG-200339,PTR-004,2023-10-23,2246.27,41757.15,ach_remittance
RPY-0003549,ORG-200339,PTR-004,2023-10-30,2003.15,43760.3,ach_remittance
RPY-0003550,ORG-200339,PTR-004,2023-11-06,2882.3,46642.6,ach_remittance
RPY-0003551,ORG-200339,PTR-004,2023-11-13,1468.09,48110.69,ach_remittance
RPY-0003552,ORG-200340,PTR-004,2023-12-16,4954.18,4954.18,ach_remittance
RPY-0003553,ORG-200340,PTR-004,2023-12-23,5810.85,10765.03,ach_remittance
RPY-0003554,ORG-200340,PTR-004,2023-12-30,4713.32,15478.35,ach_remittance
RPY-0003555,ORG-200340,PTR-004,2024-01-06,5168.46,20646.81,ach_remittance
RPY-0003556,ORG-200340,PTR-004,2024-01-13,5090.85,25737.66,ach_remittance
RPY-0003557,ORG-200340,PTR-004,2024-01-20,5865.38,31603.04,ach_remittance
RPY-0003558,ORG-200340,PTR-004,2024-01-27,4002.89,35605.93,ach_remittance
RPY-0003559,ORG-200340,PTR-004,2024-02-03,6735.5,42341.43,ach_remittance
RPY-0003560,ORG-200340,PTR-004,2024-02-10,4985.16,47326.59,ach_remittance
RPY-0003561,ORG-200340,PTR-004,2024-02-17,6577.3,53903.89,ach_remittance
RPY-0003562,ORG-200340,PTR-004,2024-02-24,4171.44,58075.33,ach_remittance
RPY-0003563,ORG-200341,PTR-001,2023-08-02,8102.7,8102.7,ach_remittance
RPY-0003564,ORG-200341,PTR-001,2023-08-09,16195.56,24298.26,ach_remittance
RPY-0003565,ORG-200341,PTR-001,2023-08-16,10111.58,34409.84,ach_remittance
RPY-0003566,ORG-200341,PTR-001,2023-08-23,10816.11,45225.95,ach_remittance
RPY-0003567,ORG-200341,PTR-001,2023-08-30,13960.06,59186.01,ach_remittance
RPY-0003568,ORG-200342,PTR-004,2022-07-28,1360.54,1360.54,ach_remittance
RPY-0003569,ORG-200342,PTR-004,2022-08-04,1093.97,2454.51,ach_remittance
RPY-0003570,ORG-200342,PTR-004,2022-08-11,701.14,3155.65,ach_remittance
RPY-0003571,ORG-200342,PTR-004,2022-08-18,1380.0,4535.65,ach_remittance
RPY-0003572,ORG-200342,PTR-004,2022-08-25,1169.51,5705.16,ach_remittance
RPY-0003573,ORG-200342,PTR-004,2022-09-01,848.26,6553.42,ach_remittance
RPY-0003574,ORG-200342,PTR-004,2022-09-08,1041.02,7594.44,ach_remittance
RPY-0003575,ORG-200342,PTR-004,2022-09-15,663.58,8258.02,ach_remittance
RPY-0003576,ORG-200342,PTR-004,2022-09-22,1178.05,9436.07,ach_remittance
RPY-0003577,ORG-200342,PTR-004,2022-09-29,1107.94,10544.01,ach_remittance
RPY-0003578,ORG-200342,PTR-004,2022-10-06,1273.11,11817.12,ach_remittance
RPY-0003579,ORG-200342,PTR-004,2022-10-13,719.14,12536.26,ach_remittance
RPY-0003580,ORG-200342,PTR-004,2022-10-20,286.04,12822.3,ach_remittance
RPY-0003581,ORG-200343,PTR-002,2023-05-18,2172.93,2172.93,ach_remittance
RPY-0003582,ORG-200343,PTR-002,2023-05-25,2353.33,4526.26,ach_remittance
RPY-0003583,ORG-200343,PTR-002,2023-06-01,2902.81,7429.07,ach_remittance
RPY-0003584,ORG-200343,PTR-002,2023-06-08,2106.88,9535.95,ach_remittance
RPY-0003585,ORG-200343,PTR-002,2023-06-15,1315.5,10851.45,manual_payment
RPY-0003586,ORG-200343,PTR-002,2023-06-22,2479.97,13331.42,ach_remittance
RPY-0003587,ORG-200343,PTR-002,2023-06-29,3033.82,16365.24,ach_remittance
RPY-0003588,ORG-200343,PTR-002,2023-07-06,1425.83,17791.07,ach_remittance
RPY-0003589,ORG-200343,PTR-002,2023-07-13,1755.48,19546.55,ach_remittance
RPY-0003590,ORG-200343,PTR-002,2023-07-20,1513.81,21060.36,ach_remittance
RPY-0003591,ORG-200343,PTR-002,2023-07-27,2428.21,23488.57,ach_remittance
RPY-0003592,ORG-200343,PTR-002,2023-08-03,1344.76,24833.33,ach_remittance
RPY-0003593,ORG-200343,PTR-002,2023-08-10,3409.94,28243.27,ach_remittance
RPY-0003594,ORG-200344,PTR-003,2025-04-09,2068.3,2068.3,ach_remittance
RPY-0003595,ORG-200345,PTR-004,2026-03-29,4954.84,4954.84,ach_remittance
RPY-0003596,ORG-200345,PTR-004,2026-04-05,7287.38,12242.22,ach_remittance
RPY-0003597,ORG-200345,PTR-004,2026-04-12,6248.61,18490.83,ach_remittance
RPY-0003598,ORG-200345,PTR-004,2026-04-19,7163.9,25654.73,ach_remittance
RPY-0003599,ORG-200345,PTR-004,2026-04-26,4922.32,30577.05,ach_remittance
RPY-0003600,ORG-200345,PTR-004,2026-05-03,5313.0,35890.05,ach_remittance
RPY-0003601,ORG-200345,PTR-004,2026-05-10,4935.53,40825.58,ach_remittance
RPY-0003602,ORG-200345,PTR-004,2026-05-17,6575.92,47401.5,ach_remittance
RPY-0003603,ORG-200346,PTR-006,2022-03-06,2085.48,2085.48,manual_payment
RPY-0003604,ORG-200346,PTR-006,2022-03-13,2586.44,4671.92,ach_remittance
RPY-0003605,ORG-200346,PTR-006,2022-03-20,3761.25,8433.17,ach_remittance
RPY-0003606,ORG-200346,PTR-006,2022-03-27,2848.33,11281.5,ach_remittance
RPY-0003607,ORG-200346,PTR-006,2022-04-03,3998.43,15279.93,ach_remittance
RPY-0003608,ORG-200346,PTR-006,2022-04-10,3104.06,18383.99,ach_remittance
RPY-0003609,ORG-200346,PTR-006,2022-04-17,2955.96,21339.95,ach_remittance
RPY-0003610,ORG-200346,PTR-006,2022-04-24,1874.3,23214.25,ach_remittance
RPY-0003611,ORG-200347,PTR-006,2026-05-20,3777.41,3777.41,ach_remittance
RPY-0003612,ORG-200347,PTR-006,2026-05-27,5263.21,9040.62,ach_remittance
RPY-0003613,ORG-200347,PTR-006,2026-06-03,3040.47,12081.09,ach_remittance
RPY-0003614,ORG-200347,PTR-006,2026-06-10,6258.43,18339.52,ach_remittance
RPY-0003615,ORG-200347,PTR-006,2026-06-17,6592.14,24931.66,ach_remittance
RPY-0003616,ORG-200348,PTR-006,2025-01-13,3837.09,3837.09,ach_remittance
RPY-0003617,ORG-200348,PTR-006,2025-01-20,4751.15,8588.24,ach_remittance
RPY-0003618,ORG-200348,PTR-006,2025-01-27,7090.92,15679.16,ach_remittance
RPY-0003619,ORG-200348,PTR-006,2025-02-03,6668.98,22348.14,ach_remittance
RPY-0003620,ORG-200348,PTR-006,2025-02-10,6853.84,29201.98,ach_remittance
RPY-0003621,ORG-200348,PTR-006,2025-02-17,3762.15,32964.13,ach_remittance
RPY-0003622,ORG-200348,PTR-006,2025-02-24,6198.46,39162.59,manual_payment
RPY-0003623,ORG-200348,PTR-006,2025-03-03,8445.51,47608.1,ach_remittance
RPY-0003624,ORG-200349,PTR-001,2025-07-29,1495.97,1495.97,ach_remittance
RPY-0003625,ORG-200349,PTR-001,2025-08-05,1066.69,2562.66,ach_remittance
RPY-0003626,ORG-200349,PTR-001,2025-08-12,1692.26,4254.92,ach_remittance
RPY-0003627,ORG-200349,PTR-001,2025-08-19,953.39,5208.31,ach_remittance
RPY-0003628,ORG-200349,PTR-001,2025-08-26,2077.2,7285.51,ach_remittance
RPY-0003629,ORG-200349,PTR-001,2025-09-02,1496.9,8782.41,ach_remittance
RPY-0003630,ORG-200349,PTR-001,2025-09-09,1680.52,10462.93,ach_remittance
RPY-0003631,ORG-200349,PTR-001,2025-09-16,1889.63,12352.56,ach_remittance
RPY-0003632,ORG-200349,PTR-001,2025-09-23,1257.31,13609.87,ach_remittance
RPY-0003633,ORG-200349,PTR-001,2025-09-30,1281.15,14891.02,ach_remittance
RPY-0003634,ORG-200349,PTR-001,2025-10-07,1353.81,16244.83,ach_remittance
RPY-0003635,ORG-200349,PTR-001,2025-10-14,1297.48,17542.31,ach_remittance
RPY-0003636,ORG-200349,PTR-001,2025-10-21,1272.93,18815.24,ach_remittance
RPY-0003637,ORG-200349,PTR-001,2025-10-28,3149.22,21964.46,ach_remittance
RPY-0003638,ORG-200350,PTR-006,2022-12-08,2405.97,2405.97,manual_payment
RPY-0003639,ORG-200350,PTR-006,2022-12-15,2725.62,5131.59,ach_remittance
RPY-0003640,ORG-200350,PTR-006,2022-12-22,2429.61,7561.2,ach_remittance
RPY-0003641,ORG-200350,PTR-006,2022-12-29,1595.43,9156.63,ach_remittance
RPY-0003642,ORG-200350,PTR-006,2023-01-05,1660.03,10816.66,ach_remittance
RPY-0003643,ORG-200350,PTR-006,2023-01-12,1784.44,12601.1,ach_remittance
RPY-0003644,ORG-200350,PTR-006,2023-01-19,2065.95,14667.05,ach_remittance
RPY-0003645,ORG-200350,PTR-006,2023-01-26,2836.41,17503.46,ach_remittance
RPY-0003646,ORG-200350,PTR-006,2023-02-02,2404.13,19907.59,ach_remittance
RPY-0003647,ORG-200350,PTR-006,2023-02-09,1592.57,21500.16,ach_remittance
RPY-0003648,ORG-200350,PTR-006,2023-02-16,1748.36,23248.52,ach_remittance
RPY-0003649,ORG-200351,PTR-002,2023-09-21,3923.62,3923.62,ach_remittance
RPY-0003650,ORG-200351,PTR-002,2023-09-28,2830.63,6754.25,ach_remittance
RPY-0003651,ORG-200351,PTR-002,2023-10-05,3489.4,10243.65,ach_remittance
RPY-0003652,ORG-200351,PTR-002,2023-10-12,2007.82,12251.47,ach_remittance
RPY-0003653,ORG-200351,PTR-002,2023-10-19,2139.7,14391.17,ach_remittance
RPY-0003654,ORG-200351,PTR-002,2023-10-26,3708.62,18099.79,ach_remittance
RPY-0003655,ORG-200351,PTR-002,2023-11-02,3206.71,21306.5,ach_remittance
RPY-0003656,ORG-200351,PTR-002,2023-11-09,4167.59,25474.09,ach_remittance
RPY-0003657,ORG-200351,PTR-002,2023-11-16,3751.83,29225.92,ach_remittance
RPY-0003658,ORG-200351,PTR-002,2023-11-23,3986.59,33212.51,ach_remittance
RPY-0003659,ORG-200352,PTR-001,2022-06-09,3317.73,3317.73,ach_remittance
RPY-0003660,ORG-200352,PTR-001,2022-06-16,3291.26,6608.99,ach_remittance
RPY-0003661,ORG-200352,PTR-001,2022-06-23,2147.64,8756.63,ach_remittance
RPY-0003662,ORG-200352,PTR-001,2022-06-30,3879.24,12635.87,ach_remittance
RPY-0003663,ORG-200352,PTR-001,2022-07-07,3337.58,15973.45,ach_remittance
RPY-0003664,ORG-200352,PTR-001,2022-07-14,3660.44,19633.89,ach_remittance
RPY-0003665,ORG-200352,PTR-001,2022-07-21,2297.22,21931.11,ach_remittance
RPY-0003666,ORG-200352,PTR-001,2022-07-28,2768.31,24699.42,ach_remittance
RPY-0003667,ORG-200352,PTR-001,2022-08-04,4515.45,29214.87,ach_remittance
RPY-0003668,ORG-200352,PTR-001,2022-08-11,2385.83,31600.7,ach_remittance
RPY-0003669,ORG-200352,PTR-001,2022-08-18,2899.16,34499.86,ach_remittance
RPY-0003670,ORG-200352,PTR-001,2022-08-25,3139.91,37639.77,ach_remittance
RPY-0003671,ORG-200352,PTR-001,2022-09-01,2429.37,40069.14,ach_remittance
RPY-0003672,ORG-200352,PTR-001,2022-09-08,2563.12,42632.26,manual_payment
RPY-0003673,ORG-200352,PTR-001,2022-09-15,2685.16,45317.42,ach_remittance
RPY-0003674,ORG-200352,PTR-001,2022-09-22,4081.56,49398.98,ach_remittance
RPY-0003675,ORG-200352,PTR-001,2022-09-29,3456.26,52855.24,ach_remittance
RPY-0003676,ORG-200352,PTR-001,2022-10-06,2082.48,54937.72,ach_remittance
RPY-0003677,ORG-200352,PTR-001,2022-10-13,2207.0,57144.72,ach_remittance
RPY-0003678,ORG-200352,PTR-001,2022-10-20,3942.92,61087.64,ach_remittance
RPY-0003679,ORG-200352,PTR-001,2022-10-27,9735.83,70823.47,ach_remittance
RPY-0003680,ORG-200353,PTR-004,2022-02-24,2652.94,2652.94,ach_remittance
RPY-0003681,ORG-200353,PTR-004,2022-03-03,3488.41,6141.35,ach_remittance
RPY-0003682,ORG-200353,PTR-004,2022-03-10,1825.86,7967.21,ach_remittance
RPY-0003683,ORG-200353,PTR-004,2022-03-17,2531.58,10498.79,ach_remittance
RPY-0003684,ORG-200353,PTR-004,2022-03-24,3933.57,14432.36,ach_remittance
RPY-0003685,ORG-200353,PTR-004,2022-03-31,3657.37,18089.73,ach_remittance
RPY-0003686,ORG-200353,PTR-004,2022-04-07,2904.14,20993.87,ach_remittance
RPY-0003687,ORG-200353,PTR-004,2022-04-14,2442.08,23435.95,manual_payment
RPY-0003688,ORG-200353,PTR-004,2022-04-21,1860.26,25296.21,manual_payment
RPY-0003689,ORG-200353,PTR-004,2022-04-28,2948.04,28244.25,ach_remittance
RPY-0003690,ORG-200353,PTR-004,2022-05-05,2739.33,30983.58,ach_remittance
RPY-0003691,ORG-200354,PTR-005,2026-03-01,3670.14,3670.14,ach_remittance
RPY-0003692,ORG-200354,PTR-005,2026-03-08,4743.1,8413.24,ach_remittance
RPY-0003693,ORG-200354,PTR-005,2026-03-15,5867.42,14280.66,ach_remittance
RPY-0003694,ORG-200354,PTR-005,2026-03-22,6458.07,20738.73,ach_remittance
RPY-0003695,ORG-200354,PTR-005,2026-03-29,4111.89,24850.62,ach_remittance
RPY-0003696,ORG-200354,PTR-005,2026-04-05,4490.59,29341.21,manual_payment
RPY-0003697,ORG-200354,PTR-005,2026-04-12,4224.44,33565.65,ach_remittance
RPY-0003698,ORG-200354,PTR-005,2026-04-19,6324.84,39890.49,ach_remittance
RPY-0003699,ORG-200354,PTR-005,2026-04-26,5978.98,45869.47,ach_remittance
RPY-0003700,ORG-200354,PTR-005,2026-05-03,5529.25,51398.72,ach_remittance
RPY-0003701,ORG-200354,PTR-005,2026-05-10,6190.7,57589.42,ach_remittance
RPY-0003702,ORG-200354,PTR-005,2026-05-17,6473.23,64062.65,ach_remittance
RPY-0003703,ORG-200354,PTR-005,2026-05-24,4875.07,68937.72,ach_remittance
RPY-0003704,ORG-200355,PTR-002,2023-10-15,801.84,801.84,ach_remittance
RPY-0003705,ORG-200355,PTR-002,2023-10-22,1466.86,2268.7,ach_remittance
RPY-0003706,ORG-200355,PTR-002,2023-10-29,1406.93,3675.63,ach_remittance
RPY-0003707,ORG-200355,PTR-002,2023-11-05,654.9,4330.53,ach_remittance
RPY-0003708,ORG-200355,PTR-002,2023-11-12,1427.58,5758.11,ach_remittance
RPY-0003709,ORG-200355,PTR-002,2023-11-19,1430.64,7188.75,manual_payment
RPY-0003710,ORG-200355,PTR-002,2023-11-26,1362.83,8551.58,ach_remittance
RPY-0003711,ORG-200355,PTR-002,2023-12-03,807.64,9359.22,manual_payment
RPY-0003712,ORG-200355,PTR-002,2023-12-10,1001.39,10360.61,ach_remittance
RPY-0003713,ORG-200355,PTR-002,2023-12-17,1281.49,11642.1,ach_remittance
RPY-0003714,ORG-200355,PTR-002,2023-12-24,736.92,12379.02,ach_remittance
RPY-0003715,ORG-200355,PTR-002,2023-12-31,1058.82,13437.84,ach_remittance
RPY-0003716,ORG-200355,PTR-002,2024-01-07,1067.07,14504.91,ach_remittance
RPY-0003717,ORG-200355,PTR-002,2024-01-14,808.53,15313.44,ach_remittance
RPY-0003718,ORG-200355,PTR-002,2024-01-21,1255.92,16569.36,ach_remittance
RPY-0003719,ORG-200355,PTR-002,2024-01-28,1470.53,18039.89,ach_remittance
RPY-0003720,ORG-200355,PTR-002,2024-02-04,809.11,18849.0,manual_payment
RPY-0003721,ORG-200355,PTR-002,2024-02-11,1058.99,19907.99,ach_remittance
RPY-0003722,ORG-200355,PTR-002,2024-02-18,1060.53,20968.52,ach_remittance
RPY-0003723,ORG-200355,PTR-002,2024-02-25,645.51,21614.03,ach_remittance
RPY-0003724,ORG-200355,PTR-002,2024-03-03,502.57,22116.6,ach_remittance
RPY-0003725,ORG-200356,PTR-001,2024-08-30,7903.39,7903.39,ach_remittance
RPY-0003726,ORG-200356,PTR-001,2024-09-06,4248.44,12151.83,ach_remittance
RPY-0003727,ORG-200356,PTR-001,2024-09-13,4953.46,17105.29,manual_payment
RPY-0003728,ORG-200356,PTR-001,2024-09-20,6776.31,23881.6,ach_remittance
RPY-0003729,ORG-200356,PTR-001,2024-09-27,6515.59,30397.19,manual_payment
RPY-0003730,ORG-200356,PTR-001,2024-10-04,7190.71,37587.9,ach_remittance
RPY-0003731,ORG-200356,PTR-001,2024-10-11,7957.98,45545.88,ach_remittance
RPY-0003732,ORG-200356,PTR-001,2024-10-18,7868.82,53414.7,ach_remittance
RPY-0003733,ORG-200357,PTR-002,2023-03-01,1012.57,1012.57,ach_remittance
RPY-0003734,ORG-200357,PTR-002,2023-03-08,653.74,1666.31,ach_remittance
RPY-0003735,ORG-200357,PTR-002,2023-03-15,660.15,2326.46,ach_remittance
RPY-0003736,ORG-200357,PTR-002,2023-03-22,478.66,2805.12,ach_remittance
RPY-0003737,ORG-200357,PTR-002,2023-03-29,1015.38,3820.5,manual_payment
RPY-0003738,ORG-200357,PTR-002,2023-04-05,687.9,4508.4,ach_remittance
RPY-0003739,ORG-200357,PTR-002,2023-04-12,778.33,5286.73,ach_remittance
RPY-0003740,ORG-200357,PTR-002,2023-04-19,466.89,5753.62,ach_remittance
RPY-0003741,ORG-200357,PTR-002,2023-04-26,514.0,6267.62,ach_remittance
RPY-0003742,ORG-200357,PTR-002,2023-05-03,526.38,6794.0,ach_remittance
RPY-0003743,ORG-200357,PTR-002,2023-05-10,1057.98,7851.98,ach_remittance
RPY-0003744,ORG-200357,PTR-002,2023-05-17,785.37,8637.35,ach_remittance
RPY-0003745,ORG-200357,PTR-002,2023-05-24,825.98,9463.33,ach_remittance
RPY-0003746,ORG-200357,PTR-002,2023-05-31,647.85,10111.18,ach_remittance
RPY-0003747,ORG-200357,PTR-002,2023-06-07,1008.85,11120.03,ach_remittance
RPY-0003748,ORG-200357,PTR-002,2023-06-14,858.39,11978.42,ach_remittance
RPY-0003749,ORG-200357,PTR-002,2023-06-21,832.29,12810.71,ach_remittance
RPY-0003750,ORG-200357,PTR-002,2023-06-28,749.39,13560.1,ach_remittance
RPY-0003751,ORG-200357,PTR-002,2023-07-05,977.78,14537.88,ach_remittance
RPY-0003752,ORG-200357,PTR-002,2023-07-12,591.63,15129.51,ach_remittance
RPY-0003753,ORG-200357,PTR-002,2023-07-19,1032.9,16162.41,ach_remittance
RPY-0003754,ORG-200357,PTR-002,2023-07-26,622.47,16784.88,manual_payment
RPY-0003755,ORG-200358,PTR-001,2025-05-01,10366.07,10366.07,ach_remittance
RPY-0003756,ORG-200358,PTR-001,2025-05-08,5594.96,15961.03,ach_remittance
RPY-0003757,ORG-200358,PTR-001,2025-05-15,8954.93,24915.96,ach_remittance
RPY-0003758,ORG-200358,PTR-001,2025-05-22,10689.96,35605.92,manual_payment
RPY-0003759,ORG-200358,PTR-001,2025-05-29,10508.41,46114.33,ach_remittance
RPY-0003760,ORG-200358,PTR-001,2025-06-05,5063.91,51178.24,ach_remittance
RPY-0003761,ORG-200358,PTR-001,2025-06-12,5915.2,57093.44,ach_remittance
RPY-0003762,ORG-200358,PTR-001,2025-06-19,4975.68,62069.12,ach_remittance
RPY-0003763,ORG-200358,PTR-001,2025-06-26,5786.46,67855.58,ach_remittance
RPY-0003764,ORG-200358,PTR-001,2025-07-03,11464.47,79320.05,ach_remittance
RPY-0003765,ORG-200359,PTR-004,2026-03-13,5470.77,5470.77,ach_remittance
RPY-0003766,ORG-200359,PTR-004,2026-03-20,5368.28,10839.05,ach_remittance
RPY-0003767,ORG-200359,PTR-004,2026-03-27,5088.72,15927.77,ach_remittance
RPY-0003768,ORG-200359,PTR-004,2026-04-03,4245.21,20172.98,ach_remittance
RPY-0003769,ORG-200359,PTR-004,2026-04-10,4634.5,24807.48,ach_remittance
RPY-0003770,ORG-200359,PTR-004,2026-04-17,4147.72,28955.2,manual_payment
RPY-0003771,ORG-200359,PTR-004,2026-04-24,3645.54,32600.74,ach_remittance
RPY-0003772,ORG-200359,PTR-004,2026-05-01,5604.34,38205.08,ach_remittance
RPY-0003773,ORG-200359,PTR-004,2026-05-08,3193.54,41398.62,ach_remittance
RPY-0003774,ORG-200359,PTR-004,2026-05-15,2814.46,44213.08,ach_remittance
RPY-0003775,ORG-200359,PTR-004,2026-05-22,3417.71,47630.79,ach_remittance
RPY-0003776,ORG-200359,PTR-004,2026-05-29,3454.7,51085.49,ach_remittance
RPY-0003777,ORG-200359,PTR-004,2026-06-05,5668.26,56753.75,manual_payment
RPY-0003778,ORG-200359,PTR-004,2026-06-12,5284.75,62038.5,ach_remittance
RPY-0003779,ORG-200359,PTR-004,2026-06-19,3750.57,65789.07,ach_remittance
RPY-0003780,ORG-200359,PTR-004,2026-06-26,3662.45,69451.52,ach_remittance
RPY-0003781,ORG-200360,PTR-006,2025-01-16,1672.62,1672.62,ach_remittance
RPY-0003782,ORG-200360,PTR-006,2025-01-23,1110.15,2782.77,ach_remittance
RPY-0003783,ORG-200360,PTR-006,2025-01-30,1807.7,4590.47,ach_remittance
RPY-0003784,ORG-200360,PTR-006,2025-02-06,2080.53,6671.0,ach_remittance
RPY-0003785,ORG-200360,PTR-006,2025-02-13,1177.94,7848.94,ach_remittance
RPY-0003786,ORG-200360,PTR-006,2025-02-20,1775.52,9624.46,ach_remittance
RPY-0003787,ORG-200360,PTR-006,2025-02-27,1342.96,10967.42,ach_remittance
RPY-0003788,ORG-200360,PTR-006,2025-03-06,2218.51,13185.93,ach_remittance
RPY-0003789,ORG-200360,PTR-006,2025-03-13,2155.9,15341.83,ach_remittance
RPY-0003790,ORG-200360,PTR-006,2025-03-20,981.29,16323.12,ach_remittance
RPY-0003791,ORG-200361,PTR-004,2026-04-03,5101.82,5101.82,ach_remittance
RPY-0003792,ORG-200361,PTR-004,2026-04-10,5051.68,10153.5,ach_remittance
RPY-0003793,ORG-200361,PTR-004,2026-04-17,3220.07,13373.57,ach_remittance
RPY-0003794,ORG-200361,PTR-004,2026-04-24,4529.63,17903.2,ach_remittance
RPY-0003795,ORG-200361,PTR-004,2026-05-01,3060.79,20963.99,ach_remittance
RPY-0003796,ORG-200361,PTR-004,2026-05-08,2662.23,23626.22,ach_remittance
RPY-0003797,ORG-200361,PTR-004,2026-05-15,3329.59,26955.81,ach_remittance
RPY-0003798,ORG-200361,PTR-004,2026-05-22,2834.0,29789.81,ach_remittance
RPY-0003799,ORG-200361,PTR-004,2026-05-29,5497.32,35287.13,ach_remittance
RPY-0003800,ORG-200361,PTR-004,2026-06-05,5269.38,40556.51,ach_remittance
RPY-0003801,ORG-200362,PTR-006,2022-09-20,236.95,236.95,ach_remittance
RPY-0003802,ORG-200362,PTR-006,2022-09-27,394.42,631.37,ach_remittance
RPY-0003803,ORG-200362,PTR-006,2022-10-04,426.14,1057.51,ach_remittance
RPY-0003804,ORG-200362,PTR-006,2022-10-11,207.4,1264.91,ach_remittance
RPY-0003805,ORG-200362,PTR-006,2022-10-18,263.63,1528.54,ach_remittance
RPY-0003806,ORG-200362,PTR-006,2022-10-25,308.33,1836.87,ach_remittance
RPY-0003807,ORG-200362,PTR-006,2022-11-01,382.75,2219.62,ach_remittance
RPY-0003808,ORG-200362,PTR-006,2022-11-08,324.43,2544.05,ach_remittance
RPY-0003809,ORG-200362,PTR-006,2022-11-15,333.74,2877.79,manual_payment
RPY-0003810,ORG-200362,PTR-006,2022-11-22,388.52,3266.31,ach_remittance
RPY-0003811,ORG-200362,PTR-006,2022-11-29,423.48,3689.79,ach_remittance
RPY-0003812,ORG-200362,PTR-006,2022-12-06,419.52,4109.31,ach_remittance
RPY-0003813,ORG-200362,PTR-006,2022-12-13,151.5,4260.81,ach_remittance
RPY-0003814,ORG-200363,PTR-004,2023-06-06,919.43,919.43,ach_remittance
RPY-0003815,ORG-200363,PTR-004,2023-06-13,1072.41,1991.84,ach_remittance
RPY-0003816,ORG-200363,PTR-004,2023-06-20,1448.7,3440.54,ach_remittance
RPY-0003817,ORG-200363,PTR-004,2023-06-27,922.49,4363.03,ach_remittance
RPY-0003818,ORG-200363,PTR-004,2023-07-04,1575.57,5938.6,ach_remittance
RPY-0003819,ORG-200363,PTR-004,2023-07-11,1714.79,7653.39,ach_remittance
RPY-0003820,ORG-200363,PTR-004,2023-07-18,1370.79,9024.18,ach_remittance
RPY-0003821,ORG-200363,PTR-004,2023-07-25,1223.47,10247.65,ach_remittance
RPY-0003822,ORG-200363,PTR-004,2023-08-01,1447.9,11695.55,ach_remittance
RPY-0003823,ORG-200363,PTR-004,2023-08-08,1840.81,13536.36,ach_remittance
RPY-0003824,ORG-200363,PTR-004,2023-08-15,937.08,14473.44,ach_remittance
RPY-0003825,ORG-200363,PTR-004,2023-08-22,1199.83,15673.27,ach_remittance
RPY-0003826,ORG-200363,PTR-004,2023-08-29,1786.5,17459.77,ach_remittance
RPY-0003827,ORG-200363,PTR-004,2023-09-05,1444.49,18904.26,ach_remittance
RPY-0003828,ORG-200364,PTR-006,2025-10-09,3396.36,3396.36,ach_remittance
RPY-0003829,ORG-200364,PTR-006,2025-10-16,3937.24,7333.6,ach_remittance
RPY-0003830,ORG-200364,PTR-006,2025-10-23,4240.78,11574.38,manual_payment
RPY-0003831,ORG-200364,PTR-006,2025-10-30,4403.09,15977.47,ach_remittance
RPY-0003832,ORG-200364,PTR-006,2025-11-06,4045.35,20022.82,ach_remittance
RPY-0003833,ORG-200364,PTR-006,2025-11-13,4022.69,24045.51,ach_remittance
RPY-0003834,ORG-200364,PTR-006,2025-11-20,3746.29,27791.8,ach_remittance
RPY-0003835,ORG-200364,PTR-006,2025-11-27,3921.0,31712.8,ach_remittance
RPY-0003836,ORG-200364,PTR-006,2025-12-04,5053.3,36766.1,ach_remittance
RPY-0003837,ORG-200364,PTR-006,2025-12-11,3322.84,40088.94,ach_remittance
RPY-0003838,ORG-200364,PTR-006,2025-12-18,5887.76,45976.7,ach_remittance
RPY-0003839,ORG-200364,PTR-006,2025-12-25,5439.73,51416.43,ach_remittance
RPY-0003840,ORG-200364,PTR-006,2026-01-01,5586.66,57003.09,ach_remittance
RPY-0003841,ORG-200364,PTR-006,2026-01-08,4560.78,61563.87,manual_payment
RPY-0003842,ORG-200364,PTR-006,2026-01-15,4020.6,65584.47,ach_remittance
RPY-0003843,ORG-200364,PTR-006,2026-01-22,7397.55,72982.02,ach_remittance
RPY-0003844,ORG-200365,PTR-002,2025-12-26,766.79,766.79,ach_remittance
RPY-0003845,ORG-200365,PTR-002,2026-01-02,586.97,1353.76,ach_remittance
RPY-0003846,ORG-200365,PTR-002,2026-01-09,494.46,1848.22,ach_remittance
RPY-0003847,ORG-200365,PTR-002,2026-01-16,684.65,2532.87,ach_remittance
RPY-0003848,ORG-200365,PTR-002,2026-01-23,898.84,3431.71,ach_remittance
RPY-0003849,ORG-200365,PTR-002,2026-01-30,845.65,4277.36,ach_remittance
RPY-0003850,ORG-200365,PTR-002,2026-02-06,883.45,5160.81,manual_payment
RPY-0003851,ORG-200365,PTR-002,2026-02-13,544.45,5705.26,ach_remittance
RPY-0003852,ORG-200365,PTR-002,2026-02-20,1074.69,6779.95,ach_remittance
RPY-0003853,ORG-200365,PTR-002,2026-02-27,1034.34,7814.29,ach_remittance
RPY-0003854,ORG-200365,PTR-002,2026-03-06,703.78,8518.07,ach_remittance
RPY-0003855,ORG-200365,PTR-002,2026-03-13,570.06,9088.13,ach_remittance
RPY-0003856,ORG-200365,PTR-002,2026-03-20,1029.7,10117.83,ach_remittance
RPY-0003857,ORG-200365,PTR-002,2026-03-27,1050.0,11167.83,ach_remittance
RPY-0003858,ORG-200365,PTR-002,2026-04-03,880.19,12048.02,ach_remittance
RPY-0003859,ORG-200365,PTR-002,2026-04-10,863.46,12911.48,ach_remittance
RPY-0003860,ORG-200366,PTR-002,2023-04-15,1067.18,1067.18,ach_remittance
RPY-0003861,ORG-200366,PTR-002,2023-04-22,2043.58,3110.76,ach_remittance
RPY-0003862,ORG-200366,PTR-002,2023-04-29,1469.91,4580.67,ach_remittance
RPY-0003863,ORG-200366,PTR-002,2023-05-06,1556.98,6137.65,ach_remittance
RPY-0003864,ORG-200366,PTR-002,2023-05-13,1123.03,7260.68,ach_remittance
RPY-0003865,ORG-200366,PTR-002,2023-05-20,1511.98,8772.66,ach_remittance
RPY-0003866,ORG-200366,PTR-002,2023-05-27,1579.78,10352.44,ach_remittance
RPY-0003867,ORG-200366,PTR-002,2023-06-03,1355.29,11707.73,ach_remittance
RPY-0003868,ORG-200366,PTR-002,2023-06-10,1843.59,13551.32,ach_remittance
RPY-0003869,ORG-200366,PTR-002,2023-06-17,1849.47,15400.79,ach_remittance
RPY-0003870,ORG-200366,PTR-002,2023-06-24,1328.37,16729.16,ach_remittance
RPY-0003871,ORG-200366,PTR-002,2023-07-01,1173.65,17902.81,ach_remittance
RPY-0003872,ORG-200366,PTR-002,2023-07-08,985.73,18888.54,ach_remittance
RPY-0003873,ORG-200366,PTR-002,2023-07-15,1277.29,20165.83,ach_remittance
RPY-0003874,ORG-200366,PTR-002,2023-07-22,1731.13,21896.96,ach_remittance
RPY-0003875,ORG-200366,PTR-002,2023-07-29,1583.96,23480.92,manual_payment
RPY-0003876,ORG-200366,PTR-002,2023-08-05,1987.43,25468.35,ach_remittance
RPY-0003877,ORG-200366,PTR-002,2023-08-12,1348.91,26817.26,ach_remittance
RPY-0003878,ORG-200367,PTR-005,2024-10-22,15359.01,15359.01,manual_payment
RPY-0003879,ORG-200367,PTR-005,2024-10-29,10543.82,25902.83,ach_remittance
RPY-0003880,ORG-200367,PTR-005,2024-11-05,14479.7,40382.53,ach_remittance
RPY-0003881,ORG-200367,PTR-005,2024-11-12,12812.24,53194.77,manual_payment
RPY-0003882,ORG-200367,PTR-005,2024-11-19,1791.16,54985.93,ach_remittance
RPY-0003883,ORG-200368,PTR-006,2025-09-24,2555.44,2555.44,ach_remittance
RPY-0003884,ORG-200368,PTR-006,2025-10-01,2367.44,4922.88,ach_remittance
RPY-0003885,ORG-200368,PTR-006,2025-10-08,3042.61,7965.49,ach_remittance
RPY-0003886,ORG-200368,PTR-006,2025-10-15,2313.19,10278.68,ach_remittance
RPY-0003887,ORG-200368,PTR-006,2025-10-22,1909.33,12188.01,manual_payment
RPY-0003888,ORG-200368,PTR-006,2025-10-29,2438.71,14626.72,ach_remittance
RPY-0003889,ORG-200368,PTR-006,2025-11-05,1988.05,16614.77,ach_remittance
RPY-0003890,ORG-200368,PTR-006,2025-11-12,3098.37,19713.14,ach_remittance
RPY-0003891,ORG-200368,PTR-006,2025-11-19,466.06,20179.2,ach_remittance
RPY-0003892,ORG-200369,PTR-006,2023-11-18,2626.41,2626.41,ach_remittance
RPY-0003893,ORG-200369,PTR-006,2023-11-25,2256.35,4882.76,ach_remittance
RPY-0003894,ORG-200369,PTR-006,2023-12-02,2869.24,7752.0,ach_remittance
RPY-0003895,ORG-200369,PTR-006,2023-12-09,2168.76,9920.76,manual_payment
RPY-0003896,ORG-200369,PTR-006,2023-12-16,2192.29,12113.05,ach_remittance
RPY-0003897,ORG-200369,PTR-006,2023-12-23,3231.56,15344.61,ach_remittance
RPY-0003898,ORG-200369,PTR-006,2023-12-30,1853.89,17198.5,ach_remittance
RPY-0003899,ORG-200369,PTR-006,2024-01-06,1937.35,19135.85,ach_remittance
RPY-0003900,ORG-200369,PTR-006,2024-01-13,3180.66,22316.51,ach_remittance
RPY-0003901,ORG-200370,PTR-003,2022-02-02,2165.7,2165.7,ach_remittance
RPY-0003902,ORG-200370,PTR-003,2022-02-09,3657.61,5823.31,ach_remittance
RPY-0003903,ORG-200370,PTR-003,2022-02-16,4750.27,10573.58,ach_remittance
RPY-0003904,ORG-200370,PTR-003,2022-02-23,3817.77,14391.35,ach_remittance
RPY-0003905,ORG-200370,PTR-003,2022-03-02,2696.84,17088.19,ach_remittance
RPY-0003906,ORG-200370,PTR-003,2022-03-09,4517.41,21605.6,ach_remittance
RPY-0003907,ORG-200370,PTR-003,2022-03-16,3758.85,25364.45,ach_remittance
RPY-0003908,ORG-200370,PTR-003,2022-03-23,2484.72,27849.17,ach_remittance
RPY-0003909,ORG-200371,PTR-006,2023-10-08,584.25,584.25,ach_remittance
RPY-0003910,ORG-200371,PTR-006,2023-10-15,374.02,958.27,manual_payment
RPY-0003911,ORG-200371,PTR-006,2023-10-22,384.52,1342.79,ach_remittance
RPY-0003912,ORG-200371,PTR-006,2023-10-29,555.77,1898.56,ach_remittance
RPY-0003913,ORG-200371,PTR-006,2023-11-05,491.14,2389.7,ach_remittance
RPY-0003914,ORG-200371,PTR-006,2023-11-12,644.89,3034.59,ach_remittance
RPY-0003915,ORG-200371,PTR-006,2023-11-19,690.65,3725.24,ach_remittance
RPY-0003916,ORG-200371,PTR-006,2023-11-26,332.46,4057.7,ach_remittance
RPY-0003917,ORG-200371,PTR-006,2023-12-03,363.41,4421.11,ach_remittance
RPY-0003918,ORG-200371,PTR-006,2023-12-10,505.86,4926.97,ach_remittance
RPY-0003919,ORG-200371,PTR-006,2023-12-17,322.73,5249.7,manual_payment
RPY-0003920,ORG-200371,PTR-006,2023-12-24,706.28,5955.98,ach_remittance
RPY-0003921,ORG-200371,PTR-006,2023-12-31,649.71,6605.69,ach_remittance
RPY-0003922,ORG-200371,PTR-006,2024-01-07,613.43,7219.12,ach_remittance
RPY-0003923,ORG-200371,PTR-006,2024-01-14,651.41,7870.53,manual_payment
RPY-0003924,ORG-200371,PTR-006,2024-01-21,572.74,8443.27,ach_remittance
RPY-0003925,ORG-200371,PTR-006,2024-01-28,535.31,8978.58,ach_remittance
RPY-0003926,ORG-200371,PTR-006,2024-02-04,518.46,9497.04,ach_remittance
RPY-0003927,ORG-200371,PTR-006,2024-02-11,568.01,10065.05,ach_remittance
RPY-0003928,ORG-200371,PTR-006,2024-02-18,361.01,10426.06,ach_remittance
RPY-0003929,ORG-200371,PTR-006,2024-02-25,425.21,10851.27,ach_remittance
RPY-0003930,ORG-200371,PTR-006,2024-03-03,470.58,11321.85,ach_remittance
RPY-0003931,ORG-200371,PTR-006,2024-03-10,505.74,11827.59,ach_remittance
RPY-0003932,ORG-200371,PTR-006,2024-03-17,436.86,12264.45,ach_remittance
RPY-0003933,ORG-200371,PTR-006,2024-03-24,464.29,12728.74,ach_remittance
RPY-0003934,ORG-200371,PTR-006,2024-03-31,626.37,13355.11,ach_remittance
RPY-0003935,ORG-200371,PTR-006,2024-04-07,584.66,13939.77,manual_payment
RPY-0003936,ORG-200371,PTR-006,2024-04-14,644.68,14584.45,ach_remittance
RPY-0003937,ORG-200371,PTR-006,2024-04-21,342.14,14926.59,ach_remittance
RPY-0003938,ORG-200371,PTR-006,2024-04-28,610.67,15537.26,ach_remittance
RPY-0003939,ORG-200371,PTR-006,2024-05-05,376.45,15913.71,ach_remittance
RPY-0003940,ORG-200371,PTR-006,2024-05-12,325.33,16239.04,manual_payment
RPY-0003941,ORG-200371,PTR-006,2024-05-19,699.92,16938.96,ach_remittance
RPY-0003942,ORG-200371,PTR-006,2024-05-26,449.19,17388.15,ach_remittance
RPY-0003943,ORG-200371,PTR-006,2024-06-02,641.61,18029.76,ach_remittance
RPY-0003944,ORG-200371,PTR-006,2024-06-09,482.64,18512.4,ach_remittance
RPY-0003945,ORG-200371,PTR-006,2024-06-16,652.0,19164.4,ach_remittance
RPY-0003946,ORG-200371,PTR-006,2024-06-23,583.47,19747.87,manual_payment
RPY-0003947,ORG-200371,PTR-006,2024-06-30,127.44,19875.31,ach_remittance
RPY-0003948,ORG-200372,PTR-004,2025-11-19,4630.45,4630.45,ach_remittance
RPY-0003949,ORG-200372,PTR-004,2025-11-26,4660.81,9291.26,ach_remittance
RPY-0003950,ORG-200372,PTR-004,2025-12-03,2594.72,11885.98,ach_remittance
RPY-0003951,ORG-200372,PTR-004,2025-12-10,2738.34,14624.32,ach_remittance
RPY-0003952,ORG-200372,PTR-004,2025-12-17,3224.19,17848.51,ach_remittance
RPY-0003953,ORG-200372,PTR-004,2025-12-24,3774.99,21623.5,ach_remittance
RPY-0003954,ORG-200372,PTR-004,2025-12-31,2821.79,24445.29,ach_remittance
RPY-0003955,ORG-200372,PTR-004,2026-01-07,4003.5,28448.79,ach_remittance
RPY-0003956,ORG-200372,PTR-004,2026-01-14,4623.99,33072.78,ach_remittance
RPY-0003957,ORG-200372,PTR-004,2026-01-21,4730.86,37803.64,ach_remittance
RPY-0003958,ORG-200372,PTR-004,2026-01-28,4656.59,42460.23,ach_remittance
RPY-0003959,ORG-200372,PTR-004,2026-02-04,2127.78,44588.01,ach_remittance
RPY-0003960,ORG-200372,PTR-004,2026-02-11,893.73,45481.74,ach_remittance
RPY-0003961,ORG-200373,PTR-002,2022-11-29,1612.69,1612.69,ach_remittance
RPY-0003962,ORG-200373,PTR-002,2022-12-06,2926.1,4538.79,ach_remittance
RPY-0003963,ORG-200373,PTR-002,2022-12-13,2472.37,7011.16,ach_remittance
RPY-0003964,ORG-200373,PTR-002,2022-12-20,1983.91,8995.07,ach_remittance
RPY-0003965,ORG-200373,PTR-002,2022-12-27,1787.8,10782.87,ach_remittance
RPY-0003966,ORG-200373,PTR-002,2023-01-03,1483.33,12266.2,ach_remittance
RPY-0003967,ORG-200373,PTR-002,2023-01-10,2717.68,14983.88,ach_remittance
RPY-0003968,ORG-200373,PTR-002,2023-01-17,2937.68,17921.56,ach_remittance
RPY-0003969,ORG-200373,PTR-002,2023-01-24,2156.28,20077.84,ach_remittance
RPY-0003970,ORG-200373,PTR-002,2023-01-31,1520.12,21597.96,ach_remittance
RPY-0003971,ORG-200374,PTR-004,2024-06-23,1390.07,1390.07,ach_remittance
RPY-0003972,ORG-200374,PTR-004,2024-06-30,1147.12,2537.19,ach_remittance
RPY-0003973,ORG-200374,PTR-004,2024-07-07,1389.54,3926.73,ach_remittance
RPY-0003974,ORG-200374,PTR-004,2024-07-14,648.49,4575.22,manual_payment
RPY-0003975,ORG-200375,PTR-001,2023-08-28,5921.41,5921.41,ach_remittance
RPY-0003976,ORG-200375,PTR-001,2023-09-04,6325.43,12246.84,manual_payment
RPY-0003977,ORG-200375,PTR-001,2023-09-11,5118.75,17365.59,ach_remittance
RPY-0003978,ORG-200375,PTR-001,2023-09-18,5811.54,23177.13,ach_remittance
RPY-0003979,ORG-200375,PTR-001,2023-09-25,3917.32,27094.45,ach_remittance
RPY-0003980,ORG-200375,PTR-001,2023-10-02,4590.01,31684.46,ach_remittance
RPY-0003981,ORG-200375,PTR-001,2023-10-09,3504.7,35189.16,ach_remittance
RPY-0003982,ORG-200375,PTR-001,2023-10-16,7806.41,42995.57,manual_payment
RPY-0003983,ORG-200376,PTR-006,2025-03-14,752.17,752.17,ach_remittance
RPY-0003984,ORG-200376,PTR-006,2025-03-21,449.64,1201.81,ach_remittance
RPY-0003985,ORG-200376,PTR-006,2025-03-28,906.35,2108.16,ach_remittance
RPY-0003986,ORG-200376,PTR-006,2025-04-04,761.17,2869.33,ach_remittance
RPY-0003987,ORG-200376,PTR-006,2025-04-11,745.49,3614.82,ach_remittance
RPY-0003988,ORG-200376,PTR-006,2025-04-18,817.54,4432.36,ach_remittance
RPY-0003989,ORG-200376,PTR-006,2025-04-25,743.61,5175.97,ach_remittance
RPY-0003990,ORG-200376,PTR-006,2025-05-02,281.29,5457.26,ach_remittance
RPY-0003991,ORG-200377,PTR-004,2022-12-02,11431.14,11431.14,ach_remittance
RPY-0003992,ORG-200377,PTR-004,2022-12-09,8891.9,20323.04,ach_remittance
RPY-0003993,ORG-200377,PTR-004,2022-12-16,9491.34,29814.38,ach_remittance
RPY-0003994,ORG-200377,PTR-004,2022-12-23,6931.06,36745.44,ach_remittance
RPY-0003995,ORG-200378,PTR-006,2024-04-03,3816.86,3816.86,ach_remittance
RPY-0003996,ORG-200378,PTR-006,2024-04-10,5052.27,8869.13,ach_remittance
RPY-0003997,ORG-200378,PTR-006,2024-04-17,5668.94,14538.07,ach_remittance
RPY-0003998,ORG-200378,PTR-006,2024-04-24,4266.78,18804.85,ach_remittance
RPY-0003999,ORG-200378,PTR-006,2024-05-01,6179.12,24983.97,ach_remittance
RPY-0004000,ORG-200378,PTR-006,2024-05-08,4310.47,29294.44,ach_remittance
RPY-0004001,ORG-200378,PTR-006,2024-05-15,4379.5,33673.94,ach_remittance
RPY-0004002,ORG-200378,PTR-006,2024-05-22,4954.32,38628.26,ach_remittance
RPY-0004003,ORG-200378,PTR-006,2024-05-29,6340.98,44969.24,ach_remittance
RPY-0004004,ORG-200378,PTR-006,2024-06-05,6208.52,51177.76,ach_remittance
RPY-0004005,ORG-200378,PTR-006,2024-06-12,1514.41,52692.17,ach_remittance
RPY-0004006,ORG-200379,PTR-003,2026-03-15,6280.74,6280.74,ach_remittance
RPY-0004007,ORG-200379,PTR-003,2026-03-22,7001.24,13281.98,ach_remittance
RPY-0004008,ORG-200379,PTR-003,2026-03-29,4814.67,18096.65,ach_remittance
RPY-0004009,ORG-200379,PTR-003,2026-04-05,6719.67,24816.32,ach_remittance
RPY-0004010,ORG-200379,PTR-003,2026-04-12,5583.01,30399.33,ach_remittance
RPY-0004011,ORG-200379,PTR-003,2026-04-19,6832.2,37231.53,ach_remittance
RPY-0004012,ORG-200379,PTR-003,2026-04-26,6221.36,43452.89,manual_payment
RPY-0004013,ORG-200379,PTR-003,2026-05-03,3824.07,47276.96,manual_payment
RPY-0004014,ORG-200379,PTR-003,2026-05-10,3482.78,50759.74,ach_remittance
RPY-0004015,ORG-200379,PTR-003,2026-05-17,7311.06,58070.8,ach_remittance
RPY-0004016,ORG-200379,PTR-003,2026-05-24,3791.94,61862.74,ach_remittance
RPY-0004017,ORG-200379,PTR-003,2026-05-31,4996.17,66858.91,ach_remittance
RPY-0004018,ORG-200379,PTR-003,2026-06-07,7710.56,74569.47,ach_remittance
RPY-0004019,ORG-200379,PTR-003,2026-06-14,3683.93,78253.4,ach_remittance
RPY-0004020,ORG-200379,PTR-003,2026-06-21,6393.36,84646.76,ach_remittance
RPY-0004021,ORG-200380,PTR-004,2025-06-27,7629.49,7629.49,ach_remittance
RPY-0004022,ORG-200380,PTR-004,2025-07-04,5706.75,13336.24,ach_remittance
RPY-0004023,ORG-200380,PTR-004,2025-07-11,5530.53,18866.77,ach_remittance
RPY-0004024,ORG-200380,PTR-004,2025-07-18,9382.19,28248.96,ach_remittance
RPY-0004025,ORG-200380,PTR-004,2025-07-25,4687.6,32936.56,manual_payment
RPY-0004026,ORG-200380,PTR-004,2025-08-01,9021.54,41958.1,ach_remittance
RPY-0004027,ORG-200380,PTR-004,2025-08-08,6789.43,48747.53,ach_remittance
RPY-0004028,ORG-200380,PTR-004,2025-08-15,7394.26,56141.79,ach_remittance
RPY-0004029,ORG-200380,PTR-004,2025-08-22,6114.61,62256.4,ach_remittance
RPY-0004030,ORG-200381,PTR-004,2022-10-11,4815.26,4815.26,ach_remittance
RPY-0004031,ORG-200381,PTR-004,2022-10-18,4868.03,9683.29,ach_remittance
RPY-0004032,ORG-200381,PTR-004,2022-10-25,2736.25,12419.54,ach_remittance
RPY-0004033,ORG-200381,PTR-004,2022-11-01,3011.34,15430.88,ach_remittance
RPY-0004034,ORG-200381,PTR-004,2022-11-08,4439.16,19870.04,ach_remittance
RPY-0004035,ORG-200381,PTR-004,2022-11-15,5008.27,24878.31,ach_remittance
RPY-0004036,ORG-200381,PTR-004,2022-11-22,3963.3,28841.61,ach_remittance
RPY-0004037,ORG-200381,PTR-004,2022-11-29,5031.76,33873.37,ach_remittance
RPY-0004038,ORG-200381,PTR-004,2022-12-06,2896.84,36770.21,ach_remittance
RPY-0004039,ORG-200381,PTR-004,2022-12-13,5003.84,41774.05,ach_remittance
RPY-0004040,ORG-200381,PTR-004,2022-12-20,2234.47,44008.52,ach_remittance
RPY-0004041,ORG-200381,PTR-004,2022-12-27,2648.86,46657.38,ach_remittance
RPY-0004042,ORG-200381,PTR-004,2023-01-03,4190.52,50847.9,ach_remittance
RPY-0004043,ORG-200381,PTR-004,2023-01-10,5044.62,55892.52,ach_remittance
RPY-0004044,ORG-200381,PTR-004,2023-01-17,2954.96,58847.48,ach_remittance
RPY-0004045,ORG-200381,PTR-004,2023-01-24,4063.92,62911.4,ach_remittance
RPY-0004046,ORG-200381,PTR-004,2023-01-31,3128.54,66039.94,manual_payment
RPY-0004047,ORG-200381,PTR-004,2023-02-07,4686.06,70726.0,ach_remittance
RPY-0004048,ORG-200381,PTR-004,2023-02-14,2197.59,72923.59,ach_remittance
RPY-0004049,ORG-200381,PTR-004,2023-02-21,3041.27,75964.86,ach_remittance
RPY-0004050,ORG-200381,PTR-004,2023-02-28,3524.92,79489.78,ach_remittance
RPY-0004051,ORG-200381,PTR-004,2023-03-07,4175.42,83665.2,ach_remittance
RPY-0004052,ORG-200381,PTR-004,2023-03-14,3250.52,86915.72,ach_remittance
RPY-0004053,ORG-200381,PTR-004,2023-03-21,3647.59,90563.31,ach_remittance
RPY-0004054,ORG-200381,PTR-004,2023-03-28,3393.16,93956.47,ach_remittance
RPY-0004055,ORG-200381,PTR-004,2023-04-04,2549.07,96505.54,ach_remittance
RPY-0004056,ORG-200381,PTR-004,2023-04-11,2922.47,99428.01,ach_remittance
RPY-0004057,ORG-200381,PTR-004,2023-04-18,2980.4,102408.41,manual_payment
RPY-0004058,ORG-200381,PTR-004,2023-04-25,3466.42,105874.83,ach_remittance
RPY-0004059,ORG-200381,PTR-004,2023-05-02,4493.75,110368.58,ach_remittance
RPY-0004060,ORG-200381,PTR-004,2023-05-09,4655.55,115024.13,ach_remittance
RPY-0004061,ORG-200381,PTR-004,2023-05-16,2233.21,117257.34,ach_remittance
RPY-0004062,ORG-200381,PTR-004,2023-05-23,4368.34,121625.68,ach_remittance
RPY-0004063,ORG-200381,PTR-004,2023-05-30,2678.4,124304.08,manual_payment
RPY-0004064,ORG-200381,PTR-004,2023-06-06,3818.98,128123.06,ach_remittance
RPY-0004065,ORG-200381,PTR-004,2023-06-13,2419.2,130542.26,manual_payment
RPY-0004066,ORG-200381,PTR-004,2023-06-20,4255.79,134798.05,ach_remittance
RPY-0004067,ORG-200381,PTR-004,2023-06-27,3152.28,137950.33,ach_remittance
RPY-0004068,ORG-200381,PTR-004,2023-07-04,2887.94,140838.27,manual_payment
RPY-0004069,ORG-200382,PTR-005,2023-01-23,1346.0,1346.0,ach_remittance
RPY-0004070,ORG-200382,PTR-005,2023-01-30,1755.3,3101.3,manual_payment
RPY-0004071,ORG-200382,PTR-005,2023-02-06,1480.93,4582.23,ach_remittance
RPY-0004072,ORG-200382,PTR-005,2023-02-13,2284.28,6866.51,ach_remittance
RPY-0004073,ORG-200382,PTR-005,2023-02-20,1691.43,8557.94,ach_remittance
RPY-0004074,ORG-200382,PTR-005,2023-02-27,2420.2,10978.14,ach_remittance
RPY-0004075,ORG-200382,PTR-005,2023-03-06,1853.49,12831.63,ach_remittance
RPY-0004076,ORG-200382,PTR-005,2023-03-13,5023.6,17855.23,ach_remittance
RPY-0004077,ORG-200383,PTR-001,2025-12-17,3793.03,3793.03,ach_remittance
RPY-0004078,ORG-200384,PTR-002,2022-01-22,2943.96,2943.96,ach_remittance
RPY-0004079,ORG-200384,PTR-002,2022-01-29,2394.31,5338.27,manual_payment
RPY-0004080,ORG-200384,PTR-002,2022-02-05,3215.99,8554.26,ach_remittance
RPY-0004081,ORG-200384,PTR-002,2022-02-12,4026.06,12580.32,ach_remittance
RPY-0004082,ORG-200384,PTR-002,2022-02-19,2439.28,15019.6,ach_remittance
RPY-0004083,ORG-200384,PTR-002,2022-02-26,4308.98,19328.58,manual_payment
RPY-0004084,ORG-200384,PTR-002,2022-03-05,6388.18,25716.76,ach_remittance
RPY-0004085,ORG-200385,PTR-001,2024-09-17,6882.91,6882.91,ach_remittance
RPY-0004086,ORG-200385,PTR-001,2024-09-24,8304.29,15187.2,ach_remittance
RPY-0004087,ORG-200385,PTR-001,2024-10-01,5113.51,20300.71,ach_remittance
RPY-0004088,ORG-200385,PTR-001,2024-10-08,6442.11,26742.82,ach_remittance
RPY-0004089,ORG-200385,PTR-001,2024-10-15,5967.92,32710.74,ach_remittance
RPY-0004090,ORG-200385,PTR-001,2024-10-22,9416.61,42127.35,ach_remittance
RPY-0004091,ORG-200385,PTR-001,2024-10-29,8991.5,51118.85,ach_remittance
RPY-0004092,ORG-200385,PTR-001,2024-11-05,5014.26,56133.11,ach_remittance
RPY-0004093,ORG-200385,PTR-001,2024-11-12,6307.86,62440.97,ach_remittance
RPY-0004094,ORG-200385,PTR-001,2024-11-19,6994.33,69435.3,ach_remittance
RPY-0004095,ORG-200386,PTR-003,2024-09-01,664.47,664.47,ach_remittance
RPY-0004096,ORG-200386,PTR-003,2024-09-08,907.15,1571.62,ach_remittance
RPY-0004097,ORG-200386,PTR-003,2024-09-15,1118.81,2690.43,ach_remittance
RPY-0004098,ORG-200386,PTR-003,2024-09-22,1064.74,3755.17,ach_remittance
RPY-0004099,ORG-200386,PTR-003,2024-09-29,1018.52,4773.69,ach_remittance
RPY-0004100,ORG-200386,PTR-003,2024-10-06,783.42,5557.11,ach_remittance
RPY-0004101,ORG-200386,PTR-003,2024-10-13,697.26,6254.37,ach_remittance
RPY-0004102,ORG-200386,PTR-003,2024-10-20,703.41,6957.78,ach_remittance
RPY-0004103,ORG-200386,PTR-003,2024-10-27,1056.27,8014.05,ach_remittance
RPY-0004104,ORG-200386,PTR-003,2024-11-03,848.28,8862.33,ach_remittance
RPY-0004105,ORG-200386,PTR-003,2024-11-10,1337.77,10200.1,ach_remittance
RPY-0004106,ORG-200386,PTR-003,2024-11-17,656.97,10857.07,ach_remittance
RPY-0004107,ORG-200386,PTR-003,2024-11-24,782.37,11639.44,ach_remittance
RPY-0004108,ORG-200386,PTR-003,2024-12-01,1234.82,12874.26,ach_remittance
RPY-0004109,ORG-200386,PTR-003,2024-12-08,750.72,13624.98,ach_remittance
RPY-0004110,ORG-200386,PTR-003,2024-12-15,3596.36,17221.34,ach_remittance
RPY-0004111,ORG-200387,PTR-006,2023-10-10,3188.4,3188.4,ach_remittance
RPY-0004112,ORG-200387,PTR-006,2023-10-17,2836.25,6024.65,ach_remittance
RPY-0004113,ORG-200387,PTR-006,2023-10-24,3766.03,9790.68,ach_remittance
RPY-0004114,ORG-200387,PTR-006,2023-10-31,4460.68,14251.36,ach_remittance
RPY-0004115,ORG-200387,PTR-006,2023-11-07,3438.26,17689.62,ach_remittance
RPY-0004116,ORG-200387,PTR-006,2023-11-14,3791.45,21481.07,ach_remittance
RPY-0004117,ORG-200387,PTR-006,2023-11-21,1271.19,22752.26,ach_remittance
RPY-0004118,ORG-200388,PTR-002,2024-08-12,4603.51,4603.51,ach_remittance
RPY-0004119,ORG-200388,PTR-002,2024-08-19,3232.41,7835.92,ach_remittance
RPY-0004120,ORG-200388,PTR-002,2024-08-26,4153.49,11989.41,ach_remittance
RPY-0004121,ORG-200388,PTR-002,2024-09-02,2406.71,14396.12,ach_remittance
RPY-0004122,ORG-200388,PTR-002,2024-09-09,2180.18,16576.3,ach_remittance
RPY-0004123,ORG-200388,PTR-002,2024-09-16,3727.14,20303.44,ach_remittance
RPY-0004124,ORG-200388,PTR-002,2024-09-23,3276.33,23579.77,ach_remittance
RPY-0004125,ORG-200389,PTR-004,2022-09-11,17652.25,17652.25,ach_remittance
RPY-0004126,ORG-200389,PTR-004,2022-09-18,13542.08,31194.33,ach_remittance
RPY-0004127,ORG-200389,PTR-004,2022-09-25,12158.63,43352.96,ach_remittance
RPY-0004128,ORG-200389,PTR-004,2022-10-02,17305.95,60658.91,ach_remittance
RPY-0004129,ORG-200389,PTR-004,2022-10-09,10303.88,70962.79,ach_remittance
RPY-0004130,ORG-200389,PTR-004,2022-10-16,8409.7,79372.49,ach_remittance
RPY-0004131,ORG-200389,PTR-004,2022-10-23,12649.02,92021.51,ach_remittance
RPY-0004132,ORG-200389,PTR-004,2022-10-30,16475.54,108497.05,ach_remittance
RPY-0004133,ORG-200389,PTR-004,2022-11-06,12980.35,121477.4,ach_remittance
RPY-0004134,ORG-200390,PTR-004,2022-09-28,2227.61,2227.61,ach_remittance
RPY-0004135,ORG-200390,PTR-004,2022-10-05,3406.56,5634.17,ach_remittance
RPY-0004136,ORG-200390,PTR-004,2022-10-12,4391.25,10025.42,ach_remittance
RPY-0004137,ORG-200390,PTR-004,2022-10-19,2152.77,12178.19,ach_remittance
RPY-0004138,ORG-200390,PTR-004,2022-10-26,2981.21,15159.4,ach_remittance
RPY-0004139,ORG-200390,PTR-004,2022-11-02,3784.05,18943.45,ach_remittance
RPY-0004140,ORG-200390,PTR-004,2022-11-09,3868.83,22812.28,ach_remittance
RPY-0004141,ORG-200390,PTR-004,2022-11-16,4948.72,27761.0,ach_remittance
RPY-0004142,ORG-200391,PTR-001,2024-01-09,8104.4,8104.4,ach_remittance
RPY-0004143,ORG-200391,PTR-001,2024-01-16,6993.43,15097.83,ach_remittance
RPY-0004144,ORG-200391,PTR-001,2024-01-23,7515.64,22613.47,ach_remittance
RPY-0004145,ORG-200391,PTR-001,2024-01-30,4886.8,27500.27,ach_remittance
RPY-0004146,ORG-200391,PTR-001,2024-02-06,8447.36,35947.63,ach_remittance
RPY-0004147,ORG-200391,PTR-001,2024-02-13,4672.23,40619.86,ach_remittance
RPY-0004148,ORG-200391,PTR-001,2024-02-20,6629.01,47248.87,ach_remittance
RPY-0004149,ORG-200392,PTR-002,2022-10-16,393.44,393.44,ach_remittance
RPY-0004150,ORG-200392,PTR-002,2022-10-23,200.97,594.41,ach_remittance
RPY-0004151,ORG-200392,PTR-002,2022-10-30,324.54,918.95,ach_remittance
RPY-0004152,ORG-200392,PTR-002,2022-11-06,378.07,1297.02,ach_remittance
RPY-0004153,ORG-200392,PTR-002,2022-11-13,206.43,1503.45,ach_remittance
RPY-0004154,ORG-200392,PTR-002,2022-11-20,250.5,1753.95,ach_remittance
RPY-0004155,ORG-200392,PTR-002,2022-11-27,532.05,2286.0,manual_payment
RPY-0004156,ORG-200393,PTR-006,2023-08-07,4489.39,4489.39,ach_remittance
RPY-0004157,ORG-200393,PTR-006,2023-08-14,5931.74,10421.13,ach_remittance
RPY-0004158,ORG-200393,PTR-006,2023-08-21,3729.68,14150.81,ach_remittance
RPY-0004159,ORG-200393,PTR-006,2023-08-28,4506.0,18656.81,ach_remittance
RPY-0004160,ORG-200393,PTR-006,2023-09-04,4738.74,23395.55,ach_remittance
RPY-0004161,ORG-200393,PTR-006,2023-09-11,6773.93,30169.48,ach_remittance
RPY-0004162,ORG-200393,PTR-006,2023-09-18,5994.23,36163.71,ach_remittance
RPY-0004163,ORG-200393,PTR-006,2023-09-25,3271.55,39435.26,ach_remittance
RPY-0004164,ORG-200394,PTR-004,2025-07-13,957.34,957.34,ach_remittance
RPY-0004165,ORG-200394,PTR-004,2025-07-20,464.87,1422.21,manual_payment
RPY-0004166,ORG-200394,PTR-004,2025-07-27,948.94,2371.15,ach_remittance
RPY-0004167,ORG-200394,PTR-004,2025-08-03,574.53,2945.68,ach_remittance
RPY-0004168,ORG-200394,PTR-004,2025-08-10,684.0,3629.68,ach_remittance
RPY-0004169,ORG-200394,PTR-004,2025-08-17,1041.84,4671.52,ach_remittance
RPY-0004170,ORG-200394,PTR-004,2025-08-24,549.84,5221.36,ach_remittance
RPY-0004171,ORG-200394,PTR-004,2025-08-31,787.49,6008.85,ach_remittance
RPY-0004172,ORG-200394,PTR-004,2025-09-07,1043.38,7052.23,ach_remittance
RPY-0004173,ORG-200394,PTR-004,2025-09-14,599.86,7652.09,ach_remittance
RPY-0004174,ORG-200394,PTR-004,2025-09-21,981.88,8633.97,ach_remittance
RPY-0004175,ORG-200394,PTR-004,2025-09-28,822.6,9456.57,ach_remittance
RPY-0004176,ORG-200394,PTR-004,2025-10-05,1019.35,10475.92,ach_remittance
RPY-0004177,ORG-200394,PTR-004,2025-10-12,632.86,11108.78,ach_remittance
RPY-0004178,ORG-200394,PTR-004,2025-10-19,791.86,11900.64,ach_remittance
RPY-0004179,ORG-200394,PTR-004,2025-10-26,482.73,12383.37,ach_remittance
RPY-0004180,ORG-200394,PTR-004,2025-11-02,565.18,12948.55,ach_remittance
RPY-0004181,ORG-200394,PTR-004,2025-11-09,977.09,13925.64,manual_payment
RPY-0004182,ORG-200394,PTR-004,2025-11-16,701.37,14627.01,manual_payment
RPY-0004183,ORG-200394,PTR-004,2025-11-23,913.41,15540.42,ach_remittance
RPY-0004184,ORG-200394,PTR-004,2025-11-30,632.02,16172.44,ach_remittance
RPY-0004185,ORG-200394,PTR-004,2025-12-07,1009.34,17181.78,ach_remittance
RPY-0004186,ORG-200394,PTR-004,2025-12-14,931.5,18113.28,ach_remittance
RPY-0004187,ORG-200394,PTR-004,2025-12-21,1002.9,19116.18,ach_remittance
RPY-0004188,ORG-200394,PTR-004,2025-12-28,860.18,19976.36,manual_payment
RPY-0004189,ORG-200394,PTR-004,2026-01-04,1009.89,20986.25,ach_remittance
RPY-0004190,ORG-200394,PTR-004,2026-01-11,459.18,21445.43,manual_payment
RPY-0004191,ORG-200394,PTR-004,2026-01-18,591.62,22037.05,ach_remittance
RPY-0004192,ORG-200394,PTR-004,2026-01-25,798.87,22835.92,ach_remittance
RPY-0004193,ORG-200394,PTR-004,2026-02-01,612.81,23448.73,ach_remittance
RPY-0004194,ORG-200394,PTR-004,2026-02-08,738.76,24187.49,ach_remittance
RPY-0004195,ORG-200394,PTR-004,2026-02-15,542.66,24730.15,manual_payment
RPY-0004196,ORG-200394,PTR-004,2026-02-22,857.89,25588.04,manual_payment
RPY-0004197,ORG-200394,PTR-004,2026-03-01,749.39,26337.43,ach_remittance
RPY-0004198,ORG-200394,PTR-004,2026-03-08,698.33,27035.76,ach_remittance
RPY-0004199,ORG-200394,PTR-004,2026-03-15,797.06,27832.82,manual_payment
RPY-0004200,ORG-200394,PTR-004,2026-03-22,488.42,28321.24,ach_remittance
RPY-0004201,ORG-200394,PTR-004,2026-03-29,214.56,28535.8,ach_remittance
RPY-0004202,ORG-200395,PTR-003,2025-03-06,5058.73,5058.73,ach_remittance
RPY-0004203,ORG-200395,PTR-003,2025-03-13,2917.05,7975.78,ach_remittance
RPY-0004204,ORG-200395,PTR-003,2025-03-20,2369.54,10345.32,ach_remittance
RPY-0004205,ORG-200395,PTR-003,2025-03-27,4006.37,14351.69,ach_remittance
RPY-0004206,ORG-200395,PTR-003,2025-04-03,3633.16,17984.85,ach_remittance
RPY-0004207,ORG-200395,PTR-003,2025-04-10,4186.33,22171.18,ach_remittance
RPY-0004208,ORG-200395,PTR-003,2025-04-17,3866.61,26037.79,ach_remittance
RPY-0004209,ORG-200395,PTR-003,2025-04-24,3681.95,29719.74,ach_remittance
RPY-0004210,ORG-200396,PTR-003,2024-04-22,5379.98,5379.98,ach_remittance
RPY-0004211,ORG-200396,PTR-003,2024-04-29,4308.29,9688.27,ach_remittance
RPY-0004212,ORG-200396,PTR-003,2024-05-06,4840.46,14528.73,ach_remittance
RPY-0004213,ORG-200396,PTR-003,2024-05-13,6413.07,20941.8,ach_remittance
RPY-0004214,ORG-200396,PTR-003,2024-05-20,3154.24,24096.04,ach_remittance
RPY-0004215,ORG-200396,PTR-003,2024-05-27,5745.17,29841.21,ach_remittance
RPY-0004216,ORG-200397,PTR-006,2024-05-15,2233.28,2233.28,ach_remittance
RPY-0004217,ORG-200397,PTR-006,2024-05-22,2287.59,4520.87,ach_remittance
RPY-0004218,ORG-200397,PTR-006,2024-05-29,2244.42,6765.29,ach_remittance
RPY-0004219,ORG-200397,PTR-006,2024-06-05,2571.06,9336.35,ach_remittance
RPY-0004220,ORG-200397,PTR-006,2024-06-12,2653.92,11990.27,ach_remittance
RPY-0004221,ORG-200397,PTR-006,2024-06-19,1856.16,13846.43,ach_remittance
RPY-0004222,ORG-200397,PTR-006,2024-06-26,1938.72,15785.15,ach_remittance
RPY-0004223,ORG-200397,PTR-006,2024-07-03,2197.25,17982.4,ach_remittance
RPY-0004224,ORG-200397,PTR-006,2024-07-10,1672.5,19654.9,ach_remittance
RPY-0004225,ORG-200397,PTR-006,2024-07-17,1998.56,21653.46,ach_remittance
RPY-0004226,ORG-200397,PTR-006,2024-07-24,1478.09,23131.55,ach_remittance
RPY-0004227,ORG-200397,PTR-006,2024-07-31,2077.36,25208.91,ach_remittance
RPY-0004228,ORG-200397,PTR-006,2024-08-07,2839.47,28048.38,ach_remittance
RPY-0004229,ORG-200397,PTR-006,2024-08-14,1295.44,29343.82,ach_remittance
RPY-0004230,ORG-200397,PTR-006,2024-08-21,2165.13,31508.95,ach_remittance
RPY-0004231,ORG-200397,PTR-006,2024-08-28,1543.55,33052.5,manual_payment
RPY-0004232,ORG-200397,PTR-006,2024-09-04,2934.18,35986.68,ach_remittance
RPY-0004233,ORG-200397,PTR-006,2024-09-11,1995.32,37982.0,ach_remittance
RPY-0004234,ORG-200397,PTR-006,2024-09-18,2229.78,40211.78,manual_payment
RPY-0004235,ORG-200397,PTR-006,2024-09-25,2700.13,42911.91,manual_payment
RPY-0004236,ORG-200397,PTR-006,2024-10-02,1348.08,44259.99,ach_remittance
RPY-0004237,ORG-200397,PTR-006,2024-10-09,1614.93,45874.92,ach_remittance
RPY-0004238,ORG-200397,PTR-006,2024-10-16,1417.53,47292.45,ach_remittance
RPY-0004239,ORG-200397,PTR-006,2024-10-23,2935.74,50228.19,ach_remittance
RPY-0004240,ORG-200397,PTR-006,2024-10-30,3705.5,53933.69,ach_remittance
RPY-0004241,ORG-200398,PTR-004,2025-10-29,3426.29,3426.29,manual_payment
RPY-0004242,ORG-200398,PTR-004,2025-11-05,4646.72,8073.01,ach_remittance
RPY-0004243,ORG-200398,PTR-004,2025-11-12,3631.69,11704.7,ach_remittance
RPY-0004244,ORG-200398,PTR-004,2025-11-19,2716.37,14421.07,ach_remittance
RPY-0004245,ORG-200398,PTR-004,2025-11-26,4389.18,18810.25,ach_remittance
RPY-0004246,ORG-200398,PTR-004,2025-12-03,5513.93,24324.18,ach_remittance
RPY-0004247,ORG-200398,PTR-004,2025-12-10,2489.97,26814.15,manual_payment
RPY-0004248,ORG-200398,PTR-004,2025-12-17,3963.84,30777.99,ach_remittance
RPY-0004249,ORG-200398,PTR-004,2025-12-24,5258.44,36036.43,ach_remittance
RPY-0004250,ORG-200399,PTR-005,2022-03-19,4016.72,4016.72,ach_remittance
RPY-0004251,ORG-200399,PTR-005,2022-03-26,3767.2,7783.92,manual_payment
RPY-0004252,ORG-200399,PTR-005,2022-04-02,3960.87,11744.79,ach_remittance
RPY-0004253,ORG-200399,PTR-005,2022-04-09,3937.16,15681.95,manual_payment
RPY-0004254,ORG-200399,PTR-005,2022-04-16,3470.45,19152.4,manual_payment
RPY-0004255,ORG-200399,PTR-005,2022-04-23,1565.99,20718.39,ach_remittance
RPY-0004256,ORG-200400,PTR-003,2025-05-23,2481.39,2481.39,ach_remittance
RPY-0004257,ORG-200400,PTR-003,2025-05-30,2602.96,5084.35,ach_remittance
RPY-0004258,ORG-200400,PTR-003,2025-06-06,2072.48,7156.83,ach_remittance
RPY-0004259,ORG-200400,PTR-003,2025-06-13,4269.51,11426.34,ach_remittance
RPY-0004260,ORG-200400,PTR-003,2025-06-20,4175.34,15601.68,manual_payment
RPY-0004261,ORG-200400,PTR-003,2025-06-27,2557.86,18159.54,ach_remittance
RPY-0004262,ORG-200400,PTR-003,2025-07-04,3930.08,22089.62,ach_remittance
RPY-0004263,ORG-200400,PTR-003,2025-07-11,2684.16,24773.78,ach_remittance
RPY-0004264,ORG-200400,PTR-003,2025-07-18,6079.21,30852.99,ach_remittance
RPY-0004265,ORG-200401,PTR-001,2024-12-18,452.78,452.78,ach_remittance
RPY-0004266,ORG-200401,PTR-001,2024-12-25,274.28,727.06,ach_remittance
RPY-0004267,ORG-200401,PTR-001,2025-01-01,508.29,1235.35,manual_payment
RPY-0004268,ORG-200401,PTR-001,2025-01-08,293.08,1528.43,ach_remittance
RPY-0004269,ORG-200401,PTR-001,2025-01-15,495.21,2023.64,ach_remittance
RPY-0004270,ORG-200401,PTR-001,2025-01-22,440.05,2463.69,ach_remittance
RPY-0004271,ORG-200401,PTR-001,2025-01-29,587.33,3051.02,ach_remittance
RPY-0004272,ORG-200401,PTR-001,2025-02-05,270.98,3322.0,manual_payment
RPY-0004273,ORG-200401,PTR-001,2025-02-12,327.92,3649.92,ach_remittance
RPY-0004274,ORG-200401,PTR-001,2025-02-19,493.52,4143.44,ach_remittance
RPY-0004275,ORG-200401,PTR-001,2025-02-26,457.64,4601.08,ach_remittance
RPY-0004276,ORG-200401,PTR-001,2025-03-05,602.39,5203.47,ach_remittance
RPY-0004277,ORG-200401,PTR-001,2025-03-12,466.31,5669.78,ach_remittance
RPY-0004278,ORG-200401,PTR-001,2025-03-19,276.45,5946.23,ach_remittance
RPY-0004279,ORG-200401,PTR-001,2025-03-26,367.67,6313.9,ach_remittance
RPY-0004280,ORG-200401,PTR-001,2025-04-02,399.3,6713.2,ach_remittance
RPY-0004281,ORG-200401,PTR-001,2025-04-09,441.13,7154.33,manual_payment
RPY-0004282,ORG-200401,PTR-001,2025-04-16,446.16,7600.49,ach_remittance
RPY-0004283,ORG-200401,PTR-001,2025-04-23,448.24,8048.73,ach_remittance
RPY-0004284,ORG-200401,PTR-001,2025-04-30,546.59,8595.32,ach_remittance
RPY-0004285,ORG-200401,PTR-001,2025-05-07,593.45,9188.77,ach_remittance
RPY-0004286,ORG-200402,PTR-004,2022-11-03,4861.03,4861.03,ach_remittance
RPY-0004287,ORG-200402,PTR-004,2022-11-10,6664.97,11526.0,ach_remittance
RPY-0004288,ORG-200402,PTR-004,2022-11-17,4465.74,15991.74,ach_remittance
RPY-0004289,ORG-200402,PTR-004,2022-11-24,7475.24,23466.98,ach_remittance
RPY-0004290,ORG-200402,PTR-004,2022-12-01,7468.09,30935.07,ach_remittance
RPY-0004291,ORG-200402,PTR-004,2022-12-08,8566.63,39501.7,ach_remittance
RPY-0004292,ORG-200402,PTR-004,2022-12-15,8000.96,47502.66,ach_remittance
RPY-0004293,ORG-200403,PTR-001,2024-09-15,876.45,876.45,ach_remittance
RPY-0004294,ORG-200403,PTR-001,2024-09-22,805.15,1681.6,ach_remittance
RPY-0004295,ORG-200403,PTR-001,2024-09-29,721.48,2403.08,ach_remittance
RPY-0004296,ORG-200403,PTR-001,2024-10-06,814.6,3217.68,ach_remittance
RPY-0004297,ORG-200403,PTR-001,2024-10-13,417.66,3635.34,manual_payment
RPY-0004298,ORG-200403,PTR-001,2024-10-20,446.5,4081.84,ach_remittance
RPY-0004299,ORG-200403,PTR-001,2024-10-27,597.93,4679.77,ach_remittance
RPY-0004300,ORG-200404,PTR-006,2024-08-27,3092.84,3092.84,ach_remittance
RPY-0004301,ORG-200404,PTR-006,2024-09-03,2757.24,5850.08,ach_remittance
RPY-0004302,ORG-200404,PTR-006,2024-09-10,2585.45,8435.53,ach_remittance
RPY-0004303,ORG-200404,PTR-006,2024-09-17,2525.9,10961.43,ach_remittance
RPY-0004304,ORG-200404,PTR-006,2024-09-24,1604.43,12565.86,ach_remittance
RPY-0004305,ORG-200404,PTR-006,2024-10-01,2084.09,14649.95,ach_remittance
RPY-0004306,ORG-200404,PTR-006,2024-10-08,2043.26,16693.21,ach_remittance
RPY-0004307,ORG-200405,PTR-003,2023-11-25,5082.41,5082.41,ach_remittance
RPY-0004308,ORG-200405,PTR-003,2023-12-02,7063.43,12145.84,ach_remittance
RPY-0004309,ORG-200405,PTR-003,2023-12-09,8223.57,20369.41,ach_remittance
RPY-0004310,ORG-200405,PTR-003,2023-12-16,7618.83,27988.24,ach_remittance
RPY-0004311,ORG-200405,PTR-003,2023-12-23,7203.75,35191.99,ach_remittance
RPY-0004312,ORG-200405,PTR-003,2023-12-30,6480.28,41672.27,ach_remittance
RPY-0004313,ORG-200405,PTR-003,2024-01-06,7759.79,49432.06,ach_remittance
RPY-0004314,ORG-200405,PTR-003,2024-01-13,4628.79,54060.85,ach_remittance
RPY-0004315,ORG-200405,PTR-003,2024-01-20,8151.36,62212.21,ach_remittance
RPY-0004316,ORG-200405,PTR-003,2024-01-27,4790.79,67003.0,ach_remittance
RPY-0004317,ORG-200405,PTR-003,2024-02-03,7922.0,74925.0,ach_remittance
RPY-0004318,ORG-200405,PTR-003,2024-02-10,7005.12,81930.12,ach_remittance
RPY-0004319,ORG-200405,PTR-003,2024-02-17,4990.8,86920.92,ach_remittance
RPY-0004320,ORG-200405,PTR-003,2024-02-24,5116.65,92037.57,ach_remittance
RPY-0004321,ORG-200405,PTR-003,2024-03-02,6453.38,98490.95,ach_remittance
RPY-0004322,ORG-200405,PTR-003,2024-03-09,1762.79,100253.74,ach_remittance
RPY-0004323,ORG-200406,PTR-003,2025-02-08,15341.45,15341.45,ach_remittance
RPY-0004324,ORG-200406,PTR-003,2025-02-15,9327.38,24668.83,ach_remittance
RPY-0004325,ORG-200406,PTR-003,2025-02-22,20165.22,44834.05,ach_remittance
RPY-0004326,ORG-200406,PTR-003,2025-03-01,14280.78,59114.83,ach_remittance
RPY-0004327,ORG-200406,PTR-003,2025-03-08,13665.02,72779.85,ach_remittance
RPY-0004328,ORG-200407,PTR-002,2026-03-09,10648.67,10648.67,ach_remittance
RPY-0004329,ORG-200407,PTR-002,2026-03-16,4929.87,15578.54,ach_remittance
RPY-0004330,ORG-200407,PTR-002,2026-03-23,8916.71,24495.25,ach_remittance
RPY-0004331,ORG-200407,PTR-002,2026-03-30,7654.44,32149.69,ach_remittance
RPY-0004332,ORG-200407,PTR-002,2026-04-06,8399.7,40549.39,ach_remittance
RPY-0004333,ORG-200408,PTR-005,2025-01-21,1586.37,1586.37,ach_remittance
RPY-0004334,ORG-200408,PTR-005,2025-01-28,3260.1,4846.47,ach_remittance
RPY-0004335,ORG-200408,PTR-005,2025-02-04,2331.45,7177.92,manual_payment
RPY-0004336,ORG-200408,PTR-005,2025-02-11,3008.73,10186.65,ach_remittance
RPY-0004337,ORG-200408,PTR-005,2025-02-18,2281.01,12467.66,ach_remittance
RPY-0004338,ORG-200408,PTR-005,2025-02-25,1741.71,14209.37,ach_remittance
RPY-0004339,ORG-200408,PTR-005,2025-03-04,1616.94,15826.31,ach_remittance
RPY-0004340,ORG-200408,PTR-005,2025-03-11,1996.21,17822.52,ach_remittance
RPY-0004341,ORG-200408,PTR-005,2025-03-18,2545.43,20367.95,ach_remittance
RPY-0004342,ORG-200408,PTR-005,2025-03-25,1816.85,22184.8,ach_remittance
RPY-0004343,ORG-200408,PTR-005,2025-04-01,1569.06,23753.86,ach_remittance
RPY-0004344,ORG-200408,PTR-005,2025-04-08,2248.98,26002.84,ach_remittance
RPY-0004345,ORG-200408,PTR-005,2025-04-15,2139.5,28142.34,ach_remittance
RPY-0004346,ORG-200408,PTR-005,2025-04-22,4860.86,33003.2,ach_remittance
RPY-0004347,ORG-200409,PTR-005,2025-06-03,3289.13,3289.13,ach_remittance
RPY-0004348,ORG-200409,PTR-005,2025-06-10,5697.96,8987.09,ach_remittance
RPY-0004349,ORG-200409,PTR-005,2025-06-17,4587.72,13574.81,ach_remittance
RPY-0004350,ORG-200409,PTR-005,2025-06-24,4386.0,17960.81,ach_remittance
RPY-0004351,ORG-200409,PTR-005,2025-07-01,5823.8,23784.61,ach_remittance
RPY-0004352,ORG-200409,PTR-005,2025-07-08,4490.07,28274.68,ach_remittance
RPY-0004353,ORG-200409,PTR-005,2025-07-15,6800.66,35075.34,ach_remittance
RPY-0004354,ORG-200409,PTR-005,2025-07-22,4679.36,39754.7,ach_remittance
RPY-0004355,ORG-200410,PTR-006,2024-05-25,1566.41,1566.41,ach_remittance
RPY-0004356,ORG-200410,PTR-006,2024-06-01,2796.63,4363.04,ach_remittance
RPY-0004357,ORG-200410,PTR-006,2024-06-08,1470.34,5833.38,ach_remittance
RPY-0004358,ORG-200410,PTR-006,2024-06-15,2233.03,8066.41,ach_remittance
RPY-0004359,ORG-200410,PTR-006,2024-06-22,2497.37,10563.78,ach_remittance
RPY-0004360,ORG-200410,PTR-006,2024-06-29,2767.92,13331.7,ach_remittance
RPY-0004361,ORG-200410,PTR-006,2024-07-06,2418.24,15749.94,manual_payment
RPY-0004362,ORG-200410,PTR-006,2024-07-13,257.36,16007.3,ach_remittance
RPY-0004363,ORG-200411,PTR-001,2024-04-25,524.05,524.05,manual_payment
RPY-0004364,ORG-200411,PTR-001,2024-05-02,428.15,952.2,ach_remittance
RPY-0004365,ORG-200411,PTR-001,2024-05-09,818.92,1771.12,ach_remittance
RPY-0004366,ORG-200411,PTR-001,2024-05-16,902.86,2673.98,ach_remittance
RPY-0004367,ORG-200411,PTR-001,2024-05-23,692.78,3366.76,ach_remittance
RPY-0004368,ORG-200411,PTR-001,2024-05-30,877.99,4244.75,ach_remittance
RPY-0004369,ORG-200411,PTR-001,2024-06-06,425.63,4670.38,ach_remittance
RPY-0004370,ORG-200412,PTR-002,2023-01-09,439.52,439.52,manual_payment
RPY-0004371,ORG-200412,PTR-002,2023-01-16,708.7,1148.22,ach_remittance
RPY-0004372,ORG-200412,PTR-002,2023-01-23,557.65,1705.87,manual_payment
RPY-0004373,ORG-200412,PTR-002,2023-01-30,553.8,2259.67,manual_payment
RPY-0004374,ORG-200412,PTR-002,2023-02-06,390.66,2650.33,manual_payment
RPY-0004375,ORG-200412,PTR-002,2023-02-13,399.91,3050.24,ach_remittance
RPY-0004376,ORG-200412,PTR-002,2023-02-20,711.47,3761.71,ach_remittance
RPY-0004377,ORG-200412,PTR-002,2023-02-27,584.41,4346.12,ach_remittance
RPY-0004378,ORG-200412,PTR-002,2023-03-06,439.58,4785.7,ach_remittance
RPY-0004379,ORG-200412,PTR-002,2023-03-13,379.59,5165.29,ach_remittance
RPY-0004380,ORG-200412,PTR-002,2023-03-20,613.67,5778.96,ach_remittance
RPY-0004381,ORG-200412,PTR-002,2023-03-27,360.69,6139.65,ach_remittance
RPY-0004382,ORG-200412,PTR-002,2023-04-03,331.34,6470.99,ach_remittance
RPY-0004383,ORG-200412,PTR-002,2023-04-10,683.72,7154.71,ach_remittance
RPY-0004384,ORG-200412,PTR-002,2023-04-17,505.46,7660.17,ach_remittance
RPY-0004385,ORG-200412,PTR-002,2023-04-24,1168.7,8828.87,ach_remittance
RPY-0004386,ORG-200413,PTR-005,2024-10-27,1233.93,1233.93,ach_remittance
RPY-0004387,ORG-200413,PTR-005,2024-11-03,2385.61,3619.54,ach_remittance
RPY-0004388,ORG-200413,PTR-005,2024-11-10,2478.85,6098.39,ach_remittance
RPY-0004389,ORG-200413,PTR-005,2024-11-17,1572.75,7671.14,manual_payment
RPY-0004390,ORG-200413,PTR-005,2024-11-24,1854.04,9525.18,ach_remittance
RPY-0004391,ORG-200413,PTR-005,2024-12-01,1446.95,10972.13,ach_remittance
RPY-0004392,ORG-200413,PTR-005,2024-12-08,2248.34,13220.47,ach_remittance
RPY-0004393,ORG-200413,PTR-005,2024-12-15,2008.7,15229.17,ach_remittance
RPY-0004394,ORG-200413,PTR-005,2024-12-22,1333.48,16562.65,ach_remittance
RPY-0004395,ORG-200413,PTR-005,2024-12-29,1717.88,18280.53,ach_remittance
RPY-0004396,ORG-200413,PTR-005,2025-01-05,2473.36,20753.89,ach_remittance
RPY-0004397,ORG-200413,PTR-005,2025-01-12,1502.92,22256.81,ach_remittance
RPY-0004398,ORG-200413,PTR-005,2025-01-19,2192.21,24449.02,ach_remittance
RPY-0004399,ORG-200413,PTR-005,2025-01-26,1775.58,26224.6,ach_remittance
RPY-0004400,ORG-200414,PTR-002,2025-09-07,824.86,824.86,ach_remittance
RPY-0004401,ORG-200414,PTR-002,2025-09-14,1028.44,1853.3,manual_payment
RPY-0004402,ORG-200414,PTR-002,2025-09-21,1368.0,3221.3,ach_remittance
RPY-0004403,ORG-200414,PTR-002,2025-09-28,646.14,3867.44,ach_remittance
RPY-0004404,ORG-200414,PTR-002,2025-10-05,837.81,4705.25,ach_remittance
RPY-0004405,ORG-200414,PTR-002,2025-10-12,601.34,5306.59,ach_remittance
RPY-0004406,ORG-200414,PTR-002,2025-10-19,1180.73,6487.32,ach_remittance
RPY-0004407,ORG-200414,PTR-002,2025-10-26,1414.01,7901.33,manual_payment
RPY-0004408,ORG-200415,PTR-005,2025-04-21,2175.32,2175.32,ach_remittance
RPY-0004409,ORG-200415,PTR-005,2025-04-28,1381.91,3557.23,ach_remittance
RPY-0004410,ORG-200415,PTR-005,2025-05-05,2599.21,6156.44,ach_remittance
RPY-0004411,ORG-200415,PTR-005,2025-05-12,1436.64,7593.08,ach_remittance
RPY-0004412,ORG-200415,PTR-005,2025-05-19,2958.3,10551.38,ach_remittance
RPY-0004413,ORG-200415,PTR-005,2025-05-26,2479.59,13030.97,ach_remittance
RPY-0004414,ORG-200415,PTR-005,2025-06-02,2588.45,15619.42,ach_remittance
RPY-0004415,ORG-200415,PTR-005,2025-06-09,1958.65,17578.07,ach_remittance
RPY-0004416,ORG-200416,PTR-002,2022-11-14,2077.33,2077.33,ach_remittance
RPY-0004417,ORG-200416,PTR-002,2022-11-21,2078.05,4155.38,ach_remittance
RPY-0004418,ORG-200416,PTR-002,2022-11-28,939.89,5095.27,ach_remittance
RPY-0004419,ORG-200416,PTR-002,2022-12-05,1834.54,6929.81,ach_remittance
RPY-0004420,ORG-200416,PTR-002,2022-12-12,1987.46,8917.27,ach_remittance
RPY-0004421,ORG-200416,PTR-002,2022-12-19,34.55,8951.82,ach_remittance
RPY-0004422,ORG-200417,PTR-001,2026-03-07,7281.63,7281.63,ach_remittance
RPY-0004423,ORG-200417,PTR-001,2026-03-14,9042.0,16323.63,ach_remittance
RPY-0004424,ORG-200417,PTR-001,2026-03-21,8170.75,24494.38,ach_remittance
RPY-0004425,ORG-200417,PTR-001,2026-03-28,8716.54,33210.92,ach_remittance
RPY-0004426,ORG-200417,PTR-001,2026-04-04,8925.49,42136.41,ach_remittance
RPY-0004427,ORG-200417,PTR-001,2026-04-11,5829.99,47966.4,ach_remittance
RPY-0004428,ORG-200417,PTR-001,2026-04-18,5991.86,53958.26,ach_remittance
RPY-0004429,ORG-200417,PTR-001,2026-04-25,9931.47,63889.73,manual_payment
RPY-0004430,ORG-200417,PTR-001,2026-05-02,7652.26,71541.99,ach_remittance
RPY-0004431,ORG-200417,PTR-001,2026-05-09,5747.03,77289.02,ach_remittance
RPY-0004432,ORG-200417,PTR-001,2026-05-16,7443.07,84732.09,ach_remittance
RPY-0004433,ORG-200417,PTR-001,2026-05-23,5526.36,90258.45,ach_remittance
RPY-0004434,ORG-200417,PTR-001,2026-05-30,6925.96,97184.41,ach_remittance
RPY-0004435,ORG-200417,PTR-001,2026-06-06,4839.92,102024.33,ach_remittance
RPY-0004436,ORG-200417,PTR-001,2026-06-13,4915.15,106939.48,ach_remittance
RPY-0004437,ORG-200418,PTR-006,2022-05-04,4789.21,4789.21,ach_remittance
RPY-0004438,ORG-200418,PTR-006,2022-05-11,4135.23,8924.44,ach_remittance
RPY-0004439,ORG-200418,PTR-006,2022-05-18,4599.45,13523.89,ach_remittance
RPY-0004440,ORG-200418,PTR-006,2022-05-25,8630.23,22154.12,ach_remittance
RPY-0004441,ORG-200418,PTR-006,2022-06-01,9049.63,31203.75,ach_remittance
RPY-0004442,ORG-200418,PTR-006,2022-06-08,6120.33,37324.08,ach_remittance
RPY-0004443,ORG-200418,PTR-006,2022-06-15,5490.72,42814.8,ach_remittance
RPY-0004444,ORG-200418,PTR-006,2022-06-22,4846.68,47661.48,ach_remittance
RPY-0004445,ORG-200418,PTR-006,2022-06-29,5706.19,53367.67,ach_remittance
RPY-0004446,ORG-200418,PTR-006,2022-07-06,4412.2,57779.87,manual_payment
RPY-0004447,ORG-200418,PTR-006,2022-07-13,8191.01,65970.88,manual_payment
RPY-0004448,ORG-200418,PTR-006,2022-07-20,13492.03,79462.91,ach_remittance
RPY-0004449,ORG-200419,PTR-004,2025-12-11,7284.62,7284.62,ach_remittance
RPY-0004450,ORG-200419,PTR-004,2025-12-18,9954.61,17239.23,manual_payment
RPY-0004451,ORG-200419,PTR-004,2025-12-25,12283.7,29522.93,ach_remittance
RPY-0004452,ORG-200419,PTR-004,2026-01-01,12574.0,42096.93,ach_remittance
RPY-0004453,ORG-200419,PTR-004,2026-01-08,8683.78,50780.71,ach_remittance
RPY-0004454,ORG-200419,PTR-004,2026-01-15,18339.44,69120.15,ach_remittance
RPY-0004455,ORG-200420,PTR-004,2026-05-16,4739.17,4739.17,ach_remittance
RPY-0004456,ORG-200420,PTR-004,2026-05-23,2732.2,7471.37,ach_remittance
RPY-0004457,ORG-200420,PTR-004,2026-05-30,4943.64,12415.01,ach_remittance
RPY-0004458,ORG-200420,PTR-004,2026-06-06,5451.14,17866.15,ach_remittance
RPY-0004459,ORG-200420,PTR-004,2026-06-13,4398.15,22264.3,ach_remittance
RPY-0004460,ORG-200420,PTR-004,2026-06-20,3938.57,26202.87,ach_remittance
RPY-0004461,ORG-200421,PTR-004,2025-04-25,3096.87,3096.87,ach_remittance
RPY-0004462,ORG-200421,PTR-004,2025-05-02,2608.92,5705.79,ach_remittance
RPY-0004463,ORG-200421,PTR-004,2025-05-09,1917.98,7623.77,ach_remittance
RPY-0004464,ORG-200421,PTR-004,2025-05-16,1752.4,9376.17,ach_remittance
RPY-0004465,ORG-200421,PTR-004,2025-05-23,2054.66,11430.83,ach_remittance
RPY-0004466,ORG-200421,PTR-004,2025-05-30,2512.37,13943.2,ach_remittance
RPY-0004467,ORG-200421,PTR-004,2025-06-06,2620.63,16563.83,ach_remittance
RPY-0004468,ORG-200421,PTR-004,2025-06-13,2584.72,19148.55,ach_remittance
RPY-0004469,ORG-200421,PTR-004,2025-06-20,2490.96,21639.51,ach_remittance
RPY-0004470,ORG-200421,PTR-004,2025-06-27,503.45,22142.96,ach_remittance
RPY-0004471,ORG-200422,PTR-003,2023-11-01,765.54,765.54,ach_remittance
RPY-0004472,ORG-200422,PTR-003,2023-11-08,721.06,1486.6,ach_remittance
RPY-0004473,ORG-200422,PTR-003,2023-11-15,768.73,2255.33,ach_remittance
RPY-0004474,ORG-200422,PTR-003,2023-11-22,478.16,2733.49,ach_remittance
RPY-0004475,ORG-200422,PTR-003,2023-11-29,468.03,3201.52,ach_remittance
RPY-0004476,ORG-200422,PTR-003,2023-12-06,431.7,3633.22,ach_remittance
RPY-0004477,ORG-200422,PTR-003,2023-12-13,555.26,4188.48,manual_payment
RPY-0004478,ORG-200422,PTR-003,2023-12-20,455.83,4644.31,ach_remittance
RPY-0004479,ORG-200422,PTR-003,2023-12-27,637.58,5281.89,ach_remittance
RPY-0004480,ORG-200422,PTR-003,2024-01-03,487.52,5769.41,ach_remittance
RPY-0004481,ORG-200422,PTR-003,2024-01-10,1270.16,7039.57,manual_payment
RPY-0004482,ORG-200423,PTR-001,2025-11-01,3764.13,3764.13,ach_remittance
RPY-0004483,ORG-200423,PTR-001,2025-11-08,4917.7,8681.83,ach_remittance
RPY-0004484,ORG-200423,PTR-001,2025-11-15,4086.51,12768.34,ach_remittance
RPY-0004485,ORG-200423,PTR-001,2025-11-22,3554.05,16322.39,ach_remittance
RPY-0004486,ORG-200423,PTR-001,2025-11-29,4649.84,20972.23,ach_remittance
RPY-0004487,ORG-200423,PTR-001,2025-12-06,4406.37,25378.6,ach_remittance
RPY-0004488,ORG-200423,PTR-001,2025-12-13,3865.54,29244.14,ach_remittance
RPY-0004489,ORG-200423,PTR-001,2025-12-20,2383.03,31627.17,ach_remittance
RPY-0004490,ORG-200423,PTR-001,2025-12-27,3471.26,35098.43,ach_remittance
RPY-0004491,ORG-200423,PTR-001,2026-01-03,4624.52,39722.95,ach_remittance
RPY-0004492,ORG-200423,PTR-001,2026-01-10,4883.65,44606.6,ach_remittance
RPY-0004493,ORG-200423,PTR-001,2026-01-17,4991.24,49597.84,ach_remittance
RPY-0004494,ORG-200423,PTR-001,2026-01-24,2942.2,52540.04,ach_remittance
RPY-0004495,ORG-200423,PTR-001,2026-01-31,4021.81,56561.85,ach_remittance
RPY-0004496,ORG-200423,PTR-001,2026-02-07,3150.17,59712.02,ach_remittance
RPY-0004497,ORG-200423,PTR-001,2026-02-14,2365.62,62077.64,ach_remittance
RPY-0004498,ORG-200423,PTR-001,2026-02-21,4962.07,67039.71,ach_remittance
RPY-0004499,ORG-200423,PTR-001,2026-02-28,3045.44,70085.15,ach_remittance
RPY-0004500,ORG-200423,PTR-001,2026-03-07,2371.12,72456.27,ach_remittance
RPY-0004501,ORG-200423,PTR-001,2026-03-14,3596.98,76053.25,ach_remittance
RPY-0004502,ORG-200423,PTR-001,2026-03-21,3539.27,79592.52,ach_remittance
RPY-0004503,ORG-200423,PTR-001,2026-03-28,4656.17,84248.69,ach_remittance
RPY-0004504,ORG-200423,PTR-001,2026-04-04,4692.26,88940.95,ach_remittance
RPY-0004505,ORG-200423,PTR-001,2026-04-11,3499.51,92440.46,ach_remittance
RPY-0004506,ORG-200423,PTR-001,2026-04-18,5038.55,97479.01,ach_remittance
RPY-0004507,ORG-200424,PTR-006,2026-02-02,4072.57,4072.57,ach_remittance
RPY-0004508,ORG-200424,PTR-006,2026-02-09,3555.79,7628.36,ach_remittance
RPY-0004509,ORG-200424,PTR-006,2026-02-16,7271.12,14899.48,manual_payment
RPY-0004510,ORG-200424,PTR-006,2026-02-23,3770.94,18670.42,ach_remittance
RPY-0004511,ORG-200424,PTR-006,2026-03-02,4320.87,22991.29,ach_remittance
RPY-0004512,ORG-200424,PTR-006,2026-03-09,6093.53,29084.82,ach_remittance
RPY-0004513,ORG-200424,PTR-006,2026-03-16,7097.01,36181.83,ach_remittance
RPY-0004514,ORG-200424,PTR-006,2026-03-23,3916.78,40098.61,manual_payment
RPY-0004515,ORG-200424,PTR-006,2026-03-30,7207.53,47306.14,ach_remittance
RPY-0004516,ORG-200424,PTR-006,2026-04-06,5538.56,52844.7,ach_remittance
RPY-0004517,ORG-200424,PTR-006,2026-04-13,3508.27,56352.97,ach_remittance
RPY-0004518,ORG-200424,PTR-006,2026-04-20,6956.72,63309.69,ach_remittance
RPY-0004519,ORG-200424,PTR-006,2026-04-27,3228.58,66538.27,ach_remittance
RPY-0004520,ORG-200424,PTR-006,2026-05-04,6551.48,73089.75,ach_remittance
RPY-0004521,ORG-200424,PTR-006,2026-05-11,7261.62,80351.37,ach_remittance
RPY-0004522,ORG-200424,PTR-006,2026-05-18,3700.19,84051.56,ach_remittance
RPY-0004523,ORG-200424,PTR-006,2026-05-25,7020.68,91072.24,ach_remittance
RPY-0004524,ORG-200425,PTR-005,2025-01-28,1022.1,1022.1,ach_remittance
RPY-0004525,ORG-200425,PTR-005,2025-02-04,1058.1,2080.2,ach_remittance
RPY-0004526,ORG-200425,PTR-005,2025-02-11,1072.07,3152.27,ach_remittance
RPY-0004527,ORG-200425,PTR-005,2025-02-18,672.06,3824.33,ach_remittance
RPY-0004528,ORG-200425,PTR-005,2025-02-25,885.86,4710.19,ach_remittance
RPY-0004529,ORG-200425,PTR-005,2025-03-04,1071.45,5781.64,ach_remittance
RPY-0004530,ORG-200425,PTR-005,2025-03-11,372.2,6153.84,ach_remittance
RPY-0004531,ORG-200426,PTR-004,2022-05-25,7769.67,7769.67,ach_remittance
RPY-0004532,ORG-200426,PTR-004,2022-06-01,7506.13,15275.8,ach_remittance
RPY-0004533,ORG-200426,PTR-004,2022-06-08,5922.72,21198.52,ach_remittance
RPY-0004534,ORG-200426,PTR-004,2022-06-15,5486.4,26684.92,ach_remittance
RPY-0004535,ORG-200426,PTR-004,2022-06-22,3856.02,30540.94,ach_remittance
RPY-0004536,ORG-200426,PTR-004,2022-06-29,6477.24,37018.18,manual_payment
RPY-0004537,ORG-200426,PTR-004,2022-07-06,5887.54,42905.72,ach_remittance
RPY-0004538,ORG-200427,PTR-003,2022-09-03,5851.2,5851.2,ach_remittance
RPY-0004539,ORG-200427,PTR-003,2022-09-10,6784.81,12636.01,ach_remittance
RPY-0004540,ORG-200427,PTR-003,2022-09-17,7005.85,19641.86,ach_remittance
RPY-0004541,ORG-200427,PTR-003,2022-09-24,6230.46,25872.32,ach_remittance
RPY-0004542,ORG-200427,PTR-003,2022-10-01,5777.12,31649.44,ach_remittance
RPY-0004543,ORG-200427,PTR-003,2022-10-08,2014.62,33664.06,manual_payment
RPY-0004544,ORG-200428,PTR-001,2024-12-30,13110.07,13110.07,ach_remittance
RPY-0004545,ORG-200428,PTR-001,2025-01-06,6835.39,19945.46,ach_remittance
RPY-0004546,ORG-200428,PTR-001,2025-01-13,8232.4,28177.86,manual_payment
RPY-0004547,ORG-200428,PTR-001,2025-01-20,7815.39,35993.25,ach_remittance
RPY-0004548,ORG-200428,PTR-001,2025-01-27,11885.2,47878.45,ach_remittance
RPY-0004549,ORG-200428,PTR-001,2025-02-03,7603.58,55482.03,ach_remittance
RPY-0004550,ORG-200428,PTR-001,2025-02-10,21577.6,77059.63,ach_remittance
RPY-0004551,ORG-200429,PTR-003,2022-06-20,4098.33,4098.33,ach_remittance
RPY-0004552,ORG-200429,PTR-003,2022-06-27,3233.33,7331.66,ach_remittance
RPY-0004553,ORG-200429,PTR-003,2022-07-04,3234.38,10566.04,ach_remittance
RPY-0004554,ORG-200429,PTR-003,2022-07-11,4638.47,15204.51,manual_payment
RPY-0004555,ORG-200429,PTR-003,2022-07-18,5152.66,20357.17,ach_remittance
RPY-0004556,ORG-200429,PTR-003,2022-07-25,4346.99,24704.16,ach_remittance
RPY-0004557,ORG-200429,PTR-003,2022-08-01,2476.4,27180.56,manual_payment
RPY-0004558,ORG-200429,PTR-003,2022-08-08,5245.74,32426.3,ach_remittance
RPY-0004559,ORG-200429,PTR-003,2022-08-15,2308.91,34735.21,ach_remittance
RPY-0004560,ORG-200430,PTR-004,2022-12-18,3429.6,3429.6,ach_remittance
RPY-0004561,ORG-200430,PTR-004,2022-12-25,3693.32,7122.92,ach_remittance
RPY-0004562,ORG-200430,PTR-004,2023-01-01,3495.91,10618.83,ach_remittance
RPY-0004563,ORG-200430,PTR-004,2023-01-08,3517.46,14136.29,ach_remittance
RPY-0004564,ORG-200430,PTR-004,2023-01-15,3386.45,17522.74,ach_remittance
RPY-0004565,ORG-200430,PTR-004,2023-01-22,2737.42,20260.16,ach_remittance
RPY-0004566,ORG-200430,PTR-004,2023-01-29,3841.84,24102.0,ach_remittance
RPY-0004567,ORG-200430,PTR-004,2023-02-05,3498.52,27600.52,ach_remittance
RPY-0004568,ORG-200430,PTR-004,2023-02-12,2937.76,30538.28,ach_remittance
RPY-0004569,ORG-200430,PTR-004,2023-02-19,2788.99,33327.27,ach_remittance
RPY-0004570,ORG-200430,PTR-004,2023-02-26,2691.39,36018.66,ach_remittance
RPY-0004571,ORG-200430,PTR-004,2023-03-05,2465.06,38483.72,ach_remittance
RPY-0004572,ORG-200430,PTR-004,2023-03-12,4075.05,42558.77,ach_remittance
RPY-0004573,ORG-200430,PTR-004,2023-03-19,3140.31,45699.08,ach_remittance
RPY-0004574,ORG-200430,PTR-004,2023-03-26,3230.27,48929.35,ach_remittance
RPY-0004575,ORG-200430,PTR-004,2023-04-02,3444.27,52373.62,ach_remittance
RPY-0004576,ORG-200430,PTR-004,2023-04-09,3203.96,55577.58,manual_payment
RPY-0004577,ORG-200430,PTR-004,2023-04-16,2044.03,57621.61,ach_remittance
RPY-0004578,ORG-200430,PTR-004,2023-04-23,3538.55,61160.16,ach_remittance
RPY-0004579,ORG-200430,PTR-004,2023-04-30,3136.26,64296.42,ach_remittance
RPY-0004580,ORG-200430,PTR-004,2023-05-07,3144.74,67441.16,ach_remittance
RPY-0004581,ORG-200430,PTR-004,2023-05-14,2361.22,69802.38,ach_remittance
RPY-0004582,ORG-200430,PTR-004,2023-05-21,2318.84,72121.22,ach_remittance
RPY-0004583,ORG-200430,PTR-004,2023-05-28,1756.99,73878.21,manual_payment
RPY-0004584,ORG-200431,PTR-004,2023-03-06,2019.21,2019.21,ach_remittance
RPY-0004585,ORG-200431,PTR-004,2023-03-13,1615.92,3635.13,ach_remittance
RPY-0004586,ORG-200431,PTR-004,2023-03-20,1630.32,5265.45,ach_remittance
RPY-0004587,ORG-200431,PTR-004,2023-03-27,1480.6,6746.05,ach_remittance
RPY-0004588,ORG-200431,PTR-004,2023-04-03,2322.23,9068.28,ach_remittance
RPY-0004589,ORG-200431,PTR-004,2023-04-10,1645.47,10713.75,ach_remittance
RPY-0004590,ORG-200431,PTR-004,2023-04-17,2045.05,12758.8,ach_remittance
RPY-0004591,ORG-200431,PTR-004,2023-04-24,1433.95,14192.75,ach_remittance
RPY-0004592,ORG-200431,PTR-004,2023-05-01,1478.91,15671.66,manual_payment
RPY-0004593,ORG-200431,PTR-004,2023-05-08,1087.71,16759.37,ach_remittance
RPY-0004594,ORG-200431,PTR-004,2023-05-15,1171.99,17931.36,ach_remittance
RPY-0004595,ORG-200431,PTR-004,2023-05-22,1169.37,19100.73,ach_remittance
RPY-0004596,ORG-200431,PTR-004,2023-05-29,1500.83,20601.56,ach_remittance
RPY-0004597,ORG-200431,PTR-004,2023-06-05,2356.25,22957.81,ach_remittance
RPY-0004598,ORG-200431,PTR-004,2023-06-12,1486.75,24444.56,ach_remittance
RPY-0004599,ORG-200431,PTR-004,2023-06-19,1103.18,25547.74,ach_remittance
RPY-0004600,ORG-200431,PTR-004,2023-06-26,5145.6,30693.34,ach_remittance
RPY-0004601,ORG-200432,PTR-005,2024-06-23,1241.42,1241.42,ach_remittance
RPY-0004602,ORG-200432,PTR-005,2024-06-30,1221.81,2463.23,ach_remittance
RPY-0004603,ORG-200432,PTR-005,2024-07-07,1588.56,4051.79,ach_remittance
RPY-0004604,ORG-200432,PTR-005,2024-07-14,1084.29,5136.08,ach_remittance
RPY-0004605,ORG-200432,PTR-005,2024-07-21,1604.11,6740.19,ach_remittance
RPY-0004606,ORG-200432,PTR-005,2024-07-28,1288.57,8028.76,ach_remittance
RPY-0004607,ORG-200432,PTR-005,2024-08-04,1953.97,9982.73,ach_remittance
RPY-0004608,ORG-200432,PTR-005,2024-08-11,971.4,10954.13,ach_remittance
RPY-0004609,ORG-200432,PTR-005,2024-08-18,2061.59,13015.72,ach_remittance
RPY-0004610,ORG-200432,PTR-005,2024-08-25,1302.44,14318.16,ach_remittance
RPY-0004611,ORG-200432,PTR-005,2024-09-01,1901.35,16219.51,ach_remittance
RPY-0004612,ORG-200432,PTR-005,2024-09-08,1646.89,17866.4,ach_remittance
RPY-0004613,ORG-200432,PTR-005,2024-09-15,1953.38,19819.78,ach_remittance
RPY-0004614,ORG-200432,PTR-005,2024-09-22,1176.5,20996.28,ach_remittance
RPY-0004615,ORG-200432,PTR-005,2024-09-29,1612.05,22608.33,ach_remittance
RPY-0004616,ORG-200432,PTR-005,2024-10-06,970.48,23578.81,ach_remittance
RPY-0004617,ORG-200432,PTR-005,2024-10-13,1916.42,25495.23,ach_remittance
RPY-0004618,ORG-200432,PTR-005,2024-10-20,1376.19,26871.42,ach_remittance
RPY-0004619,ORG-200432,PTR-005,2024-10-27,3078.79,29950.21,ach_remittance
RPY-0004620,ORG-200433,PTR-006,2024-02-25,1851.91,1851.91,manual_payment
RPY-0004621,ORG-200433,PTR-006,2024-03-03,2021.79,3873.7,ach_remittance
RPY-0004622,ORG-200433,PTR-006,2024-03-10,1844.99,5718.69,ach_remittance
RPY-0004623,ORG-200433,PTR-006,2024-03-17,1819.69,7538.38,ach_remittance
RPY-0004624,ORG-200433,PTR-006,2024-03-24,1426.66,8965.04,manual_payment
RPY-0004625,ORG-200433,PTR-006,2024-03-31,2448.08,11413.12,ach_remittance
RPY-0004626,ORG-200433,PTR-006,2024-04-07,2160.63,13573.75,manual_payment
RPY-0004627,ORG-200433,PTR-006,2024-04-14,2265.51,15839.26,ach_remittance
RPY-0004628,ORG-200433,PTR-006,2024-04-21,2770.95,18610.21,ach_remittance
RPY-0004629,ORG-200433,PTR-006,2024-04-28,3238.47,21848.68,ach_remittance
RPY-0004630,ORG-200433,PTR-006,2024-05-05,2733.38,24582.06,ach_remittance
RPY-0004631,ORG-200433,PTR-006,2024-05-12,1795.41,26377.47,ach_remittance
RPY-0004632,ORG-200433,PTR-006,2024-05-19,1464.23,27841.7,manual_payment
RPY-0004633,ORG-200433,PTR-006,2024-05-26,4733.33,32575.03,ach_remittance
RPY-0004634,ORG-200434,PTR-001,2026-03-16,4937.73,4937.73,ach_remittance
RPY-0004635,ORG-200434,PTR-001,2026-03-23,8027.22,12964.95,ach_remittance
RPY-0004636,ORG-200434,PTR-001,2026-03-30,8989.64,21954.59,manual_payment
RPY-0004637,ORG-200434,PTR-001,2026-04-06,9898.5,31853.09,ach_remittance
RPY-0004638,ORG-200434,PTR-001,2026-04-13,6008.3,37861.39,ach_remittance
RPY-0004639,ORG-200434,PTR-001,2026-04-20,6719.49,44580.88,manual_payment
RPY-0004640,ORG-200434,PTR-001,2026-04-27,9821.97,54402.85,ach_remittance
RPY-0004641,ORG-200435,PTR-005,2025-03-23,2203.63,2203.63,ach_remittance
RPY-0004642,ORG-200435,PTR-005,2025-03-30,3554.88,5758.51,ach_remittance
RPY-0004643,ORG-200435,PTR-005,2025-04-06,2260.48,8018.99,ach_remittance
RPY-0004644,ORG-200435,PTR-005,2025-04-13,2109.37,10128.36,ach_remittance
RPY-0004645,ORG-200435,PTR-005,2025-04-20,3373.69,13502.05,ach_remittance
RPY-0004646,ORG-200435,PTR-005,2025-04-27,2113.88,15615.93,ach_remittance
RPY-0004647,ORG-200435,PTR-005,2025-05-04,3972.55,19588.48,ach_remittance
RPY-0004648,ORG-200435,PTR-005,2025-05-11,4310.27,23898.75,ach_remittance
RPY-0004649,ORG-200436,PTR-003,2024-05-17,1732.96,1732.96,ach_remittance
RPY-0004650,ORG-200436,PTR-003,2024-05-24,1546.75,3279.71,ach_remittance
RPY-0004651,ORG-200436,PTR-003,2024-05-31,2815.51,6095.22,ach_remittance
RPY-0004652,ORG-200436,PTR-003,2024-06-07,2288.78,8384.0,ach_remittance
RPY-0004653,ORG-200436,PTR-003,2024-06-14,2571.44,10955.44,ach_remittance
RPY-0004654,ORG-200436,PTR-003,2024-06-21,3030.75,13986.19,ach_remittance
RPY-0004655,ORG-200436,PTR-003,2024-06-28,3003.87,16990.06,ach_remittance
RPY-0004656,ORG-200436,PTR-003,2024-07-05,1028.08,18018.14,ach_remittance
RPY-0004657,ORG-200437,PTR-002,2023-03-22,4209.73,4209.73,ach_remittance
RPY-0004658,ORG-200437,PTR-002,2023-03-29,2775.83,6985.56,ach_remittance
RPY-0004659,ORG-200437,PTR-002,2023-04-05,3225.4,10210.96,manual_payment
RPY-0004660,ORG-200437,PTR-002,2023-04-12,3534.79,13745.75,ach_remittance
RPY-0004661,ORG-200437,PTR-002,2023-04-19,2327.79,16073.54,manual_payment
RPY-0004662,ORG-200437,PTR-002,2023-04-26,3947.9,20021.44,ach_remittance
RPY-0004663,ORG-200437,PTR-002,2023-05-03,4266.95,24288.39,ach_remittance
RPY-0004664,ORG-200437,PTR-002,2023-05-10,3038.86,27327.25,ach_remittance
RPY-0004665,ORG-200437,PTR-002,2023-05-17,3882.71,31209.96,ach_remittance
RPY-0004666,ORG-200437,PTR-002,2023-05-24,2131.47,33341.43,ach_remittance
RPY-0004667,ORG-200437,PTR-002,2023-05-31,4316.39,37657.82,ach_remittance
RPY-0004668,ORG-200437,PTR-002,2023-06-07,2629.67,40287.49,manual_payment
RPY-0004669,ORG-200437,PTR-002,2023-06-14,4269.94,44557.43,ach_remittance
RPY-0004670,ORG-200437,PTR-002,2023-06-21,2188.13,46745.56,ach_remittance
RPY-0004671,ORG-200437,PTR-002,2023-06-28,2213.07,48958.63,ach_remittance
RPY-0004672,ORG-200437,PTR-002,2023-07-05,2239.54,51198.17,ach_remittance
RPY-0004673,ORG-200437,PTR-002,2023-07-12,3448.52,54646.69,ach_remittance
RPY-0004674,ORG-200437,PTR-002,2023-07-19,2108.07,56754.76,ach_remittance
RPY-0004675,ORG-200437,PTR-002,2023-07-26,6299.98,63054.74,ach_remittance
RPY-0004676,ORG-200438,PTR-002,2023-11-30,3177.17,3177.17,ach_remittance
RPY-0004677,ORG-200438,PTR-002,2023-12-07,2992.02,6169.19,ach_remittance
RPY-0004678,ORG-200438,PTR-002,2023-12-14,3058.9,9228.09,manual_payment
RPY-0004679,ORG-200438,PTR-002,2023-12-21,1899.86,11127.95,ach_remittance
RPY-0004680,ORG-200438,PTR-002,2023-12-28,2880.21,14008.16,manual_payment
RPY-0004681,ORG-200438,PTR-002,2024-01-04,2985.94,16994.1,ach_remittance
RPY-0004682,ORG-200438,PTR-002,2024-01-11,3229.76,20223.86,ach_remittance
RPY-0004683,ORG-200438,PTR-002,2024-01-18,3414.41,23638.27,ach_remittance
RPY-0004684,ORG-200438,PTR-002,2024-01-25,1676.26,25314.53,ach_remittance
RPY-0004685,ORG-200438,PTR-002,2024-02-01,3568.79,28883.32,manual_payment
RPY-0004686,ORG-200438,PTR-002,2024-02-08,1868.4,30751.72,ach_remittance
RPY-0004687,ORG-200438,PTR-002,2024-02-15,2344.48,33096.2,ach_remittance
RPY-0004688,ORG-200438,PTR-002,2024-02-22,3455.86,36552.06,ach_remittance
RPY-0004689,ORG-200438,PTR-002,2024-02-29,3120.03,39672.09,ach_remittance
RPY-0004690,ORG-200438,PTR-002,2024-03-07,1733.98,41406.07,ach_remittance
RPY-0004691,ORG-200438,PTR-002,2024-03-14,124.27,41530.34,ach_remittance
RPY-0004692,ORG-200439,PTR-005,2023-10-13,3793.76,3793.76,manual_payment
RPY-0004693,ORG-200439,PTR-005,2023-10-20,4320.61,8114.37,manual_payment
RPY-0004694,ORG-200439,PTR-005,2023-10-27,3238.46,11352.83,ach_remittance
RPY-0004695,ORG-200439,PTR-005,2023-11-03,4658.79,16011.62,ach_remittance
RPY-0004696,ORG-200440,PTR-003,2023-04-19,986.11,986.11,ach_remittance
RPY-0004697,ORG-200440,PTR-003,2023-04-26,1135.74,2121.85,ach_remittance
RPY-0004698,ORG-200440,PTR-003,2023-05-03,1826.1,3947.95,ach_remittance
RPY-0004699,ORG-200440,PTR-003,2023-05-10,974.24,4922.19,ach_remittance
RPY-0004700,ORG-200440,PTR-003,2023-05-17,1427.62,6349.81,ach_remittance
RPY-0004701,ORG-200440,PTR-003,2023-05-24,1668.75,8018.56,ach_remittance
RPY-0004702,ORG-200440,PTR-003,2023-05-31,1493.4,9511.96,ach_remittance
RPY-0004703,ORG-200440,PTR-003,2023-06-07,2158.27,11670.23,ach_remittance
RPY-0004704,ORG-200440,PTR-003,2023-06-14,1886.59,13556.82,ach_remittance
RPY-0004705,ORG-200440,PTR-003,2023-06-21,1982.3,15539.12,ach_remittance
RPY-0004706,ORG-200440,PTR-003,2023-06-28,1080.86,16619.98,manual_payment
RPY-0004707,ORG-200440,PTR-003,2023-07-05,1892.82,18512.8,ach_remittance
RPY-0004708,ORG-200441,PTR-001,2025-02-02,8180.09,8180.09,ach_remittance
RPY-0004709,ORG-200441,PTR-001,2025-02-09,5489.84,13669.93,ach_remittance
RPY-0004710,ORG-200441,PTR-001,2025-02-16,6220.95,19890.88,manual_payment
RPY-0004711,ORG-200441,PTR-001,2025-02-23,4953.12,24844.0,ach_remittance
RPY-0004712,ORG-200441,PTR-001,2025-03-02,3968.78,28812.78,ach_remittance
RPY-0004713,ORG-200441,PTR-001,2025-03-09,6662.6,35475.38,ach_remittance
RPY-0004714,ORG-200441,PTR-001,2025-03-16,4481.42,39956.8,ach_remittance
RPY-0004715,ORG-200441,PTR-001,2025-03-23,8708.17,48664.97,ach_remittance
RPY-0004716,ORG-200442,PTR-006,2023-10-04,2226.24,2226.24,manual_payment
RPY-0004717,ORG-200442,PTR-006,2023-10-11,2094.38,4320.62,ach_remittance
RPY-0004718,ORG-200442,PTR-006,2023-10-18,2537.9,6858.52,ach_remittance
RPY-0004719,ORG-200442,PTR-006,2023-10-25,3115.61,9974.13,ach_remittance
RPY-0004720,ORG-200442,PTR-006,2023-11-01,1911.48,11885.61,ach_remittance
RPY-0004721,ORG-200442,PTR-006,2023-11-08,1720.4,13606.01,ach_remittance
RPY-0004722,ORG-200442,PTR-006,2023-11-15,2702.28,16308.29,ach_remittance
RPY-0004723,ORG-200442,PTR-006,2023-11-22,2375.95,18684.24,ach_remittance
RPY-0004724,ORG-200442,PTR-006,2023-11-29,1729.74,20413.98,ach_remittance
RPY-0004725,ORG-200442,PTR-006,2023-12-06,2547.05,22961.03,ach_remittance
RPY-0004726,ORG-200443,PTR-006,2022-02-23,3949.04,3949.04,ach_remittance
RPY-0004727,ORG-200443,PTR-006,2022-03-02,4417.25,8366.29,ach_remittance
RPY-0004728,ORG-200443,PTR-006,2022-03-09,6116.86,14483.15,ach_remittance
RPY-0004729,ORG-200443,PTR-006,2022-03-16,3172.15,17655.3,ach_remittance
RPY-0004730,ORG-200444,PTR-004,2024-01-05,477.81,477.81,ach_remittance
RPY-0004731,ORG-200444,PTR-004,2024-01-12,311.66,789.47,ach_remittance
RPY-0004732,ORG-200444,PTR-004,2024-01-19,556.27,1345.74,ach_remittance
RPY-0004733,ORG-200444,PTR-004,2024-01-26,300.19,1645.93,ach_remittance
RPY-0004734,ORG-200444,PTR-004,2024-02-02,430.5,2076.43,ach_remittance
RPY-0004735,ORG-200444,PTR-004,2024-02-09,581.96,2658.39,ach_remittance
RPY-0004736,ORG-200444,PTR-004,2024-02-16,285.27,2943.66,ach_remittance
RPY-0004737,ORG-200444,PTR-004,2024-02-23,629.73,3573.39,ach_remittance
RPY-0004738,ORG-200445,PTR-001,2022-06-28,742.01,742.01,ach_remittance
RPY-0004739,ORG-200445,PTR-001,2022-07-05,637.09,1379.1,ach_remittance
RPY-0004740,ORG-200445,PTR-001,2022-07-12,716.49,2095.59,ach_remittance
RPY-0004741,ORG-200445,PTR-001,2022-07-19,684.25,2779.84,ach_remittance
RPY-0004742,ORG-200445,PTR-001,2022-07-26,954.37,3734.21,ach_remittance
RPY-0004743,ORG-200445,PTR-001,2022-08-02,449.79,4184.0,ach_remittance
RPY-0004744,ORG-200445,PTR-001,2022-08-09,928.55,5112.55,ach_remittance
RPY-0004745,ORG-200445,PTR-001,2022-08-16,800.45,5913.0,manual_payment
RPY-0004746,ORG-200446,PTR-001,2023-07-02,1013.49,1013.49,ach_remittance
RPY-0004747,ORG-200446,PTR-001,2023-07-09,1248.3,2261.79,ach_remittance
RPY-0004748,ORG-200446,PTR-001,2023-07-16,1228.98,3490.77,ach_remittance
RPY-0004749,ORG-200446,PTR-001,2023-07-23,859.66,4350.43,ach_remittance
RPY-0004750,ORG-200446,PTR-001,2023-07-30,825.05,5175.48,ach_remittance
RPY-0004751,ORG-200446,PTR-001,2023-08-06,622.1,5797.58,ach_remittance
RPY-0004752,ORG-200446,PTR-001,2023-08-13,790.48,6588.06,ach_remittance
RPY-0004753,ORG-200447,PTR-005,2024-04-21,926.21,926.21,ach_remittance
RPY-0004754,ORG-200447,PTR-005,2024-04-28,1379.57,2305.78,ach_remittance
RPY-0004755,ORG-200447,PTR-005,2024-05-05,1010.36,3316.14,ach_remittance
RPY-0004756,ORG-200447,PTR-005,2024-05-12,1109.9,4426.04,manual_payment
RPY-0004757,ORG-200447,PTR-005,2024-05-19,1025.67,5451.71,manual_payment
RPY-0004758,ORG-200447,PTR-005,2024-05-26,1526.56,6978.27,ach_remittance
RPY-0004759,ORG-200447,PTR-005,2024-06-02,898.02,7876.29,ach_remittance
RPY-0004760,ORG-200447,PTR-005,2024-06-09,1725.18,9601.47,manual_payment
RPY-0004761,ORG-200447,PTR-005,2024-06-16,1139.64,10741.11,manual_payment
RPY-0004762,ORG-200447,PTR-005,2024-06-23,1573.51,12314.62,ach_remittance
RPY-0004763,ORG-200447,PTR-005,2024-06-30,1720.01,14034.63,ach_remittance
RPY-0004764,ORG-200447,PTR-005,2024-07-07,1751.33,15785.96,ach_remittance
RPY-0004765,ORG-200447,PTR-005,2024-07-14,1295.25,17081.21,manual_payment
RPY-0004766,ORG-200447,PTR-005,2024-07-21,1526.89,18608.1,ach_remittance
RPY-0004767,ORG-200447,PTR-005,2024-07-28,524.7,19132.8,ach_remittance
RPY-0004768,ORG-200448,PTR-001,2022-06-05,3605.78,3605.78,ach_remittance
RPY-0004769,ORG-200448,PTR-001,2022-06-12,4109.17,7714.95,ach_remittance
RPY-0004770,ORG-200448,PTR-001,2022-06-19,4691.18,12406.13,ach_remittance
RPY-0004771,ORG-200448,PTR-001,2022-06-26,5341.45,17747.58,ach_remittance
RPY-0004772,ORG-200448,PTR-001,2022-07-03,5608.58,23356.16,ach_remittance
RPY-0004773,ORG-200448,PTR-001,2022-07-10,6776.88,30133.04,ach_remittance
RPY-0004774,ORG-200448,PTR-001,2022-07-17,5563.31,35696.35,ach_remittance
RPY-0004775,ORG-200448,PTR-001,2022-07-24,5817.04,41513.39,ach_remittance
RPY-0004776,ORG-200448,PTR-001,2022-07-31,6708.83,48222.22,ach_remittance
RPY-0004777,ORG-200448,PTR-001,2022-08-07,7267.71,55489.93,ach_remittance
RPY-0004778,ORG-200448,PTR-001,2022-08-14,4471.48,59961.41,ach_remittance
RPY-0004779,ORG-200448,PTR-001,2022-08-21,3674.01,63635.42,ach_remittance
RPY-0004780,ORG-200449,PTR-004,2022-09-19,2032.24,2032.24,ach_remittance
RPY-0004781,ORG-200449,PTR-004,2022-09-26,2292.96,4325.2,manual_payment
RPY-0004782,ORG-200449,PTR-004,2022-10-03,1891.36,6216.56,ach_remittance
RPY-0004783,ORG-200449,PTR-004,2022-10-10,2465.25,8681.81,ach_remittance
RPY-0004784,ORG-200449,PTR-004,2022-10-17,1751.86,10433.67,ach_remittance
RPY-0004785,ORG-200449,PTR-004,2022-10-24,1295.21,11728.88,ach_remittance
RPY-0004786,ORG-200449,PTR-004,2022-10-31,2946.19,14675.07,ach_remittance
RPY-0004787,ORG-200449,PTR-004,2022-11-07,2238.64,16913.71,ach_remittance
RPY-0004788,ORG-200450,PTR-005,2026-04-12,6708.42,6708.42,ach_remittance
RPY-0004789,ORG-200450,PTR-005,2026-04-19,5665.36,12373.78,ach_remittance
RPY-0004790,ORG-200450,PTR-005,2026-04-26,4910.79,17284.57,ach_remittance
RPY-0004791,ORG-200450,PTR-005,2026-05-03,5242.54,22527.11,ach_remittance
RPY-0004792,ORG-200450,PTR-005,2026-05-10,7993.74,30520.85,ach_remittance
RPY-0004793,ORG-200450,PTR-005,2026-05-17,5074.27,35595.12,ach_remittance
RPY-0004794,ORG-200450,PTR-005,2026-05-24,3622.56,39217.68,ach_remittance
RPY-0004795,ORG-200450,PTR-005,2026-05-31,4976.76,44194.44,ach_remittance
RPY-0004796,ORG-200450,PTR-005,2026-06-07,8101.39,52295.83,ach_remittance
RPY-0004797,ORG-200450,PTR-005,2026-06-14,4345.17,56641.0,ach_remittance
RPY-0004798,ORG-200450,PTR-005,2026-06-21,4391.35,61032.35,ach_remittance
RPY-0004799,ORG-200450,PTR-005,2026-06-28,7371.08,68403.43,ach_remittance
RPY-0004800,ORG-200450,PTR-005,2026-07-05,4186.27,72589.7,ach_remittance
RPY-0004801,ORG-200450,PTR-005,2026-07-12,9605.28,82194.98,ach_remittance
RPY-0004802,ORG-200451,PTR-005,2022-03-11,5213.23,5213.23,ach_remittance
RPY-0004803,ORG-200451,PTR-005,2022-03-18,9416.52,14629.75,ach_remittance
RPY-0004804,ORG-200451,PTR-005,2022-03-25,7322.6,21952.35,ach_remittance
RPY-0004805,ORG-200451,PTR-005,2022-04-01,7623.83,29576.18,ach_remittance
RPY-0004806,ORG-200451,PTR-005,2022-04-08,4156.55,33732.73,ach_remittance
RPY-0004807,ORG-200452,PTR-005,2022-10-26,2484.04,2484.04,manual_payment
RPY-0004808,ORG-200452,PTR-005,2022-11-02,3261.12,5745.16,ach_remittance
RPY-0004809,ORG-200452,PTR-005,2022-11-09,2425.48,8170.64,ach_remittance
RPY-0004810,ORG-200452,PTR-005,2022-11-16,2715.53,10886.17,ach_remittance
RPY-0004811,ORG-200452,PTR-005,2022-11-23,2959.75,13845.92,manual_payment
RPY-0004812,ORG-200452,PTR-005,2022-11-30,2728.36,16574.28,ach_remittance
RPY-0004813,ORG-200452,PTR-005,2022-12-07,2296.44,18870.72,ach_remittance
RPY-0004814,ORG-200452,PTR-005,2022-12-14,3510.5,22381.22,ach_remittance
RPY-0004815,ORG-200452,PTR-005,2022-12-21,2751.81,25133.03,ach_remittance
RPY-0004816,ORG-200452,PTR-005,2022-12-28,1779.42,26912.45,ach_remittance
RPY-0004817,ORG-200452,PTR-005,2023-01-04,3424.12,30336.57,ach_remittance
RPY-0004818,ORG-200452,PTR-005,2023-01-11,3266.68,33603.25,ach_remittance
RPY-0004819,ORG-200452,PTR-005,2023-01-18,2279.94,35883.19,ach_remittance
RPY-0004820,ORG-200452,PTR-005,2023-01-25,1825.43,37708.62,ach_remittance
RPY-0004821,ORG-200452,PTR-005,2023-02-01,3203.72,40912.34,ach_remittance
RPY-0004822,ORG-200452,PTR-005,2023-02-08,1885.77,42798.11,ach_remittance
RPY-0004823,ORG-200452,PTR-005,2023-02-15,3195.17,45993.28,ach_remittance
RPY-0004824,ORG-200452,PTR-005,2023-02-22,2143.69,48136.97,ach_remittance
RPY-0004825,ORG-200452,PTR-005,2023-03-01,3366.12,51503.09,ach_remittance
RPY-0004826,ORG-200452,PTR-005,2023-03-08,1917.85,53420.94,ach_remittance
RPY-0004827,ORG-200452,PTR-005,2023-03-15,1575.36,54996.3,ach_remittance
RPY-0004828,ORG-200452,PTR-005,2023-03-22,2651.34,57647.64,ach_remittance
RPY-0004829,ORG-200452,PTR-005,2023-03-29,3476.68,61124.32,ach_remittance
RPY-0004830,ORG-200452,PTR-005,2023-04-05,3667.79,64792.11,ach_remittance
RPY-0004831,ORG-200452,PTR-005,2023-04-12,3628.37,68420.48,ach_remittance
RPY-0004832,ORG-200452,PTR-005,2023-04-19,1997.18,70417.66,manual_payment
RPY-0004833,ORG-200452,PTR-005,2023-04-26,1978.87,72396.53,ach_remittance
RPY-0004834,ORG-200452,PTR-005,2023-05-03,3300.93,75697.46,ach_remittance
RPY-0004835,ORG-200452,PTR-005,2023-05-10,1626.77,77324.23,ach_remittance
RPY-0004836,ORG-200452,PTR-005,2023-05-17,2360.37,79684.6,manual_payment
RPY-0004837,ORG-200452,PTR-005,2023-05-24,2933.25,82617.85,manual_payment
RPY-0004838,ORG-200452,PTR-005,2023-05-31,2894.6,85512.45,manual_payment
RPY-0004839,ORG-200452,PTR-005,2023-06-07,3120.88,88633.33,manual_payment
RPY-0004840,ORG-200452,PTR-005,2023-06-14,2428.75,91062.08,ach_remittance
RPY-0004841,ORG-200452,PTR-005,2023-06-21,2893.92,93956.0,ach_remittance
RPY-0004842,ORG-200452,PTR-005,2023-06-28,2795.17,96751.17,ach_remittance
RPY-0004843,ORG-200452,PTR-005,2023-07-05,2435.77,99186.94,ach_remittance
RPY-0004844,ORG-200452,PTR-005,2023-07-12,3104.61,102291.55,ach_remittance
RPY-0004845,ORG-200452,PTR-005,2023-07-19,2160.26,104451.81,manual_payment
RPY-0004846,ORG-200452,PTR-005,2023-07-26,2612.26,107064.07,ach_remittance
RPY-0004847,ORG-200452,PTR-005,2023-08-02,445.38,107509.45,ach_remittance
RPY-0004848,ORG-200453,PTR-002,2022-07-15,7323.01,7323.01,ach_remittance
RPY-0004849,ORG-200453,PTR-002,2022-07-22,6040.3,13363.31,manual_payment
RPY-0004850,ORG-200453,PTR-002,2022-07-29,4850.31,18213.62,ach_remittance
RPY-0004851,ORG-200453,PTR-002,2022-08-05,8407.98,26621.6,ach_remittance
RPY-0004852,ORG-200454,PTR-003,2023-10-13,3275.09,3275.09,ach_remittance
RPY-0004853,ORG-200454,PTR-003,2023-10-20,3958.19,7233.28,ach_remittance
RPY-0004854,ORG-200454,PTR-003,2023-10-27,5766.07,12999.35,ach_remittance
RPY-0004855,ORG-200454,PTR-003,2023-11-03,3282.99,16282.34,ach_remittance
RPY-0004856,ORG-200454,PTR-003,2023-11-10,5698.93,21981.27,ach_remittance
RPY-0004857,ORG-200454,PTR-003,2023-11-17,2848.69,24829.96,ach_remittance
RPY-0004858,ORG-200454,PTR-003,2023-11-24,3884.33,28714.29,ach_remittance
RPY-0004859,ORG-200454,PTR-003,2023-12-01,4028.97,32743.26,ach_remittance
RPY-0004860,ORG-200454,PTR-003,2023-12-08,5934.04,38677.3,ach_remittance
RPY-0004861,ORG-200455,PTR-003,2023-09-28,3034.2,3034.2,ach_remittance
RPY-0004862,ORG-200455,PTR-003,2023-10-05,1902.58,4936.78,ach_remittance
RPY-0004863,ORG-200455,PTR-003,2023-10-12,2031.25,6968.03,ach_remittance
RPY-0004864,ORG-200455,PTR-003,2023-10-19,3055.19,10023.22,manual_payment
RPY-0004865,ORG-200455,PTR-003,2023-10-26,1818.12,11841.34,ach_remittance
RPY-0004866,ORG-200455,PTR-003,2023-11-02,1749.18,13590.52,ach_remittance
RPY-0004867,ORG-200455,PTR-003,2023-11-09,1773.33,15363.85,ach_remittance
RPY-0004868,ORG-200455,PTR-003,2023-11-16,2367.17,17731.02,ach_remittance
RPY-0004869,ORG-200456,PTR-001,2025-04-28,7182.96,7182.96,ach_remittance
RPY-0004870,ORG-200456,PTR-001,2025-05-05,8758.52,15941.48,ach_remittance
RPY-0004871,ORG-200456,PTR-001,2025-05-12,6892.43,22833.91,ach_remittance
RPY-0004872,ORG-200456,PTR-001,2025-05-19,8233.0,31066.91,ach_remittance
RPY-0004873,ORG-200456,PTR-001,2025-05-26,1505.53,32572.44,ach_remittance
RPY-0004874,ORG-200457,PTR-004,2023-10-22,10424.53,10424.53,ach_remittance
RPY-0004875,ORG-200457,PTR-004,2023-10-29,11735.93,22160.46,ach_remittance
RPY-0004876,ORG-200457,PTR-004,2023-11-05,11452.41,33612.87,ach_remittance
RPY-0004877,ORG-200457,PTR-004,2023-11-12,10930.8,44543.67,ach_remittance
RPY-0004878,ORG-200457,PTR-004,2023-11-19,13220.43,57764.1,ach_remittance
RPY-0004879,ORG-200457,PTR-004,2023-11-26,9682.72,67446.82,manual_payment
RPY-0004880,ORG-200457,PTR-004,2023-12-03,12698.57,80145.39,ach_remittance
RPY-0004881,ORG-200457,PTR-004,2023-12-10,13009.23,93154.62,ach_remittance
RPY-0004882,ORG-200457,PTR-004,2023-12-17,12278.43,105433.05,ach_remittance
RPY-0004883,ORG-200457,PTR-004,2023-12-24,2956.63,108389.68,ach_remittance
RPY-0004884,ORG-200458,PTR-004,2025-09-19,5108.27,5108.27,ach_remittance
RPY-0004885,ORG-200458,PTR-004,2025-09-26,3387.75,8496.02,ach_remittance
RPY-0004886,ORG-200458,PTR-004,2025-10-03,5228.57,13724.59,ach_remittance
RPY-0004887,ORG-200458,PTR-004,2025-10-10,5043.92,18768.51,ach_remittance
RPY-0004888,ORG-200458,PTR-004,2025-10-17,3662.42,22430.93,ach_remittance
RPY-0004889,ORG-200458,PTR-004,2025-10-24,3521.86,25952.79,ach_remittance
RPY-0004890,ORG-200458,PTR-004,2025-10-31,8721.19,34673.98,ach_remittance
RPY-0004891,ORG-200459,PTR-005,2022-11-28,7963.93,7963.93,ach_remittance
RPY-0004892,ORG-200459,PTR-005,2022-12-05,8464.03,16427.96,ach_remittance
RPY-0004893,ORG-200459,PTR-005,2022-12-12,4874.25,21302.21,ach_remittance
RPY-0004894,ORG-200459,PTR-005,2022-12-19,5885.87,27188.08,ach_remittance
RPY-0004895,ORG-200459,PTR-005,2022-12-26,7296.71,34484.79,ach_remittance
RPY-0004896,ORG-200459,PTR-005,2023-01-02,8551.91,43036.7,ach_remittance
RPY-0004897,ORG-200459,PTR-005,2023-01-09,5214.21,48250.91,ach_remittance
RPY-0004898,ORG-200459,PTR-005,2023-01-16,7714.96,55965.87,ach_remittance
RPY-0004899,ORG-200460,PTR-005,2022-07-14,10642.62,10642.62,ach_remittance
RPY-0004900,ORG-200460,PTR-005,2022-07-21,7377.76,18020.38,ach_remittance
RPY-0004901,ORG-200460,PTR-005,2022-07-28,9826.96,27847.34,ach_remittance
RPY-0004902,ORG-200460,PTR-005,2022-08-04,5021.28,32868.62,ach_remittance
RPY-0004903,ORG-200460,PTR-005,2022-08-11,6629.98,39498.6,ach_remittance
RPY-0004904,ORG-200460,PTR-005,2022-08-18,11084.62,50583.22,manual_payment
RPY-0004905,ORG-200460,PTR-005,2022-08-25,8912.98,59496.2,ach_remittance
RPY-0004906,ORG-200460,PTR-005,2022-09-01,8053.13,67549.33,ach_remittance
RPY-0004907,ORG-200460,PTR-005,2022-09-08,7338.81,74888.14,ach_remittance
RPY-0004908,ORG-200460,PTR-005,2022-09-15,5973.19,80861.33,ach_remittance
RPY-0004909,ORG-200461,PTR-004,2025-11-03,6404.46,6404.46,ach_remittance
RPY-0004910,ORG-200461,PTR-004,2025-11-10,6755.0,13159.46,manual_payment
RPY-0004911,ORG-200461,PTR-004,2025-11-17,6972.85,20132.31,manual_payment
RPY-0004912,ORG-200461,PTR-004,2025-11-24,11250.91,31383.22,ach_remittance
RPY-0004913,ORG-200461,PTR-004,2025-12-01,11933.31,43316.53,ach_remittance
RPY-0004914,ORG-200461,PTR-004,2025-12-08,9368.52,52685.05,ach_remittance
RPY-0004915,ORG-200461,PTR-004,2025-12-15,9024.12,61709.17,manual_payment
RPY-0004916,ORG-200461,PTR-004,2025-12-22,5984.36,67693.53,ach_remittance
RPY-0004917,ORG-200461,PTR-004,2025-12-29,9263.63,76957.16,ach_remittance
RPY-0004918,ORG-200462,PTR-006,2023-09-02,2581.23,2581.23,ach_remittance
RPY-0004919,ORG-200462,PTR-006,2023-09-09,2259.22,4840.45,ach_remittance
RPY-0004920,ORG-200462,PTR-006,2023-09-16,2335.33,7175.78,ach_remittance
RPY-0004921,ORG-200462,PTR-006,2023-09-23,1474.73,8650.51,ach_remittance
RPY-0004922,ORG-200462,PTR-006,2023-09-30,1966.19,10616.7,ach_remittance
RPY-0004923,ORG-200462,PTR-006,2023-10-07,2006.25,12622.95,ach_remittance
RPY-0004924,ORG-200462,PTR-006,2023-10-14,1751.88,14374.83,ach_remittance
RPY-0004925,ORG-200462,PTR-006,2023-10-21,794.22,15169.05,ach_remittance
RPY-0004926,ORG-200463,PTR-003,2024-04-13,5086.07,5086.07,ach_remittance
RPY-0004927,ORG-200463,PTR-003,2024-04-20,4780.96,9867.03,ach_remittance
RPY-0004928,ORG-200463,PTR-003,2024-04-27,3000.46,12867.49,ach_remittance
RPY-0004929,ORG-200463,PTR-003,2024-05-04,5948.59,18816.08,ach_remittance
RPY-0004930,ORG-200463,PTR-003,2024-05-11,5142.46,23958.54,ach_remittance
RPY-0004931,ORG-200463,PTR-003,2024-05-18,2730.9,26689.44,ach_remittance
RPY-0004932,ORG-200463,PTR-003,2024-05-25,4467.6,31157.04,ach_remittance
RPY-0004933,ORG-200463,PTR-003,2024-06-01,5983.79,37140.83,ach_remittance
RPY-0004934,ORG-200463,PTR-003,2024-06-08,2695.6,39836.43,ach_remittance
RPY-0004935,ORG-200463,PTR-003,2024-06-15,4357.87,44194.3,ach_remittance
RPY-0004936,ORG-200463,PTR-003,2024-06-22,5544.69,49738.99,ach_remittance
RPY-0004937,ORG-200463,PTR-003,2024-06-29,3324.15,53063.14,ach_remittance
RPY-0004938,ORG-200463,PTR-003,2024-07-06,4149.04,57212.18,ach_remittance
RPY-0004939,ORG-200464,PTR-006,2023-05-06,450.01,450.01,ach_remittance
RPY-0004940,ORG-200464,PTR-006,2023-05-13,299.59,749.6,ach_remittance
RPY-0004941,ORG-200464,PTR-006,2023-05-20,340.98,1090.58,ach_remittance
RPY-0004942,ORG-200464,PTR-006,2023-05-27,305.31,1395.89,ach_remittance
RPY-0004943,ORG-200464,PTR-006,2023-06-03,418.95,1814.84,ach_remittance
RPY-0004944,ORG-200464,PTR-006,2023-06-10,463.48,2278.32,ach_remittance
RPY-0004945,ORG-200464,PTR-006,2023-06-17,347.26,2625.58,ach_remittance
RPY-0004946,ORG-200464,PTR-006,2023-06-24,207.23,2832.81,ach_remittance
RPY-0004947,ORG-200465,PTR-002,2023-08-11,5387.41,5387.41,ach_remittance
RPY-0004948,ORG-200465,PTR-002,2023-08-18,8279.03,13666.44,ach_remittance
RPY-0004949,ORG-200465,PTR-002,2023-08-25,11650.26,25316.7,ach_remittance
RPY-0004950,ORG-200465,PTR-002,2023-09-01,9206.0,34522.7,ach_remittance
RPY-0004951,ORG-200465,PTR-002,2023-09-08,5558.6,40081.3,ach_remittance
RPY-0004952,ORG-200465,PTR-002,2023-09-15,6049.13,46130.43,ach_remittance
RPY-0004953,ORG-200465,PTR-002,2023-09-22,7010.03,53140.46,ach_remittance
RPY-0004954,ORG-200465,PTR-002,2023-09-29,10941.68,64082.14,ach_remittance
RPY-0004955,ORG-200465,PTR-002,2023-10-06,11022.3,75104.44,ach_remittance
RPY-0004956,ORG-200465,PTR-002,2023-10-13,10661.39,85765.83,ach_remittance
RPY-0004957,ORG-200466,PTR-002,2026-04-01,5583.57,5583.57,ach_remittance
RPY-0004958,ORG-200466,PTR-002,2026-04-08,6616.86,12200.43,ach_remittance
RPY-0004959,ORG-200466,PTR-002,2026-04-15,5789.28,17989.71,ach_remittance
RPY-0004960,ORG-200466,PTR-002,2026-04-22,7557.18,25546.89,ach_remittance
RPY-0004961,ORG-200466,PTR-002,2026-04-29,5801.27,31348.16,ach_remittance
RPY-0004962,ORG-200466,PTR-002,2026-05-06,9129.09,40477.25,ach_remittance
RPY-0004963,ORG-200466,PTR-002,2026-05-13,5683.02,46160.27,ach_remittance
RPY-0004964,ORG-200466,PTR-002,2026-05-20,7260.78,53421.05,ach_remittance
RPY-0004965,ORG-200466,PTR-002,2026-05-27,4679.71,58100.76,ach_remittance
RPY-0004966,ORG-200466,PTR-002,2026-06-03,8841.31,66942.07,ach_remittance
RPY-0004967,ORG-200466,PTR-002,2026-06-10,8319.14,75261.21,ach_remittance
RPY-0004968,ORG-200466,PTR-002,2026-06-17,5762.71,81023.92,ach_remittance
RPY-0004969,ORG-200466,PTR-002,2026-06-24,8524.64,89548.56,ach_remittance
RPY-0004970,ORG-200466,PTR-002,2026-07-01,4221.69,93770.25,ach_remittance
RPY-0004971,ORG-200466,PTR-002,2026-07-08,5976.8,99747.05,ach_remittance
RPY-0004972,ORG-200466,PTR-002,2026-07-15,7440.18,107187.23,ach_remittance
RPY-0004973,ORG-200466,PTR-002,2026-07-22,9096.75,116283.98,ach_remittance
RPY-0004974,ORG-200466,PTR-002,2026-07-29,3517.94,119801.92,ach_remittance
RPY-0004975,ORG-200467,PTR-001,2025-11-04,932.05,932.05,ach_remittance
RPY-0004976,ORG-200467,PTR-001,2025-11-11,659.58,1591.63,ach_remittance
RPY-0004977,ORG-200467,PTR-001,2025-11-18,1015.86,2607.49,ach_remittance
RPY-0004978,ORG-200467,PTR-001,2025-11-25,727.41,3334.9,ach_remittance
RPY-0004979,ORG-200467,PTR-001,2025-12-02,1013.16,4348.06,ach_remittance
RPY-0004980,ORG-200467,PTR-001,2025-12-09,697.96,5046.02,ach_remittance
RPY-0004981,ORG-200467,PTR-001,2025-12-16,693.34,5739.36,ach_remittance
RPY-0004982,ORG-200467,PTR-001,2025-12-23,809.49,6548.85,ach_remittance
RPY-0004983,ORG-200468,PTR-001,2022-12-28,3082.0,3082.0,ach_remittance
RPY-0004984,ORG-200468,PTR-001,2023-01-04,5712.49,8794.49,ach_remittance
RPY-0004985,ORG-200468,PTR-001,2023-01-11,4885.11,13679.6,ach_remittance
RPY-0004986,ORG-200468,PTR-001,2023-01-18,5024.0,18703.6,ach_remittance
RPY-0004987,ORG-200468,PTR-001,2023-01-25,4948.09,23651.69,manual_payment
RPY-0004988,ORG-200468,PTR-001,2023-02-01,5359.43,29011.12,ach_remittance
RPY-0004989,ORG-200468,PTR-001,2023-02-08,4571.86,33582.98,ach_remittance
RPY-0004990,ORG-200468,PTR-001,2023-02-15,4463.64,38046.62,ach_remittance
RPY-0004991,ORG-200468,PTR-001,2023-02-22,4691.26,42737.88,ach_remittance
RPY-0004992,ORG-200468,PTR-001,2023-03-01,4618.4,47356.28,ach_remittance
RPY-0004993,ORG-200468,PTR-001,2023-03-08,4155.71,51511.99,ach_remittance
RPY-0004994,ORG-200468,PTR-001,2023-03-15,2503.81,54015.8,ach_remittance
RPY-0004995,ORG-200469,PTR-002,2025-03-22,1883.12,1883.12,ach_remittance
RPY-0004996,ORG-200469,PTR-002,2025-03-29,2099.02,3982.14,ach_remittance
RPY-0004997,ORG-200469,PTR-002,2025-04-05,1656.04,5638.18,ach_remittance
RPY-0004998,ORG-200469,PTR-002,2025-04-12,1793.95,7432.13,ach_remittance
RPY-0004999,ORG-200469,PTR-002,2025-04-19,1572.0,9004.13,ach_remittance
RPY-0005000,ORG-200469,PTR-002,2025-04-26,1281.89,10286.02,ach_remittance
RPY-0005001,ORG-200469,PTR-002,2025-05-03,1198.34,11484.36,ach_remittance
RPY-0005002,ORG-200469,PTR-002,2025-05-10,1119.08,12603.44,ach_remittance
RPY-0005003,ORG-200469,PTR-002,2025-05-17,1304.83,13908.27,ach_remittance
RPY-0005004,ORG-200469,PTR-002,2025-05-24,2034.05,15942.32,ach_remittance
RPY-0005005,ORG-200469,PTR-002,2025-05-31,1933.74,17876.06,ach_remittance
RPY-0005006,ORG-200469,PTR-002,2025-06-07,2348.3,20224.36,ach_remittance
RPY-0005007,ORG-200469,PTR-002,2025-06-14,1480.26,21704.62,ach_remittance
RPY-0005008,ORG-200469,PTR-002,2025-06-21,1825.38,23530.0,ach_remittance
RPY-0005009,ORG-200469,PTR-002,2025-06-28,2268.8,25798.8,ach_remittance
RPY-0005010,ORG-200470,PTR-006,2022-12-15,8947.31,8947.31,ach_remittance
RPY-0005011,ORG-200470,PTR-006,2022-12-22,8381.22,17328.53,ach_remittance
RPY-0005012,ORG-200470,PTR-006,2022-12-29,5586.11,22914.64,ach_remittance
RPY-0005013,ORG-200470,PTR-006,2023-01-05,5307.25,28221.89,ach_remittance
RPY-0005014,ORG-200470,PTR-006,2023-01-12,7697.9,35919.79,ach_remittance
RPY-0005015,ORG-200470,PTR-006,2023-01-19,7796.41,43716.2,ach_remittance
RPY-0005016,ORG-200470,PTR-006,2023-01-26,4758.05,48474.25,ach_remittance
RPY-0005017,ORG-200470,PTR-006,2023-02-02,5204.72,53678.97,manual_payment
RPY-0005018,ORG-200470,PTR-006,2023-02-09,5650.94,59329.91,ach_remittance
RPY-0005019,ORG-200470,PTR-006,2023-02-16,6929.68,66259.59,ach_remittance
RPY-0005020,ORG-200470,PTR-006,2023-02-23,5510.88,71770.47,ach_remittance
RPY-0005021,ORG-200471,PTR-006,2023-11-17,716.51,716.51,ach_remittance
RPY-0005022,ORG-200471,PTR-006,2023-11-24,733.67,1450.18,ach_remittance
RPY-0005023,ORG-200471,PTR-006,2023-12-01,729.34,2179.52,ach_remittance
RPY-0005024,ORG-200471,PTR-006,2023-12-08,633.22,2812.74,ach_remittance
RPY-0005025,ORG-200471,PTR-006,2023-12-15,769.31,3582.05,ach_remittance
RPY-0005026,ORG-200471,PTR-006,2023-12-22,583.92,4165.97,ach_remittance
RPY-0005027,ORG-200471,PTR-006,2023-12-29,918.67,5084.64,ach_remittance
RPY-0005028,ORG-200471,PTR-006,2024-01-05,795.55,5880.19,manual_payment
RPY-0005029,ORG-200472,PTR-003,2024-08-18,6284.38,6284.38,ach_remittance
RPY-0005030,ORG-200472,PTR-003,2024-08-25,4576.98,10861.36,ach_remittance
RPY-0005031,ORG-200472,PTR-003,2024-09-01,6932.54,17793.9,ach_remittance
RPY-0005032,ORG-200472,PTR-003,2024-09-08,6024.28,23818.18,ach_remittance
RPY-0005033,ORG-200472,PTR-003,2024-09-15,6610.79,30428.97,ach_remittance
RPY-0005034,ORG-200472,PTR-003,2024-09-22,3863.67,34292.64,ach_remittance
RPY-0005035,ORG-200472,PTR-003,2024-09-29,7150.07,41442.71,ach_remittance
RPY-0005036,ORG-200472,PTR-003,2024-10-06,7235.65,48678.36,ach_remittance
RPY-0005037,ORG-200472,PTR-003,2024-10-13,4898.82,53577.18,ach_remittance
RPY-0005038,ORG-200472,PTR-003,2024-10-20,5982.63,59559.81,ach_remittance
RPY-0005039,ORG-200473,PTR-006,2025-03-21,5334.86,5334.86,ach_remittance
RPY-0005040,ORG-200473,PTR-006,2025-03-28,9161.48,14496.34,ach_remittance
RPY-0005041,ORG-200473,PTR-006,2025-04-04,10214.72,24711.06,ach_remittance
RPY-0005042,ORG-200473,PTR-006,2025-04-11,7581.12,32292.18,manual_payment
RPY-0005043,ORG-200473,PTR-006,2025-04-18,7267.33,39559.51,ach_remittance
RPY-0005044,ORG-200473,PTR-006,2025-04-25,9690.01,49249.52,ach_remittance
RPY-0005045,ORG-200473,PTR-006,2025-05-02,6508.43,55757.95,ach_remittance
RPY-0005046,ORG-200473,PTR-006,2025-05-09,13271.28,69029.23,ach_remittance
RPY-0005047,ORG-200474,PTR-001,2023-03-08,511.85,511.85,ach_remittance
RPY-0005048,ORG-200474,PTR-001,2023-03-15,354.72,866.57,ach_remittance
RPY-0005049,ORG-200474,PTR-001,2023-03-22,272.02,1138.59,ach_remittance
RPY-0005050,ORG-200474,PTR-001,2023-03-29,465.18,1603.77,ach_remittance
RPY-0005051,ORG-200474,PTR-001,2023-04-05,264.77,1868.54,ach_remittance
RPY-0005052,ORG-200474,PTR-001,2023-04-12,261.28,2129.82,ach_remittance
RPY-0005053,ORG-200474,PTR-001,2023-04-19,242.12,2371.94,ach_remittance
RPY-0005054,ORG-200474,PTR-001,2023-04-26,685.71,3057.65,manual_payment
RPY-0005055,ORG-200475,PTR-002,2025-03-24,1413.74,1413.74,manual_payment
RPY-0005056,ORG-200475,PTR-002,2025-03-31,1370.13,2783.87,ach_remittance
RPY-0005057,ORG-200475,PTR-002,2025-04-07,2087.48,4871.35,ach_remittance
RPY-0005058,ORG-200475,PTR-002,2025-04-14,1874.84,6746.19,ach_remittance
RPY-0005059,ORG-200475,PTR-002,2025-04-21,2264.28,9010.47,ach_remittance
RPY-0005060,ORG-200475,PTR-002,2025-04-28,1239.23,10249.7,manual_payment
RPY-0005061,ORG-200475,PTR-002,2025-05-05,1930.0,12179.7,ach_remittance
RPY-0005062,ORG-200475,PTR-002,2025-05-12,1880.48,14060.18,ach_remittance
RPY-0005063,ORG-200475,PTR-002,2025-05-19,2374.68,16434.86,ach_remittance
RPY-0005064,ORG-200475,PTR-002,2025-05-26,1588.15,18023.01,ach_remittance
RPY-0005065,ORG-200475,PTR-002,2025-06-02,1985.96,20008.97,ach_remittance
RPY-0005066,ORG-200475,PTR-002,2025-06-09,1131.57,21140.54,ach_remittance
RPY-0005067,ORG-200475,PTR-002,2025-06-16,1391.98,22532.52,ach_remittance
RPY-0005068,ORG-200475,PTR-002,2025-06-23,2573.41,25105.93,ach_remittance
RPY-0005069,ORG-200475,PTR-002,2025-06-30,1667.59,26773.52,ach_remittance
RPY-0005070,ORG-200475,PTR-002,2025-07-07,2728.47,29501.99,ach_remittance
RPY-0005071,ORG-200476,PTR-006,2022-07-26,1589.66,1589.66,ach_remittance
RPY-0005072,ORG-200476,PTR-006,2022-08-02,3003.59,4593.25,ach_remittance
RPY-0005073,ORG-200476,PTR-006,2022-08-09,2298.61,6891.86,ach_remittance
RPY-0005074,ORG-200476,PTR-006,2022-08-16,2695.96,9587.82,ach_remittance
RPY-0005075,ORG-200476,PTR-006,2022-08-23,2845.27,12433.09,ach_remittance
RPY-0005076,ORG-200476,PTR-006,2022-08-30,1470.36,13903.45,ach_remittance
RPY-0005077,ORG-200476,PTR-006,2022-09-06,1615.13,15518.58,ach_remittance
RPY-0005078,ORG-200476,PTR-006,2022-09-13,2195.62,17714.2,manual_payment
RPY-0005079,ORG-200476,PTR-006,2022-09-20,1556.21,19270.41,ach_remittance
RPY-0005080,ORG-200476,PTR-006,2022-09-27,2191.09,21461.5,ach_remittance
RPY-0005081,ORG-200476,PTR-006,2022-10-04,1832.15,23293.65,ach_remittance
RPY-0005082,ORG-200476,PTR-006,2022-10-11,2440.82,25734.47,ach_remittance
RPY-0005083,ORG-200476,PTR-006,2022-10-18,2622.84,28357.31,manual_payment
RPY-0005084,ORG-200476,PTR-006,2022-10-25,2834.16,31191.47,ach_remittance
RPY-0005085,ORG-200477,PTR-005,2025-11-09,4083.2,4083.2,ach_remittance
RPY-0005086,ORG-200477,PTR-005,2025-11-16,2201.37,6284.57,manual_payment
RPY-0005087,ORG-200477,PTR-005,2025-11-23,2157.69,8442.26,ach_remittance
RPY-0005088,ORG-200477,PTR-005,2025-11-30,5626.09,14068.35,ach_remittance
RPY-0005089,ORG-200478,PTR-004,2024-05-27,2123.22,2123.22,ach_remittance
RPY-0005090,ORG-200478,PTR-004,2024-06-03,1880.59,4003.81,ach_remittance
RPY-0005091,ORG-200478,PTR-004,2024-06-10,2569.51,6573.32,manual_payment
RPY-0005092,ORG-200478,PTR-004,2024-06-17,1683.94,8257.26,manual_payment
RPY-0005093,ORG-200478,PTR-004,2024-06-24,1841.68,10098.94,ach_remittance
RPY-0005094,ORG-200478,PTR-004,2024-07-01,1850.43,11949.37,ach_remittance
RPY-0005095,ORG-200478,PTR-004,2024-07-08,3299.71,15249.08,ach_remittance
RPY-0005096,ORG-200478,PTR-004,2024-07-15,2465.24,17714.32,ach_remittance
RPY-0005097,ORG-200478,PTR-004,2024-07-22,2543.17,20257.49,ach_remittance
RPY-0005098,ORG-200478,PTR-004,2024-07-29,3590.46,23847.95,ach_remittance
RPY-0005099,ORG-200478,PTR-004,2024-08-05,2489.06,26337.01,manual_payment
RPY-0005100,ORG-200478,PTR-004,2024-08-12,1618.22,27955.23,manual_payment
RPY-0005101,ORG-200478,PTR-004,2024-08-19,3131.48,31086.71,ach_remittance
RPY-0005102,ORG-200478,PTR-004,2024-08-26,6022.1,37108.81,ach_remittance
RPY-0005103,ORG-200479,PTR-005,2026-01-06,1556.95,1556.95,ach_remittance
RPY-0005104,ORG-200479,PTR-005,2026-01-13,2168.42,3725.37,ach_remittance
RPY-0005105,ORG-200479,PTR-005,2026-01-20,2001.42,5726.79,ach_remittance
RPY-0005106,ORG-200479,PTR-005,2026-01-27,3026.92,8753.71,ach_remittance
RPY-0005107,ORG-200479,PTR-005,2026-02-03,2837.69,11591.4,manual_payment
RPY-0005108,ORG-200479,PTR-005,2026-02-10,2566.56,14157.96,ach_remittance
RPY-0005109,ORG-200479,PTR-005,2026-02-17,2501.3,16659.26,ach_remittance
RPY-0005110,ORG-200479,PTR-005,2026-02-24,2157.12,18816.38,ach_remittance
RPY-0005111,ORG-200479,PTR-005,2026-03-03,2301.84,21118.22,ach_remittance
RPY-0005112,ORG-200479,PTR-005,2026-03-10,1521.6,22639.82,ach_remittance
RPY-0005113,ORG-200479,PTR-005,2026-03-17,1474.34,24114.16,ach_remittance
RPY-0005114,ORG-200479,PTR-005,2026-03-24,2773.27,26887.43,ach_remittance
RPY-0005115,ORG-200479,PTR-005,2026-03-31,1854.7,28742.13,ach_remittance
RPY-0005116,ORG-200479,PTR-005,2026-04-07,3068.99,31811.12,ach_remittance
RPY-0005117,ORG-200479,PTR-005,2026-04-14,2321.33,34132.45,ach_remittance
RPY-0005118,ORG-200479,PTR-005,2026-04-21,2317.43,36449.88,ach_remittance
RPY-0005119,ORG-200479,PTR-005,2026-04-28,3070.18,39520.06,manual_payment
RPY-0005120,ORG-200479,PTR-005,2026-05-05,2605.62,42125.68,ach_remittance
RPY-0005121,ORG-200479,PTR-005,2026-05-12,4223.87,46349.55,ach_remittance
RPY-0005122,ORG-200480,PTR-006,2022-05-26,159.41,159.41,ach_remittance
RPY-0005123,ORG-200480,PTR-006,2022-06-02,104.13,263.54,ach_remittance
RPY-0005124,ORG-200480,PTR-006,2022-06-09,91.66,355.2,ach_remittance
RPY-0005125,ORG-200480,PTR-006,2022-06-16,159.06,514.26,ach_remittance
RPY-0005126,ORG-200480,PTR-006,2022-06-23,201.44,715.7,manual_payment
RPY-0005127,ORG-200480,PTR-006,2022-06-30,174.46,890.16,ach_remittance
RPY-0005128,ORG-200480,PTR-006,2022-07-07,191.49,1081.65,ach_remittance
RPY-0005129,ORG-200480,PTR-006,2022-07-14,121.42,1203.07,manual_payment
RPY-0005130,ORG-200480,PTR-006,2022-07-21,119.01,1322.08,ach_remittance
RPY-0005131,ORG-200480,PTR-006,2022-07-28,97.15,1419.23,ach_remittance
RPY-0005132,ORG-200480,PTR-006,2022-08-04,94.36,1513.59,ach_remittance
RPY-0005133,ORG-200480,PTR-006,2022-08-11,149.09,1662.68,ach_remittance
RPY-0005134,ORG-200480,PTR-006,2022-08-18,124.77,1787.45,ach_remittance
RPY-0005135,ORG-200480,PTR-006,2022-08-25,187.18,1974.63,ach_remittance
RPY-0005136,ORG-200480,PTR-006,2022-09-01,258.37,2233.0,ach_remittance
RPY-0005137,ORG-200481,PTR-005,2023-08-30,6223.15,6223.15,ach_remittance
RPY-0005138,ORG-200481,PTR-005,2023-09-06,4506.32,10729.47,ach_remittance
RPY-0005139,ORG-200481,PTR-005,2023-09-13,4506.56,15236.03,ach_remittance
RPY-0005140,ORG-200481,PTR-005,2023-09-20,3642.56,18878.59,ach_remittance
RPY-0005141,ORG-200481,PTR-005,2023-09-27,5517.96,24396.55,ach_remittance
RPY-0005142,ORG-200481,PTR-005,2023-10-04,3506.43,27902.98,ach_remittance
RPY-0005143,ORG-200481,PTR-005,2023-10-11,4617.37,32520.35,ach_remittance
RPY-0005144,ORG-200481,PTR-005,2023-10-18,3791.67,36312.02,ach_remittance
RPY-0005145,ORG-200481,PTR-005,2023-10-25,3152.49,39464.51,ach_remittance
RPY-0005146,ORG-200481,PTR-005,2023-11-01,5681.5,45146.01,manual_payment
RPY-0005147,ORG-200481,PTR-005,2023-11-08,5738.18,50884.19,ach_remittance
RPY-0005148,ORG-200481,PTR-005,2023-11-15,5960.33,56844.52,ach_remittance
RPY-0005149,ORG-200481,PTR-005,2023-11-22,6224.25,63068.77,ach_remittance
RPY-0005150,ORG-200481,PTR-005,2023-11-29,3518.86,66587.63,manual_payment
RPY-0005151,ORG-200481,PTR-005,2023-12-06,1830.64,68418.27,ach_remittance
RPY-0005152,ORG-200482,PTR-005,2025-01-29,921.36,921.36,ach_remittance
RPY-0005153,ORG-200482,PTR-005,2025-02-05,1403.65,2325.01,ach_remittance
RPY-0005154,ORG-200482,PTR-005,2025-02-12,1258.27,3583.28,ach_remittance
RPY-0005155,ORG-200482,PTR-005,2025-02-19,1430.88,5014.16,ach_remittance
RPY-0005156,ORG-200482,PTR-005,2025-02-26,838.5,5852.66,ach_remittance
RPY-0005157,ORG-200482,PTR-005,2025-03-05,1614.15,7466.81,ach_remittance
RPY-0005158,ORG-200482,PTR-005,2025-03-12,1384.97,8851.78,ach_remittance
RPY-0005159,ORG-200482,PTR-005,2025-03-19,1286.78,10138.56,ach_remittance
RPY-0005160,ORG-200482,PTR-005,2025-03-26,382.31,10520.87,ach_remittance
RPY-0005161,ORG-200483,PTR-005,2024-01-07,6215.56,6215.56,ach_remittance
RPY-0005162,ORG-200483,PTR-005,2024-01-14,10890.04,17105.6,ach_remittance
RPY-0005163,ORG-200483,PTR-005,2024-01-21,10637.08,27742.68,ach_remittance
RPY-0005164,ORG-200483,PTR-005,2024-01-28,5131.79,32874.47,manual_payment
RPY-0005165,ORG-200483,PTR-005,2024-02-04,8156.19,41030.66,ach_remittance
RPY-0005166,ORG-200483,PTR-005,2024-02-11,6765.97,47796.63,ach_remittance
RPY-0005167,ORG-200483,PTR-005,2024-02-18,7522.28,55318.91,ach_remittance
RPY-0005168,ORG-200484,PTR-002,2023-07-15,4801.88,4801.88,ach_remittance
RPY-0005169,ORG-200484,PTR-002,2023-07-22,3684.61,8486.49,ach_remittance
RPY-0005170,ORG-200484,PTR-002,2023-07-29,4673.52,13160.01,ach_remittance
RPY-0005171,ORG-200484,PTR-002,2023-08-05,5811.8,18971.81,ach_remittance
RPY-0005172,ORG-200484,PTR-002,2023-08-12,5788.51,24760.32,manual_payment
RPY-0005173,ORG-200484,PTR-002,2023-08-19,3245.53,28005.85,ach_remittance
RPY-0005174,ORG-200484,PTR-002,2023-08-26,5988.19,33994.04,ach_remittance
RPY-0005175,ORG-200484,PTR-002,2023-09-02,6303.64,40297.68,ach_remittance
RPY-0005176,ORG-200484,PTR-002,2023-09-09,4802.08,45099.76,ach_remittance
RPY-0005177,ORG-200484,PTR-002,2023-09-16,3249.15,48348.91,ach_remittance
RPY-0005178,ORG-200484,PTR-002,2023-09-23,5697.43,54046.34,ach_remittance
RPY-0005179,ORG-200484,PTR-002,2023-09-30,7334.0,61380.34,ach_remittance
RPY-0005180,ORG-200485,PTR-006,2023-01-15,3520.97,3520.97,ach_remittance
RPY-0005181,ORG-200485,PTR-006,2023-01-22,3611.69,7132.66,ach_remittance
RPY-0005182,ORG-200485,PTR-006,2023-01-29,2927.28,10059.94,ach_remittance
RPY-0005183,ORG-200485,PTR-006,2023-02-05,3821.43,13881.37,ach_remittance
RPY-0005184,ORG-200485,PTR-006,2023-02-12,3065.01,16946.38,ach_remittance
RPY-0005185,ORG-200485,PTR-006,2023-02-19,3279.14,20225.52,ach_remittance
RPY-0005186,ORG-200485,PTR-006,2023-02-26,3103.05,23328.57,ach_remittance
RPY-0005187,ORG-200485,PTR-006,2023-03-05,2661.29,25989.86,ach_remittance
RPY-0005188,ORG-200486,PTR-004,2026-05-21,5504.44,5504.44,ach_remittance
RPY-0005189,ORG-200486,PTR-004,2026-05-28,5853.65,11358.09,ach_remittance
RPY-0005190,ORG-200486,PTR-004,2026-06-04,3808.33,15166.42,ach_remittance
RPY-0005191,ORG-200486,PTR-004,2026-06-11,5276.23,20442.65,ach_remittance
RPY-0005192,ORG-200486,PTR-004,2026-06-18,6449.34,26891.99,ach_remittance
RPY-0005193,ORG-200486,PTR-004,2026-06-25,5689.16,32581.15,ach_remittance
RPY-0005194,ORG-200486,PTR-004,2026-07-02,5892.95,38474.1,manual_payment
RPY-0005195,ORG-200486,PTR-004,2026-07-09,4438.68,42912.78,ach_remittance
RPY-0005196,ORG-200487,PTR-002,2023-03-20,2649.35,2649.35,ach_remittance
RPY-0005197,ORG-200487,PTR-002,2023-03-27,3525.62,6174.97,ach_remittance
RPY-0005198,ORG-200487,PTR-002,2023-04-03,3781.9,9956.87,ach_remittance
RPY-0005199,ORG-200487,PTR-002,2023-04-10,4062.19,14019.06,ach_remittance
RPY-0005200,ORG-200487,PTR-002,2023-04-17,5120.35,19139.41,ach_remittance
RPY-0005201,ORG-200487,PTR-002,2023-04-24,3919.94,23059.35,ach_remittance
RPY-0005202,ORG-200487,PTR-002,2023-05-01,5297.39,28356.74,ach_remittance
RPY-0005203,ORG-200487,PTR-002,2023-05-08,3573.48,31930.22,ach_remittance
RPY-0005204,ORG-200487,PTR-002,2023-05-15,4162.13,36092.35,ach_remittance
RPY-0005205,ORG-200487,PTR-002,2023-05-22,5730.1,41822.45,ach_remittance
RPY-0005206,ORG-200487,PTR-002,2023-05-29,3613.79,45436.24,ach_remittance
RPY-0005207,ORG-200487,PTR-002,2023-06-05,4117.91,49554.15,ach_remittance
RPY-0005208,ORG-200487,PTR-002,2023-06-12,4307.34,53861.49,ach_remittance
RPY-0005209,ORG-200487,PTR-002,2023-06-19,5813.19,59674.68,ach_remittance
RPY-0005210,ORG-200487,PTR-002,2023-06-26,2878.51,62553.19,ach_remittance
RPY-0005211,ORG-200487,PTR-002,2023-07-03,5119.87,67673.06,ach_remittance
RPY-0005212,ORG-200487,PTR-002,2023-07-10,4671.64,72344.7,ach_remittance
RPY-0005213,ORG-200487,PTR-002,2023-07-17,2795.54,75140.24,ach_remittance
RPY-0005214,ORG-200487,PTR-002,2023-07-24,5851.94,80992.18,manual_payment
RPY-0005215,ORG-200487,PTR-002,2023-07-31,4062.53,85054.71,ach_remittance
RPY-0005216,ORG-200487,PTR-002,2023-08-07,3161.4,88216.11,ach_remittance
RPY-0005217,ORG-200487,PTR-002,2023-08-14,4211.32,92427.43,ach_remittance
RPY-0005218,ORG-200487,PTR-002,2023-08-21,5640.95,98068.38,ach_remittance
RPY-0005219,ORG-200487,PTR-002,2023-08-28,3447.41,101515.79,ach_remittance
RPY-0005220,ORG-200487,PTR-002,2023-09-04,3299.96,104815.75,ach_remittance
RPY-0005221,ORG-200487,PTR-002,2023-09-11,3977.19,108792.94,ach_remittance
RPY-0005222,ORG-200487,PTR-002,2023-09-18,4138.36,112931.3,ach_remittance
RPY-0005223,ORG-200487,PTR-002,2023-09-25,4827.59,117758.89,ach_remittance
RPY-0005224,ORG-200487,PTR-002,2023-10-02,5115.23,122874.12,ach_remittance
RPY-0005225,ORG-200487,PTR-002,2023-10-09,5106.75,127980.87,ach_remittance
RPY-0005226,ORG-200487,PTR-002,2023-10-16,3748.0,131728.87,ach_remittance
RPY-0005227,ORG-200487,PTR-002,2023-10-23,9489.93,141218.8,ach_remittance
RPY-0005228,ORG-200488,PTR-006,2022-05-07,2641.92,2641.92,ach_remittance
RPY-0005229,ORG-200488,PTR-006,2022-05-14,2542.07,5183.99,ach_remittance
RPY-0005230,ORG-200488,PTR-006,2022-05-21,1203.07,6387.06,ach_remittance
RPY-0005231,ORG-200488,PTR-006,2022-05-28,1854.19,8241.25,ach_remittance
RPY-0005232,ORG-200488,PTR-006,2022-06-04,2238.39,10479.64,ach_remittance
RPY-0005233,ORG-200488,PTR-006,2022-06-11,2038.21,12517.85,ach_remittance
RPY-0005234,ORG-200488,PTR-006,2022-06-18,1976.48,14494.33,ach_remittance
RPY-0005235,ORG-200488,PTR-006,2022-06-25,648.34,15142.67,ach_remittance
RPY-0005236,ORG-200489,PTR-002,2025-03-25,1052.95,1052.95,ach_remittance
RPY-0005237,ORG-200489,PTR-002,2025-04-01,763.94,1816.89,ach_remittance
RPY-0005238,ORG-200489,PTR-002,2025-04-08,926.29,2743.18,ach_remittance
RPY-0005239,ORG-200489,PTR-002,2025-04-15,1328.31,4071.49,ach_remittance
RPY-0005240,ORG-200489,PTR-002,2025-04-22,1068.44,5139.93,ach_remittance
RPY-0005241,ORG-200490,PTR-005,2024-05-24,1846.45,1846.45,ach_remittance
RPY-0005242,ORG-200490,PTR-005,2024-05-31,1205.87,3052.32,ach_remittance
RPY-0005243,ORG-200490,PTR-005,2024-06-07,2635.57,5687.89,ach_remittance
RPY-0005244,ORG-200490,PTR-005,2024-06-14,2653.78,8341.67,ach_remittance
RPY-0005245,ORG-200490,PTR-005,2024-06-21,1944.45,10286.12,ach_remittance
RPY-0005246,ORG-200490,PTR-005,2024-06-28,1818.68,12104.8,ach_remittance
RPY-0005247,ORG-200490,PTR-005,2024-07-05,2371.3,14476.1,ach_remittance
RPY-0005248,ORG-200490,PTR-005,2024-07-12,1000.01,15476.11,ach_remittance
RPY-0005249,ORG-200491,PTR-004,2022-04-27,3592.27,3592.27,ach_remittance
RPY-0005250,ORG-200491,PTR-004,2022-05-04,2653.84,6246.11,ach_remittance
RPY-0005251,ORG-200491,PTR-004,2022-05-11,2845.23,9091.34,ach_remittance
RPY-0005252,ORG-200491,PTR-004,2022-05-18,3673.04,12764.38,ach_remittance
RPY-0005253,ORG-200491,PTR-004,2022-05-25,3753.83,16518.21,ach_remittance
RPY-0005254,ORG-200491,PTR-004,2022-06-01,3241.2,19759.41,ach_remittance
RPY-0005255,ORG-200491,PTR-004,2022-06-08,3257.67,23017.08,manual_payment
RPY-0005256,ORG-200491,PTR-004,2022-06-15,2376.77,25393.85,manual_payment
RPY-0005257,ORG-200491,PTR-004,2022-06-22,3150.48,28544.33,ach_remittance
RPY-0005258,ORG-200491,PTR-004,2022-06-29,2574.03,31118.36,ach_remittance
RPY-0005259,ORG-200491,PTR-004,2022-07-06,4894.99,36013.35,ach_remittance
RPY-0005260,ORG-200491,PTR-004,2022-07-13,9826.02,45839.37,ach_remittance
RPY-0005261,ORG-200492,PTR-005,2024-10-16,1940.81,1940.81,ach_remittance
RPY-0005262,ORG-200492,PTR-005,2024-10-23,1607.39,3548.2,ach_remittance
RPY-0005263,ORG-200492,PTR-005,2024-10-30,1426.49,4974.69,ach_remittance
RPY-0005264,ORG-200492,PTR-005,2024-11-06,912.24,5886.93,ach_remittance
RPY-0005265,ORG-200492,PTR-005,2024-11-13,1428.91,7315.84,ach_remittance
RPY-0005266,ORG-200492,PTR-005,2024-11-20,1384.03,8699.87,ach_remittance
RPY-0005267,ORG-200492,PTR-005,2024-11-27,1092.02,9791.89,ach_remittance
RPY-0005268,ORG-200492,PTR-005,2024-12-04,2154.34,11946.23,manual_payment
RPY-0005269,ORG-200493,PTR-006,2026-03-29,739.38,739.38,ach_remittance
RPY-0005270,ORG-200493,PTR-006,2026-04-05,617.39,1356.77,ach_remittance
RPY-0005271,ORG-200493,PTR-006,2026-04-12,1140.96,2497.73,ach_remittance
RPY-0005272,ORG-200493,PTR-006,2026-04-19,589.91,3087.64,ach_remittance
RPY-0005273,ORG-200493,PTR-006,2026-04-26,970.77,4058.41,ach_remittance
RPY-0005274,ORG-200493,PTR-006,2026-05-03,981.18,5039.59,ach_remittance
RPY-0005275,ORG-200494,PTR-003,2023-02-15,344.86,344.86,ach_remittance
RPY-0005276,ORG-200494,PTR-003,2023-02-22,652.82,997.68,ach_remittance
RPY-0005277,ORG-200494,PTR-003,2023-03-01,401.26,1398.94,ach_remittance
RPY-0005278,ORG-200494,PTR-003,2023-03-08,587.22,1986.16,ach_remittance
RPY-0005279,ORG-200494,PTR-003,2023-03-15,481.0,2467.16,ach_remittance
RPY-0005280,ORG-200494,PTR-003,2023-03-22,574.85,3042.01,ach_remittance
RPY-0005281,ORG-200494,PTR-003,2023-03-29,465.31,3507.32,ach_remittance
RPY-0005282,ORG-200494,PTR-003,2023-04-05,444.92,3952.24,ach_remittance
RPY-0005283,ORG-200494,PTR-003,2023-04-12,407.27,4359.51,ach_remittance
RPY-0005284,ORG-200495,PTR-006,2022-02-02,5977.34,5977.34,ach_remittance
RPY-0005285,ORG-200495,PTR-006,2022-02-09,4256.27,10233.61,ach_remittance
RPY-0005286,ORG-200495,PTR-006,2022-02-16,2963.61,13197.22,ach_remittance
RPY-0005287,ORG-200495,PTR-006,2022-02-23,5185.8,18383.02,manual_payment
RPY-0005288,ORG-200495,PTR-006,2022-03-02,5086.75,23469.77,ach_remittance
RPY-0005289,ORG-200495,PTR-006,2022-03-09,3666.76,27136.53,ach_remittance
RPY-0005290,ORG-200495,PTR-006,2022-03-16,4690.55,31827.08,ach_remittance
RPY-0005291,ORG-200495,PTR-006,2022-03-23,5143.83,36970.91,ach_remittance
RPY-0005292,ORG-200495,PTR-006,2022-03-30,5980.99,42951.9,ach_remittance
RPY-0005293,ORG-200495,PTR-006,2022-04-06,2851.73,45803.63,ach_remittance
RPY-0005294,ORG-200495,PTR-006,2022-04-13,6038.83,51842.46,ach_remittance
RPY-0005295,ORG-200495,PTR-006,2022-04-20,5578.72,57421.18,ach_remittance
RPY-0005296,ORG-200495,PTR-006,2022-04-27,3408.02,60829.2,ach_remittance
RPY-0005297,ORG-200496,PTR-004,2024-01-14,3196.96,3196.96,ach_remittance
RPY-0005298,ORG-200496,PTR-004,2024-01-21,2607.07,5804.03,ach_remittance
RPY-0005299,ORG-200496,PTR-004,2024-01-28,1655.35,7459.38,ach_remittance
RPY-0005300,ORG-200496,PTR-004,2024-02-04,1962.67,9422.05,ach_remittance
RPY-0005301,ORG-200496,PTR-004,2024-02-11,2642.35,12064.4,manual_payment
RPY-0005302,ORG-200496,PTR-004,2024-02-18,2913.73,14978.13,ach_remittance
RPY-0005303,ORG-200496,PTR-004,2024-02-25,3145.43,18123.56,ach_remittance
RPY-0005304,ORG-200496,PTR-004,2024-03-03,2163.62,20287.18,ach_remittance
RPY-0005305,ORG-200497,PTR-005,2024-05-28,2469.6,2469.6,ach_remittance
RPY-0005306,ORG-200497,PTR-005,2024-06-04,2450.06,4919.66,ach_remittance
RPY-0005307,ORG-200497,PTR-005,2024-06-11,1708.64,6628.3,ach_remittance
RPY-0005308,ORG-200497,PTR-005,2024-06-18,1992.04,8620.34,ach_remittance
RPY-0005309,ORG-200497,PTR-005,2024-06-25,2568.45,11188.79,ach_remittance
RPY-0005310,ORG-200497,PTR-005,2024-07-02,2572.07,13760.86,ach_remittance
RPY-0005311,ORG-200497,PTR-005,2024-07-09,1624.05,15384.91,ach_remittance
RPY-0005312,ORG-200497,PTR-005,2024-07-16,2524.31,17909.22,ach_remittance
RPY-0005313,ORG-200497,PTR-005,2024-07-23,2809.5,20718.72,ach_remittance
RPY-0005314,ORG-200497,PTR-005,2024-07-30,2772.3,23491.02,ach_remittance
RPY-0005315,ORG-200497,PTR-005,2024-08-06,1496.62,24987.64,ach_remittance
RPY-0005316,ORG-200497,PTR-005,2024-08-13,1543.06,26530.7,ach_remittance
RPY-0005317,ORG-200497,PTR-005,2024-08-20,1579.7,28110.4,ach_remittance
RPY-0005318,ORG-200497,PTR-005,2024-08-27,2057.12,30167.52,ach_remittance
RPY-0005319,ORG-200497,PTR-005,2024-09-03,2495.39,32662.91,ach_remittance
RPY-0005320,ORG-200497,PTR-005,2024-09-10,1395.82,34058.73,ach_remittance
RPY-0005321,ORG-200497,PTR-005,2024-09-17,2102.81,36161.54,manual_payment
RPY-0005322,ORG-200497,PTR-005,2024-09-24,241.5,36403.04,ach_remittance
RPY-0005323,ORG-200498,PTR-002,2022-04-09,2275.62,2275.62,ach_remittance
RPY-0005324,ORG-200498,PTR-002,2022-04-16,1779.31,4054.93,ach_remittance
RPY-0005325,ORG-200498,PTR-002,2022-04-23,2637.67,6692.6,ach_remittance
RPY-0005326,ORG-200498,PTR-002,2022-04-30,2007.65,8700.25,ach_remittance
RPY-0005327,ORG-200498,PTR-002,2022-05-07,2920.92,11621.17,ach_remittance
RPY-0005328,ORG-200498,PTR-002,2022-05-14,3300.68,14921.85,ach_remittance
RPY-0005329,ORG-200498,PTR-002,2022-05-21,3603.85,18525.7,ach_remittance
RPY-0005330,ORG-200498,PTR-002,2022-05-28,2638.35,21164.05,manual_payment
RPY-0005331,ORG-200498,PTR-002,2022-06-04,1935.66,23099.71,ach_remittance
RPY-0005332,ORG-200498,PTR-002,2022-06-11,2606.86,25706.57,ach_remittance
RPY-0005333,ORG-200498,PTR-002,2022-06-18,2412.02,28118.59,ach_remittance
RPY-0005334,ORG-200498,PTR-002,2022-06-25,2287.72,30406.31,ach_remittance
RPY-0005335,ORG-200498,PTR-002,2022-07-02,3897.63,34303.94,ach_remittance
RPY-0005336,ORG-200498,PTR-002,2022-07-09,3230.28,37534.22,manual_payment
RPY-0005337,ORG-200498,PTR-002,2022-07-16,2926.51,40460.73,manual_payment
RPY-0005338,ORG-200498,PTR-002,2022-07-23,2862.09,43322.82,ach_remittance
RPY-0005339,ORG-200498,PTR-002,2022-07-30,3485.52,46808.34,ach_remittance
RPY-0005340,ORG-200498,PTR-002,2022-08-06,3231.12,50039.46,ach_remittance
RPY-0005341,ORG-200498,PTR-002,2022-08-13,2459.78,52499.24,ach_remittance
RPY-0005342,ORG-200498,PTR-002,2022-08-20,3108.48,55607.72,ach_remittance
RPY-0005343,ORG-200498,PTR-002,2022-08-27,3576.15,59183.87,manual_payment
RPY-0005344,ORG-200498,PTR-002,2022-09-03,4671.51,63855.38,ach_remittance
RPY-0005345,ORG-200499,PTR-001,2022-06-09,3868.58,3868.58,ach_remittance
RPY-0005346,ORG-200499,PTR-001,2022-06-16,8003.13,11871.71,ach_remittance
RPY-0005347,ORG-200499,PTR-001,2022-06-23,4950.29,16822.0,manual_payment
RPY-0005348,ORG-200499,PTR-001,2022-06-30,8042.49,24864.49,ach_remittance
RPY-0005349,ORG-200499,PTR-001,2022-07-07,5447.4,30311.89,ach_remittance
RPY-0005350,ORG-200499,PTR-001,2022-07-14,7089.88,37401.77,ach_remittance
RPY-0005351,ORG-200499,PTR-001,2022-07-21,7978.46,45380.23,ach_remittance
RPY-0005352,ORG-200499,PTR-001,2022-07-28,8439.98,53820.21,manual_payment
RPY-0005353,ORG-200499,PTR-001,2022-08-04,5816.98,59637.19,ach_remittance
RPY-0005354,ORG-200499,PTR-001,2022-08-11,5582.77,65219.96,ach_remittance
RPY-0005355,ORG-200499,PTR-001,2022-08-18,8097.51,73317.47,ach_remittance
RPY-0005356,ORG-200499,PTR-001,2022-08-25,6650.85,79968.32,manual_payment
RPY-0005357,ORG-200499,PTR-001,2022-09-01,6634.14,86602.46,ach_remittance
RPY-0005358,ORG-200499,PTR-001,2022-09-08,6374.26,92976.72,ach_remittance
RPY-0005359,ORG-200499,PTR-001,2022-09-15,5684.17,98660.89,ach_remittance
RPY-0005360,ORG-200499,PTR-001,2022-09-22,6336.67,104997.56,ach_remittance
RPY-0005361,ORG-200499,PTR-001,2022-09-29,7170.83,112168.39,ach_remittance
RPY-0005362,ORG-200499,PTR-001,2022-10-06,5614.03,117782.42,ach_remittance
RPY-0005363,ORG-200499,PTR-001,2022-10-13,5875.75,123658.17,manual_payment
RPY-0005364,ORG-200499,PTR-001,2022-10-20,4782.19,128440.36,ach_remittance
RPY-0005365,ORG-200499,PTR-001,2022-10-27,6343.76,134784.12,ach_remittance
RPY-0005366,ORG-200499,PTR-001,2022-11-03,4927.97,139712.09,ach_remittance
RPY-0005367,ORG-200500,PTR-006,2024-02-19,2485.69,2485.69,ach_remittance
RPY-0005368,ORG-200500,PTR-006,2024-02-26,2503.26,4988.95,ach_remittance
RPY-0005369,ORG-200500,PTR-006,2024-03-04,4293.57,9282.52,ach_remittance
RPY-0005370,ORG-200500,PTR-006,2024-03-11,4535.39,13817.91,ach_remittance
RPY-0005371,ORG-200500,PTR-006,2024-03-18,3764.14,17582.05,ach_remittance
RPY-0005372,ORG-200500,PTR-006,2024-03-25,2656.6,20238.65,manual_payment
RPY-0005373,ORG-200500,PTR-006,2024-04-01,4899.82,25138.47,ach_remittance
RPY-0005374,ORG-200500,PTR-006,2024-04-08,3220.63,28359.1,manual_payment
RPY-0005375,ORG-200501,PTR-005,2022-07-11,6562.92,6562.92,ach_remittance
RPY-0005376,ORG-200501,PTR-005,2022-07-18,9617.81,16180.73,manual_payment
RPY-0005377,ORG-200501,PTR-005,2022-07-25,8921.36,25102.09,ach_remittance
RPY-0005378,ORG-200501,PTR-005,2022-08-01,8159.31,33261.4,ach_remittance
RPY-0005379,ORG-200501,PTR-005,2022-08-08,8517.46,41778.86,ach_remittance
RPY-0005380,ORG-200501,PTR-005,2022-08-15,10595.27,52374.13,ach_remittance
RPY-0005381,ORG-200501,PTR-005,2022-08-22,5812.01,58186.14,ach_remittance
RPY-0005382,ORG-200501,PTR-005,2022-08-29,10614.45,68800.59,ach_remittance
RPY-0005383,ORG-200501,PTR-005,2022-09-05,8386.32,77186.91,ach_remittance
RPY-0005384,ORG-200501,PTR-005,2022-09-12,9018.95,86205.86,ach_remittance
RPY-0005385,ORG-200502,PTR-003,2024-11-08,4382.61,4382.61,ach_remittance
RPY-0005386,ORG-200502,PTR-003,2024-11-15,5491.78,9874.39,ach_remittance
RPY-0005387,ORG-200502,PTR-003,2024-11-22,7178.57,17052.96,manual_payment
RPY-0005388,ORG-200502,PTR-003,2024-11-29,7296.6,24349.56,manual_payment
RPY-0005389,ORG-200502,PTR-003,2024-12-06,5649.72,29999.28,ach_remittance
RPY-0005390,ORG-200502,PTR-003,2024-12-13,8103.58,38102.86,ach_remittance
RPY-0005391,ORG-200502,PTR-003,2024-12-20,8360.0,46462.86,ach_remittance
RPY-0005392,ORG-200502,PTR-003,2024-12-27,4725.42,51188.28,ach_remittance
RPY-0005393,ORG-200502,PTR-003,2025-01-03,7853.57,59041.85,ach_remittance
RPY-0005394,ORG-200502,PTR-003,2025-01-10,2405.62,61447.47,ach_remittance
RPY-0005395,ORG-200503,PTR-002,2024-12-01,1654.31,1654.31,ach_remittance
RPY-0005396,ORG-200503,PTR-002,2024-12-08,999.36,2653.67,ach_remittance
RPY-0005397,ORG-200503,PTR-002,2024-12-15,1284.91,3938.58,ach_remittance
RPY-0005398,ORG-200503,PTR-002,2024-12-22,1887.87,5826.45,ach_remittance
RPY-0005399,ORG-200503,PTR-002,2024-12-29,1266.48,7092.93,ach_remittance
RPY-0005400,ORG-200503,PTR-002,2025-01-05,912.16,8005.09,ach_remittance
RPY-0005401,ORG-200503,PTR-002,2025-01-12,1479.96,9485.05,ach_remittance
RPY-0005402,ORG-200503,PTR-002,2025-01-19,1791.2,11276.25,ach_remittance
RPY-0005403,ORG-200504,PTR-001,2023-01-23,1028.31,1028.31,ach_remittance
RPY-0005404,ORG-200504,PTR-001,2023-01-30,2198.84,3227.15,ach_remittance
RPY-0005405,ORG-200504,PTR-001,2023-02-06,1542.67,4769.82,ach_remittance
RPY-0005406,ORG-200504,PTR-001,2023-02-13,1148.22,5918.04,manual_payment
RPY-0005407,ORG-200504,PTR-001,2023-02-20,1570.9,7488.94,ach_remittance
RPY-0005408,ORG-200504,PTR-001,2023-02-27,1740.99,9229.93,ach_remittance
RPY-0005409,ORG-200504,PTR-001,2023-03-06,977.76,10207.69,ach_remittance
RPY-0005410,ORG-200504,PTR-001,2023-03-13,2145.78,12353.47,ach_remittance
RPY-0005411,ORG-200504,PTR-001,2023-03-20,1818.73,14172.2,ach_remittance
RPY-0005412,ORG-200504,PTR-001,2023-03-27,1715.54,15887.74,ach_remittance
RPY-0005413,ORG-200504,PTR-001,2023-04-03,1893.54,17781.28,ach_remittance
RPY-0005414,ORG-200504,PTR-001,2023-04-10,1265.92,19047.2,ach_remittance
RPY-0005415,ORG-200504,PTR-001,2023-04-17,2005.06,21052.26,ach_remittance
RPY-0005416,ORG-200504,PTR-001,2023-04-24,1507.19,22559.45,ach_remittance
RPY-0005417,ORG-200504,PTR-001,2023-05-01,1248.22,23807.67,ach_remittance
RPY-0005418,ORG-200504,PTR-001,2023-05-08,1418.31,25225.98,ach_remittance
RPY-0005419,ORG-200504,PTR-001,2023-05-15,1333.33,26559.31,ach_remittance
RPY-0005420,ORG-200504,PTR-001,2023-05-22,1121.53,27680.84,ach_remittance
RPY-0005421,ORG-200504,PTR-001,2023-05-29,1085.93,28766.77,ach_remittance
RPY-0005422,ORG-200504,PTR-001,2023-06-05,1905.94,30672.71,ach_remittance
RPY-0005423,ORG-200504,PTR-001,2023-06-12,2238.23,32910.94,ach_remittance
RPY-0005424,ORG-200504,PTR-001,2023-06-19,2721.38,35632.32,ach_remittance
RPY-0005425,ORG-200505,PTR-005,2024-04-12,4180.53,4180.53,ach_remittance
RPY-0005426,ORG-200505,PTR-005,2024-04-19,5905.04,10085.57,ach_remittance
RPY-0005427,ORG-200505,PTR-005,2024-04-26,5073.07,15158.64,ach_remittance
RPY-0005428,ORG-200505,PTR-005,2024-05-03,4371.83,19530.47,ach_remittance
RPY-0005429,ORG-200505,PTR-005,2024-05-10,3403.93,22934.4,ach_remittance
RPY-0005430,ORG-200505,PTR-005,2024-05-17,3093.12,26027.52,ach_remittance
RPY-0005431,ORG-200505,PTR-005,2024-05-24,3965.58,29993.1,ach_remittance
RPY-0005432,ORG-200505,PTR-005,2024-05-31,4322.17,34315.27,ach_remittance
RPY-0005433,ORG-200506,PTR-001,2023-01-05,3194.22,3194.22,ach_remittance
RPY-0005434,ORG-200506,PTR-001,2023-01-12,2638.93,5833.15,ach_remittance
RPY-0005435,ORG-200506,PTR-001,2023-01-19,2209.38,8042.53,ach_remittance
RPY-0005436,ORG-200506,PTR-001,2023-01-26,1524.22,9566.75,ach_remittance
RPY-0005437,ORG-200506,PTR-001,2023-02-02,2285.12,11851.87,ach_remittance
RPY-0005438,ORG-200506,PTR-001,2023-02-09,1962.44,13814.31,manual_payment
RPY-0005439,ORG-200506,PTR-001,2023-02-16,2121.86,15936.17,ach_remittance
RPY-0005440,ORG-200506,PTR-001,2023-02-23,2107.21,18043.38,ach_remittance
RPY-0005441,ORG-200506,PTR-001,2023-03-02,2192.51,20235.89,ach_remittance
RPY-0005442,ORG-200506,PTR-001,2023-03-09,1782.91,22018.8,ach_remittance
RPY-0005443,ORG-200506,PTR-001,2023-03-16,2569.06,24587.86,ach_remittance
RPY-0005444,ORG-200506,PTR-001,2023-03-23,2070.64,26658.5,ach_remittance
RPY-0005445,ORG-200506,PTR-001,2023-03-30,4401.85,31060.35,ach_remittance
RPY-0005446,ORG-200507,PTR-004,2024-03-12,2818.56,2818.56,ach_remittance
RPY-0005447,ORG-200507,PTR-004,2024-03-19,3829.43,6647.99,ach_remittance
RPY-0005448,ORG-200507,PTR-004,2024-03-26,5247.86,11895.85,manual_payment
RPY-0005449,ORG-200507,PTR-004,2024-04-02,5323.8,17219.65,ach_remittance
RPY-0005450,ORG-200507,PTR-004,2024-04-09,2835.77,20055.42,ach_remittance
RPY-0005451,ORG-200507,PTR-004,2024-04-16,4108.02,24163.44,ach_remittance
RPY-0005452,ORG-200507,PTR-004,2024-04-23,5744.79,29908.23,ach_remittance
RPY-0005453,ORG-200507,PTR-004,2024-04-30,5308.9,35217.13,manual_payment
RPY-0005454,ORG-200507,PTR-004,2024-05-07,3397.7,38614.83,manual_payment
RPY-0005455,ORG-200507,PTR-004,2024-05-14,3051.63,41666.46,ach_remittance
RPY-0005456,ORG-200507,PTR-004,2024-05-21,4352.78,46019.24,ach_remittance
RPY-0005457,ORG-200507,PTR-004,2024-05-28,5657.99,51677.23,ach_remittance
RPY-0005458,ORG-200507,PTR-004,2024-06-04,5943.97,57621.2,manual_payment
RPY-0005459,ORG-200507,PTR-004,2024-06-11,3327.27,60948.47,ach_remittance
RPY-0005460,ORG-200507,PTR-004,2024-06-18,5726.04,66674.51,ach_remittance
RPY-0005461,ORG-200507,PTR-004,2024-06-25,3037.87,69712.38,ach_remittance
RPY-0005462,ORG-200507,PTR-004,2024-07-02,3535.03,73247.41,ach_remittance
RPY-0005463,ORG-200507,PTR-004,2024-07-09,3419.57,76666.98,ach_remittance
RPY-0005464,ORG-200507,PTR-004,2024-07-16,6290.99,82957.97,ach_remittance
RPY-0005465,ORG-200507,PTR-004,2024-07-23,5264.05,88222.02,ach_remittance
RPY-0005466,ORG-200507,PTR-004,2024-07-30,5071.0,93293.02,ach_remittance
RPY-0005467,ORG-200507,PTR-004,2024-08-06,7488.11,100781.13,manual_payment
RPY-0005468,ORG-200508,PTR-003,2025-04-30,1980.48,1980.48,ach_remittance
RPY-0005469,ORG-200508,PTR-003,2025-05-07,1880.2,3860.68,manual_payment
RPY-0005470,ORG-200508,PTR-003,2025-05-14,2062.76,5923.44,ach_remittance
RPY-0005471,ORG-200508,PTR-003,2025-05-21,1699.6,7623.04,ach_remittance
RPY-0005472,ORG-200508,PTR-003,2025-05-28,1254.95,8877.99,ach_remittance
RPY-0005473,ORG-200508,PTR-003,2025-06-04,1134.94,10012.93,ach_remittance
RPY-0005474,ORG-200508,PTR-003,2025-06-11,404.65,10417.58,ach_remittance
RPY-0005475,ORG-200509,PTR-003,2023-04-06,1772.43,1772.43,ach_remittance
RPY-0005476,ORG-200509,PTR-003,2023-04-13,2219.6,3992.03,ach_remittance
RPY-0005477,ORG-200509,PTR-003,2023-04-20,1960.13,5952.16,ach_remittance
RPY-0005478,ORG-200509,PTR-003,2023-04-27,1458.84,7411.0,ach_remittance
RPY-0005479,ORG-200509,PTR-003,2023-05-04,1163.78,8574.78,ach_remittance
RPY-0005480,ORG-200509,PTR-003,2023-05-11,1065.33,9640.11,manual_payment
RPY-0005481,ORG-200509,PTR-003,2023-05-18,2224.68,11864.79,ach_remittance
RPY-0005482,ORG-200509,PTR-003,2023-05-25,1116.51,12981.3,ach_remittance
RPY-0005483,ORG-200510,PTR-006,2026-05-20,3687.84,3687.84,ach_remittance
RPY-0005484,ORG-200510,PTR-006,2026-05-27,4291.7,7979.54,ach_remittance
RPY-0005485,ORG-200510,PTR-006,2026-06-03,5120.5,13100.04,ach_remittance
RPY-0005486,ORG-200510,PTR-006,2026-06-10,3961.79,17061.83,ach_remittance
RPY-0005487,ORG-200510,PTR-006,2026-06-17,1692.74,18754.57,ach_remittance
RPY-0005488,ORG-200511,PTR-003,2022-01-30,142.8,142.8,ach_remittance
RPY-0005489,ORG-200511,PTR-003,2022-02-06,208.46,351.26,ach_remittance
RPY-0005490,ORG-200511,PTR-003,2022-02-13,108.19,459.45,ach_remittance
RPY-0005491,ORG-200511,PTR-003,2022-02-20,118.06,577.51,manual_payment
RPY-0005492,ORG-200511,PTR-003,2022-02-27,118.43,695.94,ach_remittance
RPY-0005493,ORG-200511,PTR-003,2022-03-06,183.63,879.57,ach_remittance
RPY-0005494,ORG-200511,PTR-003,2022-03-13,194.61,1074.18,ach_remittance
RPY-0005495,ORG-200511,PTR-003,2022-03-20,203.05,1277.23,manual_payment
RPY-0005496,ORG-200511,PTR-003,2022-03-27,188.03,1465.26,manual_payment
RPY-0005497,ORG-200511,PTR-003,2022-04-03,99.86,1565.12,ach_remittance
RPY-0005498,ORG-200511,PTR-003,2022-04-10,173.28,1738.4,ach_remittance
RPY-0005499,ORG-200512,PTR-006,2022-07-08,3274.08,3274.08,ach_remittance
RPY-0005500,ORG-200512,PTR-006,2022-07-15,1603.56,4877.64,ach_remittance
RPY-0005501,ORG-200512,PTR-006,2022-07-22,2298.87,7176.51,ach_remittance
RPY-0005502,ORG-200512,PTR-006,2022-07-29,3523.18,10699.69,ach_remittance
RPY-0005503,ORG-200512,PTR-006,2022-08-05,3447.64,14147.33,ach_remittance
RPY-0005504,ORG-200512,PTR-006,2022-08-12,1750.61,15897.94,ach_remittance
RPY-0005505,ORG-200513,PTR-005,2024-05-15,7689.81,7689.81,ach_remittance
RPY-0005506,ORG-200513,PTR-005,2024-05-22,4430.31,12120.12,ach_remittance
RPY-0005507,ORG-200513,PTR-005,2024-05-29,6314.8,18434.92,manual_payment
RPY-0005508,ORG-200513,PTR-005,2024-06-05,6023.0,24457.92,ach_remittance
RPY-0005509,ORG-200513,PTR-005,2024-06-12,3849.85,28307.77,ach_remittance
RPY-0005510,ORG-200513,PTR-005,2024-06-19,3732.73,32040.5,ach_remittance
RPY-0005511,ORG-200513,PTR-005,2024-06-26,11444.37,43484.87,manual_payment
RPY-0005512,ORG-200514,PTR-003,2025-09-21,6123.6,6123.6,ach_remittance
RPY-0005513,ORG-200514,PTR-003,2025-09-28,4692.15,10815.75,ach_remittance
RPY-0005514,ORG-200514,PTR-003,2025-10-05,5431.74,16247.49,ach_remittance
RPY-0005515,ORG-200514,PTR-003,2025-10-12,4851.81,21099.3,ach_remittance
RPY-0005516,ORG-200514,PTR-003,2025-10-19,5616.19,26715.49,ach_remittance
RPY-0005517,ORG-200514,PTR-003,2025-10-26,3545.84,30261.33,ach_remittance
RPY-0005518,ORG-200514,PTR-003,2025-11-02,4795.36,35056.69,manual_payment
RPY-0005519,ORG-200514,PTR-003,2025-11-09,4936.62,39993.31,ach_remittance
RPY-0005520,ORG-200514,PTR-003,2025-11-16,5530.71,45524.02,ach_remittance
RPY-0005521,ORG-200514,PTR-003,2025-11-23,576.75,46100.77,ach_remittance
RPY-0005522,ORG-200515,PTR-006,2023-03-26,3655.45,3655.45,ach_remittance
RPY-0005523,ORG-200515,PTR-006,2023-04-02,4462.49,8117.94,ach_remittance
RPY-0005524,ORG-200515,PTR-006,2023-04-09,2481.65,10599.59,ach_remittance
RPY-0005525,ORG-200515,PTR-006,2023-04-16,2910.3,13509.89,ach_remittance
RPY-0005526,ORG-200515,PTR-006,2023-04-23,4348.46,17858.35,ach_remittance
RPY-0005527,ORG-200515,PTR-006,2023-04-30,4696.06,22554.41,ach_remittance
RPY-0005528,ORG-200515,PTR-006,2023-05-07,3961.43,26515.84,ach_remittance
RPY-0005529,ORG-200515,PTR-006,2023-05-14,2021.15,28536.99,ach_remittance
RPY-0005530,ORG-200515,PTR-006,2023-05-21,2592.97,31129.96,ach_remittance
RPY-0005531,ORG-200515,PTR-006,2023-05-28,2360.8,33490.76,ach_remittance
RPY-0005532,ORG-200515,PTR-006,2023-06-04,4652.89,38143.65,ach_remittance
RPY-0005533,ORG-200515,PTR-006,2023-06-11,4561.77,42705.42,manual_payment
RPY-0005534,ORG-200515,PTR-006,2023-06-18,2256.46,44961.88,ach_remittance
RPY-0005535,ORG-200515,PTR-006,2023-06-25,2121.73,47083.61,ach_remittance
RPY-0005536,ORG-200516,PTR-006,2023-02-13,10243.95,10243.95,ach_remittance
RPY-0005537,ORG-200516,PTR-006,2023-02-20,6050.87,16294.82,ach_remittance
RPY-0005538,ORG-200516,PTR-006,2023-02-27,11919.11,28213.93,ach_remittance
RPY-0005539,ORG-200516,PTR-006,2023-03-06,10096.91,38310.84,ach_remittance
RPY-0005540,ORG-200516,PTR-006,2023-03-13,11048.28,49359.12,ach_remittance
RPY-0005541,ORG-200516,PTR-006,2023-03-20,8197.44,57556.56,ach_remittance
RPY-0005542,ORG-200516,PTR-006,2023-03-27,11586.03,69142.59,ach_remittance
RPY-0005543,ORG-200516,PTR-006,2023-04-03,5883.01,75025.6,ach_remittance
RPY-0005544,ORG-200516,PTR-006,2023-04-10,2542.48,77568.08,ach_remittance
RPY-0005545,ORG-200517,PTR-002,2025-05-10,2289.79,2289.79,ach_remittance
RPY-0005546,ORG-200517,PTR-002,2025-05-17,3136.28,5426.07,manual_payment
RPY-0005547,ORG-200517,PTR-002,2025-05-24,2442.23,7868.3,ach_remittance
RPY-0005548,ORG-200517,PTR-002,2025-05-31,1557.69,9425.99,manual_payment
RPY-0005549,ORG-200517,PTR-002,2025-06-07,1730.07,11156.06,ach_remittance
RPY-0005550,ORG-200517,PTR-002,2025-06-14,2211.61,13367.67,ach_remittance
RPY-0005551,ORG-200517,PTR-002,2025-06-21,2724.01,16091.68,ach_remittance
RPY-0005552,ORG-200517,PTR-002,2025-06-28,2314.0,18405.68,ach_remittance
RPY-0005553,ORG-200517,PTR-002,2025-07-05,2576.65,20982.33,ach_remittance
RPY-0005554,ORG-200517,PTR-002,2025-07-12,2732.93,23715.26,ach_remittance
RPY-0005555,ORG-200518,PTR-006,2023-02-27,281.69,281.69,manual_payment
RPY-0005556,ORG-200518,PTR-006,2023-03-06,426.17,707.86,ach_remittance
RPY-0005557,ORG-200518,PTR-006,2023-03-13,633.74,1341.6,ach_remittance
RPY-0005558,ORG-200518,PTR-006,2023-03-20,634.07,1975.67,ach_remittance
RPY-0005559,ORG-200518,PTR-006,2023-03-27,628.29,2603.96,ach_remittance
RPY-0005560,ORG-200518,PTR-006,2023-04-03,291.49,2895.45,ach_remittance
RPY-0005561,ORG-200518,PTR-006,2023-04-10,421.8,3317.25,ach_remittance
RPY-0005562,ORG-200518,PTR-006,2023-04-17,369.8,3687.05,ach_remittance
RPY-0005563,ORG-200519,PTR-004,2023-02-14,505.0,505.0,ach_remittance
RPY-0005564,ORG-200519,PTR-004,2023-02-21,627.81,1132.81,manual_payment
RPY-0005565,ORG-200519,PTR-004,2023-02-28,751.78,1884.59,ach_remittance
RPY-0005566,ORG-200519,PTR-004,2023-03-07,647.61,2532.2,ach_remittance
RPY-0005567,ORG-200519,PTR-004,2023-03-14,494.44,3026.64,ach_remittance
RPY-0005568,ORG-200519,PTR-004,2023-03-21,1008.74,4035.38,ach_remittance
RPY-0005569,ORG-200520,PTR-001,2023-10-26,6019.75,6019.75,ach_remittance
RPY-0005570,ORG-200520,PTR-001,2023-11-02,5838.86,11858.61,ach_remittance
RPY-0005571,ORG-200520,PTR-001,2023-11-09,5407.42,17266.03,ach_remittance
RPY-0005572,ORG-200520,PTR-001,2023-11-16,7313.48,24579.51,ach_remittance
RPY-0005573,ORG-200520,PTR-001,2023-11-23,5760.8,30340.31,ach_remittance
RPY-0005574,ORG-200520,PTR-001,2023-11-30,7077.51,37417.82,ach_remittance
RPY-0005575,ORG-200520,PTR-001,2023-12-07,4170.35,41588.17,ach_remittance
RPY-0005576,ORG-200520,PTR-001,2023-12-14,6615.68,48203.85,manual_payment
RPY-0005577,ORG-200520,PTR-001,2023-12-21,5689.56,53893.41,ach_remittance
RPY-0005578,ORG-200520,PTR-001,2023-12-28,4269.61,58163.02,ach_remittance
RPY-0005579,ORG-200520,PTR-001,2024-01-04,4586.21,62749.23,ach_remittance
RPY-0005580,ORG-200520,PTR-001,2024-01-11,3723.35,66472.58,ach_remittance
RPY-0005581,ORG-200520,PTR-001,2024-01-18,7326.09,73798.67,ach_remittance
RPY-0005582,ORG-200520,PTR-001,2024-01-25,7262.01,81060.68,ach_remittance
RPY-0005583,ORG-200520,PTR-001,2024-02-01,4699.09,85759.77,manual_payment
RPY-0005584,ORG-200520,PTR-001,2024-02-08,5398.27,91158.04,ach_remittance
RPY-0005585,ORG-200520,PTR-001,2024-02-15,4257.28,95415.32,ach_remittance
RPY-0005586,ORG-200520,PTR-001,2024-02-22,6592.83,102008.15,ach_remittance
RPY-0005587,ORG-200520,PTR-001,2024-02-29,3292.74,105300.89,manual_payment
RPY-0005588,ORG-200521,PTR-003,2024-10-26,692.13,692.13,ach_remittance
RPY-0005589,ORG-200521,PTR-003,2024-11-02,801.2,1493.33,ach_remittance
RPY-0005590,ORG-200521,PTR-003,2024-11-09,788.05,2281.38,ach_remittance
RPY-0005591,ORG-200521,PTR-003,2024-11-16,717.45,2998.83,ach_remittance
RPY-0005592,ORG-200521,PTR-003,2024-11-23,574.95,3573.78,ach_remittance
RPY-0005593,ORG-200521,PTR-003,2024-11-30,580.24,4154.02,ach_remittance
RPY-0005594,ORG-200521,PTR-003,2024-12-07,832.14,4986.16,ach_remittance
RPY-0005595,ORG-200521,PTR-003,2024-12-14,838.41,5824.57,ach_remittance
RPY-0005596,ORG-200522,PTR-005,2025-03-25,3933.13,3933.13,ach_remittance
RPY-0005597,ORG-200522,PTR-005,2025-04-01,3616.14,7549.27,ach_remittance
RPY-0005598,ORG-200522,PTR-005,2025-04-08,2688.62,10237.89,ach_remittance
RPY-0005599,ORG-200522,PTR-005,2025-04-15,2565.69,12803.58,ach_remittance
RPY-0005600,ORG-200522,PTR-005,2025-04-22,3222.83,16026.41,ach_remittance
RPY-0005601,ORG-200522,PTR-005,2025-04-29,3024.13,19050.54,ach_remittance
RPY-0005602,ORG-200522,PTR-005,2025-05-06,6100.55,25151.09,ach_remittance
RPY-0005603,ORG-200523,PTR-002,2025-10-06,6299.55,6299.55,ach_remittance
RPY-0005604,ORG-200523,PTR-002,2025-10-13,7781.66,14081.21,ach_remittance
RPY-0005605,ORG-200523,PTR-002,2025-10-20,7400.51,21481.72,ach_remittance
RPY-0005606,ORG-200523,PTR-002,2025-10-27,5039.25,26520.97,ach_remittance
RPY-0005607,ORG-200523,PTR-002,2025-11-03,6936.69,33457.66,manual_payment
RPY-0005608,ORG-200523,PTR-002,2025-11-10,6219.48,39677.14,ach_remittance
RPY-0005609,ORG-200523,PTR-002,2025-11-17,7181.99,46859.13,ach_remittance
RPY-0005610,ORG-200523,PTR-002,2025-11-24,380.86,47239.99,ach_remittance
RPY-0005611,ORG-200524,PTR-006,2025-02-05,3625.62,3625.62,ach_remittance
RPY-0005612,ORG-200524,PTR-006,2025-02-12,2660.62,6286.24,ach_remittance
RPY-0005613,ORG-200524,PTR-006,2025-02-19,3905.69,10191.93,ach_remittance
RPY-0005614,ORG-200524,PTR-006,2025-02-26,2569.37,12761.3,ach_remittance
RPY-0005615,ORG-200524,PTR-006,2025-03-05,3482.77,16244.07,ach_remittance
RPY-0005616,ORG-200524,PTR-006,2025-03-12,2821.36,19065.43,ach_remittance
RPY-0005617,ORG-200524,PTR-006,2025-03-19,4550.24,23615.67,ach_remittance
RPY-0005618,ORG-200524,PTR-006,2025-03-26,2392.41,26008.08,ach_remittance
RPY-0005619,ORG-200524,PTR-006,2025-04-02,4757.13,30765.21,ach_remittance
RPY-0005620,ORG-200524,PTR-006,2025-04-09,4670.82,35436.03,ach_remittance
RPY-0005621,ORG-200524,PTR-006,2025-04-16,3998.78,39434.81,ach_remittance
RPY-0005622,ORG-200524,PTR-006,2025-04-23,3027.69,42462.5,ach_remittance
RPY-0005623,ORG-200524,PTR-006,2025-04-30,2615.66,45078.16,ach_remittance
RPY-0005624,ORG-200525,PTR-004,2025-08-22,884.54,884.54,ach_remittance
RPY-0005625,ORG-200525,PTR-004,2025-08-29,578.77,1463.31,ach_remittance
RPY-0005626,ORG-200525,PTR-004,2025-09-05,825.35,2288.66,manual_payment
RPY-0005627,ORG-200525,PTR-004,2025-09-12,1081.26,3369.92,ach_remittance
RPY-0005628,ORG-200525,PTR-004,2025-09-19,813.9,4183.82,ach_remittance
RPY-0005629,ORG-200525,PTR-004,2025-09-26,504.29,4688.11,ach_remittance
RPY-0005630,ORG-200525,PTR-004,2025-10-03,791.26,5479.37,ach_remittance
RPY-0005631,ORG-200525,PTR-004,2025-10-10,933.58,6412.95,ach_remittance
RPY-0005632,ORG-200526,PTR-001,2022-09-17,3947.09,3947.09,ach_remittance
RPY-0005633,ORG-200527,PTR-006,2026-05-15,1537.38,1537.38,ach_remittance
RPY-0005634,ORG-200527,PTR-006,2026-05-22,2623.59,4160.97,ach_remittance
RPY-0005635,ORG-200527,PTR-006,2026-05-29,2443.54,6604.51,ach_remittance
RPY-0005636,ORG-200527,PTR-006,2026-06-05,1737.34,8341.85,ach_remittance
RPY-0005637,ORG-200527,PTR-006,2026-06-12,2702.28,11044.13,ach_remittance
RPY-0005638,ORG-200527,PTR-006,2026-06-19,3186.05,14230.18,ach_remittance
RPY-0005639,ORG-200527,PTR-006,2026-06-26,3284.49,17514.67,ach_remittance
RPY-0005640,ORG-200527,PTR-006,2026-07-03,1782.77,19297.44,ach_remittance
RPY-0005641,ORG-200527,PTR-006,2026-07-10,3096.74,22394.18,ach_remittance
RPY-0005642,ORG-200527,PTR-006,2026-07-17,2345.23,24739.41,ach_remittance
RPY-0005643,ORG-200528,PTR-005,2024-11-11,2093.0,2093.0,ach_remittance
RPY-0005644,ORG-200528,PTR-005,2024-11-18,2374.23,4467.23,ach_remittance
RPY-0005645,ORG-200528,PTR-005,2024-11-25,2301.65,6768.88,ach_remittance
RPY-0005646,ORG-200528,PTR-005,2024-12-02,2276.81,9045.69,ach_remittance
RPY-0005647,ORG-200528,PTR-005,2024-12-09,2763.35,11809.04,ach_remittance
RPY-0005648,ORG-200528,PTR-005,2024-12-16,2882.45,14691.49,ach_remittance
RPY-0005649,ORG-200528,PTR-005,2024-12-23,1273.84,15965.33,manual_payment
RPY-0005650,ORG-200529,PTR-001,2025-12-24,2173.34,2173.34,ach_remittance
RPY-0005651,ORG-200529,PTR-001,2025-12-31,1818.11,3991.45,ach_remittance
RPY-0005652,ORG-200529,PTR-001,2026-01-07,1553.23,5544.68,ach_remittance
RPY-0005653,ORG-200529,PTR-001,2026-01-14,2346.95,7891.63,ach_remittance
RPY-0005654,ORG-200529,PTR-001,2026-01-21,1648.64,9540.27,ach_remittance
RPY-0005655,ORG-200529,PTR-001,2026-01-28,1352.02,10892.29,ach_remittance
RPY-0005656,ORG-200529,PTR-001,2026-02-04,2639.31,13531.6,ach_remittance
RPY-0005657,ORG-200529,PTR-001,2026-02-11,2211.14,15742.74,ach_remittance
RPY-0005658,ORG-200529,PTR-001,2026-02-18,2612.33,18355.07,ach_remittance
RPY-0005659,ORG-200529,PTR-001,2026-02-25,1931.08,20286.15,ach_remittance
RPY-0005660,ORG-200529,PTR-001,2026-03-04,814.64,21100.79,ach_remittance
RPY-0005661,ORG-200530,PTR-003,2023-01-08,3180.05,3180.05,ach_remittance
RPY-0005662,ORG-200530,PTR-003,2023-01-15,6669.46,9849.51,ach_remittance
RPY-0005663,ORG-200531,PTR-003,2022-05-01,2387.83,2387.83,ach_remittance
RPY-0005664,ORG-200531,PTR-003,2022-05-08,1896.6,4284.43,ach_remittance
RPY-0005665,ORG-200531,PTR-003,2022-05-15,2048.4,6332.83,ach_remittance
RPY-0005666,ORG-200531,PTR-003,2022-05-22,3268.53,9601.36,ach_remittance
RPY-0005667,ORG-200531,PTR-003,2022-05-29,2698.24,12299.6,ach_remittance
RPY-0005668,ORG-200531,PTR-003,2022-06-05,1468.25,13767.85,ach_remittance
RPY-0005669,ORG-200531,PTR-003,2022-06-12,1864.75,15632.6,ach_remittance
RPY-0005670,ORG-200531,PTR-003,2022-06-19,2213.84,17846.44,manual_payment
RPY-0005671,ORG-200531,PTR-003,2022-06-26,2950.8,20797.24,ach_remittance
RPY-0005672,ORG-200531,PTR-003,2022-07-03,1882.99,22680.23,ach_remittance
RPY-0005673,ORG-200531,PTR-003,2022-07-10,2352.74,25032.97,ach_remittance
RPY-0005674,ORG-200531,PTR-003,2022-07-17,1563.83,26596.8,ach_remittance
RPY-0005675,ORG-200531,PTR-003,2022-07-24,2962.74,29559.54,manual_payment
RPY-0005676,ORG-200531,PTR-003,2022-07-31,2054.48,31614.02,ach_remittance
RPY-0005677,ORG-200531,PTR-003,2022-08-07,2979.14,34593.16,ach_remittance
RPY-0005678,ORG-200531,PTR-003,2022-08-14,2710.71,37303.87,ach_remittance
RPY-0005679,ORG-200531,PTR-003,2022-08-21,2265.43,39569.3,ach_remittance
RPY-0005680,ORG-200531,PTR-003,2022-08-28,1580.68,41149.98,ach_remittance
RPY-0005681,ORG-200531,PTR-003,2022-09-04,3208.03,44358.01,ach_remittance
RPY-0005682,ORG-200531,PTR-003,2022-09-11,2265.71,46623.72,manual_payment
RPY-0005683,ORG-200531,PTR-003,2022-09-18,3236.93,49860.65,manual_payment
RPY-0005684,ORG-200531,PTR-003,2022-09-25,2828.41,52689.06,ach_remittance
RPY-0005685,ORG-200531,PTR-003,2022-10-02,1848.92,54537.98,ach_remittance
RPY-0005686,ORG-200531,PTR-003,2022-10-09,2494.26,57032.24,ach_remittance
RPY-0005687,ORG-200531,PTR-003,2022-10-16,1797.66,58829.9,ach_remittance
RPY-0005688,ORG-200531,PTR-003,2022-10-23,3664.9,62494.8,manual_payment
RPY-0005689,ORG-200532,PTR-002,2022-07-10,930.81,930.81,ach_remittance
RPY-0005690,ORG-200532,PTR-002,2022-07-17,1434.14,2364.95,ach_remittance
RPY-0005691,ORG-200532,PTR-002,2022-07-24,1340.11,3705.06,ach_remittance
RPY-0005692,ORG-200532,PTR-002,2022-07-31,1287.52,4992.58,ach_remittance
RPY-0005693,ORG-200532,PTR-002,2022-08-07,769.01,5761.59,ach_remittance
RPY-0005694,ORG-200532,PTR-002,2022-08-14,1197.58,6959.17,manual_payment
RPY-0005695,ORG-200532,PTR-002,2022-08-21,1150.44,8109.61,ach_remittance
RPY-0005696,ORG-200532,PTR-002,2022-08-28,959.7,9069.31,ach_remittance
RPY-0005697,ORG-200532,PTR-002,2022-09-04,1696.85,10766.16,ach_remittance
RPY-0005698,ORG-200532,PTR-002,2022-09-11,1458.37,12224.53,ach_remittance
RPY-0005699,ORG-200533,PTR-004,2023-03-09,9517.09,9517.09,ach_remittance
RPY-0005700,ORG-200533,PTR-004,2023-03-16,6106.5,15623.59,ach_remittance
RPY-0005701,ORG-200533,PTR-004,2023-03-23,4854.52,20478.11,ach_remittance
RPY-0005702,ORG-200533,PTR-004,2023-03-30,6222.13,26700.24,ach_remittance
RPY-0005703,ORG-200533,PTR-004,2023-04-06,9826.83,36527.07,ach_remittance
RPY-0005704,ORG-200533,PTR-004,2023-04-13,8856.87,45383.94,ach_remittance
RPY-0005705,ORG-200533,PTR-004,2023-04-20,5373.57,50757.51,ach_remittance
RPY-0005706,ORG-200533,PTR-004,2023-04-27,4589.13,55346.64,ach_remittance
RPY-0005707,ORG-200533,PTR-004,2023-05-04,4725.09,60071.73,ach_remittance
RPY-0005708,ORG-200533,PTR-004,2023-05-11,12022.7,72094.43,ach_remittance
RPY-0005709,ORG-200534,PTR-004,2025-03-02,10794.26,10794.26,ach_remittance
RPY-0005710,ORG-200534,PTR-004,2025-03-09,10391.22,21185.48,ach_remittance
RPY-0005711,ORG-200534,PTR-004,2025-03-16,9986.17,31171.65,ach_remittance
RPY-0005712,ORG-200534,PTR-004,2025-03-23,8833.04,40004.69,ach_remittance
RPY-0005713,ORG-200534,PTR-004,2025-03-30,9752.43,49757.12,ach_remittance
RPY-0005714,ORG-200534,PTR-004,2025-04-06,13676.92,63434.04,ach_remittance
RPY-0005715,ORG-200534,PTR-004,2025-04-13,9513.93,72947.97,ach_remittance
RPY-0005716,ORG-200535,PTR-003,2025-03-10,577.6,577.6,manual_payment
RPY-0005717,ORG-200535,PTR-003,2025-03-17,776.57,1354.17,ach_remittance
RPY-0005718,ORG-200535,PTR-003,2025-03-24,527.04,1881.21,ach_remittance
RPY-0005719,ORG-200535,PTR-003,2025-03-31,537.53,2418.74,ach_remittance
RPY-0005720,ORG-200535,PTR-003,2025-04-07,553.92,2972.66,manual_payment
RPY-0005721,ORG-200536,PTR-003,2022-06-17,1219.99,1219.99,ach_remittance
RPY-0005722,ORG-200536,PTR-003,2022-06-24,958.9,2178.89,ach_remittance
RPY-0005723,ORG-200536,PTR-003,2022-07-01,794.75,2973.64,ach_remittance
RPY-0005724,ORG-200536,PTR-003,2022-07-08,1224.71,4198.35,ach_remittance
RPY-0005725,ORG-200536,PTR-003,2022-07-15,867.4,5065.75,ach_remittance
RPY-0005726,ORG-200536,PTR-003,2022-07-22,791.09,5856.84,ach_remittance
RPY-0005727,ORG-200536,PTR-003,2022-07-29,1208.98,7065.82,ach_remittance
RPY-0005728,ORG-200536,PTR-003,2022-08-05,1094.91,8160.73,ach_remittance
RPY-0005729,ORG-200536,PTR-003,2022-08-12,737.63,8898.36,manual_payment
RPY-0005730,ORG-200536,PTR-003,2022-08-19,1205.73,10104.09,ach_remittance
RPY-0005731,ORG-200536,PTR-003,2022-08-26,838.77,10942.86,ach_remittance
RPY-0005732,ORG-200536,PTR-003,2022-09-02,980.5,11923.36,ach_remittance
RPY-0005733,ORG-200536,PTR-003,2022-09-09,726.69,12650.05,ach_remittance
RPY-0005734,ORG-200536,PTR-003,2022-09-16,1177.2,13827.25,ach_remittance
RPY-0005735,ORG-200536,PTR-003,2022-09-23,817.09,14644.34,ach_remittance
RPY-0005736,ORG-200537,PTR-003,2025-05-31,258.79,258.79,ach_remittance
RPY-0005737,ORG-200537,PTR-003,2025-06-07,418.86,677.65,ach_remittance
RPY-0005738,ORG-200537,PTR-003,2025-06-14,436.16,1113.81,ach_remittance
RPY-0005739,ORG-200537,PTR-003,2025-06-21,449.9,1563.71,manual_payment
RPY-0005740,ORG-200537,PTR-003,2025-06-28,242.54,1806.25,ach_remittance
RPY-0005741,ORG-200537,PTR-003,2025-07-05,466.99,2273.24,ach_remittance
RPY-0005742,ORG-200537,PTR-003,2025-07-12,64.76,2338.0,ach_remittance
RPY-0005743,ORG-200538,PTR-001,2026-06-02,12662.8,12662.8,ach_remittance
RPY-0005744,ORG-200538,PTR-001,2026-06-09,12478.16,25140.96,manual_payment
RPY-0005745,ORG-200538,PTR-001,2026-06-16,6208.76,31349.72,ach_remittance
RPY-0005746,ORG-200538,PTR-001,2026-06-23,10754.28,42104.0,ach_remittance
RPY-0005747,ORG-200538,PTR-001,2026-06-30,9241.75,51345.75,manual_payment
RPY-0005748,ORG-200538,PTR-001,2026-07-07,12035.37,63381.12,ach_remittance
RPY-0005749,ORG-200538,PTR-001,2026-07-14,6571.79,69952.91,manual_payment
RPY-0005750,ORG-200538,PTR-001,2026-07-21,13454.14,83407.05,ach_remittance
RPY-0005751,ORG-200538,PTR-001,2026-07-28,8479.47,91886.52,ach_remittance
RPY-0005752,ORG-200539,PTR-001,2022-01-12,3648.65,3648.65,ach_remittance
RPY-0005753,ORG-200539,PTR-001,2022-01-19,3187.5,6836.15,ach_remittance
RPY-0005754,ORG-200539,PTR-001,2022-01-26,2370.65,9206.8,ach_remittance
RPY-0005755,ORG-200539,PTR-001,2022-02-02,2457.99,11664.79,ach_remittance
RPY-0005756,ORG-200539,PTR-001,2022-02-09,2525.78,14190.57,ach_remittance
RPY-0005757,ORG-200539,PTR-001,2022-02-16,3394.24,17584.81,manual_payment
RPY-0005758,ORG-200540,PTR-002,2022-03-17,1722.7,1722.7,ach_remittance
RPY-0005759,ORG-200540,PTR-002,2022-03-24,1650.03,3372.73,ach_remittance
RPY-0005760,ORG-200540,PTR-002,2022-03-31,1096.69,4469.42,ach_remittance
RPY-0005761,ORG-200540,PTR-002,2022-04-07,1713.06,6182.48,ach_remittance
RPY-0005762,ORG-200540,PTR-002,2022-04-14,1789.63,7972.11,ach_remittance
RPY-0005763,ORG-200540,PTR-002,2022-04-21,2212.72,10184.83,ach_remittance
RPY-0005764,ORG-200540,PTR-002,2022-04-28,2242.05,12426.88,ach_remittance
RPY-0005765,ORG-200540,PTR-002,2022-05-05,1839.57,14266.45,manual_payment
RPY-0005766,ORG-200541,PTR-006,2024-10-01,5175.46,5175.46,ach_remittance
RPY-0005767,ORG-200541,PTR-006,2024-10-08,3352.38,8527.84,ach_remittance
RPY-0005768,ORG-200541,PTR-006,2024-10-15,4548.52,13076.36,ach_remittance
RPY-0005769,ORG-200541,PTR-006,2024-10-22,5476.6,18552.96,ach_remittance
RPY-0005770,ORG-200541,PTR-006,2024-10-29,8051.88,26604.84,ach_remittance
RPY-0005771,ORG-200542,PTR-001,2026-04-10,4487.21,4487.21,ach_remittance
RPY-0005772,ORG-200542,PTR-001,2026-04-17,5451.17,9938.38,manual_payment
RPY-0005773,ORG-200542,PTR-001,2026-04-24,2706.64,12645.02,ach_remittance
RPY-0005774,ORG-200542,PTR-001,2026-05-01,4675.5,17320.52,ach_remittance
RPY-0005775,ORG-200542,PTR-001,2026-05-08,3371.33,20691.85,manual_payment
RPY-0005776,ORG-200542,PTR-001,2026-05-15,2726.87,23418.72,ach_remittance
RPY-0005777,ORG-200542,PTR-001,2026-05-22,4091.51,27510.23,ach_remittance
RPY-0005778,ORG-200542,PTR-001,2026-05-29,7813.4,35323.63,ach_remittance
RPY-0005779,ORG-200543,PTR-001,2023-10-15,1431.73,1431.73,ach_remittance
RPY-0005780,ORG-200543,PTR-001,2023-10-22,1489.17,2920.9,manual_payment
RPY-0005781,ORG-200543,PTR-001,2023-10-29,2563.33,5484.23,ach_remittance
RPY-0005782,ORG-200543,PTR-001,2023-11-05,2301.66,7785.89,ach_remittance
RPY-0005783,ORG-200543,PTR-001,2023-11-12,1563.12,9349.01,ach_remittance
RPY-0005784,ORG-200543,PTR-001,2023-11-19,1526.96,10875.97,ach_remittance
RPY-0005785,ORG-200543,PTR-001,2023-11-26,2273.79,13149.76,ach_remittance
RPY-0005786,ORG-200543,PTR-001,2023-12-03,2352.57,15502.33,ach_remittance
RPY-0005787,ORG-200544,PTR-002,2022-10-06,2003.52,2003.52,ach_remittance
RPY-0005788,ORG-200544,PTR-002,2022-10-13,3648.29,5651.81,ach_remittance
RPY-0005789,ORG-200544,PTR-002,2022-10-20,2500.27,8152.08,ach_remittance
RPY-0005790,ORG-200544,PTR-002,2022-10-27,3004.87,11156.95,ach_remittance
RPY-0005791,ORG-200544,PTR-002,2022-11-03,2110.33,13267.28,ach_remittance
RPY-0005792,ORG-200544,PTR-002,2022-11-10,3450.0,16717.28,ach_remittance
RPY-0005793,ORG-200544,PTR-002,2022-11-17,4966.12,21683.4,ach_remittance
RPY-0005794,ORG-200545,PTR-003,2025-01-11,4914.49,4914.49,ach_remittance
RPY-0005795,ORG-200545,PTR-003,2025-01-18,2869.37,7783.86,ach_remittance
RPY-0005796,ORG-200545,PTR-003,2025-01-25,5369.69,13153.55,ach_remittance
RPY-0005797,ORG-200545,PTR-003,2025-02-01,3407.0,16560.55,manual_payment
RPY-0005798,ORG-200545,PTR-003,2025-02-08,5448.43,22008.98,ach_remittance
RPY-0005799,ORG-200545,PTR-003,2025-02-15,3491.91,25500.89,ach_remittance
RPY-0005800,ORG-200545,PTR-003,2025-02-22,4100.5,29601.39,ach_remittance
RPY-0005801,ORG-200545,PTR-003,2025-03-01,5317.71,34919.1,ach_remittance
RPY-0005802,ORG-200545,PTR-003,2025-03-08,2866.48,37785.58,ach_remittance
RPY-0005803,ORG-200545,PTR-003,2025-03-15,3191.23,40976.81,ach_remittance
RPY-0005804,ORG-200545,PTR-003,2025-03-22,2941.93,43918.74,ach_remittance
RPY-0005805,ORG-200546,PTR-001,2025-02-13,2204.95,2204.95,ach_remittance
RPY-0005806,ORG-200546,PTR-001,2025-02-20,2652.12,4857.07,ach_remittance
RPY-0005807,ORG-200546,PTR-001,2025-02-27,1946.7,6803.77,manual_payment
RPY-0005808,ORG-200546,PTR-001,2025-03-06,2544.67,9348.44,ach_remittance
RPY-0005809,ORG-200546,PTR-001,2025-03-13,1270.5,10618.94,ach_remittance
RPY-0005810,ORG-200546,PTR-001,2025-03-20,1576.76,12195.7,ach_remittance
RPY-0005811,ORG-200546,PTR-001,2025-03-27,1946.95,14142.65,ach_remittance
RPY-0005812,ORG-200547,PTR-005,2024-03-12,7232.33,7232.33,ach_remittance
RPY-0005813,ORG-200548,PTR-002,2025-08-23,2891.64,2891.64,ach_remittance
RPY-0005814,ORG-200548,PTR-002,2025-08-30,1310.06,4201.7,ach_remittance
RPY-0005815,ORG-200548,PTR-002,2025-09-06,1648.24,5849.94,ach_remittance
RPY-0005816,ORG-200548,PTR-002,2025-09-13,1820.69,7670.63,ach_remittance
RPY-0005817,ORG-200548,PTR-002,2025-09-20,2884.79,10555.42,manual_payment
RPY-0005818,ORG-200548,PTR-002,2025-09-27,2182.89,12738.31,ach_remittance
RPY-0005819,ORG-200548,PTR-002,2025-10-04,2194.0,14932.31,ach_remittance
RPY-0005820,ORG-200548,PTR-002,2025-10-11,1883.73,16816.04,ach_remittance
RPY-0005821,ORG-200548,PTR-002,2025-10-18,2795.42,19611.46,manual_payment
RPY-0005822,ORG-200549,PTR-002,2024-07-13,5334.69,5334.69,ach_remittance
RPY-0005823,ORG-200549,PTR-002,2024-07-20,4466.59,9801.28,ach_remittance
RPY-0005824,ORG-200549,PTR-002,2024-07-27,5476.16,15277.44,ach_remittance
RPY-0005825,ORG-200549,PTR-002,2024-08-03,3440.39,18717.83,ach_remittance
RPY-0005826,ORG-200549,PTR-002,2024-08-10,3016.05,21733.88,ach_remittance
RPY-0005827,ORG-200549,PTR-002,2024-08-17,2459.38,24193.26,ach_remittance
RPY-0005828,ORG-200550,PTR-002,2025-09-08,2050.77,2050.77,ach_remittance
RPY-0005829,ORG-200550,PTR-002,2025-09-15,1958.94,4009.71,ach_remittance
RPY-0005830,ORG-200550,PTR-002,2025-09-22,3648.19,7657.9,ach_remittance
RPY-0005831,ORG-200550,PTR-002,2025-09-29,2622.04,10279.94,manual_payment
RPY-0005832,ORG-200550,PTR-002,2025-10-06,3030.76,13310.7,ach_remittance
RPY-0005833,ORG-200550,PTR-002,2025-10-13,3196.66,16507.36,ach_remittance
RPY-0005834,ORG-200550,PTR-002,2025-10-20,2220.05,18727.41,ach_remittance
RPY-0005835,ORG-200550,PTR-002,2025-10-27,3204.65,21932.06,ach_remittance
RPY-0005836,ORG-200550,PTR-002,2025-11-03,3153.54,25085.6,ach_remittance
RPY-0005837,ORG-200550,PTR-002,2025-11-10,3156.65,28242.25,ach_remittance
RPY-0005838,ORG-200551,PTR-003,2022-08-15,2371.45,2371.45,manual_payment
RPY-0005839,ORG-200551,PTR-003,2022-08-22,1960.59,4332.04,ach_remittance
RPY-0005840,ORG-200551,PTR-003,2022-08-29,1443.09,5775.13,ach_remittance
RPY-0005841,ORG-200551,PTR-003,2022-09-05,1205.82,6980.95,ach_remittance
RPY-0005842,ORG-200551,PTR-003,2022-09-12,1372.49,8353.44,ach_remittance
RPY-0005843,ORG-200551,PTR-003,2022-09-19,2517.21,10870.65,ach_remittance
RPY-0005844,ORG-200551,PTR-003,2022-09-26,1223.64,12094.29,ach_remittance
RPY-0005845,ORG-200551,PTR-003,2022-10-03,1867.98,13962.27,ach_remittance
RPY-0005846,ORG-200551,PTR-003,2022-10-10,1277.52,15239.79,ach_remittance
RPY-0005847,ORG-200551,PTR-003,2022-10-17,1338.24,16578.03,ach_remittance
RPY-0005848,ORG-200551,PTR-003,2022-10-24,1728.47,18306.5,ach_remittance
RPY-0005849,ORG-200551,PTR-003,2022-10-31,1705.23,20011.73,ach_remittance
RPY-0005850,ORG-200551,PTR-003,2022-11-07,1264.68,21276.41,ach_remittance
RPY-0005851,ORG-200551,PTR-003,2022-11-14,1896.82,23173.23,ach_remittance
RPY-0005852,ORG-200551,PTR-003,2022-11-21,1906.3,25079.53,ach_remittance
RPY-0005853,ORG-200551,PTR-003,2022-11-28,2575.06,27654.59,ach_remittance
RPY-0005854,ORG-200551,PTR-003,2022-12-05,2350.48,30005.07,ach_remittance
RPY-0005855,ORG-200551,PTR-003,2022-12-12,3315.73,33320.8,manual_payment
RPY-0005856,ORG-200552,PTR-004,2024-03-12,10485.52,10485.52,ach_remittance
RPY-0005857,ORG-200552,PTR-004,2024-03-19,9869.77,20355.29,ach_remittance
RPY-0005858,ORG-200552,PTR-004,2024-03-26,7671.17,28026.46,ach_remittance
RPY-0005859,ORG-200552,PTR-004,2024-04-02,6770.63,34797.09,ach_remittance
RPY-0005860,ORG-200552,PTR-004,2024-04-09,5650.91,40448.0,ach_remittance
RPY-0005861,ORG-200553,PTR-006,2022-08-26,835.81,835.81,ach_remittance
RPY-0005862,ORG-200553,PTR-006,2022-09-02,1009.06,1844.87,ach_remittance
RPY-0005863,ORG-200553,PTR-006,2022-09-09,571.25,2416.12,ach_remittance
RPY-0005864,ORG-200553,PTR-006,2022-09-16,904.68,3320.8,ach_remittance
RPY-0005865,ORG-200553,PTR-006,2022-09-23,1001.02,4321.82,ach_remittance
RPY-0005866,ORG-200553,PTR-006,2022-09-30,648.97,4970.79,ach_remittance
RPY-0005867,ORG-200554,PTR-005,2024-05-21,4268.05,4268.05,ach_remittance
RPY-0005868,ORG-200554,PTR-005,2024-05-28,2319.08,6587.13,ach_remittance
RPY-0005869,ORG-200554,PTR-005,2024-06-04,2702.52,9289.65,ach_remittance
RPY-0005870,ORG-200554,PTR-005,2024-06-11,3102.03,12391.68,ach_remittance
RPY-0005871,ORG-200554,PTR-005,2024-06-18,2679.23,15070.91,manual_payment
RPY-0005872,ORG-200554,PTR-005,2024-06-25,3059.51,18130.42,manual_payment
RPY-0005873,ORG-200554,PTR-005,2024-07-02,6847.71,24978.13,ach_remittance
RPY-0005874,ORG-200555,PTR-003,2022-12-24,10233.37,10233.37,manual_payment
RPY-0005875,ORG-200555,PTR-003,2022-12-31,8629.68,18863.05,ach_remittance
RPY-0005876,ORG-200555,PTR-003,2023-01-07,6870.13,25733.18,ach_remittance
RPY-0005877,ORG-200555,PTR-003,2023-01-14,8915.61,34648.79,ach_remittance
RPY-0005878,ORG-200555,PTR-003,2023-01-21,7344.6,41993.39,ach_remittance
RPY-0005879,ORG-200555,PTR-003,2023-01-28,14379.9,56373.29,ach_remittance
RPY-0005880,ORG-200556,PTR-002,2023-11-27,4908.8,4908.8,ach_remittance
RPY-0005881,ORG-200556,PTR-002,2023-12-04,4297.35,9206.15,ach_remittance
RPY-0005882,ORG-200556,PTR-002,2023-12-11,2655.78,11861.93,ach_remittance
RPY-0005883,ORG-200556,PTR-002,2023-12-18,2858.61,14720.54,ach_remittance
RPY-0005884,ORG-200556,PTR-002,2023-12-25,4913.55,19634.09,ach_remittance
RPY-0005885,ORG-200556,PTR-002,2024-01-01,4936.51,24570.6,ach_remittance
RPY-0005886,ORG-200556,PTR-002,2024-01-08,4050.35,28620.95,ach_remittance
RPY-0005887,ORG-200556,PTR-002,2024-01-15,2724.8,31345.75,ach_remittance
RPY-0005888,ORG-200556,PTR-002,2024-01-22,3892.64,35238.39,manual_payment
RPY-0005889,ORG-200556,PTR-002,2024-01-29,3697.24,38935.63,ach_remittance
RPY-0005890,ORG-200556,PTR-002,2024-02-05,4929.83,43865.46,ach_remittance
RPY-0005891,ORG-200556,PTR-002,2024-02-12,2683.86,46549.32,ach_remittance
RPY-0005892,ORG-200556,PTR-002,2024-02-19,4.02,46553.34,ach_remittance
RPY-0005893,ORG-200557,PTR-001,2022-04-06,2931.78,2931.78,ach_remittance
RPY-0005894,ORG-200557,PTR-001,2022-04-13,1979.26,4911.04,ach_remittance
RPY-0005895,ORG-200557,PTR-001,2022-04-20,3371.44,8282.48,ach_remittance
RPY-0005896,ORG-200557,PTR-001,2022-04-27,3674.93,11957.41,ach_remittance
RPY-0005897,ORG-200557,PTR-001,2022-05-04,3978.87,15936.28,ach_remittance
RPY-0005898,ORG-200557,PTR-001,2022-05-11,3185.26,19121.54,ach_remittance
RPY-0005899,ORG-200557,PTR-001,2022-05-18,3035.2,22156.74,ach_remittance
RPY-0005900,ORG-200557,PTR-001,2022-05-25,3279.69,25436.43,ach_remittance
RPY-0005901,ORG-200557,PTR-001,2022-06-01,4501.28,29937.71,ach_remittance
RPY-0005902,ORG-200557,PTR-001,2022-06-08,4195.84,34133.55,ach_remittance
RPY-0005903,ORG-200557,PTR-001,2022-06-15,3378.74,37512.29,ach_remittance
RPY-0005904,ORG-200557,PTR-001,2022-06-22,3692.07,41204.36,ach_remittance
RPY-0005905,ORG-200557,PTR-001,2022-06-29,3730.85,44935.21,ach_remittance
RPY-0005906,ORG-200557,PTR-001,2022-07-06,4113.87,49049.08,ach_remittance
RPY-0005907,ORG-200557,PTR-001,2022-07-13,2985.58,52034.66,ach_remittance
RPY-0005908,ORG-200557,PTR-001,2022-07-20,4457.84,56492.5,ach_remittance
RPY-0005909,ORG-200557,PTR-001,2022-07-27,2392.62,58885.12,ach_remittance
RPY-0005910,ORG-200558,PTR-003,2025-08-03,1476.26,1476.26,ach_remittance
RPY-0005911,ORG-200558,PTR-003,2025-08-10,2270.55,3746.81,manual_payment
RPY-0005912,ORG-200558,PTR-003,2025-08-17,1434.36,5181.17,ach_remittance
RPY-0005913,ORG-200558,PTR-003,2025-08-24,2134.15,7315.32,ach_remittance
RPY-0005914,ORG-200558,PTR-003,2025-08-31,1888.21,9203.53,ach_remittance
RPY-0005915,ORG-200558,PTR-003,2025-09-07,1145.28,10348.81,ach_remittance
RPY-0005916,ORG-200558,PTR-003,2025-09-14,1928.32,12277.13,ach_remittance
RPY-0005917,ORG-200558,PTR-003,2025-09-21,1811.21,14088.34,ach_remittance
RPY-0005918,ORG-200559,PTR-005,2024-11-15,1536.33,1536.33,ach_remittance
RPY-0005919,ORG-200559,PTR-005,2024-11-22,1422.26,2958.59,ach_remittance
RPY-0005920,ORG-200559,PTR-005,2024-11-29,1946.52,4905.11,ach_remittance
RPY-0005921,ORG-200559,PTR-005,2024-12-06,1690.5,6595.61,ach_remittance
RPY-0005922,ORG-200559,PTR-005,2024-12-13,1816.88,8412.49,ach_remittance
RPY-0005923,ORG-200559,PTR-005,2024-12-20,1572.04,9984.53,ach_remittance
RPY-0005924,ORG-200559,PTR-005,2024-12-27,1277.72,11262.25,ach_remittance
RPY-0005925,ORG-200559,PTR-005,2025-01-03,953.05,12215.3,ach_remittance
RPY-0005926,ORG-200559,PTR-005,2025-01-10,930.91,13146.21,ach_remittance
RPY-0005927,ORG-200559,PTR-005,2025-01-17,1730.89,14877.1,ach_remittance
RPY-0005928,ORG-200559,PTR-005,2025-01-24,1402.1,16279.2,manual_payment
RPY-0005929,ORG-200559,PTR-005,2025-01-31,2100.83,18380.03,ach_remittance
RPY-0005930,ORG-200559,PTR-005,2025-02-07,2006.22,20386.25,manual_payment
RPY-0005931,ORG-200559,PTR-005,2025-02-14,1406.97,21793.22,ach_remittance
RPY-0005932,ORG-200559,PTR-005,2025-02-21,966.69,22759.91,ach_remittance
RPY-0005933,ORG-200559,PTR-005,2025-02-28,1596.13,24356.04,ach_remittance
RPY-0005934,ORG-200559,PTR-005,2025-03-07,940.96,25297.0,ach_remittance
RPY-0005935,ORG-200559,PTR-005,2025-03-14,1250.27,26547.27,ach_remittance
RPY-0005936,ORG-200559,PTR-005,2025-03-21,1358.08,27905.35,ach_remittance
RPY-0005937,ORG-200559,PTR-005,2025-03-28,1190.09,29095.44,ach_remittance
RPY-0005938,ORG-200559,PTR-005,2025-04-04,3062.86,32158.3,ach_remittance
RPY-0005939,ORG-200560,PTR-005,2022-08-13,7079.81,7079.81,manual_payment
RPY-0005940,ORG-200560,PTR-005,2022-08-20,7342.58,14422.39,ach_remittance
RPY-0005941,ORG-200560,PTR-005,2022-08-27,4910.78,19333.17,manual_payment
RPY-0005942,ORG-200560,PTR-005,2022-09-03,3289.6,22622.77,manual_payment
RPY-0005943,ORG-200560,PTR-005,2022-09-10,4798.4,27421.17,ach_remittance
RPY-0005944,ORG-200560,PTR-005,2022-09-17,5447.15,32868.32,ach_remittance
RPY-0005945,ORG-200561,PTR-001,2025-01-20,294.28,294.28,ach_remittance
RPY-0005946,ORG-200561,PTR-001,2025-01-27,225.97,520.25,ach_remittance
RPY-0005947,ORG-200561,PTR-001,2025-02-03,468.96,989.21,ach_remittance
RPY-0005948,ORG-200561,PTR-001,2025-02-10,395.58,1384.79,ach_remittance
RPY-0005949,ORG-200561,PTR-001,2025-02-17,257.03,1641.82,ach_remittance
RPY-0005950,ORG-200561,PTR-001,2025-02-24,437.86,2079.68,manual_payment
RPY-0005951,ORG-200561,PTR-001,2025-03-03,386.32,2466.0,ach_remittance
RPY-0005952,ORG-200562,PTR-002,2022-04-06,8676.21,8676.21,ach_remittance
RPY-0005953,ORG-200562,PTR-002,2022-04-13,13117.28,21793.49,ach_remittance
RPY-0005954,ORG-200562,PTR-002,2022-04-20,13229.68,35023.17,ach_remittance
RPY-0005955,ORG-200562,PTR-002,2022-04-27,13415.85,48439.02,ach_remittance
RPY-0005956,ORG-200562,PTR-002,2022-05-04,11098.85,59537.87,ach_remittance
RPY-0005957,ORG-200563,PTR-003,2022-01-24,3944.85,3944.85,ach_remittance
RPY-0005958,ORG-200563,PTR-003,2022-01-31,3387.74,7332.59,manual_payment
RPY-0005959,ORG-200563,PTR-003,2022-02-07,3556.69,10889.28,ach_remittance
RPY-0005960,ORG-200563,PTR-003,2022-02-14,3243.13,14132.41,ach_remittance
RPY-0005961,ORG-200563,PTR-003,2022-02-21,4085.91,18218.32,ach_remittance
RPY-0005962,ORG-200563,PTR-003,2022-02-28,3836.87,22055.19,ach_remittance
RPY-0005963,ORG-200563,PTR-003,2022-03-07,3065.02,25120.21,manual_payment
RPY-0005964,ORG-200563,PTR-003,2022-03-14,4482.77,29602.98,ach_remittance
RPY-0005965,ORG-200563,PTR-003,2022-03-21,2777.29,32380.27,manual_payment
RPY-0005966,ORG-200563,PTR-003,2022-03-28,4500.85,36881.12,ach_remittance
RPY-0005967,ORG-200563,PTR-003,2022-04-04,2954.56,39835.68,ach_remittance
RPY-0005968,ORG-200563,PTR-003,2022-04-11,2757.18,42592.86,ach_remittance
RPY-0005969,ORG-200563,PTR-003,2022-04-18,4496.47,47089.33,ach_remittance
RPY-0005970,ORG-200563,PTR-003,2022-04-25,2296.38,49385.71,ach_remittance
RPY-0005971,ORG-200563,PTR-003,2022-05-02,4011.49,53397.2,ach_remittance
RPY-0005972,ORG-200564,PTR-006,2024-10-17,6302.83,6302.83,ach_remittance
RPY-0005973,ORG-200564,PTR-006,2024-10-24,4883.1,11185.93,ach_remittance
RPY-0005974,ORG-200564,PTR-006,2024-10-31,5248.72,16434.65,ach_remittance
RPY-0005975,ORG-200564,PTR-006,2024-11-07,6391.39,22826.04,ach_remittance
RPY-0005976,ORG-200564,PTR-006,2024-11-14,6539.95,29365.99,ach_remittance
RPY-0005977,ORG-200564,PTR-006,2024-11-21,7014.41,36380.4,ach_remittance
RPY-0005978,ORG-200564,PTR-006,2024-11-28,7168.95,43549.35,ach_remittance
RPY-0005979,ORG-200564,PTR-006,2024-12-05,5459.0,49008.35,ach_remittance
RPY-0005980,ORG-200565,PTR-005,2025-05-19,1608.05,1608.05,ach_remittance
RPY-0005981,ORG-200565,PTR-005,2025-05-26,2303.79,3911.84,ach_remittance
RPY-0005982,ORG-200565,PTR-005,2025-06-02,1683.14,5594.98,ach_remittance
RPY-0005983,ORG-200565,PTR-005,2025-06-09,1807.46,7402.44,ach_remittance
RPY-0005984,ORG-200565,PTR-005,2025-06-16,2271.34,9673.78,ach_remittance
RPY-0005985,ORG-200565,PTR-005,2025-06-23,1311.28,10985.06,ach_remittance
RPY-0005986,ORG-200565,PTR-005,2025-06-30,1842.27,12827.33,ach_remittance
RPY-0005987,ORG-200565,PTR-005,2025-07-07,1597.44,14424.77,ach_remittance
RPY-0005988,ORG-200565,PTR-005,2025-07-14,2009.32,16434.09,ach_remittance
RPY-0005989,ORG-200565,PTR-005,2025-07-21,1580.87,18014.96,ach_remittance
RPY-0005990,ORG-200565,PTR-005,2025-07-28,1449.75,19464.71,ach_remittance
RPY-0005991,ORG-200565,PTR-005,2025-08-04,1883.46,21348.17,ach_remittance
RPY-0005992,ORG-200565,PTR-005,2025-08-11,1478.76,22826.93,ach_remittance
RPY-0005993,ORG-200565,PTR-005,2025-08-18,1471.95,24298.88,manual_payment
RPY-0005994,ORG-200565,PTR-005,2025-08-25,2338.51,26637.39,ach_remittance
RPY-0005995,ORG-200565,PTR-005,2025-09-01,1505.22,28142.61,ach_remittance
RPY-0005996,ORG-200565,PTR-005,2025-09-08,2537.65,30680.26,ach_remittance
RPY-0005997,ORG-200565,PTR-005,2025-09-15,1790.37,32470.63,manual_payment
RPY-0005998,ORG-200565,PTR-005,2025-09-22,1862.33,34332.96,ach_remittance
RPY-0005999,ORG-200565,PTR-005,2025-09-29,1407.02,35739.98,ach_remittance
RPY-0006000,ORG-200565,PTR-005,2025-10-06,4185.47,39925.45,manual_payment
RPY-0006001,ORG-200566,PTR-002,2025-11-24,3353.0,3353.0,ach_remittance
RPY-0006002,ORG-200566,PTR-002,2025-12-01,3514.71,6867.71,ach_remittance
RPY-0006003,ORG-200566,PTR-002,2025-12-08,3697.32,10565.03,ach_remittance
RPY-0006004,ORG-200566,PTR-002,2025-12-15,2023.66,12588.69,ach_remittance
RPY-0006005,ORG-200566,PTR-002,2025-12-22,2037.57,14626.26,ach_remittance
RPY-0006006,ORG-200566,PTR-002,2025-12-29,2919.22,17545.48,ach_remittance
RPY-0006007,ORG-200566,PTR-002,2026-01-05,3848.42,21393.9,ach_remittance
RPY-0006008,ORG-200566,PTR-002,2026-01-12,2371.19,23765.09,ach_remittance
RPY-0006009,ORG-200567,PTR-004,2023-06-18,3535.06,3535.06,ach_remittance
RPY-0006010,ORG-200567,PTR-004,2023-06-25,3269.76,6804.82,ach_remittance
RPY-0006011,ORG-200567,PTR-004,2023-07-02,3969.76,10774.58,ach_remittance
RPY-0006012,ORG-200567,PTR-004,2023-07-09,4312.41,15086.99,ach_remittance
RPY-0006013,ORG-200567,PTR-004,2023-07-16,3841.39,18928.38,ach_remittance
RPY-0006014,ORG-200567,PTR-004,2023-07-23,3683.89,22612.27,ach_remittance
RPY-0006015,ORG-200567,PTR-004,2023-07-30,3838.47,26450.74,ach_remittance
RPY-0006016,ORG-200567,PTR-004,2023-08-06,3507.11,29957.85,ach_remittance
RPY-0006017,ORG-200568,PTR-006,2024-11-26,919.17,919.17,ach_remittance
RPY-0006018,ORG-200568,PTR-006,2024-12-03,869.51,1788.68,ach_remittance
RPY-0006019,ORG-200568,PTR-006,2024-12-10,507.58,2296.26,ach_remittance
RPY-0006020,ORG-200569,PTR-004,2024-12-04,4824.75,4824.75,ach_remittance
RPY-0006021,ORG-200569,PTR-004,2024-12-11,7171.47,11996.22,ach_remittance
RPY-0006022,ORG-200569,PTR-004,2024-12-18,8917.64,20913.86,ach_remittance
RPY-0006023,ORG-200569,PTR-004,2024-12-25,9190.35,30104.21,ach_remittance
RPY-0006024,ORG-200570,PTR-006,2024-12-26,4330.47,4330.47,ach_remittance
RPY-0006025,ORG-200570,PTR-006,2025-01-02,3980.16,8310.63,ach_remittance
RPY-0006026,ORG-200570,PTR-006,2025-01-09,2471.23,10781.86,ach_remittance
RPY-0006027,ORG-200570,PTR-006,2025-01-16,4197.12,14978.98,ach_remittance
RPY-0006028,ORG-200570,PTR-006,2025-01-23,2949.68,17928.66,ach_remittance
RPY-0006029,ORG-200570,PTR-006,2025-01-30,2153.03,20081.69,ach_remittance
RPY-0006030,ORG-200570,PTR-006,2025-02-06,3588.03,23669.72,ach_remittance
RPY-0006031,ORG-200570,PTR-006,2025-02-13,3238.02,26907.74,ach_remittance
RPY-0006032,ORG-200570,PTR-006,2025-02-20,4132.69,31040.43,ach_remittance
RPY-0006033,ORG-200570,PTR-006,2025-02-27,2150.23,33190.66,ach_remittance
RPY-0006034,ORG-200570,PTR-006,2025-03-06,4487.18,37677.84,ach_remittance
RPY-0006035,ORG-200570,PTR-006,2025-03-13,1092.26,38770.1,ach_remittance
RPY-0006036,ORG-200571,PTR-003,2022-11-06,325.16,325.16,ach_remittance
RPY-0006037,ORG-200571,PTR-003,2022-11-13,436.09,761.25,ach_remittance
RPY-0006038,ORG-200571,PTR-003,2022-11-20,382.0,1143.25,ach_remittance
RPY-0006039,ORG-200571,PTR-003,2022-11-27,414.3,1557.55,ach_remittance
RPY-0006040,ORG-200571,PTR-003,2022-12-04,213.64,1771.19,ach_remittance
RPY-0006041,ORG-200571,PTR-003,2022-12-11,474.37,2245.56,manual_payment
RPY-0006042,ORG-200571,PTR-003,2022-12-18,439.7,2685.26,ach_remittance
RPY-0006043,ORG-200571,PTR-003,2022-12-25,242.99,2928.25,ach_remittance
RPY-0006044,ORG-200571,PTR-003,2023-01-01,414.75,3343.0,ach_remittance
RPY-0006045,ORG-200571,PTR-003,2023-01-08,367.5,3710.5,ach_remittance
RPY-0006046,ORG-200571,PTR-003,2023-01-15,230.04,3940.54,ach_remittance
RPY-0006047,ORG-200571,PTR-003,2023-01-22,445.67,4386.21,ach_remittance
RPY-0006048,ORG-200571,PTR-003,2023-01-29,118.54,4504.75,ach_remittance
RPY-0006049,ORG-200572,PTR-004,2022-08-02,1165.8,1165.8,ach_remittance
RPY-0006050,ORG-200572,PTR-004,2022-08-09,2396.15,3561.95,ach_remittance
RPY-0006051,ORG-200572,PTR-004,2022-08-16,2153.95,5715.9,ach_remittance
RPY-0006052,ORG-200572,PTR-004,2022-08-23,1205.45,6921.35,ach_remittance
RPY-0006053,ORG-200572,PTR-004,2022-08-30,2128.25,9049.6,ach_remittance
RPY-0006054,ORG-200572,PTR-004,2022-09-06,1832.7,10882.3,ach_remittance
RPY-0006055,ORG-200572,PTR-004,2022-09-13,1694.26,12576.56,ach_remittance
RPY-0006056,ORG-200572,PTR-004,2022-09-20,2129.86,14706.42,manual_payment
RPY-0006057,ORG-200573,PTR-006,2025-01-27,7122.47,7122.47,ach_remittance
RPY-0006058,ORG-200573,PTR-006,2025-02-03,3986.84,11109.31,ach_remittance
RPY-0006059,ORG-200573,PTR-006,2025-02-10,4943.06,16052.37,ach_remittance
RPY-0006060,ORG-200573,PTR-006,2025-02-17,3965.97,20018.34,ach_remittance
RPY-0006061,ORG-200573,PTR-006,2025-02-24,5388.71,25407.05,ach_remittance
RPY-0006062,ORG-200573,PTR-006,2025-03-03,6332.59,31739.64,ach_remittance
RPY-0006063,ORG-200573,PTR-006,2025-03-10,9772.81,41512.45,ach_remittance
RPY-0006064,ORG-200574,PTR-001,2023-01-15,2404.4,2404.4,ach_remittance
RPY-0006065,ORG-200574,PTR-001,2023-01-22,2814.83,5219.23,ach_remittance
RPY-0006066,ORG-200574,PTR-001,2023-01-29,1401.53,6620.76,ach_remittance
RPY-0006067,ORG-200574,PTR-001,2023-02-05,1940.65,8561.41,ach_remittance
RPY-0006068,ORG-200574,PTR-001,2023-02-12,2094.28,10655.69,ach_remittance
RPY-0006069,ORG-200574,PTR-001,2023-02-19,1520.39,12176.08,ach_remittance
RPY-0006070,ORG-200574,PTR-001,2023-02-26,2158.34,14334.42,manual_payment
RPY-0006071,ORG-200574,PTR-001,2023-03-05,1587.53,15921.95,ach_remittance
RPY-0006072,ORG-200574,PTR-001,2023-03-12,2250.49,18172.44,ach_remittance
RPY-0006073,ORG-200574,PTR-001,2023-03-19,2571.36,20743.8,ach_remittance
RPY-0006074,ORG-200574,PTR-001,2023-03-26,2387.15,23130.95,ach_remittance
RPY-0006075,ORG-200574,PTR-001,2023-04-02,3099.59,26230.54,ach_remittance
RPY-0006076,ORG-200574,PTR-001,2023-04-09,1886.08,28116.62,ach_remittance
RPY-0006077,ORG-200574,PTR-001,2023-04-16,3181.84,31298.46,manual_payment
RPY-0006078,ORG-200574,PTR-001,2023-04-23,2635.75,33934.21,ach_remittance
RPY-0006079,ORG-200574,PTR-001,2023-04-30,3207.86,37142.07,ach_remittance
RPY-0006080,ORG-200575,PTR-002,2026-04-03,998.25,998.25,ach_remittance
RPY-0006081,ORG-200575,PTR-002,2026-04-10,856.74,1854.99,ach_remittance
RPY-0006082,ORG-200575,PTR-002,2026-04-17,513.85,2368.84,ach_remittance
RPY-0006083,ORG-200575,PTR-002,2026-04-24,652.98,3021.82,ach_remittance
RPY-0006084,ORG-200575,PTR-002,2026-05-01,1077.88,4099.7,ach_remittance
RPY-0006085,ORG-200575,PTR-002,2026-05-08,889.94,4989.64,ach_remittance
RPY-0006086,ORG-200575,PTR-002,2026-05-15,487.14,5476.78,ach_remittance
RPY-0006087,ORG-200575,PTR-002,2026-05-22,811.69,6288.47,ach_remittance
RPY-0006088,ORG-200575,PTR-002,2026-05-29,983.85,7272.32,ach_remittance
RPY-0006089,ORG-200576,PTR-005,2025-01-13,6884.59,6884.59,ach_remittance
RPY-0006090,ORG-200576,PTR-005,2025-01-20,3900.5,10785.09,ach_remittance
RPY-0006091,ORG-200577,PTR-002,2026-04-25,7803.95,7803.95,ach_remittance
RPY-0006092,ORG-200577,PTR-002,2026-05-02,6943.57,14747.52,ach_remittance
RPY-0006093,ORG-200577,PTR-002,2026-05-09,5781.34,20528.86,ach_remittance
RPY-0006094,ORG-200577,PTR-002,2026-05-16,5609.52,26138.38,ach_remittance
RPY-0006095,ORG-200577,PTR-002,2026-05-23,5100.26,31238.64,ach_remittance
RPY-0006096,ORG-200577,PTR-002,2026-05-30,6816.16,38054.8,ach_remittance
RPY-0006097,ORG-200577,PTR-002,2026-06-06,4754.55,42809.35,ach_remittance
RPY-0006098,ORG-200577,PTR-002,2026-06-13,3512.81,46322.16,ach_remittance
RPY-0006099,ORG-200577,PTR-002,2026-06-20,4518.12,50840.28,manual_payment
RPY-0006100,ORG-200577,PTR-002,2026-06-27,3506.06,54346.34,ach_remittance
RPY-0006101,ORG-200577,PTR-002,2026-07-04,7780.81,62127.15,ach_remittance
RPY-0006102,ORG-200577,PTR-002,2026-07-11,5806.14,67933.29,ach_remittance
RPY-0006103,ORG-200577,PTR-002,2026-07-18,5376.1,73309.39,manual_payment
RPY-0006104,ORG-200577,PTR-002,2026-07-25,7162.11,80471.5,ach_remittance
RPY-0006105,ORG-200578,PTR-004,2022-07-01,1432.4,1432.4,ach_remittance
RPY-0006106,ORG-200578,PTR-004,2022-07-08,980.73,2413.13,ach_remittance
RPY-0006107,ORG-200578,PTR-004,2022-07-15,1057.09,3470.22,manual_payment
RPY-0006108,ORG-200578,PTR-004,2022-07-22,1864.98,5335.2,ach_remittance
RPY-0006109,ORG-200578,PTR-004,2022-07-29,2057.58,7392.78,ach_remittance
RPY-0006110,ORG-200578,PTR-004,2022-08-05,1702.96,9095.74,ach_remittance
RPY-0006111,ORG-200578,PTR-004,2022-08-12,1451.99,10547.73,ach_remittance
RPY-0006112,ORG-200578,PTR-004,2022-08-19,2402.27,12950.0,ach_remittance
RPY-0006113,ORG-200579,PTR-006,2026-02-11,3102.26,3102.26,ach_remittance
RPY-0006114,ORG-200579,PTR-006,2026-02-18,3353.74,6456.0,ach_remittance
RPY-0006115,ORG-200579,PTR-006,2026-02-25,1328.67,7784.67,ach_remittance
RPY-0006116,ORG-200580,PTR-002,2023-03-22,4815.47,4815.47,ach_remittance
RPY-0006117,ORG-200580,PTR-002,2023-03-29,2946.7,7762.17,ach_remittance
RPY-0006118,ORG-200580,PTR-002,2023-04-05,4786.47,12548.64,manual_payment
RPY-0006119,ORG-200580,PTR-002,2023-04-12,4244.89,16793.53,manual_payment
RPY-0006120,ORG-200580,PTR-002,2023-04-19,2858.73,19652.26,ach_remittance
RPY-0006121,ORG-200580,PTR-002,2023-04-26,4496.88,24149.14,ach_remittance
RPY-0006122,ORG-200580,PTR-002,2023-05-03,3024.15,27173.29,ach_remittance
RPY-0006123,ORG-200580,PTR-002,2023-05-10,10342.92,37516.21,ach_remittance
RPY-0006124,ORG-200581,PTR-001,2022-01-28,3665.56,3665.56,manual_payment
RPY-0006125,ORG-200581,PTR-001,2022-02-04,4292.97,7958.53,ach_remittance
RPY-0006126,ORG-200581,PTR-001,2022-02-11,5880.53,13839.06,ach_remittance
RPY-0006127,ORG-200581,PTR-001,2022-02-18,2628.76,16467.82,ach_remittance
RPY-0006128,ORG-200581,PTR-001,2022-02-25,3331.76,19799.58,ach_remittance
RPY-0006129,ORG-200581,PTR-001,2022-03-04,3239.75,23039.33,ach_remittance
RPY-0006130,ORG-200581,PTR-001,2022-03-11,7133.76,30173.09,ach_remittance
RPY-0006131,ORG-200582,PTR-002,2022-10-26,766.07,766.07,ach_remittance
RPY-0006132,ORG-200582,PTR-002,2022-11-02,813.98,1580.05,ach_remittance
RPY-0006133,ORG-200582,PTR-002,2022-11-09,727.05,2307.1,ach_remittance
RPY-0006134,ORG-200582,PTR-002,2022-11-16,851.34,3158.44,ach_remittance
RPY-0006135,ORG-200582,PTR-002,2022-11-23,446.5,3604.94,ach_remittance
RPY-0006136,ORG-200582,PTR-002,2022-11-30,834.6,4439.54,ach_remittance
RPY-0006137,ORG-200582,PTR-002,2022-12-07,368.17,4807.71,ach_remittance
RPY-0006138,ORG-200582,PTR-002,2022-12-14,484.32,5292.03,manual_payment
RPY-0006139,ORG-200582,PTR-002,2022-12-21,841.4,6133.43,ach_remittance
RPY-0006140,ORG-200582,PTR-002,2022-12-28,734.88,6868.31,ach_remittance
RPY-0006141,ORG-200582,PTR-002,2023-01-04,748.0,7616.31,ach_remittance
RPY-0006142,ORG-200582,PTR-002,2023-01-11,454.52,8070.83,ach_remittance
RPY-0006143,ORG-200582,PTR-002,2023-01-18,448.43,8519.26,manual_payment
RPY-0006144,ORG-200583,PTR-003,2024-09-05,4604.62,4604.62,ach_remittance
RPY-0006145,ORG-200583,PTR-003,2024-09-12,6977.02,11581.64,ach_remittance
RPY-0006146,ORG-200583,PTR-003,2024-09-19,6352.06,17933.7,ach_remittance
RPY-0006147,ORG-200583,PTR-003,2024-09-26,5247.96,23181.66,ach_remittance
RPY-0006148,ORG-200583,PTR-003,2024-10-03,8353.03,31534.69,ach_remittance
RPY-0006149,ORG-200583,PTR-003,2024-10-10,6258.5,37793.19,ach_remittance
RPY-0006150,ORG-200583,PTR-003,2024-10-17,10254.02,48047.21,ach_remittance
RPY-0006151,ORG-200583,PTR-003,2024-10-24,11551.47,59598.68,ach_remittance
RPY-0006152,ORG-200584,PTR-003,2025-04-12,2536.21,2536.21,ach_remittance
RPY-0006153,ORG-200584,PTR-003,2025-04-19,1882.65,4418.86,ach_remittance
RPY-0006154,ORG-200584,PTR-003,2025-04-26,1688.51,6107.37,ach_remittance
RPY-0006155,ORG-200584,PTR-003,2025-05-03,2096.68,8204.05,ach_remittance
RPY-0006156,ORG-200584,PTR-003,2025-05-10,2003.91,10207.96,ach_remittance
RPY-0006157,ORG-200584,PTR-003,2025-05-17,2655.87,12863.83,ach_remittance
RPY-0006158,ORG-200584,PTR-003,2025-05-24,2322.68,15186.51,ach_remittance
RPY-0006159,ORG-200584,PTR-003,2025-05-31,1119.11,16305.62,ach_remittance
RPY-0006160,ORG-200585,PTR-001,2022-08-20,8292.99,8292.99,ach_remittance
RPY-0006161,ORG-200585,PTR-001,2022-08-27,5060.12,13353.11,ach_remittance
RPY-0006162,ORG-200585,PTR-001,2022-09-03,4845.77,18198.88,ach_remittance
RPY-0006163,ORG-200585,PTR-001,2022-09-10,8937.12,27136.0,ach_remittance
RPY-0006164,ORG-200585,PTR-001,2022-09-17,9529.14,36665.14,ach_remittance
RPY-0006165,ORG-200585,PTR-001,2022-09-24,8744.0,45409.14,ach_remittance
RPY-0006166,ORG-200586,PTR-004,2022-11-27,2383.77,2383.77,ach_remittance
RPY-0006167,ORG-200586,PTR-004,2022-12-04,2204.5,4588.27,ach_remittance
RPY-0006168,ORG-200586,PTR-004,2022-12-11,2995.48,7583.75,ach_remittance
RPY-0006169,ORG-200586,PTR-004,2022-12-18,3260.73,10844.48,ach_remittance
RPY-0006170,ORG-200586,PTR-004,2022-12-25,2755.14,13599.62,ach_remittance
RPY-0006171,ORG-200586,PTR-004,2023-01-01,2784.41,16384.03,ach_remittance
RPY-0006172,ORG-200586,PTR-004,2023-01-08,2069.41,18453.44,ach_remittance
RPY-0006173,ORG-200586,PTR-004,2023-01-15,3038.32,21491.76,ach_remittance
RPY-0006174,ORG-200586,PTR-004,2023-01-22,1402.85,22894.61,manual_payment
RPY-0006175,ORG-200586,PTR-004,2023-01-29,2422.49,25317.1,ach_remittance
RPY-0006176,ORG-200586,PTR-004,2023-02-05,2879.06,28196.16,ach_remittance
RPY-0006177,ORG-200586,PTR-004,2023-02-12,3253.63,31449.79,ach_remittance
RPY-0006178,ORG-200586,PTR-004,2023-02-19,2506.82,33956.61,ach_remittance
RPY-0006179,ORG-200586,PTR-004,2023-02-26,1405.43,35362.04,ach_remittance
RPY-0006180,ORG-200586,PTR-004,2023-03-05,2832.12,38194.16,ach_remittance
RPY-0006181,ORG-200586,PTR-004,2023-03-12,1567.02,39761.18,ach_remittance
RPY-0006182,ORG-200586,PTR-004,2023-03-19,2156.93,41918.11,manual_payment
RPY-0006183,ORG-200586,PTR-004,2023-03-26,2480.51,44398.62,ach_remittance
RPY-0006184,ORG-200586,PTR-004,2023-04-02,1571.43,45970.05,ach_remittance
RPY-0006185,ORG-200586,PTR-004,2023-04-09,2782.24,48752.29,ach_remittance
RPY-0006186,ORG-200586,PTR-004,2023-04-16,1837.74,50590.03,ach_remittance
RPY-0006187,ORG-200586,PTR-004,2023-04-23,712.5,51302.53,ach_remittance
RPY-0006188,ORG-200587,PTR-004,2025-02-02,787.07,787.07,manual_payment
RPY-0006189,ORG-200587,PTR-004,2025-02-09,534.42,1321.49,ach_remittance
RPY-0006190,ORG-200587,PTR-004,2025-02-16,1099.99,2421.48,ach_remittance
RPY-0006191,ORG-200587,PTR-004,2025-02-23,710.21,3131.69,ach_remittance
RPY-0006192,ORG-200587,PTR-004,2025-03-02,818.9,3950.59,ach_remittance
RPY-0006193,ORG-200587,PTR-004,2025-03-09,1018.31,4968.9,ach_remittance
RPY-0006194,ORG-200587,PTR-004,2025-03-16,1080.09,6048.99,ach_remittance
RPY-0006195,ORG-200588,PTR-001,2022-11-11,921.09,921.09,ach_remittance
RPY-0006196,ORG-200588,PTR-001,2022-11-18,695.11,1616.2,ach_remittance
RPY-0006197,ORG-200588,PTR-001,2022-11-25,979.62,2595.82,ach_remittance
RPY-0006198,ORG-200588,PTR-001,2022-12-02,1060.74,3656.56,manual_payment
RPY-0006199,ORG-200588,PTR-001,2022-12-09,2044.51,5701.07,ach_remittance
RPY-0006200,ORG-200589,PTR-005,2022-10-17,539.95,539.95,ach_remittance
RPY-0006201,ORG-200589,PTR-005,2022-10-24,1071.38,1611.33,ach_remittance
RPY-0006202,ORG-200589,PTR-005,2022-10-31,1014.1,2625.43,ach_remittance
RPY-0006203,ORG-200589,PTR-005,2022-11-07,625.76,3251.19,ach_remittance
RPY-0006204,ORG-200589,PTR-005,2022-11-14,843.53,4094.72,ach_remittance
RPY-0006205,ORG-200589,PTR-005,2022-11-21,732.34,4827.06,manual_payment
RPY-0006206,ORG-200589,PTR-005,2022-11-28,1206.0,6033.06,ach_remittance
RPY-0006207,ORG-200589,PTR-005,2022-12-05,552.39,6585.45,ach_remittance
RPY-0006208,ORG-200589,PTR-005,2022-12-12,1154.03,7739.48,ach_remittance
RPY-0006209,ORG-200589,PTR-005,2022-12-19,1014.17,8753.65,ach_remittance
RPY-0006210,ORG-200589,PTR-005,2022-12-26,858.22,9611.87,ach_remittance
RPY-0006211,ORG-200589,PTR-005,2023-01-02,781.35,10393.22,ach_remittance
RPY-0006212,ORG-200589,PTR-005,2023-01-09,818.76,11211.98,ach_remittance
RPY-0006213,ORG-200589,PTR-005,2023-01-16,1123.07,12335.05,ach_remittance
RPY-0006214,ORG-200590,PTR-003,2022-05-30,574.25,574.25,ach_remittance
RPY-0006215,ORG-200590,PTR-003,2022-06-06,255.7,829.95,ach_remittance
RPY-0006216,ORG-200590,PTR-003,2022-06-13,546.85,1376.8,ach_remittance
RPY-0006217,ORG-200590,PTR-003,2022-06-20,260.3,1637.1,ach_remittance
RPY-0006218,ORG-200590,PTR-003,2022-06-27,307.31,1944.41,manual_payment
RPY-0006219,ORG-200590,PTR-003,2022-07-04,391.75,2336.16,manual_payment
RPY-0006220,ORG-200590,PTR-003,2022-07-11,577.47,2913.63,manual_payment
RPY-0006221,ORG-200591,PTR-005,2025-07-15,1416.3,1416.3,ach_remittance
RPY-0006222,ORG-200591,PTR-005,2025-07-22,1641.91,3058.21,ach_remittance
RPY-0006223,ORG-200591,PTR-005,2025-07-29,1819.57,4877.78,ach_remittance
RPY-0006224,ORG-200591,PTR-005,2025-08-05,1908.78,6786.56,ach_remittance
RPY-0006225,ORG-200591,PTR-005,2025-08-12,3328.79,10115.35,ach_remittance
RPY-0006226,ORG-200592,PTR-006,2025-07-29,1265.83,1265.83,ach_remittance
RPY-0006227,ORG-200592,PTR-006,2025-08-05,1768.38,3034.21,manual_payment
RPY-0006228,ORG-200592,PTR-006,2025-08-12,2039.99,5074.2,ach_remittance
RPY-0006229,ORG-200592,PTR-006,2025-08-19,2246.89,7321.09,ach_remittance
RPY-0006230,ORG-200592,PTR-006,2025-08-26,2419.94,9741.03,ach_remittance
RPY-0006231,ORG-200592,PTR-006,2025-09-02,1467.91,11208.94,ach_remittance
RPY-0006232,ORG-200592,PTR-006,2025-09-09,2136.52,13345.46,ach_remittance
RPY-0006233,ORG-200592,PTR-006,2025-09-16,2026.84,15372.3,ach_remittance
RPY-0006234,ORG-200592,PTR-006,2025-09-23,1500.86,16873.16,ach_remittance
RPY-0006235,ORG-200592,PTR-006,2025-09-30,2460.72,19333.88,ach_remittance
RPY-0006236,ORG-200592,PTR-006,2025-10-07,1430.87,20764.75,ach_remittance
RPY-0006237,ORG-200592,PTR-006,2025-10-14,2780.54,23545.29,ach_remittance
RPY-0006238,ORG-200592,PTR-006,2025-10-21,2836.31,26381.6,ach_remittance
RPY-0006239,ORG-200592,PTR-006,2025-10-28,2608.41,28990.01,ach_remittance
RPY-0006240,ORG-200592,PTR-006,2025-11-04,1857.43,30847.44,ach_remittance
RPY-0006241,ORG-200592,PTR-006,2025-11-11,2365.88,33213.32,ach_remittance
RPY-0006242,ORG-200592,PTR-006,2025-11-18,1474.02,34687.34,ach_remittance
RPY-0006243,ORG-200592,PTR-006,2025-11-25,2830.92,37518.26,ach_remittance
RPY-0006244,ORG-200592,PTR-006,2025-12-02,2239.51,39757.77,ach_remittance
RPY-0006245,ORG-200592,PTR-006,2025-12-09,2854.15,42611.92,ach_remittance
RPY-0006246,ORG-200592,PTR-006,2025-12-16,1946.54,44558.46,ach_remittance
RPY-0006247,ORG-200592,PTR-006,2025-12-23,1664.95,46223.41,ach_remittance
RPY-0006248,ORG-200592,PTR-006,2025-12-30,1997.67,48221.08,ach_remittance
RPY-0006249,ORG-200592,PTR-006,2026-01-06,2306.45,50527.53,ach_remittance
RPY-0006250,ORG-200592,PTR-006,2026-01-13,2268.43,52795.96,ach_remittance
RPY-0006251,ORG-200592,PTR-006,2026-01-20,1284.36,54080.32,ach_remittance
RPY-0006252,ORG-200592,PTR-006,2026-01-27,1402.51,55482.83,ach_remittance
RPY-0006253,ORG-200592,PTR-006,2026-02-03,1672.43,57155.26,ach_remittance
RPY-0006254,ORG-200593,PTR-004,2024-02-21,780.26,780.26,ach_remittance
RPY-0006255,ORG-200593,PTR-004,2024-02-28,1201.55,1981.81,ach_remittance
RPY-0006256,ORG-200593,PTR-004,2024-03-06,1173.32,3155.13,ach_remittance
RPY-0006257,ORG-200593,PTR-004,2024-03-13,791.36,3946.49,ach_remittance
RPY-0006258,ORG-200593,PTR-004,2024-03-20,1330.14,5276.63,manual_payment
RPY-0006259,ORG-200593,PTR-004,2024-03-27,995.81,6272.44,ach_remittance
RPY-0006260,ORG-200593,PTR-004,2024-04-03,1306.57,7579.01,ach_remittance
RPY-0006261,ORG-200594,PTR-006,2025-10-08,880.46,880.46,ach_remittance
RPY-0006262,ORG-200594,PTR-006,2025-10-15,840.08,1720.54,ach_remittance
RPY-0006263,ORG-200594,PTR-006,2025-10-22,1014.33,2734.87,ach_remittance
RPY-0006264,ORG-200594,PTR-006,2025-10-29,659.74,3394.61,ach_remittance
RPY-0006265,ORG-200594,PTR-006,2025-11-05,1082.34,4476.95,ach_remittance
RPY-0006266,ORG-200594,PTR-006,2025-11-12,626.07,5103.02,ach_remittance
RPY-0006267,ORG-200594,PTR-006,2025-11-19,1982.03,7085.05,ach_remittance
RPY-0006268,ORG-200595,PTR-001,2022-06-25,7314.27,7314.27,ach_remittance
RPY-0006269,ORG-200595,PTR-001,2022-07-02,5220.72,12534.99,ach_remittance
RPY-0006270,ORG-200595,PTR-001,2022-07-09,6773.74,19308.73,ach_remittance
RPY-0006271,ORG-200595,PTR-001,2022-07-16,3419.54,22728.27,ach_remittance
RPY-0006272,ORG-200595,PTR-001,2022-07-23,5652.46,28380.73,ach_remittance
RPY-0006273,ORG-200595,PTR-001,2022-07-30,6710.3,35091.03,ach_remittance
RPY-0006274,ORG-200595,PTR-001,2022-08-06,5146.37,40237.4,ach_remittance
RPY-0006275,ORG-200595,PTR-001,2022-08-13,4319.29,44556.69,manual_payment
RPY-0006276,ORG-200595,PTR-001,2022-08-20,6569.23,51125.92,ach_remittance
RPY-0006277,ORG-200595,PTR-001,2022-08-27,5549.62,56675.54,ach_remittance
RPY-0006278,ORG-200596,PTR-005,2022-09-04,2288.15,2288.15,manual_payment
RPY-0006279,ORG-200596,PTR-005,2022-09-11,2887.1,5175.25,ach_remittance
RPY-0006280,ORG-200596,PTR-005,2022-09-18,2395.35,7570.6,manual_payment
RPY-0006281,ORG-200596,PTR-005,2022-09-25,2752.31,10322.91,ach_remittance
RPY-0006282,ORG-200596,PTR-005,2022-10-02,2767.83,13090.74,ach_remittance
RPY-0006283,ORG-200596,PTR-005,2022-10-09,1662.51,14753.25,ach_remittance
RPY-0006284,ORG-200596,PTR-005,2022-10-16,2028.19,16781.44,ach_remittance
RPY-0006285,ORG-200596,PTR-005,2022-10-23,1576.9,18358.34,ach_remittance
RPY-0006286,ORG-200597,PTR-001,2022-09-11,1553.28,1553.28,ach_remittance
RPY-0006287,ORG-200597,PTR-001,2022-09-18,1303.96,2857.24,ach_remittance
RPY-0006288,ORG-200597,PTR-001,2022-09-25,1741.0,4598.24,ach_remittance
RPY-0006289,ORG-200597,PTR-001,2022-10-02,1820.66,6418.9,ach_remittance
RPY-0006290,ORG-200597,PTR-001,2022-10-09,1699.84,8118.74,ach_remittance
RPY-0006291,ORG-200597,PTR-001,2022-10-16,1739.76,9858.5,ach_remittance
RPY-0006292,ORG-200597,PTR-001,2022-10-23,1920.72,11779.22,manual_payment
RPY-0006293,ORG-200597,PTR-001,2022-10-30,1390.89,13170.11,ach_remittance
RPY-0006294,ORG-200597,PTR-001,2022-11-06,1659.77,14829.88,ach_remittance
RPY-0006295,ORG-200597,PTR-001,2022-11-13,1854.9,16684.78,ach_remittance
RPY-0006296,ORG-200597,PTR-001,2022-11-20,2177.7,18862.48,ach_remittance
RPY-0006297,ORG-200597,PTR-001,2022-11-27,2256.86,21119.34,ach_remittance
RPY-0006298,ORG-200597,PTR-001,2022-12-04,1356.87,22476.21,ach_remittance
RPY-0006299,ORG-200597,PTR-001,2022-12-11,2147.75,24623.96,ach_remittance
RPY-0006300,ORG-200597,PTR-001,2022-12-18,1615.19,26239.15,ach_remittance
RPY-0006301,ORG-200597,PTR-001,2022-12-25,2171.57,28410.72,ach_remittance
RPY-0006302,ORG-200597,PTR-001,2023-01-01,1758.97,30169.69,ach_remittance
RPY-0006303,ORG-200597,PTR-001,2023-01-08,1125.48,31295.17,ach_remittance
RPY-0006304,ORG-200597,PTR-001,2023-01-15,1865.06,33160.23,ach_remittance
RPY-0006305,ORG-200597,PTR-001,2023-01-22,2353.91,35514.14,ach_remittance
RPY-0006306,ORG-200597,PTR-001,2023-01-29,1476.48,36990.62,manual_payment
RPY-0006307,ORG-200597,PTR-001,2023-02-05,2097.38,39088.0,ach_remittance
RPY-0006308,ORG-200597,PTR-001,2023-02-12,2185.07,41273.07,ach_remittance
RPY-0006309,ORG-200597,PTR-001,2023-02-19,2449.81,43722.88,manual_payment
RPY-0006310,ORG-200597,PTR-001,2023-02-26,1309.75,45032.63,ach_remittance
RPY-0006311,ORG-200597,PTR-001,2023-03-05,2304.34,47336.97,ach_remittance
RPY-0006312,ORG-200597,PTR-001,2023-03-12,2161.8,49498.77,ach_remittance
RPY-0006313,ORG-200597,PTR-001,2023-03-19,1630.94,51129.71,ach_remittance
RPY-0006314,ORG-200597,PTR-001,2023-03-26,2273.23,53402.94,ach_remittance
RPY-0006315,ORG-200598,PTR-005,2025-11-05,6951.4,6951.4,ach_remittance
RPY-0006316,ORG-200598,PTR-005,2025-11-12,6739.88,13691.28,ach_remittance
RPY-0006317,ORG-200598,PTR-005,2025-11-19,8533.65,22224.93,ach_remittance
RPY-0006318,ORG-200598,PTR-005,2025-11-26,8574.68,30799.61,ach_remittance
RPY-0006319,ORG-200598,PTR-005,2025-12-03,918.93,31718.54,manual_payment
RPY-0006320,ORG-200599,PTR-001,2025-08-28,5858.96,5858.96,ach_remittance
RPY-0006321,ORG-200599,PTR-001,2025-09-04,3679.16,9538.12,ach_remittance
RPY-0006322,ORG-200599,PTR-001,2025-09-11,3299.05,12837.17,ach_remittance
RPY-0006323,ORG-200599,PTR-001,2025-09-18,3718.36,16555.53,ach_remittance
RPY-0006324,ORG-200599,PTR-001,2025-09-25,4941.19,21496.72,ach_remittance
RPY-0006325,ORG-200599,PTR-001,2025-10-02,3121.01,24617.73,manual_payment
RPY-0006326,ORG-200599,PTR-001,2025-10-09,4021.67,28639.4,ach_remittance
RPY-0006327,ORG-200599,PTR-001,2025-10-16,4494.66,33134.06,ach_remittance
RPY-0006328,ORG-200599,PTR-001,2025-10-23,9896.72,43030.78,manual_payment
RPY-0006329,ORG-200600,PTR-001,2024-03-12,975.11,975.11,ach_remittance
RPY-0006330,ORG-200600,PTR-001,2024-03-19,1021.56,1996.67,ach_remittance
RPY-0006331,ORG-200600,PTR-001,2024-03-26,681.99,2678.66,ach_remittance
RPY-0006332,ORG-200600,PTR-001,2024-04-02,530.89,3209.55,manual_payment
RPY-0006333,ORG-200600,PTR-001,2024-04-09,484.39,3693.94,ach_remittance
RPY-0006334,ORG-200600,PTR-001,2024-04-16,954.19,4648.13,ach_remittance
RPY-0006335,ORG-200600,PTR-001,2024-04-23,877.26,5525.39,ach_remittance
RPY-0006336,ORG-200601,PTR-002,2022-08-23,6287.33,6287.33,ach_remittance
RPY-0006337,ORG-200601,PTR-002,2022-08-30,4099.01,10386.34,manual_payment
RPY-0006338,ORG-200601,PTR-002,2022-09-06,3737.13,14123.47,ach_remittance
RPY-0006339,ORG-200601,PTR-002,2022-09-13,4984.76,19108.23,ach_remittance
RPY-0006340,ORG-200601,PTR-002,2022-09-20,4144.01,23252.24,ach_remittance
RPY-0006341,ORG-200601,PTR-002,2022-09-27,4276.96,27529.2,ach_remittance
RPY-0006342,ORG-200601,PTR-002,2022-10-04,3021.01,30550.21,ach_remittance
RPY-0006343,ORG-200601,PTR-002,2022-10-11,7420.61,37970.82,ach_remittance
RPY-0006344,ORG-200602,PTR-002,2024-01-11,142.12,142.12,manual_payment
RPY-0006345,ORG-200602,PTR-002,2024-01-18,146.74,288.86,ach_remittance
RPY-0006346,ORG-200602,PTR-002,2024-01-25,133.15,422.01,ach_remittance
RPY-0006347,ORG-200602,PTR-002,2024-02-01,164.62,586.63,ach_remittance
RPY-0006348,ORG-200602,PTR-002,2024-02-08,163.31,749.94,ach_remittance
RPY-0006349,ORG-200602,PTR-002,2024-02-15,166.06,916.0,manual_payment
RPY-0006350,ORG-200602,PTR-002,2024-02-22,99.51,1015.51,ach_remittance
RPY-0006351,ORG-200602,PTR-002,2024-02-29,202.93,1218.44,ach_remittance
RPY-0006352,ORG-200602,PTR-002,2024-03-07,179.17,1397.61,ach_remittance
RPY-0006353,ORG-200602,PTR-002,2024-03-14,122.85,1520.46,manual_payment
RPY-0006354,ORG-200602,PTR-002,2024-03-21,123.46,1643.92,ach_remittance
RPY-0006355,ORG-200602,PTR-002,2024-03-28,170.88,1814.8,ach_remittance
RPY-0006356,ORG-200602,PTR-002,2024-04-04,133.04,1947.84,ach_remittance
RPY-0006357,ORG-200602,PTR-002,2024-04-11,108.32,2056.16,ach_remittance
RPY-0006358,ORG-200602,PTR-002,2024-04-18,176.29,2232.45,ach_remittance
RPY-0006359,ORG-200602,PTR-002,2024-04-25,135.33,2367.78,ach_remittance
RPY-0006360,ORG-200602,PTR-002,2024-05-02,140.97,2508.75,ach_remittance
RPY-0006361,ORG-200602,PTR-002,2024-05-09,185.93,2694.68,ach_remittance
RPY-0006362,ORG-200602,PTR-002,2024-05-16,140.71,2835.39,ach_remittance
RPY-0006363,ORG-200602,PTR-002,2024-05-23,104.02,2939.41,ach_remittance
RPY-0006364,ORG-200602,PTR-002,2024-05-30,192.8,3132.21,ach_remittance
RPY-0006365,ORG-200602,PTR-002,2024-06-06,104.92,3237.13,ach_remittance
RPY-0006366,ORG-200602,PTR-002,2024-06-13,188.96,3426.09,ach_remittance
RPY-0006367,ORG-200602,PTR-002,2024-06-20,95.57,3521.66,ach_remittance
RPY-0006368,ORG-200603,PTR-002,2024-11-05,5294.4,5294.4,ach_remittance
RPY-0006369,ORG-200603,PTR-002,2024-11-12,3571.95,8866.35,ach_remittance
RPY-0006370,ORG-200603,PTR-002,2024-11-19,7638.83,16505.18,ach_remittance
RPY-0006371,ORG-200603,PTR-002,2024-11-26,5234.64,21739.82,ach_remittance
RPY-0006372,ORG-200603,PTR-002,2024-12-03,4241.08,25980.9,ach_remittance
RPY-0006373,ORG-200603,PTR-002,2024-12-10,7005.43,32986.33,ach_remittance
RPY-0006374,ORG-200603,PTR-002,2024-12-17,4622.65,37608.98,ach_remittance
RPY-0006375,ORG-200603,PTR-002,2024-12-24,8173.01,45781.99,manual_payment
RPY-0006376,ORG-200604,PTR-005,2023-10-13,3515.04,3515.04,ach_remittance
RPY-0006377,ORG-200604,PTR-005,2023-10-20,4876.47,8391.51,ach_remittance
RPY-0006378,ORG-200604,PTR-005,2023-10-27,5352.36,13743.87,ach_remittance
RPY-0006379,ORG-200604,PTR-005,2023-11-03,3571.88,17315.75,ach_remittance
RPY-0006380,ORG-200604,PTR-005,2023-11-10,3891.13,21206.88,manual_payment
RPY-0006381,ORG-200604,PTR-005,2023-11-17,4770.59,25977.47,manual_payment
RPY-0006382,ORG-200604,PTR-005,2023-11-24,5186.19,31163.66,ach_remittance
RPY-0006383,ORG-200604,PTR-005,2023-12-01,2942.66,34106.32,ach_remittance
RPY-0006384,ORG-200604,PTR-005,2023-12-08,3148.96,37255.28,ach_remittance
RPY-0006385,ORG-200604,PTR-005,2023-12-15,3744.27,40999.55,ach_remittance
RPY-0006386,ORG-200605,PTR-004,2024-02-06,820.43,820.43,ach_remittance
RPY-0006387,ORG-200605,PTR-004,2024-02-13,518.0,1338.43,ach_remittance
RPY-0006388,ORG-200605,PTR-004,2024-02-20,924.86,2263.29,ach_remittance
RPY-0006389,ORG-200605,PTR-004,2024-02-27,987.51,3250.8,ach_remittance
RPY-0006390,ORG-200605,PTR-004,2024-03-05,628.26,3879.06,ach_remittance
RPY-0006391,ORG-200605,PTR-004,2024-03-12,656.24,4535.3,ach_remittance
RPY-0006392,ORG-200606,PTR-005,2023-01-12,1754.63,1754.63,ach_remittance
RPY-0006393,ORG-200606,PTR-005,2023-01-19,773.03,2527.66,ach_remittance
RPY-0006394,ORG-200606,PTR-005,2023-01-26,1660.05,4187.71,ach_remittance
RPY-0006395,ORG-200606,PTR-005,2023-02-02,1161.21,5348.92,ach_remittance
RPY-0006396,ORG-200606,PTR-005,2023-02-09,837.3,6186.22,ach_remittance
RPY-0006397,ORG-200606,PTR-005,2023-02-16,784.52,6970.74,manual_payment
RPY-0006398,ORG-200606,PTR-005,2023-02-23,1229.04,8199.78,ach_remittance
RPY-0006399,ORG-200606,PTR-005,2023-03-02,778.5,8978.28,ach_remittance
RPY-0006400,ORG-200606,PTR-005,2023-03-09,1768.64,10746.92,ach_remittance
RPY-0006401,ORG-200606,PTR-005,2023-03-16,1902.2,12649.12,ach_remittance
RPY-0006402,ORG-200607,PTR-001,2025-04-04,4474.23,4474.23,ach_remittance
RPY-0006403,ORG-200607,PTR-001,2025-04-11,2953.37,7427.6,ach_remittance
RPY-0006404,ORG-200607,PTR-001,2025-04-18,4963.9,12391.5,ach_remittance
RPY-0006405,ORG-200607,PTR-001,2025-04-25,2168.66,14560.16,ach_remittance
RPY-0006406,ORG-200607,PTR-001,2025-05-02,3769.31,18329.47,ach_remittance
RPY-0006407,ORG-200607,PTR-001,2025-05-09,4324.62,22654.09,ach_remittance
RPY-0006408,ORG-200607,PTR-001,2025-05-16,2328.12,24982.21,ach_remittance
RPY-0006409,ORG-200607,PTR-001,2025-05-23,3921.37,28903.58,ach_remittance
RPY-0006410,ORG-200607,PTR-001,2025-05-30,4986.16,33889.74,ach_remittance
RPY-0006411,ORG-200607,PTR-001,2025-06-06,4159.96,38049.7,ach_remittance
RPY-0006412,ORG-200607,PTR-001,2025-06-13,3889.58,41939.28,ach_remittance
RPY-0006413,ORG-200607,PTR-001,2025-06-20,1127.99,43067.27,ach_remittance
RPY-0006414,ORG-200608,PTR-004,2024-06-05,6360.7,6360.7,ach_remittance
RPY-0006415,ORG-200608,PTR-004,2024-06-12,6046.05,12406.75,ach_remittance
RPY-0006416,ORG-200608,PTR-004,2024-06-19,5213.29,17620.04,ach_remittance
RPY-0006417,ORG-200608,PTR-004,2024-06-26,6040.16,23660.2,ach_remittance
RPY-0006418,ORG-200608,PTR-004,2024-07-03,4138.21,27798.41,ach_remittance
RPY-0006419,ORG-200608,PTR-004,2024-07-10,5948.8,33747.21,ach_remittance
RPY-0006420,ORG-200608,PTR-004,2024-07-17,4866.86,38614.07,ach_remittance
RPY-0006421,ORG-200608,PTR-004,2024-07-24,4699.44,43313.51,manual_payment
RPY-0006422,ORG-200609,PTR-005,2022-01-28,2989.35,2989.35,ach_remittance
RPY-0006423,ORG-200609,PTR-005,2022-02-04,2095.33,5084.68,manual_payment
RPY-0006424,ORG-200609,PTR-005,2022-02-11,2128.1,7212.78,manual_payment
RPY-0006425,ORG-200609,PTR-005,2022-02-18,2549.17,9761.95,ach_remittance
RPY-0006426,ORG-200609,PTR-005,2022-02-25,2385.24,12147.19,ach_remittance
RPY-0006427,ORG-200609,PTR-005,2022-03-04,3113.58,15260.77,ach_remittance
RPY-0006428,ORG-200609,PTR-005,2022-03-11,2937.45,18198.22,ach_remittance
RPY-0006429,ORG-200609,PTR-005,2022-03-18,3034.21,21232.43,ach_remittance
RPY-0006430,ORG-200609,PTR-005,2022-03-25,2061.51,23293.94,ach_remittance
RPY-0006431,ORG-200609,PTR-005,2022-04-01,2266.98,25560.92,ach_remittance
RPY-0006432,ORG-200609,PTR-005,2022-04-08,3881.26,29442.18,ach_remittance
RPY-0006433,ORG-200609,PTR-005,2022-04-15,1857.73,31299.91,ach_remittance
RPY-0006434,ORG-200609,PTR-005,2022-04-22,2555.61,33855.52,ach_remittance
RPY-0006435,ORG-200609,PTR-005,2022-04-29,2458.2,36313.72,ach_remittance
RPY-0006436,ORG-200609,PTR-005,2022-05-06,1839.88,38153.6,ach_remittance
RPY-0006437,ORG-200609,PTR-005,2022-05-13,3362.93,41516.53,ach_remittance
RPY-0006438,ORG-200609,PTR-005,2022-05-20,2349.75,43866.28,ach_remittance
RPY-0006439,ORG-200609,PTR-005,2022-05-27,3257.37,47123.65,manual_payment
RPY-0006440,ORG-200609,PTR-005,2022-06-03,3649.19,50772.84,ach_remittance
RPY-0006441,ORG-200609,PTR-005,2022-06-10,3553.36,54326.2,ach_remittance
RPY-0006442,ORG-200609,PTR-005,2022-06-17,2352.38,56678.58,ach_remittance
RPY-0006443,ORG-200609,PTR-005,2022-06-24,3122.87,59801.45,ach_remittance
RPY-0006444,ORG-200609,PTR-005,2022-07-01,2263.2,62064.65,ach_remittance
RPY-0006445,ORG-200609,PTR-005,2022-07-08,2374.45,64439.1,ach_remittance
RPY-0006446,ORG-200609,PTR-005,2022-07-15,3794.27,68233.37,ach_remittance
RPY-0006447,ORG-200609,PTR-005,2022-07-22,2005.55,70238.92,ach_remittance
RPY-0006448,ORG-200609,PTR-005,2022-07-29,1765.48,72004.4,ach_remittance
RPY-0006449,ORG-200609,PTR-005,2022-08-05,3388.01,75392.41,ach_remittance
RPY-0006450,ORG-200609,PTR-005,2022-08-12,2228.85,77621.26,ach_remittance
RPY-0006451,ORG-200609,PTR-005,2022-08-19,3900.61,81521.87,ach_remittance
RPY-0006452,ORG-200609,PTR-005,2022-08-26,6564.32,88086.19,ach_remittance
RPY-0006453,ORG-200610,PTR-002,2022-09-06,4323.67,4323.67,manual_payment
RPY-0006454,ORG-200610,PTR-002,2022-09-13,4542.56,8866.23,ach_remittance
RPY-0006455,ORG-200610,PTR-002,2022-09-20,3859.44,12725.67,manual_payment
RPY-0006456,ORG-200610,PTR-002,2022-09-27,2872.04,15597.71,ach_remittance
RPY-0006457,ORG-200610,PTR-002,2022-10-04,5725.67,21323.38,ach_remittance
RPY-0006458,ORG-200610,PTR-002,2022-10-11,3164.99,24488.37,ach_remittance
RPY-0006459,ORG-200610,PTR-002,2022-10-18,4498.82,28987.19,ach_remittance
RPY-0006460,ORG-200610,PTR-002,2022-10-25,5808.11,34795.3,ach_remittance
RPY-0006461,ORG-200610,PTR-002,2022-11-01,3495.06,38290.36,ach_remittance
RPY-0006462,ORG-200610,PTR-002,2022-11-08,5455.76,43746.12,manual_payment
RPY-0006463,ORG-200610,PTR-002,2022-11-15,4214.36,47960.48,ach_remittance
RPY-0006464,ORG-200610,PTR-002,2022-11-22,8362.27,56322.75,ach_remittance
RPY-0006465,ORG-200611,PTR-004,2025-07-02,2941.74,2941.74,manual_payment
RPY-0006466,ORG-200611,PTR-004,2025-07-09,2562.74,5504.48,ach_remittance
RPY-0006467,ORG-200611,PTR-004,2025-07-16,2893.97,8398.45,ach_remittance
RPY-0006468,ORG-200611,PTR-004,2025-07-23,1975.92,10374.37,ach_remittance
RPY-0006469,ORG-200611,PTR-004,2025-07-30,1979.61,12353.98,ach_remittance
RPY-0006470,ORG-200611,PTR-004,2025-08-06,2195.13,14549.11,ach_remittance
RPY-0006471,ORG-200612,PTR-001,2023-09-13,5443.76,5443.76,ach_remittance
RPY-0006472,ORG-200612,PTR-001,2023-09-20,7161.38,12605.14,ach_remittance
RPY-0006473,ORG-200612,PTR-001,2023-09-27,3821.2,16426.34,ach_remittance
RPY-0006474,ORG-200612,PTR-001,2023-10-04,7404.06,23830.4,ach_remittance
RPY-0006475,ORG-200612,PTR-001,2023-10-11,6405.11,30235.51,ach_remittance
RPY-0006476,ORG-200612,PTR-001,2023-10-18,3879.9,34115.41,manual_payment
RPY-0006477,ORG-200612,PTR-001,2023-10-25,5563.3,39678.71,ach_remittance
RPY-0006478,ORG-200612,PTR-001,2023-11-01,3272.62,42951.33,ach_remittance
RPY-0006479,ORG-200613,PTR-006,2025-07-29,9029.29,9029.29,ach_remittance
RPY-0006480,ORG-200613,PTR-006,2025-08-05,7952.68,16981.97,ach_remittance
RPY-0006481,ORG-200613,PTR-006,2025-08-12,9158.72,26140.69,ach_remittance
RPY-0006482,ORG-200613,PTR-006,2025-08-19,4459.01,30599.7,ach_remittance
RPY-0006483,ORG-200613,PTR-006,2025-08-26,8929.66,39529.36,ach_remittance
RPY-0006484,ORG-200613,PTR-006,2025-09-02,6421.37,45950.73,ach_remittance
RPY-0006485,ORG-200613,PTR-006,2025-09-09,207.46,46158.19,ach_remittance
RPY-0006486,ORG-200614,PTR-004,2026-05-13,10592.43,10592.43,ach_remittance
RPY-0006487,ORG-200614,PTR-004,2026-05-20,10556.76,21149.19,manual_payment
RPY-0006488,ORG-200614,PTR-004,2026-05-27,8631.27,29780.46,ach_remittance
RPY-0006489,ORG-200614,PTR-004,2026-06-03,6006.13,35786.59,ach_remittance
RPY-0006490,ORG-200614,PTR-004,2026-06-10,6300.85,42087.44,ach_remittance
RPY-0006491,ORG-200614,PTR-004,2026-06-17,6633.12,48720.56,ach_remittance
RPY-0006492,ORG-200614,PTR-004,2026-06-24,11149.33,59869.89,ach_remittance
RPY-0006493,ORG-200614,PTR-004,2026-07-01,5696.15,65566.04,ach_remittance
RPY-0006494,ORG-200614,PTR-004,2026-07-08,6304.22,71870.26,ach_remittance
RPY-0006495,ORG-200614,PTR-004,2026-07-15,6405.73,78275.99,ach_remittance
RPY-0006496,ORG-200614,PTR-004,2026-07-22,16070.5,94346.49,ach_remittance
RPY-0006497,ORG-200615,PTR-005,2023-01-29,6361.54,6361.54,manual_payment
RPY-0006498,ORG-200615,PTR-005,2023-02-05,10948.69,17310.23,ach_remittance
RPY-0006499,ORG-200615,PTR-005,2023-02-12,6240.13,23550.36,ach_remittance
RPY-0006500,ORG-200615,PTR-005,2023-02-19,5724.96,29275.32,ach_remittance
RPY-0006501,ORG-200615,PTR-005,2023-02-26,6325.46,35600.78,manual_payment
RPY-0006502,ORG-200615,PTR-005,2023-03-05,5220.67,40821.45,ach_remittance
RPY-0006503,ORG-200615,PTR-005,2023-03-12,7983.76,48805.21,ach_remittance
RPY-0006504,ORG-200615,PTR-005,2023-03-19,9871.95,58677.16,manual_payment
RPY-0006505,ORG-200615,PTR-005,2023-03-26,7931.82,66608.98,manual_payment
RPY-0006506,ORG-200615,PTR-005,2023-04-02,11410.14,78019.12,ach_remittance
RPY-0006507,ORG-200615,PTR-005,2023-04-09,16007.65,94026.77,ach_remittance
RPY-0006508,ORG-200616,PTR-001,2022-06-29,1198.63,1198.63,ach_remittance
RPY-0006509,ORG-200616,PTR-001,2022-07-06,734.89,1933.52,ach_remittance
RPY-0006510,ORG-200616,PTR-001,2022-07-13,1256.73,3190.25,manual_payment
RPY-0006511,ORG-200616,PTR-001,2022-07-20,1346.47,4536.72,ach_remittance
RPY-0006512,ORG-200616,PTR-001,2022-07-27,414.61,4951.33,ach_remittance
RPY-0006513,ORG-200617,PTR-006,2025-11-11,2408.52,2408.52,ach_remittance
RPY-0006514,ORG-200617,PTR-006,2025-11-18,4848.53,7257.05,ach_remittance
RPY-0006515,ORG-200617,PTR-006,2025-11-25,2897.76,10154.81,ach_remittance
RPY-0006516,ORG-200617,PTR-006,2025-12-02,5055.26,15210.07,manual_payment
RPY-0006517,ORG-200617,PTR-006,2025-12-09,3957.21,19167.28,ach_remittance
RPY-0006518,ORG-200617,PTR-006,2025-12-16,2763.33,21930.61,ach_remittance
RPY-0006519,ORG-200617,PTR-006,2025-12-23,2513.97,24444.58,ach_remittance
RPY-0006520,ORG-200617,PTR-006,2025-12-30,4216.33,28660.91,ach_remittance
RPY-0006521,ORG-200617,PTR-006,2026-01-06,4259.0,32919.91,ach_remittance
RPY-0006522,ORG-200617,PTR-006,2026-01-13,4484.48,37404.39,ach_remittance
RPY-0006523,ORG-200618,PTR-002,2026-01-12,506.66,506.66,ach_remittance
RPY-0006524,ORG-200618,PTR-002,2026-01-19,511.41,1018.07,ach_remittance
RPY-0006525,ORG-200618,PTR-002,2026-01-26,285.18,1303.25,ach_remittance
RPY-0006526,ORG-200618,PTR-002,2026-02-02,505.07,1808.32,ach_remittance
RPY-0006527,ORG-200618,PTR-002,2026-02-09,376.66,2184.98,ach_remittance
RPY-0006528,ORG-200618,PTR-002,2026-02-16,512.39,2697.37,manual_payment
RPY-0006529,ORG-200618,PTR-002,2026-02-23,493.98,3191.35,ach_remittance
RPY-0006530,ORG-200618,PTR-002,2026-03-02,307.39,3498.74,ach_remittance
RPY-0006531,ORG-200618,PTR-002,2026-03-09,421.83,3920.57,manual_payment
RPY-0006532,ORG-200618,PTR-002,2026-03-16,301.75,4222.32,ach_remittance
RPY-0006533,ORG-200619,PTR-001,2023-01-29,3983.1,3983.1,ach_remittance
RPY-0006534,ORG-200619,PTR-001,2023-02-05,6596.9,10580.0,ach_remittance
RPY-0006535,ORG-200619,PTR-001,2023-02-12,5118.02,15698.02,ach_remittance
RPY-0006536,ORG-200619,PTR-001,2023-02-19,7645.16,23343.18,ach_remittance
RPY-0006537,ORG-200619,PTR-001,2023-02-26,5128.39,28471.57,ach_remittance
RPY-0006538,ORG-200619,PTR-001,2023-03-05,5463.55,33935.12,ach_remittance
RPY-0006539,ORG-200619,PTR-001,2023-03-12,7923.73,41858.85,ach_remittance
RPY-0006540,ORG-200619,PTR-001,2023-03-19,6034.42,47893.27,ach_remittance
RPY-0006541,ORG-200619,PTR-001,2023-03-26,3830.08,51723.35,ach_remittance
RPY-0006542,ORG-200619,PTR-001,2023-04-02,5253.01,56976.36,ach_remittance
RPY-0006543,ORG-200619,PTR-001,2023-04-09,7528.24,64504.6,ach_remittance
RPY-0006544,ORG-200619,PTR-001,2023-04-16,7607.32,72111.92,ach_remittance
RPY-0006545,ORG-200619,PTR-001,2023-04-23,6634.44,78746.36,ach_remittance
RPY-0006546,ORG-200619,PTR-001,2023-04-30,6129.95,84876.31,ach_remittance
RPY-0006547,ORG-200619,PTR-001,2023-05-07,5960.1,90836.41,ach_remittance
RPY-0006548,ORG-200619,PTR-001,2023-05-14,4094.08,94930.49,manual_payment
RPY-0006549,ORG-200619,PTR-001,2023-05-21,8595.14,103525.63,ach_remittance
RPY-0006550,ORG-200619,PTR-001,2023-05-28,4919.3,108444.93,ach_remittance
RPY-0006551,ORG-200619,PTR-001,2023-06-04,11122.26,119567.19,ach_remittance
RPY-0006552,ORG-200620,PTR-003,2026-05-26,466.69,466.69,ach_remittance
RPY-0006553,ORG-200620,PTR-003,2026-06-02,486.46,953.15,ach_remittance
RPY-0006554,ORG-200620,PTR-003,2026-06-09,638.83,1591.98,ach_remittance
RPY-0006555,ORG-200620,PTR-003,2026-06-16,481.33,2073.31,ach_remittance
RPY-0006556,ORG-200620,PTR-003,2026-06-23,786.93,2860.24,ach_remittance
RPY-0006557,ORG-200620,PTR-003,2026-06-30,473.12,3333.36,ach_remittance
RPY-0006558,ORG-200620,PTR-003,2026-07-07,528.64,3862.0,ach_remittance
RPY-0006559,ORG-200620,PTR-003,2026-07-14,596.01,4458.01,ach_remittance
RPY-0006560,ORG-200620,PTR-003,2026-07-21,646.55,5104.56,ach_remittance
RPY-0006561,ORG-200620,PTR-003,2026-07-28,751.09,5855.65,ach_remittance
RPY-0006562,ORG-200620,PTR-003,2026-08-04,536.91,6392.56,ach_remittance
RPY-0006563,ORG-200620,PTR-003,2026-08-11,525.77,6918.33,ach_remittance
RPY-0006564,ORG-200621,PTR-004,2024-12-02,7988.31,7988.31,ach_remittance
RPY-0006565,ORG-200621,PTR-004,2024-12-09,3840.04,11828.35,ach_remittance
RPY-0006566,ORG-200622,PTR-006,2022-02-18,5246.13,5246.13,ach_remittance
RPY-0006567,ORG-200622,PTR-006,2022-02-25,3536.56,8782.69,ach_remittance
RPY-0006568,ORG-200622,PTR-006,2022-03-04,4415.33,13198.02,ach_remittance
RPY-0006569,ORG-200622,PTR-006,2022-03-11,4591.94,17789.96,ach_remittance
RPY-0006570,ORG-200622,PTR-006,2022-03-18,10429.69,28219.65,ach_remittance
RPY-0006571,ORG-200623,PTR-002,2022-10-12,2530.52,2530.52,ach_remittance
RPY-0006572,ORG-200623,PTR-002,2022-10-19,3622.96,6153.48,ach_remittance
RPY-0006573,ORG-200623,PTR-002,2022-10-26,3328.27,9481.75,ach_remittance
RPY-0006574,ORG-200623,PTR-002,2022-11-02,3317.36,12799.11,ach_remittance
RPY-0006575,ORG-200623,PTR-002,2022-11-09,3046.81,15845.92,ach_remittance
RPY-0006576,ORG-200623,PTR-002,2022-11-16,2111.17,17957.09,ach_remittance
RPY-0006577,ORG-200623,PTR-002,2022-11-23,3110.51,21067.6,ach_remittance
RPY-0006578,ORG-200623,PTR-002,2022-11-30,1737.5,22805.1,ach_remittance
RPY-0006579,ORG-200623,PTR-002,2022-12-07,2083.29,24888.39,ach_remittance
RPY-0006580,ORG-200623,PTR-002,2022-12-14,2300.15,27188.54,ach_remittance
RPY-0006581,ORG-200623,PTR-002,2022-12-21,3154.4,30342.94,ach_remittance
RPY-0006582,ORG-200623,PTR-002,2022-12-28,3529.69,33872.63,ach_remittance
RPY-0006583,ORG-200623,PTR-002,2023-01-04,1566.96,35439.59,ach_remittance
RPY-0006584,ORG-200624,PTR-004,2023-06-29,8144.27,8144.27,ach_remittance
RPY-0006585,ORG-200624,PTR-004,2023-07-06,6961.98,15106.25,ach_remittance
RPY-0006586,ORG-200624,PTR-004,2023-07-13,7920.07,23026.32,manual_payment
RPY-0006587,ORG-200624,PTR-004,2023-07-20,6132.44,29158.76,ach_remittance
RPY-0006588,ORG-200624,PTR-004,2023-07-27,4360.79,33519.55,manual_payment
RPY-0006589,ORG-200624,PTR-004,2023-08-03,8133.58,41653.13,ach_remittance
RPY-0006590,ORG-200624,PTR-004,2023-08-10,5384.89,47038.02,ach_remittance
RPY-0006591,ORG-200625,PTR-001,2022-09-10,4577.01,4577.01,ach_remittance
RPY-0006592,ORG-200625,PTR-001,2022-09-17,4070.25,8647.26,ach_remittance
RPY-0006593,ORG-200625,PTR-001,2022-09-24,5177.65,13824.91,ach_remittance
RPY-0006594,ORG-200625,PTR-001,2022-10-01,7100.72,20925.63,manual_payment
RPY-0006595,ORG-200625,PTR-001,2022-10-08,5003.75,25929.38,ach_remittance
RPY-0006596,ORG-200625,PTR-001,2022-10-15,5805.19,31734.57,ach_remittance
RPY-0006597,ORG-200625,PTR-001,2022-10-22,5705.22,37439.79,ach_remittance
RPY-0006598,ORG-200625,PTR-001,2022-10-29,4079.52,41519.31,ach_remittance
RPY-0006599,ORG-200625,PTR-001,2022-11-05,5484.44,47003.75,ach_remittance
RPY-0006600,ORG-200625,PTR-001,2022-11-12,4199.7,51203.45,ach_remittance
RPY-0006601,ORG-200625,PTR-001,2022-11-19,6077.48,57280.93,ach_remittance
RPY-0006602,ORG-200625,PTR-001,2022-11-26,4593.97,61874.9,ach_remittance
RPY-0006603,ORG-200625,PTR-001,2022-12-03,5928.85,67803.75,ach_remittance
RPY-0006604,ORG-200625,PTR-001,2022-12-10,3681.52,71485.27,ach_remittance
RPY-0006605,ORG-200625,PTR-001,2022-12-17,5612.5,77097.77,ach_remittance
RPY-0006606,ORG-200625,PTR-001,2022-12-24,5117.89,82215.66,ach_remittance
RPY-0006607,ORG-200625,PTR-001,2022-12-31,8440.67,90656.33,ach_remittance
RPY-0006608,ORG-200626,PTR-001,2026-05-15,4089.9,4089.9,ach_remittance
RPY-0006609,ORG-200626,PTR-001,2026-05-22,4014.18,8104.08,ach_remittance
RPY-0006610,ORG-200626,PTR-001,2026-05-29,4116.88,12220.96,manual_payment
RPY-0006611,ORG-200626,PTR-001,2026-06-05,3861.95,16082.91,ach_remittance
RPY-0006612,ORG-200626,PTR-001,2026-06-12,3198.85,19281.76,ach_remittance
RPY-0006613,ORG-200626,PTR-001,2026-06-19,1978.74,21260.5,ach_remittance
RPY-0006614,ORG-200626,PTR-001,2026-06-26,4462.1,25722.6,ach_remittance
RPY-0006615,ORG-200626,PTR-001,2026-07-03,2544.97,28267.57,ach_remittance
RPY-0006616,ORG-200626,PTR-001,2026-07-10,4276.64,32544.21,ach_remittance
RPY-0006617,ORG-200626,PTR-001,2026-07-17,4226.01,36770.22,ach_remittance
RPY-0006618,ORG-200626,PTR-001,2026-07-24,4376.44,41146.66,ach_remittance
RPY-0006619,ORG-200626,PTR-001,2026-07-31,1409.47,42556.13,ach_remittance
RPY-0006620,ORG-200627,PTR-005,2025-05-18,5154.21,5154.21,ach_remittance
RPY-0006621,ORG-200627,PTR-005,2025-05-25,3923.01,9077.22,manual_payment
RPY-0006622,ORG-200627,PTR-005,2025-06-01,6780.4,15857.62,manual_payment
RPY-0006623,ORG-200627,PTR-005,2025-06-08,6837.02,22694.64,ach_remittance
RPY-0006624,ORG-200627,PTR-005,2025-06-15,7910.7,30605.34,ach_remittance
RPY-0006625,ORG-200627,PTR-005,2025-06-22,6268.58,36873.92,ach_remittance
RPY-0006626,ORG-200628,PTR-005,2025-09-21,8512.04,8512.04,ach_remittance
RPY-0006627,ORG-200628,PTR-005,2025-09-28,11534.15,20046.19,ach_remittance
RPY-0006628,ORG-200628,PTR-005,2025-10-05,6277.12,26323.31,ach_remittance
RPY-0006629,ORG-200628,PTR-005,2025-10-12,9285.08,35608.39,manual_payment
RPY-0006630,ORG-200628,PTR-005,2025-10-19,7857.39,43465.78,manual_payment
RPY-0006631,ORG-200628,PTR-005,2025-10-26,11340.01,54805.79,ach_remittance
RPY-0006632,ORG-200628,PTR-005,2025-11-02,9875.83,64681.62,ach_remittance
RPY-0006633,ORG-200628,PTR-005,2025-11-09,7628.38,72310.0,ach_remittance
RPY-0006634,ORG-200628,PTR-005,2025-11-16,10417.45,82727.45,ach_remittance
RPY-0006635,ORG-200628,PTR-005,2025-11-23,5931.5,88658.95,ach_remittance
RPY-0006636,ORG-200628,PTR-005,2025-11-30,8606.43,97265.38,ach_remittance
RPY-0006637,ORG-200628,PTR-005,2025-12-07,3561.05,100826.43,ach_remittance
RPY-0006638,ORG-200629,PTR-001,2023-11-06,3001.78,3001.78,ach_remittance
RPY-0006639,ORG-200629,PTR-001,2023-11-13,2322.66,5324.44,ach_remittance
RPY-0006640,ORG-200629,PTR-001,2023-11-20,3366.81,8691.25,ach_remittance
RPY-0006641,ORG-200629,PTR-001,2023-11-27,1619.57,10310.82,ach_remittance
RPY-0006642,ORG-200629,PTR-001,2023-12-04,3183.53,13494.35,ach_remittance
RPY-0006643,ORG-200629,PTR-001,2023-12-11,3025.27,16519.62,ach_remittance
RPY-0006644,ORG-200629,PTR-001,2023-12-18,2246.06,18765.68,ach_remittance
RPY-0006645,ORG-200629,PTR-001,2023-12-25,2408.21,21173.89,ach_remittance
RPY-0006646,ORG-200629,PTR-001,2024-01-01,1646.78,22820.67,manual_payment
RPY-0006647,ORG-200629,PTR-001,2024-01-08,3591.17,26411.84,ach_remittance
RPY-0006648,ORG-200629,PTR-001,2024-01-15,3049.74,29461.58,ach_remittance
RPY-0006649,ORG-200630,PTR-002,2026-04-01,1678.09,1678.09,ach_remittance
RPY-0006650,ORG-200630,PTR-002,2026-04-08,2736.21,4414.3,manual_payment
RPY-0006651,ORG-200630,PTR-002,2026-04-15,2099.82,6514.12,ach_remittance
RPY-0006652,ORG-200630,PTR-002,2026-04-22,2232.96,8747.08,ach_remittance
RPY-0006653,ORG-200630,PTR-002,2026-04-29,1575.84,10322.92,ach_remittance
RPY-0006654,ORG-200630,PTR-002,2026-05-06,2260.9,12583.82,ach_remittance
RPY-0006655,ORG-200630,PTR-002,2026-05-13,3215.0,15798.82,ach_remittance
RPY-0006656,ORG-200630,PTR-002,2026-05-20,3270.62,19069.44,ach_remittance
RPY-0006657,ORG-200630,PTR-002,2026-05-27,2997.27,22066.71,ach_remittance
RPY-0006658,ORG-200630,PTR-002,2026-06-03,3092.51,25159.22,ach_remittance
RPY-0006659,ORG-200630,PTR-002,2026-06-10,1704.53,26863.75,ach_remittance
RPY-0006660,ORG-200630,PTR-002,2026-06-17,1644.23,28507.98,ach_remittance
RPY-0006661,ORG-200631,PTR-004,2024-02-27,3432.37,3432.37,ach_remittance
RPY-0006662,ORG-200631,PTR-004,2024-03-05,2605.01,6037.38,ach_remittance
RPY-0006663,ORG-200631,PTR-004,2024-03-12,1978.58,8015.96,ach_remittance
RPY-0006664,ORG-200631,PTR-004,2024-03-19,2963.2,10979.16,ach_remittance
RPY-0006665,ORG-200631,PTR-004,2024-03-26,3738.17,14717.33,ach_remittance
RPY-0006666,ORG-200631,PTR-004,2024-04-02,2158.07,16875.4,ach_remittance
RPY-0006667,ORG-200632,PTR-002,2024-05-10,4213.11,4213.11,ach_remittance
RPY-0006668,ORG-200632,PTR-002,2024-05-17,2872.64,7085.75,ach_remittance
RPY-0006669,ORG-200632,PTR-002,2024-05-24,2715.32,9801.07,ach_remittance
RPY-0006670,ORG-200632,PTR-002,2024-05-31,3323.63,13124.7,ach_remittance
RPY-0006671,ORG-200632,PTR-002,2024-06-07,3350.44,16475.14,ach_remittance
RPY-0006672,ORG-200632,PTR-002,2024-06-14,3318.61,19793.75,ach_remittance
RPY-0006673,ORG-200632,PTR-002,2024-06-21,3822.46,23616.21,ach_remittance
RPY-0006674,ORG-200632,PTR-002,2024-06-28,2475.21,26091.42,ach_remittance
RPY-0006675,ORG-200632,PTR-002,2024-07-05,3231.45,29322.87,ach_remittance
RPY-0006676,ORG-200632,PTR-002,2024-07-12,4272.41,33595.28,ach_remittance
RPY-0006677,ORG-200632,PTR-002,2024-07-19,3011.06,36606.34,ach_remittance
RPY-0006678,ORG-200632,PTR-002,2024-07-26,3375.48,39981.82,ach_remittance
RPY-0006679,ORG-200632,PTR-002,2024-08-02,323.08,40304.9,ach_remittance
RPY-0006680,ORG-200633,PTR-001,2024-12-24,1395.19,1395.19,ach_remittance
RPY-0006681,ORG-200633,PTR-001,2024-12-31,905.72,2300.91,manual_payment
RPY-0006682,ORG-200633,PTR-001,2025-01-07,779.97,3080.88,manual_payment
RPY-0006683,ORG-200633,PTR-001,2025-01-14,1082.97,4163.85,ach_remittance
RPY-0006684,ORG-200633,PTR-001,2025-01-21,1455.92,5619.77,ach_remittance
RPY-0006685,ORG-200633,PTR-001,2025-01-28,1187.81,6807.58,ach_remittance
RPY-0006686,ORG-200633,PTR-001,2025-02-04,1524.31,8331.89,ach_remittance
RPY-0006687,ORG-200633,PTR-001,2025-02-11,1764.38,10096.27,ach_remittance
RPY-0006688,ORG-200633,PTR-001,2025-02-18,1449.55,11545.82,ach_remittance
RPY-0006689,ORG-200633,PTR-001,2025-02-25,810.3,12356.12,ach_remittance
RPY-0006690,ORG-200633,PTR-001,2025-03-04,1742.88,14099.0,manual_payment
RPY-0006691,ORG-200633,PTR-001,2025-03-11,1086.1,15185.1,manual_payment
RPY-0006692,ORG-200633,PTR-001,2025-03-18,1309.48,16494.58,ach_remittance
RPY-0006693,ORG-200633,PTR-001,2025-03-25,1107.68,17602.26,ach_remittance
RPY-0006694,ORG-200633,PTR-001,2025-04-01,1782.75,19385.01,ach_remittance
RPY-0006695,ORG-200634,PTR-004,2023-09-07,5642.5,5642.5,ach_remittance
RPY-0006696,ORG-200634,PTR-004,2023-09-14,2643.41,8285.91,ach_remittance
RPY-0006697,ORG-200634,PTR-004,2023-09-21,3566.17,11852.08,ach_remittance
RPY-0006698,ORG-200634,PTR-004,2023-09-28,4331.99,16184.07,ach_remittance
RPY-0006699,ORG-200634,PTR-004,2023-10-05,3860.8,20044.87,ach_remittance
RPY-0006700,ORG-200634,PTR-004,2023-10-12,5087.24,25132.11,ach_remittance
RPY-0006701,ORG-200634,PTR-004,2023-10-19,3317.4,28449.51,ach_remittance
RPY-0006702,ORG-200634,PTR-004,2023-10-26,4362.96,32812.47,ach_remittance
RPY-0006703,ORG-200635,PTR-005,2022-01-13,3212.71,3212.71,ach_remittance
RPY-0006704,ORG-200635,PTR-005,2022-01-20,4993.26,8205.97,ach_remittance
RPY-0006705,ORG-200635,PTR-005,2022-01-27,3410.77,11616.74,ach_remittance
RPY-0006706,ORG-200635,PTR-005,2022-02-03,6290.73,17907.47,ach_remittance
RPY-0006707,ORG-200635,PTR-005,2022-02-10,5746.38,23653.85,ach_remittance
RPY-0006708,ORG-200635,PTR-005,2022-02-17,2858.48,26512.33,ach_remittance
RPY-0006709,ORG-200635,PTR-005,2022-02-24,6381.48,32893.81,ach_remittance
RPY-0006710,ORG-200635,PTR-005,2022-03-03,3288.3,36182.11,ach_remittance
RPY-0006711,ORG-200635,PTR-005,2022-03-10,3685.02,39867.13,manual_payment
RPY-0006712,ORG-200635,PTR-005,2022-03-17,3566.53,43433.66,ach_remittance
RPY-0006713,ORG-200635,PTR-005,2022-03-24,4025.78,47459.44,ach_remittance
RPY-0006714,ORG-200635,PTR-005,2022-03-31,9201.86,56661.3,manual_payment
RPY-0006715,ORG-200636,PTR-004,2023-01-10,1309.08,1309.08,ach_remittance
RPY-0006716,ORG-200636,PTR-004,2023-01-17,1915.94,3225.02,ach_remittance
RPY-0006717,ORG-200636,PTR-004,2023-01-24,991.88,4216.9,ach_remittance
RPY-0006718,ORG-200636,PTR-004,2023-01-31,1491.21,5708.11,ach_remittance
RPY-0006719,ORG-200636,PTR-004,2023-02-07,1842.91,7551.02,manual_payment
RPY-0006720,ORG-200637,PTR-003,2024-07-05,10035.84,10035.84,ach_remittance
RPY-0006721,ORG-200637,PTR-003,2024-07-12,5489.89,15525.73,ach_remittance
RPY-0006722,ORG-200638,PTR-001,2026-05-26,6768.48,6768.48,ach_remittance
RPY-0006723,ORG-200638,PTR-001,2026-06-02,4292.53,11061.01,ach_remittance
RPY-0006724,ORG-200638,PTR-001,2026-06-09,5138.68,16199.69,ach_remittance
RPY-0006725,ORG-200638,PTR-001,2026-06-16,5309.24,21508.93,ach_remittance
RPY-0006726,ORG-200638,PTR-001,2026-06-23,3686.35,25195.28,ach_remittance
RPY-0006727,ORG-200638,PTR-001,2026-06-30,6128.05,31323.33,ach_remittance
RPY-0006728,ORG-200638,PTR-001,2026-07-07,3519.68,34843.01,ach_remittance
RPY-0006729,ORG-200638,PTR-001,2026-07-14,6988.2,41831.21,ach_remittance
RPY-0006730,ORG-200638,PTR-001,2026-07-21,10861.77,52692.98,ach_remittance
RPY-0006731,ORG-200639,PTR-003,2024-10-11,588.37,588.37,ach_remittance
RPY-0006732,ORG-200639,PTR-003,2024-10-18,933.53,1521.9,ach_remittance
RPY-0006733,ORG-200639,PTR-003,2024-10-25,833.8,2355.7,ach_remittance
RPY-0006734,ORG-200639,PTR-003,2024-11-01,603.55,2959.25,ach_remittance
RPY-0006735,ORG-200639,PTR-003,2024-11-08,986.08,3945.33,ach_remittance
RPY-0006736,ORG-200639,PTR-003,2024-11-15,567.67,4513.0,ach_remittance
RPY-0006737,ORG-200639,PTR-003,2024-11-22,830.97,5343.97,ach_remittance
RPY-0006738,ORG-200639,PTR-003,2024-11-29,472.62,5816.59,ach_remittance
RPY-0006739,ORG-200639,PTR-003,2024-12-06,813.42,6630.01,ach_remittance
RPY-0006740,ORG-200639,PTR-003,2024-12-13,650.1,7280.11,ach_remittance
RPY-0006741,ORG-200639,PTR-003,2024-12-20,960.53,8240.64,ach_remittance
RPY-0006742,ORG-200639,PTR-003,2024-12-27,561.93,8802.57,ach_remittance
RPY-0006743,ORG-200639,PTR-003,2025-01-03,892.89,9695.46,ach_remittance
RPY-0006744,ORG-200639,PTR-003,2025-01-10,815.42,10510.88,ach_remittance
RPY-0006745,ORG-200639,PTR-003,2025-01-17,978.91,11489.79,ach_remittance
RPY-0006746,ORG-200639,PTR-003,2025-01-24,801.54,12291.33,ach_remittance
RPY-0006747,ORG-200639,PTR-003,2025-01-31,433.41,12724.74,ach_remittance
RPY-0006748,ORG-200639,PTR-003,2025-02-07,65.15,12789.89,ach_remittance
RPY-0006749,ORG-200640,PTR-006,2023-02-21,6535.39,6535.39,ach_remittance
RPY-0006750,ORG-200640,PTR-006,2023-02-28,6025.31,12560.7,ach_remittance
RPY-0006751,ORG-200640,PTR-006,2023-03-07,4734.49,17295.19,manual_payment
RPY-0006752,ORG-200640,PTR-006,2023-03-14,5718.84,23014.03,ach_remittance
RPY-0006753,ORG-200640,PTR-006,2023-03-21,2984.68,25998.71,ach_remittance
RPY-0006754,ORG-200640,PTR-006,2023-03-28,5103.12,31101.83,ach_remittance
RPY-0006755,ORG-200640,PTR-006,2023-04-04,6472.76,37574.59,ach_remittance
RPY-0006756,ORG-200640,PTR-006,2023-04-11,2978.86,40553.45,ach_remittance
RPY-0006757,ORG-200640,PTR-006,2023-04-18,3266.78,43820.23,ach_remittance
RPY-0006758,ORG-200640,PTR-006,2023-04-25,3173.29,46993.52,ach_remittance
RPY-0006759,ORG-200640,PTR-006,2023-05-02,5921.08,52914.6,ach_remittance
RPY-0006760,ORG-200640,PTR-006,2023-05-09,6511.4,59426.0,ach_remittance
RPY-0006761,ORG-200640,PTR-006,2023-05-16,3121.33,62547.33,ach_remittance
RPY-0006762,ORG-200640,PTR-006,2023-05-23,6048.49,68595.82,ach_remittance
RPY-0006763,ORG-200640,PTR-006,2023-05-30,4292.26,72888.08,ach_remittance
RPY-0006764,ORG-200640,PTR-006,2023-06-06,4086.98,76975.06,ach_remittance
RPY-0006765,ORG-200640,PTR-006,2023-06-13,4099.1,81074.16,manual_payment
RPY-0006766,ORG-200640,PTR-006,2023-06-20,3438.22,84512.38,ach_remittance
RPY-0006767,ORG-200640,PTR-006,2023-06-27,4925.65,89438.03,ach_remittance
RPY-0006768,ORG-200641,PTR-001,2022-01-22,3214.59,3214.59,ach_remittance
RPY-0006769,ORG-200641,PTR-001,2022-01-29,3552.08,6766.67,ach_remittance
RPY-0006770,ORG-200641,PTR-001,2022-02-05,4446.31,11212.98,ach_remittance
RPY-0006771,ORG-200641,PTR-001,2022-02-12,4125.63,15338.61,ach_remittance
RPY-0006772,ORG-200641,PTR-001,2022-02-19,2562.72,17901.33,ach_remittance
RPY-0006773,ORG-200641,PTR-001,2022-02-26,2733.36,20634.69,ach_remittance
RPY-0006774,ORG-200641,PTR-001,2022-03-05,4629.08,25263.77,manual_payment
RPY-0006775,ORG-200642,PTR-004,2024-04-21,3622.34,3622.34,ach_remittance
RPY-0006776,ORG-200642,PTR-004,2024-04-28,1807.1,5429.44,ach_remittance
RPY-0006777,ORG-200642,PTR-004,2024-05-05,1833.1,7262.54,ach_remittance
RPY-0006778,ORG-200642,PTR-004,2024-05-12,1977.29,9239.83,ach_remittance
RPY-0006779,ORG-200642,PTR-004,2024-05-19,1839.91,11079.74,ach_remittance
RPY-0006780,ORG-200642,PTR-004,2024-05-26,3751.99,14831.73,ach_remittance
RPY-0006781,ORG-200642,PTR-004,2024-06-02,1814.69,16646.42,ach_remittance
RPY-0006782,ORG-200642,PTR-004,2024-06-09,3041.38,19687.8,manual_payment
RPY-0006783,ORG-200642,PTR-004,2024-06-16,4028.47,23716.27,manual_payment
RPY-0006784,ORG-200642,PTR-004,2024-06-23,2368.18,26084.45,ach_remittance
RPY-0006785,ORG-200642,PTR-004,2024-06-30,2373.47,28457.92,ach_remittance
RPY-0006786,ORG-200642,PTR-004,2024-07-07,2690.96,31148.88,ach_remittance
RPY-0006787,ORG-200642,PTR-004,2024-07-14,3074.9,34223.78,ach_remittance
RPY-0006788,ORG-200642,PTR-004,2024-07-21,3353.56,37577.34,ach_remittance
RPY-0006789,ORG-200642,PTR-004,2024-07-28,3810.72,41388.06,ach_remittance
RPY-0006790,ORG-200642,PTR-004,2024-08-04,3211.42,44599.48,manual_payment
RPY-0006791,ORG-200642,PTR-004,2024-08-11,6412.8,51012.28,ach_remittance
RPY-0006792,ORG-200643,PTR-001,2023-02-21,337.35,337.35,ach_remittance
RPY-0006793,ORG-200643,PTR-001,2023-02-28,405.49,742.84,ach_remittance
RPY-0006794,ORG-200643,PTR-001,2023-03-07,385.65,1128.49,ach_remittance
RPY-0006795,ORG-200644,PTR-006,2024-10-13,341.36,341.36,ach_remittance
RPY-0006796,ORG-200644,PTR-006,2024-10-20,467.49,808.85,ach_remittance
RPY-0006797,ORG-200644,PTR-006,2024-10-27,268.89,1077.74,ach_remittance
RPY-0006798,ORG-200644,PTR-006,2024-11-03,442.66,1520.4,ach_remittance
RPY-0006799,ORG-200644,PTR-006,2024-11-10,488.94,2009.34,ach_remittance
RPY-0006800,ORG-200644,PTR-006,2024-11-17,330.3,2339.64,manual_payment
RPY-0006801,ORG-200644,PTR-006,2024-11-24,442.86,2782.5,ach_remittance
RPY-0006802,ORG-200644,PTR-006,2024-12-01,604.74,3387.24,ach_remittance
RPY-0006803,ORG-200645,PTR-005,2025-05-14,2178.78,2178.78,ach_remittance
RPY-0006804,ORG-200645,PTR-005,2025-05-21,2001.62,4180.4,ach_remittance
RPY-0006805,ORG-200645,PTR-005,2025-05-28,2818.78,6999.18,ach_remittance
RPY-0006806,ORG-200645,PTR-005,2025-06-04,3895.84,10895.02,ach_remittance
RPY-0006807,ORG-200645,PTR-005,2025-06-11,2918.85,13813.87,ach_remittance
RPY-0006808,ORG-200645,PTR-005,2025-06-18,3222.62,17036.49,manual_payment
RPY-0006809,ORG-200645,PTR-005,2025-06-25,1897.22,18933.71,ach_remittance
RPY-0006810,ORG-200645,PTR-005,2025-07-02,3468.57,22402.28,ach_remittance
RPY-0006811,ORG-200645,PTR-005,2025-07-09,5663.64,28065.92,ach_remittance
RPY-0006812,ORG-200646,PTR-004,2024-06-29,949.36,949.36,ach_remittance
RPY-0006813,ORG-200646,PTR-004,2024-07-06,870.02,1819.38,ach_remittance
RPY-0006814,ORG-200646,PTR-004,2024-07-13,448.68,2268.06,ach_remittance
RPY-0006815,ORG-200646,PTR-004,2024-07-20,737.82,3005.88,ach_remittance
RPY-0006816,ORG-200646,PTR-004,2024-07-27,518.59,3524.47,ach_remittance
RPY-0006817,ORG-200646,PTR-004,2024-08-03,535.3,4059.77,ach_remittance
RPY-0006818,ORG-200646,PTR-004,2024-08-10,590.22,4649.99,ach_remittance
RPY-0006819,ORG-200646,PTR-004,2024-08-17,930.78,5580.77,manual_payment
RPY-0006820,ORG-200647,PTR-004,2026-02-21,1649.6,1649.6,ach_remittance
RPY-0006821,ORG-200647,PTR-004,2026-02-28,1485.44,3135.04,ach_remittance
RPY-0006822,ORG-200647,PTR-004,2026-03-07,2182.79,5317.83,ach_remittance
RPY-0006823,ORG-200647,PTR-004,2026-03-14,1494.18,6812.01,ach_remittance
RPY-0006824,ORG-200647,PTR-004,2026-03-21,1397.75,8209.76,ach_remittance
RPY-0006825,ORG-200647,PTR-004,2026-03-28,1687.15,9896.91,ach_remittance
RPY-0006826,ORG-200647,PTR-004,2026-04-04,1387.62,11284.53,ach_remittance
RPY-0006827,ORG-200647,PTR-004,2026-04-11,1312.01,12596.54,ach_remittance
RPY-0006828,ORG-200647,PTR-004,2026-04-18,1565.86,14162.4,ach_remittance
RPY-0006829,ORG-200647,PTR-004,2026-04-25,2013.77,16176.17,manual_payment
RPY-0006830,ORG-200648,PTR-006,2022-01-20,2162.31,2162.31,manual_payment
RPY-0006831,ORG-200648,PTR-006,2022-01-27,2565.07,4727.38,ach_remittance
RPY-0006832,ORG-200648,PTR-006,2022-02-03,2234.89,6962.27,ach_remittance
RPY-0006833,ORG-200648,PTR-006,2022-02-10,2065.35,9027.62,ach_remittance
RPY-0006834,ORG-200648,PTR-006,2022-02-17,3347.9,12375.52,ach_remittance
RPY-0006835,ORG-200648,PTR-006,2022-02-24,3310.95,15686.47,ach_remittance
RPY-0006836,ORG-200648,PTR-006,2022-03-03,4040.52,19726.99,ach_remittance
RPY-0006837,ORG-200648,PTR-006,2022-03-10,2332.1,22059.09,ach_remittance
RPY-0006838,ORG-200648,PTR-006,2022-03-17,3029.12,25088.21,ach_remittance
RPY-0006839,ORG-200648,PTR-006,2022-03-24,2288.18,27376.39,ach_remittance
RPY-0006840,ORG-200648,PTR-006,2022-03-31,2645.74,30022.13,ach_remittance
RPY-0006841,ORG-200648,PTR-006,2022-04-07,3961.62,33983.75,ach_remittance
RPY-0006842,ORG-200648,PTR-006,2022-04-14,3719.68,37703.43,ach_remittance
RPY-0006843,ORG-200648,PTR-006,2022-04-21,2330.28,40033.71,ach_remittance
RPY-0006844,ORG-200648,PTR-006,2022-04-28,3855.99,43889.7,ach_remittance
RPY-0006845,ORG-200648,PTR-006,2022-05-05,3372.18,47261.88,ach_remittance
RPY-0006846,ORG-200648,PTR-006,2022-05-12,2969.6,50231.48,ach_remittance
RPY-0006847,ORG-200648,PTR-006,2022-05-19,2058.5,52289.98,ach_remittance
RPY-0006848,ORG-200648,PTR-006,2022-05-26,3318.8,55608.78,manual_payment
RPY-0006849,ORG-200648,PTR-006,2022-06-02,1950.41,57559.19,ach_remittance
RPY-0006850,ORG-200648,PTR-006,2022-06-09,1733.65,59292.84,ach_remittance
RPY-0006851,ORG-200648,PTR-006,2022-06-16,2169.91,61462.75,ach_remittance
RPY-0006852,ORG-200648,PTR-006,2022-06-23,4982.07,66444.82,ach_remittance
RPY-0006853,ORG-200649,PTR-003,2023-10-27,857.01,857.01,ach_remittance
RPY-0006854,ORG-200649,PTR-003,2023-11-03,1385.3,2242.31,manual_payment
RPY-0006855,ORG-200649,PTR-003,2023-11-10,1409.93,3652.24,ach_remittance
RPY-0006856,ORG-200649,PTR-003,2023-11-17,1109.11,4761.35,ach_remittance
RPY-0006857,ORG-200649,PTR-003,2023-11-24,689.36,5450.71,ach_remittance
RPY-0006858,ORG-200649,PTR-003,2023-12-01,816.98,6267.69,manual_payment
RPY-0006859,ORG-200649,PTR-003,2023-12-08,1233.81,7501.5,ach_remittance
RPY-0006860,ORG-200649,PTR-003,2023-12-15,870.15,8371.65,ach_remittance
RPY-0006861,ORG-200649,PTR-003,2023-12-22,1197.48,9569.13,ach_remittance
RPY-0006862,ORG-200649,PTR-003,2023-12-29,1268.93,10838.06,ach_remittance
RPY-0006863,ORG-200649,PTR-003,2024-01-05,1240.61,12078.67,ach_remittance
RPY-0006864,ORG-200649,PTR-003,2024-01-12,738.86,12817.53,ach_remittance
RPY-0006865,ORG-200649,PTR-003,2024-01-19,1023.7,13841.23,ach_remittance
RPY-0006866,ORG-200649,PTR-003,2024-01-26,694.4,14535.63,ach_remittance
RPY-0006867,ORG-200649,PTR-003,2024-02-02,1237.97,15773.6,ach_remittance
RPY-0006868,ORG-200650,PTR-001,2022-03-19,5394.28,5394.28,ach_remittance
RPY-0006869,ORG-200650,PTR-001,2022-03-26,3475.79,8870.07,ach_remittance
RPY-0006870,ORG-200650,PTR-001,2022-04-02,5802.69,14672.76,manual_payment
RPY-0006871,ORG-200650,PTR-001,2022-04-09,4801.46,19474.22,ach_remittance
RPY-0006872,ORG-200650,PTR-001,2022-04-16,5064.78,24539.0,ach_remittance
RPY-0006873,ORG-200651,PTR-002,2022-01-12,182.9,182.9,ach_remittance
RPY-0006874,ORG-200651,PTR-002,2022-01-19,200.03,382.93,ach_remittance
RPY-0006875,ORG-200651,PTR-002,2022-01-26,312.55,695.48,ach_remittance
RPY-0006876,ORG-200651,PTR-002,2022-02-02,222.49,917.97,ach_remittance
RPY-0006877,ORG-200651,PTR-002,2022-02-09,313.49,1231.46,ach_remittance
RPY-0006878,ORG-200651,PTR-002,2022-02-16,342.77,1574.23,ach_remittance
RPY-0006879,ORG-200651,PTR-002,2022-02-23,233.5,1807.73,manual_payment
RPY-0006880,ORG-200651,PTR-002,2022-03-02,266.08,2073.81,ach_remittance
RPY-0006881,ORG-200651,PTR-002,2022-03-09,270.37,2344.18,ach_remittance
RPY-0006882,ORG-200651,PTR-002,2022-03-16,192.74,2536.92,ach_remittance
RPY-0006883,ORG-200651,PTR-002,2022-03-23,194.5,2731.42,ach_remittance
RPY-0006884,ORG-200651,PTR-002,2022-03-30,283.78,3015.2,ach_remittance
RPY-0006885,ORG-200652,PTR-006,2026-03-03,3360.06,3360.06,ach_remittance
RPY-0006886,ORG-200652,PTR-006,2026-03-10,4256.11,7616.17,ach_remittance
RPY-0006887,ORG-200652,PTR-006,2026-03-17,3025.04,10641.21,ach_remittance
RPY-0006888,ORG-200652,PTR-006,2026-03-24,4818.01,15459.22,ach_remittance
RPY-0006889,ORG-200652,PTR-006,2026-03-31,3053.29,18512.51,ach_remittance
RPY-0006890,ORG-200652,PTR-006,2026-04-07,3072.1,21584.61,ach_remittance
RPY-0006891,ORG-200652,PTR-006,2026-04-14,5191.15,26775.76,ach_remittance
RPY-0006892,ORG-200652,PTR-006,2026-04-21,2687.98,29463.74,ach_remittance
RPY-0006893,ORG-200652,PTR-006,2026-04-28,4219.81,33683.55,ach_remittance
RPY-0006894,ORG-200652,PTR-006,2026-05-05,4055.35,37738.9,ach_remittance
RPY-0006895,ORG-200652,PTR-006,2026-05-12,4456.14,42195.04,ach_remittance
RPY-0006896,ORG-200652,PTR-006,2026-05-19,3410.49,45605.53,ach_remittance
RPY-0006897,ORG-200652,PTR-006,2026-05-26,5316.24,50921.77,ach_remittance
RPY-0006898,ORG-200652,PTR-006,2026-06-02,4364.09,55285.86,manual_payment
RPY-0006899,ORG-200653,PTR-006,2023-09-22,2995.66,2995.66,ach_remittance
RPY-0006900,ORG-200653,PTR-006,2023-09-29,1732.01,4727.67,ach_remittance
RPY-0006901,ORG-200653,PTR-006,2023-10-06,2301.01,7028.68,ach_remittance
RPY-0006902,ORG-200653,PTR-006,2023-10-13,2359.15,9387.83,ach_remittance
RPY-0006903,ORG-200653,PTR-006,2023-10-20,2896.18,12284.01,ach_remittance
RPY-0006904,ORG-200653,PTR-006,2023-10-27,3151.99,15436.0,ach_remittance
RPY-0006905,ORG-200653,PTR-006,2023-11-03,2280.41,17716.41,ach_remittance
RPY-0006906,ORG-200653,PTR-006,2023-11-10,1282.99,18999.4,ach_remittance
RPY-0006907,ORG-200654,PTR-001,2023-06-15,8240.21,8240.21,ach_remittance
RPY-0006908,ORG-200654,PTR-001,2023-06-22,10339.44,18579.65,ach_remittance
RPY-0006909,ORG-200654,PTR-001,2023-06-29,12640.61,31220.26,ach_remittance
RPY-0006910,ORG-200654,PTR-001,2023-07-06,6043.91,37264.17,ach_remittance
RPY-0006911,ORG-200654,PTR-001,2023-07-13,11508.43,48772.6,ach_remittance
RPY-0006912,ORG-200655,PTR-006,2023-02-24,3897.4,3897.4,manual_payment
RPY-0006913,ORG-200655,PTR-006,2023-03-03,3997.07,7894.47,ach_remittance
RPY-0006914,ORG-200655,PTR-006,2023-03-10,2781.15,10675.62,ach_remittance
RPY-0006915,ORG-200655,PTR-006,2023-03-17,2081.73,12757.35,ach_remittance
RPY-0006916,ORG-200655,PTR-006,2023-03-24,4048.1,16805.45,ach_remittance
RPY-0006917,ORG-200655,PTR-006,2023-03-31,3517.26,20322.71,ach_remittance
RPY-0006918,ORG-200655,PTR-006,2023-04-07,2520.23,22842.94,ach_remittance
RPY-0006919,ORG-200655,PTR-006,2023-04-14,4111.66,26954.6,ach_remittance
RPY-0006920,ORG-200655,PTR-006,2023-04-21,2629.82,29584.42,ach_remittance
RPY-0006921,ORG-200655,PTR-006,2023-04-28,2718.09,32302.51,ach_remittance
RPY-0006922,ORG-200655,PTR-006,2023-05-05,2083.98,34386.49,ach_remittance
RPY-0006923,ORG-200655,PTR-006,2023-05-12,2463.79,36850.28,ach_remittance
RPY-0006924,ORG-200655,PTR-006,2023-05-19,1853.11,38703.39,manual_payment
RPY-0006925,ORG-200655,PTR-006,2023-05-26,3123.43,41826.82,ach_remittance
RPY-0006926,ORG-200655,PTR-006,2023-06-02,4150.11,45976.93,ach_remittance
RPY-0006927,ORG-200656,PTR-004,2023-09-19,3301.4,3301.4,ach_remittance
RPY-0006928,ORG-200656,PTR-004,2023-09-26,2579.77,5881.17,ach_remittance
RPY-0006929,ORG-200656,PTR-004,2023-10-03,3940.85,9822.02,ach_remittance
RPY-0006930,ORG-200656,PTR-004,2023-10-10,3154.8,12976.82,ach_remittance
RPY-0006931,ORG-200656,PTR-004,2023-10-17,4310.96,17287.78,manual_payment
RPY-0006932,ORG-200656,PTR-004,2023-10-24,3762.07,21049.85,ach_remittance
RPY-0006933,ORG-200656,PTR-004,2023-10-31,3610.84,24660.69,ach_remittance
RPY-0006934,ORG-200657,PTR-006,2024-04-29,296.14,296.14,ach_remittance
RPY-0006935,ORG-200657,PTR-006,2024-05-06,264.73,560.87,ach_remittance
RPY-0006936,ORG-200657,PTR-006,2024-05-13,199.66,760.53,ach_remittance
RPY-0006937,ORG-200657,PTR-006,2024-05-20,313.21,1073.74,ach_remittance
RPY-0006938,ORG-200657,PTR-006,2024-05-27,168.04,1241.78,ach_remittance
RPY-0006939,ORG-200657,PTR-006,2024-06-03,272.49,1514.27,ach_remittance
RPY-0006940,ORG-200657,PTR-006,2024-06-10,242.72,1756.99,manual_payment
RPY-0006941,ORG-200657,PTR-006,2024-06-17,278.45,2035.44,ach_remittance
RPY-0006942,ORG-200657,PTR-006,2024-06-24,331.9,2367.34,ach_remittance
RPY-0006943,ORG-200657,PTR-006,2024-07-01,337.51,2704.85,ach_remittance
RPY-0006944,ORG-200657,PTR-006,2024-07-08,181.53,2886.38,ach_remittance
RPY-0006945,ORG-200657,PTR-006,2024-07-15,356.93,3243.31,ach_remittance
RPY-0006946,ORG-200657,PTR-006,2024-07-22,176.31,3419.62,ach_remittance
RPY-0006947,ORG-200657,PTR-006,2024-07-29,170.17,3589.79,ach_remittance
RPY-0006948,ORG-200658,PTR-005,2022-02-06,5880.34,5880.34,ach_remittance
RPY-0006949,ORG-200658,PTR-005,2022-02-13,4238.16,10118.5,manual_payment
RPY-0006950,ORG-200658,PTR-005,2022-02-20,4600.37,14718.87,ach_remittance
RPY-0006951,ORG-200658,PTR-005,2022-02-27,6397.23,21116.1,manual_payment
RPY-0006952,ORG-200658,PTR-005,2022-03-06,5959.5,27075.6,ach_remittance
RPY-0006953,ORG-200658,PTR-005,2022-03-13,3888.39,30963.99,ach_remittance
RPY-0006954,ORG-200658,PTR-005,2022-03-20,6074.94,37038.93,ach_remittance
RPY-0006955,ORG-200659,PTR-006,2023-02-03,1755.52,1755.52,ach_remittance
RPY-0006956,ORG-200659,PTR-006,2023-02-10,2137.49,3893.01,ach_remittance
RPY-0006957,ORG-200659,PTR-006,2023-02-17,1860.31,5753.32,ach_remittance
RPY-0006958,ORG-200659,PTR-006,2023-02-24,1998.39,7751.71,ach_remittance
RPY-0006959,ORG-200659,PTR-006,2023-03-03,3051.03,10802.74,ach_remittance
RPY-0006960,ORG-200659,PTR-006,2023-03-10,1466.93,12269.67,ach_remittance
RPY-0006961,ORG-200659,PTR-006,2023-03-17,2672.39,14942.06,ach_remittance
RPY-0006962,ORG-200659,PTR-006,2023-03-24,2580.64,17522.7,ach_remittance
RPY-0006963,ORG-200659,PTR-006,2023-03-31,1709.01,19231.71,ach_remittance
RPY-0006964,ORG-200659,PTR-006,2023-04-07,2702.57,21934.28,ach_remittance
RPY-0006965,ORG-200659,PTR-006,2023-04-14,2436.3,24370.58,ach_remittance
RPY-0006966,ORG-200659,PTR-006,2023-04-21,2281.15,26651.73,ach_remittance
RPY-0006967,ORG-200659,PTR-006,2023-04-28,2270.92,28922.65,ach_remittance
RPY-0006968,ORG-200659,PTR-006,2023-05-05,1537.57,30460.22,ach_remittance
RPY-0006969,ORG-200659,PTR-006,2023-05-12,1786.65,32246.87,ach_remittance
RPY-0006970,ORG-200659,PTR-006,2023-05-19,1649.46,33896.33,ach_remittance
RPY-0006971,ORG-200659,PTR-006,2023-05-26,1403.05,35299.38,ach_remittance
RPY-0006972,ORG-200659,PTR-006,2023-06-02,5114.79,40414.17,ach_remittance
RPY-0006973,ORG-200660,PTR-004,2024-04-12,1456.25,1456.25,ach_remittance
RPY-0006974,ORG-200660,PTR-004,2024-04-19,1481.27,2937.52,ach_remittance
RPY-0006975,ORG-200660,PTR-004,2024-04-26,1792.08,4729.6,ach_remittance
RPY-0006976,ORG-200660,PTR-004,2024-05-03,1700.8,6430.4,ach_remittance
RPY-0006977,ORG-200660,PTR-004,2024-05-10,1261.21,7691.61,ach_remittance
RPY-0006978,ORG-200660,PTR-004,2024-05-17,1081.32,8772.93,ach_remittance
RPY-0006979,ORG-200660,PTR-004,2024-05-24,1170.92,9943.85,ach_remittance
RPY-0006980,ORG-200660,PTR-004,2024-05-31,1127.87,11071.72,ach_remittance
RPY-0006981,ORG-200660,PTR-004,2024-06-07,1420.7,12492.42,ach_remittance
RPY-0006982,ORG-200660,PTR-004,2024-06-14,800.36,13292.78,ach_remittance
RPY-0006983,ORG-200660,PTR-004,2024-06-21,934.22,14227.0,ach_remittance
RPY-0006984,ORG-200660,PTR-004,2024-06-28,1526.34,15753.34,ach_remittance
RPY-0006985,ORG-200660,PTR-004,2024-07-05,1266.41,17019.75,ach_remittance
RPY-0006986,ORG-200660,PTR-004,2024-07-12,1296.24,18315.99,ach_remittance
RPY-0006987,ORG-200660,PTR-004,2024-07-19,1087.46,19403.45,ach_remittance
RPY-0006988,ORG-200661,PTR-002,2025-08-06,6358.46,6358.46,ach_remittance
RPY-0006989,ORG-200661,PTR-002,2025-08-13,8469.06,14827.52,ach_remittance
RPY-0006990,ORG-200661,PTR-002,2025-08-20,7096.16,21923.68,manual_payment
RPY-0006991,ORG-200661,PTR-002,2025-08-27,7524.86,29448.54,ach_remittance
RPY-0006992,ORG-200661,PTR-002,2025-09-03,5195.22,34643.76,ach_remittance
RPY-0006993,ORG-200661,PTR-002,2025-09-10,1978.02,36621.78,ach_remittance
RPY-0006994,ORG-200662,PTR-005,2022-05-06,7341.49,7341.49,ach_remittance
RPY-0006995,ORG-200662,PTR-005,2022-05-13,8520.16,15861.65,ach_remittance
RPY-0006996,ORG-200662,PTR-005,2022-05-20,6730.01,22591.66,ach_remittance
RPY-0006997,ORG-200662,PTR-005,2022-05-27,7315.86,29907.52,ach_remittance
RPY-0006998,ORG-200662,PTR-005,2022-06-03,6953.22,36860.74,ach_remittance
RPY-0006999,ORG-200662,PTR-005,2022-06-10,6841.13,43701.87,manual_payment
RPY-0007000,ORG-200663,PTR-002,2025-07-25,3140.8,3140.8,ach_remittance
RPY-0007001,ORG-200663,PTR-002,2025-08-01,2057.5,5198.3,ach_remittance
RPY-0007002,ORG-200663,PTR-002,2025-08-08,3382.58,8580.88,ach_remittance
RPY-0007003,ORG-200663,PTR-002,2025-08-15,3374.19,11955.07,ach_remittance
RPY-0007004,ORG-200663,PTR-002,2025-08-22,3714.52,15669.59,manual_payment
RPY-0007005,ORG-200663,PTR-002,2025-08-29,3673.07,19342.66,ach_remittance
RPY-0007006,ORG-200663,PTR-002,2025-09-05,1880.22,21222.88,ach_remittance
RPY-0007007,ORG-200663,PTR-002,2025-09-12,2989.57,24212.45,manual_payment
RPY-0007008,ORG-200664,PTR-004,2025-02-14,356.76,356.76,ach_remittance
RPY-0007009,ORG-200664,PTR-004,2025-02-21,491.77,848.53,ach_remittance
RPY-0007010,ORG-200664,PTR-004,2025-02-28,491.28,1339.81,ach_remittance
RPY-0007011,ORG-200664,PTR-004,2025-03-07,419.15,1758.96,manual_payment
RPY-0007012,ORG-200664,PTR-004,2025-03-14,509.56,2268.52,manual_payment
RPY-0007013,ORG-200664,PTR-004,2025-03-21,431.92,2700.44,ach_remittance
RPY-0007014,ORG-200664,PTR-004,2025-03-28,474.86,3175.3,ach_remittance
RPY-0007015,ORG-200664,PTR-004,2025-04-04,533.61,3708.91,ach_remittance
RPY-0007016,ORG-200664,PTR-004,2025-04-11,207.14,3916.05,ach_remittance
RPY-0007017,ORG-200665,PTR-002,2023-03-30,5138.94,5138.94,ach_remittance
RPY-0007018,ORG-200665,PTR-002,2023-04-06,5642.77,10781.71,ach_remittance
RPY-0007019,ORG-200665,PTR-002,2023-04-13,6153.78,16935.49,ach_remittance
RPY-0007020,ORG-200665,PTR-002,2023-04-20,5182.0,22117.49,ach_remittance
RPY-0007021,ORG-200665,PTR-002,2023-04-27,5085.92,27203.41,ach_remittance
RPY-0007022,ORG-200665,PTR-002,2023-05-04,5536.87,32740.28,ach_remittance
RPY-0007023,ORG-200665,PTR-002,2023-05-11,5431.86,38172.14,ach_remittance
RPY-0007024,ORG-200665,PTR-002,2023-05-18,2954.85,41126.99,ach_remittance
RPY-0007025,ORG-200665,PTR-002,2023-05-25,4681.51,45808.5,ach_remittance
RPY-0007026,ORG-200665,PTR-002,2023-06-01,6402.11,52210.61,ach_remittance
RPY-0007027,ORG-200665,PTR-002,2023-06-08,3935.91,56146.52,ach_remittance
RPY-0007028,ORG-200665,PTR-002,2023-06-15,2979.74,59126.26,ach_remittance
RPY-0007029,ORG-200665,PTR-002,2023-06-22,3169.35,62295.61,ach_remittance
RPY-0007030,ORG-200665,PTR-002,2023-06-29,3631.96,65927.57,ach_remittance
RPY-0007031,ORG-200665,PTR-002,2023-07-06,3787.55,69715.12,ach_remittance
RPY-0007032,ORG-200666,PTR-001,2025-04-15,5109.78,5109.78,ach_remittance
RPY-0007033,ORG-200666,PTR-001,2025-04-22,3420.2,8529.98,ach_remittance
RPY-0007034,ORG-200666,PTR-001,2025-04-29,4180.86,12710.84,ach_remittance
RPY-0007035,ORG-200666,PTR-001,2025-05-06,6616.59,19327.43,ach_remittance
RPY-0007036,ORG-200666,PTR-001,2025-05-13,4713.15,24040.58,ach_remittance
RPY-0007037,ORG-200666,PTR-001,2025-05-20,4314.03,28354.61,ach_remittance
RPY-0007038,ORG-200666,PTR-001,2025-05-27,5638.37,33992.98,ach_remittance
RPY-0007039,ORG-200666,PTR-001,2025-06-03,7087.76,41080.74,ach_remittance
RPY-0007040,ORG-200666,PTR-001,2025-06-10,6680.9,47761.64,ach_remittance
RPY-0007041,ORG-200666,PTR-001,2025-06-17,6837.65,54599.29,ach_remittance
RPY-0007042,ORG-200666,PTR-001,2025-06-24,6659.61,61258.9,manual_payment
RPY-0007043,ORG-200666,PTR-001,2025-07-01,4120.44,65379.34,ach_remittance
RPY-0007044,ORG-200666,PTR-001,2025-07-08,3796.38,69175.72,ach_remittance
RPY-0007045,ORG-200667,PTR-002,2025-10-09,3190.48,3190.48,ach_remittance
RPY-0007046,ORG-200667,PTR-002,2025-10-16,4889.78,8080.26,ach_remittance
RPY-0007047,ORG-200667,PTR-002,2025-10-23,5454.02,13534.28,ach_remittance
RPY-0007048,ORG-200667,PTR-002,2025-10-30,5899.08,19433.36,ach_remittance
RPY-0007049,ORG-200667,PTR-002,2025-11-06,4175.59,23608.95,ach_remittance
RPY-0007050,ORG-200667,PTR-002,2025-11-13,3936.66,27545.61,ach_remittance
RPY-0007051,ORG-200667,PTR-002,2025-11-20,5868.39,33414.0,ach_remittance
RPY-0007052,ORG-200667,PTR-002,2025-11-27,3925.13,37339.13,ach_remittance
RPY-0007053,ORG-200668,PTR-004,2023-03-08,5736.66,5736.66,ach_remittance
RPY-0007054,ORG-200668,PTR-004,2023-03-15,4091.78,9828.44,ach_remittance
RPY-0007055,ORG-200668,PTR-004,2023-03-22,3935.84,13764.28,ach_remittance
RPY-0007056,ORG-200668,PTR-004,2023-03-29,3976.66,17740.94,ach_remittance
RPY-0007057,ORG-200668,PTR-004,2023-04-05,2990.68,20731.62,ach_remittance
RPY-0007058,ORG-200668,PTR-004,2023-04-12,3656.86,24388.48,ach_remittance
RPY-0007059,ORG-200668,PTR-004,2023-04-19,6033.19,30421.67,ach_remittance
RPY-0007060,ORG-200668,PTR-004,2023-04-26,2923.53,33345.2,manual_payment
RPY-0007061,ORG-200668,PTR-004,2023-05-03,2742.02,36087.22,ach_remittance
RPY-0007062,ORG-200668,PTR-004,2023-05-10,3289.82,39377.04,ach_remittance
RPY-0007063,ORG-200668,PTR-004,2023-05-17,10028.6,49405.64,manual_payment
RPY-0007064,ORG-200669,PTR-005,2024-03-09,10861.11,10861.11,ach_remittance
RPY-0007065,ORG-200669,PTR-005,2024-03-16,7722.96,18584.07,ach_remittance
RPY-0007066,ORG-200669,PTR-005,2024-03-23,9718.53,28302.6,manual_payment
RPY-0007067,ORG-200669,PTR-005,2024-03-30,12199.78,40502.38,ach_remittance
RPY-0007068,ORG-200670,PTR-005,2025-07-30,1476.93,1476.93,ach_remittance
RPY-0007069,ORG-200670,PTR-005,2025-08-06,2529.49,4006.42,ach_remittance
RPY-0007070,ORG-200670,PTR-005,2025-08-13,1775.5,5781.92,ach_remittance
RPY-0007071,ORG-200670,PTR-005,2025-08-20,1778.24,7560.16,ach_remittance
RPY-0007072,ORG-200670,PTR-005,2025-08-27,2291.8,9851.96,ach_remittance
RPY-0007073,ORG-200670,PTR-005,2025-09-03,2136.21,11988.17,ach_remittance
RPY-0007074,ORG-200670,PTR-005,2025-09-10,2246.0,14234.17,manual_payment
RPY-0007075,ORG-200670,PTR-005,2025-09-17,1685.3,15919.47,ach_remittance
RPY-0007076,ORG-200670,PTR-005,2025-09-24,2167.66,18087.13,ach_remittance
RPY-0007077,ORG-200670,PTR-005,2025-10-01,1750.37,19837.5,ach_remittance
RPY-0007078,ORG-200670,PTR-005,2025-10-08,1481.67,21319.17,ach_remittance
RPY-0007079,ORG-200670,PTR-005,2025-10-15,3009.09,24328.26,ach_remittance
RPY-0007080,ORG-200670,PTR-005,2025-10-22,2745.1,27073.36,ach_remittance
RPY-0007081,ORG-200670,PTR-005,2025-10-29,2583.63,29656.99,ach_remittance
RPY-0007082,ORG-200670,PTR-005,2025-11-05,1558.02,31215.01,ach_remittance
RPY-0007083,ORG-200670,PTR-005,2025-11-12,2794.84,34009.85,ach_remittance
RPY-0007084,ORG-200670,PTR-005,2025-11-19,2469.97,36479.82,ach_remittance
RPY-0007085,ORG-200670,PTR-005,2025-11-26,2345.87,38825.69,ach_remittance
RPY-0007086,ORG-200670,PTR-005,2025-12-03,1451.5,40277.19,ach_remittance
RPY-0007087,ORG-200670,PTR-005,2025-12-10,2277.89,42555.08,manual_payment
RPY-0007088,ORG-200670,PTR-005,2025-12-17,1704.56,44259.64,ach_remittance
RPY-0007089,ORG-200670,PTR-005,2025-12-24,2963.55,47223.19,ach_remittance
RPY-0007090,ORG-200670,PTR-005,2025-12-31,1977.47,49200.66,ach_remittance
RPY-0007091,ORG-200670,PTR-005,2026-01-07,1821.21,51021.87,ach_remittance
RPY-0007092,ORG-200670,PTR-005,2026-01-14,2084.88,53106.75,ach_remittance
RPY-0007093,ORG-200670,PTR-005,2026-01-21,3034.06,56140.81,ach_remittance
RPY-0007094,ORG-200670,PTR-005,2026-01-28,2243.68,58384.49,ach_remittance
RPY-0007095,ORG-200670,PTR-005,2026-02-04,3066.43,61450.92,ach_remittance
RPY-0007096,ORG-200670,PTR-005,2026-02-11,7226.5,68677.42,manual_payment
RPY-0007097,ORG-200671,PTR-005,2024-01-07,4821.96,4821.96,ach_remittance
RPY-0007098,ORG-200671,PTR-005,2024-01-14,5819.34,10641.3,ach_remittance
RPY-0007099,ORG-200671,PTR-005,2024-01-21,8074.75,18716.05,ach_remittance
RPY-0007100,ORG-200671,PTR-005,2024-01-28,4109.93,22825.98,ach_remittance
RPY-0007101,ORG-200671,PTR-005,2024-02-04,8314.75,31140.73,ach_remittance
RPY-0007102,ORG-200671,PTR-005,2024-02-11,8087.47,39228.2,ach_remittance
RPY-0007103,ORG-200671,PTR-005,2024-02-18,8906.63,48134.83,ach_remittance
RPY-0007104,ORG-200671,PTR-005,2024-02-25,5606.82,53741.65,manual_payment
RPY-0007105,ORG-200671,PTR-005,2024-03-03,4419.18,58160.83,ach_remittance
RPY-0007106,ORG-200672,PTR-002,2023-09-15,6189.3,6189.3,ach_remittance
RPY-0007107,ORG-200672,PTR-002,2023-09-22,6993.44,13182.74,ach_remittance
RPY-0007108,ORG-200672,PTR-002,2023-09-29,9370.79,22553.53,manual_payment
RPY-0007109,ORG-200672,PTR-002,2023-10-06,9041.64,31595.17,ach_remittance
RPY-0007110,ORG-200672,PTR-002,2023-10-13,7739.91,39335.08,ach_remittance
RPY-0007111,ORG-200673,PTR-002,2022-01-24,1321.39,1321.39,ach_remittance
RPY-0007112,ORG-200673,PTR-002,2022-01-31,1787.48,3108.87,ach_remittance
RPY-0007113,ORG-200673,PTR-002,2022-02-07,1612.9,4721.77,manual_payment
RPY-0007114,ORG-200673,PTR-002,2022-02-14,1631.41,6353.18,ach_remittance
RPY-0007115,ORG-200673,PTR-002,2022-02-21,1023.0,7376.18,manual_payment
RPY-0007116,ORG-200673,PTR-002,2022-02-28,2195.3,9571.48,ach_remittance
RPY-0007117,ORG-200674,PTR-004,2022-08-08,1320.91,1320.91,manual_payment
RPY-0007118,ORG-200674,PTR-004,2022-08-15,1028.88,2349.79,manual_payment
RPY-0007119,ORG-200674,PTR-004,2022-08-22,1212.53,3562.32,ach_remittance
RPY-0007120,ORG-200674,PTR-004,2022-08-29,912.85,4475.17,ach_remittance
RPY-0007121,ORG-200674,PTR-004,2022-09-05,921.88,5397.05,ach_remittance
RPY-0007122,ORG-200674,PTR-004,2022-09-12,684.9,6081.95,ach_remittance
RPY-0007123,ORG-200674,PTR-004,2022-09-19,1195.73,7277.68,manual_payment
RPY-0007124,ORG-200674,PTR-004,2022-09-26,1376.6,8654.28,ach_remittance
RPY-0007125,ORG-200674,PTR-004,2022-10-03,1199.87,9854.15,ach_remittance
RPY-0007126,ORG-200674,PTR-004,2022-10-10,1329.61,11183.76,manual_payment
RPY-0007127,ORG-200674,PTR-004,2022-10-17,545.82,11729.58,ach_remittance
RPY-0007128,ORG-200675,PTR-002,2025-11-23,198.32,198.32,ach_remittance
RPY-0007129,ORG-200675,PTR-002,2025-11-30,407.78,606.1,ach_remittance
RPY-0007130,ORG-200675,PTR-002,2025-12-07,384.56,990.66,manual_payment
RPY-0007131,ORG-200675,PTR-002,2025-12-14,396.77,1387.43,manual_payment
RPY-0007132,ORG-200675,PTR-002,2025-12-21,298.91,1686.34,manual_payment
RPY-0007133,ORG-200675,PTR-002,2025-12-28,274.71,1961.05,ach_remittance
RPY-0007134,ORG-200675,PTR-002,2026-01-04,383.95,2345.0,ach_remittance
RPY-0007135,ORG-200675,PTR-002,2026-01-11,234.36,2579.36,manual_payment
RPY-0007136,ORG-200676,PTR-004,2025-04-24,770.55,770.55,ach_remittance
RPY-0007137,ORG-200676,PTR-004,2025-05-01,1358.05,2128.6,manual_payment
RPY-0007138,ORG-200676,PTR-004,2025-05-08,1366.02,3494.62,ach_remittance
RPY-0007139,ORG-200676,PTR-004,2025-05-15,769.74,4264.36,manual_payment
RPY-0007140,ORG-200676,PTR-004,2025-05-22,1457.76,5722.12,ach_remittance
RPY-0007141,ORG-200676,PTR-004,2025-05-29,1021.43,6743.55,ach_remittance
RPY-0007142,ORG-200676,PTR-004,2025-06-05,822.58,7566.13,ach_remittance
RPY-0007143,ORG-200676,PTR-004,2025-06-12,893.42,8459.55,ach_remittance
RPY-0007144,ORG-200676,PTR-004,2025-06-19,1091.1,9550.65,ach_remittance
RPY-0007145,ORG-200676,PTR-004,2025-06-26,1494.91,11045.56,ach_remittance
RPY-0007146,ORG-200676,PTR-004,2025-07-03,1433.37,12478.93,ach_remittance
RPY-0007147,ORG-200676,PTR-004,2025-07-10,1529.51,14008.44,ach_remittance
RPY-0007148,ORG-200676,PTR-004,2025-07-17,998.77,15007.21,ach_remittance
RPY-0007149,ORG-200676,PTR-004,2025-07-24,1019.04,16026.25,ach_remittance
RPY-0007150,ORG-200676,PTR-004,2025-07-31,2097.06,18123.31,ach_remittance
RPY-0007151,ORG-200677,PTR-003,2025-04-16,11893.19,11893.19,ach_remittance
RPY-0007152,ORG-200677,PTR-003,2025-04-23,9699.02,21592.21,ach_remittance
RPY-0007153,ORG-200677,PTR-003,2025-04-30,12452.76,34044.97,ach_remittance
RPY-0007154,ORG-200677,PTR-003,2025-05-07,10486.12,44531.09,ach_remittance
RPY-0007155,ORG-200677,PTR-003,2025-05-14,5012.19,49543.28,ach_remittance
RPY-0007156,ORG-200678,PTR-005,2025-03-05,3497.21,3497.21,ach_remittance
RPY-0007157,ORG-200678,PTR-005,2025-03-12,2096.68,5593.89,ach_remittance
RPY-0007158,ORG-200678,PTR-005,2025-03-19,3747.39,9341.28,ach_remittance
RPY-0007159,ORG-200678,PTR-005,2025-03-26,3163.57,12504.85,ach_remittance
RPY-0007160,ORG-200678,PTR-005,2025-04-02,2425.7,14930.55,ach_remittance
RPY-0007161,ORG-200678,PTR-005,2025-04-09,3540.47,18471.02,ach_remittance
RPY-0007162,ORG-200678,PTR-005,2025-04-16,2308.05,20779.07,ach_remittance
RPY-0007163,ORG-200678,PTR-005,2025-04-23,3344.62,24123.69,ach_remittance
RPY-0007164,ORG-200678,PTR-005,2025-04-30,3760.83,27884.52,ach_remittance
RPY-0007165,ORG-200678,PTR-005,2025-05-07,3924.4,31808.92,ach_remittance
RPY-0007166,ORG-200678,PTR-005,2025-05-14,2642.04,34450.96,ach_remittance
RPY-0007167,ORG-200678,PTR-005,2025-05-21,3272.91,37723.87,ach_remittance
RPY-0007168,ORG-200678,PTR-005,2025-05-28,3028.69,40752.56,ach_remittance
RPY-0007169,ORG-200678,PTR-005,2025-06-04,3348.64,44101.2,ach_remittance
RPY-0007170,ORG-200678,PTR-005,2025-06-11,2096.2,46197.4,ach_remittance
RPY-0007171,ORG-200679,PTR-005,2022-06-24,4194.02,4194.02,ach_remittance
RPY-0007172,ORG-200679,PTR-005,2022-07-01,5114.22,9308.24,ach_remittance
RPY-0007173,ORG-200679,PTR-005,2022-07-08,3899.94,13208.18,ach_remittance
RPY-0007174,ORG-200679,PTR-005,2022-07-15,3071.27,16279.45,ach_remittance
RPY-0007175,ORG-200679,PTR-005,2022-07-22,3116.87,19396.32,ach_remittance
RPY-0007176,ORG-200679,PTR-005,2022-07-29,3759.1,23155.42,ach_remittance
RPY-0007177,ORG-200679,PTR-005,2022-08-05,4265.87,27421.29,manual_payment
RPY-0007178,ORG-200679,PTR-005,2022-08-12,4614.76,32036.05,ach_remittance
RPY-0007179,ORG-200679,PTR-005,2022-08-19,3873.92,35909.97,ach_remittance
RPY-0007180,ORG-200679,PTR-005,2022-08-26,3669.43,39579.4,ach_remittance
RPY-0007181,ORG-200679,PTR-005,2022-09-02,4106.98,43686.38,ach_remittance
RPY-0007182,ORG-200679,PTR-005,2022-09-09,4536.96,48223.34,ach_remittance
RPY-0007183,ORG-200679,PTR-005,2022-09-16,636.64,48859.98,manual_payment
RPY-0007184,ORG-200680,PTR-001,2023-03-10,7362.61,7362.61,ach_remittance
RPY-0007185,ORG-200680,PTR-001,2023-03-17,9523.83,16886.44,manual_payment
RPY-0007186,ORG-200680,PTR-001,2023-03-24,5095.65,21982.09,ach_remittance
RPY-0007187,ORG-200680,PTR-001,2023-03-31,7073.79,29055.88,ach_remittance
RPY-0007188,ORG-200680,PTR-001,2023-04-07,7859.02,36914.9,ach_remittance
RPY-0007189,ORG-200680,PTR-001,2023-04-14,8290.34,45205.24,ach_remittance
RPY-0007190,ORG-200681,PTR-002,2024-07-01,5465.7,5465.7,ach_remittance
RPY-0007191,ORG-200681,PTR-002,2024-07-08,7061.76,12527.46,ach_remittance
RPY-0007192,ORG-200681,PTR-002,2024-07-15,4862.1,17389.56,ach_remittance
RPY-0007193,ORG-200681,PTR-002,2024-07-22,5564.42,22953.98,ach_remittance
RPY-0007194,ORG-200681,PTR-002,2024-07-29,10277.15,33231.13,ach_remittance
RPY-0007195,ORG-200682,PTR-002,2025-09-30,1146.76,1146.76,ach_remittance
RPY-0007196,ORG-200682,PTR-002,2025-10-07,2044.84,3191.6,ach_remittance
RPY-0007197,ORG-200682,PTR-002,2025-10-14,1621.5,4813.1,manual_payment
RPY-0007198,ORG-200682,PTR-002,2025-10-21,1428.02,6241.12,ach_remittance
RPY-0007199,ORG-200682,PTR-002,2025-10-28,954.78,7195.9,ach_remittance
RPY-0007200,ORG-200682,PTR-002,2025-11-04,1601.24,8797.14,ach_remittance
RPY-0007201,ORG-200682,PTR-002,2025-11-11,1194.96,9992.1,ach_remittance
RPY-0007202,ORG-200682,PTR-002,2025-11-18,2318.48,12310.58,ach_remittance
RPY-0007203,ORG-200683,PTR-004,2022-03-18,3080.07,3080.07,ach_remittance
RPY-0007204,ORG-200684,PTR-003,2025-03-06,1996.0,1996.0,manual_payment
RPY-0007205,ORG-200684,PTR-003,2025-03-13,1954.46,3950.46,ach_remittance
RPY-0007206,ORG-200684,PTR-003,2025-03-20,3214.35,7164.81,manual_payment
RPY-0007207,ORG-200684,PTR-003,2025-03-27,4150.89,11315.7,ach_remittance
RPY-0007208,ORG-200684,PTR-003,2025-04-03,2002.02,13317.72,ach_remittance
RPY-0007209,ORG-200684,PTR-003,2025-04-10,4106.48,17424.2,ach_remittance
RPY-0007210,ORG-200684,PTR-003,2025-04-17,3475.89,20900.09,ach_remittance
RPY-0007211,ORG-200684,PTR-003,2025-04-24,1982.74,22882.83,manual_payment
RPY-0007212,ORG-200684,PTR-003,2025-05-01,3804.45,26687.28,ach_remittance
RPY-0007213,ORG-200684,PTR-003,2025-05-08,3981.25,30668.53,ach_remittance
RPY-0007214,ORG-200684,PTR-003,2025-05-15,1877.1,32545.63,ach_remittance
RPY-0007215,ORG-200684,PTR-003,2025-05-22,3762.49,36308.12,ach_remittance
RPY-0007216,ORG-200684,PTR-003,2025-05-29,2777.6,39085.72,ach_remittance
RPY-0007217,ORG-200684,PTR-003,2025-06-05,3965.25,43050.97,ach_remittance
RPY-0007218,ORG-200684,PTR-003,2025-06-12,3565.41,46616.38,manual_payment
RPY-0007219,ORG-200684,PTR-003,2025-06-19,3262.79,49879.17,manual_payment
RPY-0007220,ORG-200684,PTR-003,2025-06-26,2480.04,52359.21,ach_remittance
RPY-0007221,ORG-200684,PTR-003,2025-07-03,1193.71,53552.92,ach_remittance
RPY-0007222,ORG-200685,PTR-002,2024-05-28,4905.4,4905.4,manual_payment
RPY-0007223,ORG-200685,PTR-002,2024-06-04,4489.53,9394.93,ach_remittance
RPY-0007224,ORG-200685,PTR-002,2024-06-11,2403.22,11798.15,ach_remittance
RPY-0007225,ORG-200685,PTR-002,2024-06-18,3202.13,15000.28,manual_payment
RPY-0007226,ORG-200685,PTR-002,2024-06-25,4347.75,19348.03,manual_payment
RPY-0007227,ORG-200685,PTR-002,2024-07-02,4106.45,23454.48,manual_payment
RPY-0007228,ORG-200685,PTR-002,2024-07-09,3522.74,26977.22,ach_remittance
RPY-0007229,ORG-200685,PTR-002,2024-07-16,2503.74,29480.96,ach_remittance
RPY-0007230,ORG-200685,PTR-002,2024-07-23,3770.09,33251.05,ach_remittance
RPY-0007231,ORG-200685,PTR-002,2024-07-30,4518.55,37769.6,manual_payment
RPY-0007232,ORG-200685,PTR-002,2024-08-06,2504.1,40273.7,ach_remittance
RPY-0007233,ORG-200685,PTR-002,2024-08-13,4013.44,44287.14,manual_payment
RPY-0007234,ORG-200685,PTR-002,2024-08-20,4866.59,49153.73,ach_remittance
RPY-0007235,ORG-200685,PTR-002,2024-08-27,4392.43,53546.16,manual_payment
RPY-0007236,ORG-200685,PTR-002,2024-09-03,2381.51,55927.67,ach_remittance
RPY-0007237,ORG-200685,PTR-002,2024-09-10,3630.52,59558.19,ach_remittance
RPY-0007238,ORG-200685,PTR-002,2024-09-17,2967.14,62525.33,ach_remittance
RPY-0007239,ORG-200685,PTR-002,2024-09-24,3491.82,66017.15,ach_remittance
RPY-0007240,ORG-200685,PTR-002,2024-10-01,4306.46,70323.61,ach_remittance
RPY-0007241,ORG-200685,PTR-002,2024-10-08,4864.06,75187.67,ach_remittance
RPY-0007242,ORG-200685,PTR-002,2024-10-15,3563.93,78751.6,ach_remittance
RPY-0007243,ORG-200685,PTR-002,2024-10-22,2954.39,81705.99,ach_remittance
RPY-0007244,ORG-200685,PTR-002,2024-10-29,3832.96,85538.95,ach_remittance
RPY-0007245,ORG-200685,PTR-002,2024-11-05,4351.74,89890.69,manual_payment
RPY-0007246,ORG-200685,PTR-002,2024-11-12,4717.6,94608.29,ach_remittance
RPY-0007247,ORG-200685,PTR-002,2024-11-19,3859.75,98468.04,ach_remittance
RPY-0007248,ORG-200685,PTR-002,2024-11-26,4909.65,103377.69,ach_remittance
RPY-0007249,ORG-200685,PTR-002,2024-12-03,2685.29,106062.98,ach_remittance
RPY-0007250,ORG-200686,PTR-002,2024-06-13,2449.64,2449.64,ach_remittance
RPY-0007251,ORG-200686,PTR-002,2024-06-20,4693.13,7142.77,ach_remittance
RPY-0007252,ORG-200686,PTR-002,2024-06-27,5245.78,12388.55,ach_remittance
RPY-0007253,ORG-200686,PTR-002,2024-07-04,4218.57,16607.12,ach_remittance
RPY-0007254,ORG-200686,PTR-002,2024-07-11,4930.98,21538.1,manual_payment
RPY-0007255,ORG-200686,PTR-002,2024-07-18,4149.59,25687.69,ach_remittance
RPY-0007256,ORG-200686,PTR-002,2024-07-25,566.11,26253.8,ach_remittance
RPY-0007257,ORG-200687,PTR-001,2025-05-16,3259.82,3259.82,ach_remittance
RPY-0007258,ORG-200687,PTR-001,2025-05-23,4015.4,7275.22,ach_remittance
RPY-0007259,ORG-200687,PTR-001,2025-05-30,3444.59,10719.81,ach_remittance
RPY-0007260,ORG-200687,PTR-001,2025-06-06,4116.58,14836.39,ach_remittance
RPY-0007261,ORG-200687,PTR-001,2025-06-13,3249.26,18085.65,ach_remittance
RPY-0007262,ORG-200687,PTR-001,2025-06-20,3047.2,21132.85,ach_remittance
RPY-0007263,ORG-200687,PTR-001,2025-06-27,5069.3,26202.15,ach_remittance
RPY-0007264,ORG-200687,PTR-001,2025-07-04,2923.03,29125.18,ach_remittance
RPY-0007265,ORG-200688,PTR-004,2022-04-05,1463.44,1463.44,ach_remittance
RPY-0007266,ORG-200688,PTR-004,2022-04-12,1656.2,3119.64,manual_payment
RPY-0007267,ORG-200688,PTR-004,2022-04-19,1634.91,4754.55,ach_remittance
RPY-0007268,ORG-200688,PTR-004,2022-04-26,1778.05,6532.6,ach_remittance
RPY-0007269,ORG-200688,PTR-004,2022-05-03,969.47,7502.07,manual_payment
RPY-0007270,ORG-200688,PTR-004,2022-05-10,1511.93,9014.0,ach_remittance
RPY-0007271,ORG-200688,PTR-004,2022-05-17,1410.01,10424.01,ach_remittance
RPY-0007272,ORG-200689,PTR-001,2023-02-05,4699.68,4699.68,ach_remittance
RPY-0007273,ORG-200689,PTR-001,2023-02-12,3889.48,8589.16,ach_remittance
RPY-0007274,ORG-200689,PTR-001,2023-02-19,5557.69,14146.85,ach_remittance
RPY-0007275,ORG-200689,PTR-001,2023-02-26,5574.13,19720.98,ach_remittance
RPY-0007276,ORG-200689,PTR-001,2023-03-05,5488.7,25209.68,ach_remittance
RPY-0007277,ORG-200689,PTR-001,2023-03-12,6898.29,32107.97,ach_remittance
RPY-0007278,ORG-200689,PTR-001,2023-03-19,5235.96,37343.93,ach_remittance
RPY-0007279,ORG-200690,PTR-005,2022-08-04,3149.56,3149.56,manual_payment
RPY-0007280,ORG-200690,PTR-005,2022-08-11,4602.18,7751.74,ach_remittance
RPY-0007281,ORG-200690,PTR-005,2022-08-18,2710.91,10462.65,ach_remittance
RPY-0007282,ORG-200690,PTR-005,2022-08-25,4862.54,15325.19,ach_remittance
RPY-0007283,ORG-200690,PTR-005,2022-09-01,2626.19,17951.38,ach_remittance
RPY-0007284,ORG-200690,PTR-005,2022-09-08,3853.01,21804.39,ach_remittance
RPY-0007285,ORG-200690,PTR-005,2022-09-15,3316.79,25121.18,manual_payment
RPY-0007286,ORG-200691,PTR-004,2022-03-08,5682.05,5682.05,manual_payment
RPY-0007287,ORG-200691,PTR-004,2022-03-15,3725.74,9407.79,ach_remittance
RPY-0007288,ORG-200691,PTR-004,2022-03-22,5889.77,15297.56,ach_remittance
RPY-0007289,ORG-200691,PTR-004,2022-03-29,3829.79,19127.35,ach_remittance
RPY-0007290,ORG-200691,PTR-004,2022-04-05,4836.84,23964.19,ach_remittance
RPY-0007291,ORG-200691,PTR-004,2022-04-12,3108.91,27073.1,ach_remittance
RPY-0007292,ORG-200691,PTR-004,2022-04-19,5360.83,32433.93,manual_payment
RPY-0007293,ORG-200691,PTR-004,2022-04-26,3045.89,35479.82,ach_remittance
RPY-0007294,ORG-200692,PTR-003,2025-06-10,3564.41,3564.41,ach_remittance
RPY-0007295,ORG-200692,PTR-003,2025-06-17,3935.33,7499.74,ach_remittance
RPY-0007296,ORG-200692,PTR-003,2025-06-24,4066.31,11566.05,ach_remittance
RPY-0007297,ORG-200692,PTR-003,2025-07-01,2313.17,13879.22,ach_remittance
RPY-0007298,ORG-200692,PTR-003,2025-07-08,3604.88,17484.1,ach_remittance
RPY-0007299,ORG-200692,PTR-003,2025-07-15,2005.49,19489.59,ach_remittance
RPY-0007300,ORG-200692,PTR-003,2025-07-22,3243.84,22733.43,ach_remittance
RPY-0007301,ORG-200692,PTR-003,2025-07-29,934.48,23667.91,ach_remittance
RPY-0007302,ORG-200693,PTR-002,2023-09-26,9658.65,9658.65,ach_remittance
RPY-0007303,ORG-200693,PTR-002,2023-10-03,10523.91,20182.56,manual_payment
RPY-0007304,ORG-200693,PTR-002,2023-10-10,7480.29,27662.85,ach_remittance
RPY-0007305,ORG-200693,PTR-002,2023-10-17,8423.0,36085.85,manual_payment
RPY-0007306,ORG-200693,PTR-002,2023-10-24,6705.68,42791.53,ach_remittance
RPY-0007307,ORG-200693,PTR-002,2023-10-31,8124.73,50916.26,ach_remittance
RPY-0007308,ORG-200693,PTR-002,2023-11-07,7544.58,58460.84,ach_remittance
RPY-0007309,ORG-200693,PTR-002,2023-11-14,9456.0,67916.84,ach_remittance
RPY-0007310,ORG-200693,PTR-002,2023-11-21,7488.46,75405.3,ach_remittance
RPY-0007311,ORG-200693,PTR-002,2023-11-28,7693.0,83098.3,ach_remittance
RPY-0007312,ORG-200693,PTR-002,2023-12-05,7639.93,90738.23,manual_payment
RPY-0007313,ORG-200693,PTR-002,2023-12-12,5236.57,95974.8,ach_remittance
RPY-0007314,ORG-200694,PTR-002,2025-07-31,548.66,548.66,ach_remittance
RPY-0007315,ORG-200694,PTR-002,2025-08-07,608.88,1157.54,ach_remittance
RPY-0007316,ORG-200694,PTR-002,2025-08-14,713.84,1871.38,ach_remittance
RPY-0007317,ORG-200694,PTR-002,2025-08-21,469.36,2340.74,ach_remittance
RPY-0007318,ORG-200694,PTR-002,2025-08-28,557.59,2898.33,ach_remittance
RPY-0007319,ORG-200694,PTR-002,2025-09-04,479.1,3377.43,ach_remittance
RPY-0007320,ORG-200694,PTR-002,2025-09-11,338.93,3716.36,ach_remittance
RPY-0007321,ORG-200694,PTR-002,2025-09-18,417.08,4133.44,ach_remittance
RPY-0007322,ORG-200694,PTR-002,2025-09-25,737.09,4870.53,ach_remittance
RPY-0007323,ORG-200694,PTR-002,2025-10-02,469.45,5339.98,manual_payment
RPY-0007324,ORG-200694,PTR-002,2025-10-09,798.9,6138.88,manual_payment
RPY-0007325,ORG-200695,PTR-001,2025-04-19,2312.88,2312.88,ach_remittance
RPY-0007326,ORG-200695,PTR-001,2025-04-26,1648.15,3961.03,ach_remittance
RPY-0007327,ORG-200695,PTR-001,2025-05-03,1335.29,5296.32,ach_remittance
RPY-0007328,ORG-200695,PTR-001,2025-05-10,1444.24,6740.56,ach_remittance
RPY-0007329,ORG-200695,PTR-001,2025-05-17,1418.63,8159.19,ach_remittance
RPY-0007330,ORG-200695,PTR-001,2025-05-24,2255.55,10414.74,ach_remittance
RPY-0007331,ORG-200695,PTR-001,2025-05-31,1520.1,11934.84,ach_remittance
RPY-0007332,ORG-200695,PTR-001,2025-06-07,1419.53,13354.37,manual_payment
RPY-0007333,ORG-200695,PTR-001,2025-06-14,2029.54,15383.91,ach_remittance
RPY-0007334,ORG-200695,PTR-001,2025-06-21,1298.43,16682.34,ach_remittance
RPY-0007335,ORG-200695,PTR-001,2025-06-28,3393.54,20075.88,manual_payment
RPY-0007336,ORG-200696,PTR-001,2022-10-19,901.86,901.86,ach_remittance
RPY-0007337,ORG-200696,PTR-001,2022-10-26,1807.59,2709.45,ach_remittance
RPY-0007338,ORG-200696,PTR-001,2022-11-02,936.57,3646.02,ach_remittance
RPY-0007339,ORG-200696,PTR-001,2022-11-09,1444.19,5090.21,ach_remittance
RPY-0007340,ORG-200696,PTR-001,2022-11-16,1220.19,6310.4,ach_remittance
RPY-0007341,ORG-200696,PTR-001,2022-11-23,1733.06,8043.46,ach_remittance
RPY-0007342,ORG-200696,PTR-001,2022-11-30,1235.02,9278.48,ach_remittance
RPY-0007343,ORG-200696,PTR-001,2022-12-07,1691.0,10969.48,ach_remittance
RPY-0007344,ORG-200696,PTR-001,2022-12-14,1854.53,12824.01,ach_remittance
RPY-0007345,ORG-200696,PTR-001,2022-12-21,1056.6,13880.61,ach_remittance
RPY-0007346,ORG-200696,PTR-001,2022-12-28,856.76,14737.37,ach_remittance
RPY-0007347,ORG-200696,PTR-001,2023-01-04,1424.79,16162.16,ach_remittance
RPY-0007348,ORG-200697,PTR-003,2023-04-15,970.04,970.04,manual_payment
RPY-0007349,ORG-200697,PTR-003,2023-04-22,1000.44,1970.48,ach_remittance
RPY-0007350,ORG-200697,PTR-003,2023-04-29,954.32,2924.8,ach_remittance
RPY-0007351,ORG-200697,PTR-003,2023-05-06,608.7,3533.5,ach_remittance
RPY-0007352,ORG-200697,PTR-003,2023-05-13,1140.57,4674.07,ach_remittance
RPY-0007353,ORG-200697,PTR-003,2023-05-20,700.3,5374.37,ach_remittance
RPY-0007354,ORG-200698,PTR-003,2022-10-27,1965.4,1965.4,ach_remittance
RPY-0007355,ORG-200698,PTR-003,2022-11-03,2219.52,4184.92,ach_remittance
RPY-0007356,ORG-200698,PTR-003,2022-11-10,1264.75,5449.67,ach_remittance
RPY-0007357,ORG-200698,PTR-003,2022-11-17,1799.98,7249.65,ach_remittance
RPY-0007358,ORG-200698,PTR-003,2022-11-24,2140.67,9390.32,ach_remittance
RPY-0007359,ORG-200698,PTR-003,2022-12-01,1060.63,10450.95,ach_remittance
RPY-0007360,ORG-200698,PTR-003,2022-12-08,1335.79,11786.74,ach_remittance
RPY-0007361,ORG-200698,PTR-003,2022-12-15,1062.07,12848.81,ach_remittance
RPY-0007362,ORG-200699,PTR-004,2024-05-18,4803.66,4803.66,ach_remittance
RPY-0007363,ORG-200699,PTR-004,2024-05-25,6135.58,10939.24,ach_remittance
RPY-0007364,ORG-200699,PTR-004,2024-06-01,3584.96,14524.2,manual_payment
RPY-0007365,ORG-200699,PTR-004,2024-06-08,5816.96,20341.16,ach_remittance
RPY-0007366,ORG-200699,PTR-004,2024-06-15,6895.96,27237.12,ach_remittance
RPY-0007367,ORG-200699,PTR-004,2024-06-22,5383.78,32620.9,manual_payment
RPY-0007368,ORG-200699,PTR-004,2024-06-29,6197.37,38818.27,ach_remittance
RPY-0007369,ORG-200699,PTR-004,2024-07-06,6033.97,44852.24,ach_remittance
RPY-0007370,ORG-200699,PTR-004,2024-07-13,4370.54,49222.78,ach_remittance
RPY-0007371,ORG-200699,PTR-004,2024-07-20,5006.37,54229.15,ach_remittance
RPY-0007372,ORG-200699,PTR-004,2024-07-27,6274.48,60503.63,ach_remittance
RPY-0007373,ORG-200699,PTR-004,2024-08-03,4987.02,65490.65,ach_remittance
RPY-0007374,ORG-200699,PTR-004,2024-08-10,6067.6,71558.25,ach_remittance
RPY-0007375,ORG-200699,PTR-004,2024-08-17,4371.28,75929.53,ach_remittance
RPY-0007376,ORG-200699,PTR-004,2024-08-24,6292.92,82222.45,ach_remittance
RPY-0007377,ORG-200699,PTR-004,2024-08-31,5547.7,87770.15,ach_remittance
RPY-0007378,ORG-200700,PTR-002,2022-11-15,2128.27,2128.27,ach_remittance
RPY-0007379,ORG-200700,PTR-002,2022-11-22,2679.97,4808.24,ach_remittance
RPY-0007380,ORG-200700,PTR-002,2022-11-29,4102.52,8910.76,ach_remittance
RPY-0007381,ORG-200700,PTR-002,2022-12-06,4047.11,12957.87,ach_remittance
RPY-0007382,ORG-200700,PTR-002,2022-12-13,3897.73,16855.6,ach_remittance
RPY-0007383,ORG-200700,PTR-002,2022-12-20,3914.3,20769.9,manual_payment
RPY-0007384,ORG-200700,PTR-002,2022-12-27,2406.17,23176.07,ach_remittance
RPY-0007385,ORG-200700,PTR-002,2023-01-03,3635.21,26811.28,ach_remittance
RPY-0007386,ORG-200700,PTR-002,2023-01-10,3494.75,30306.03,ach_remittance
RPY-0007387,ORG-200701,PTR-004,2024-05-02,10410.73,10410.73,ach_remittance
RPY-0007388,ORG-200701,PTR-004,2024-05-09,10014.31,20425.04,ach_remittance
RPY-0007389,ORG-200701,PTR-004,2024-05-16,5064.58,25489.62,ach_remittance
RPY-0007390,ORG-200701,PTR-004,2024-05-23,8502.27,33991.89,manual_payment
RPY-0007391,ORG-200701,PTR-004,2024-05-30,3501.4,37493.29,ach_remittance
RPY-0007392,ORG-200702,PTR-003,2023-08-03,5555.03,5555.03,ach_remittance
RPY-0007393,ORG-200702,PTR-003,2023-08-10,4019.74,9574.77,ach_remittance
RPY-0007394,ORG-200702,PTR-003,2023-08-17,4615.5,14190.27,ach_remittance
RPY-0007395,ORG-200702,PTR-003,2023-08-24,4870.92,19061.19,ach_remittance
RPY-0007396,ORG-200702,PTR-003,2023-08-31,5604.32,24665.51,ach_remittance
RPY-0007397,ORG-200702,PTR-003,2023-09-07,3864.91,28530.42,ach_remittance
RPY-0007398,ORG-200702,PTR-003,2023-09-14,3814.86,32345.28,ach_remittance
RPY-0007399,ORG-200702,PTR-003,2023-09-21,5074.58,37419.86,ach_remittance
RPY-0007400,ORG-200702,PTR-003,2023-09-28,4730.72,42150.58,ach_remittance
RPY-0007401,ORG-200702,PTR-003,2023-10-05,2458.75,44609.33,ach_remittance
RPY-0007402,ORG-200703,PTR-002,2025-10-15,2198.05,2198.05,ach_remittance
RPY-0007403,ORG-200703,PTR-002,2025-10-22,2929.21,5127.26,ach_remittance
RPY-0007404,ORG-200703,PTR-002,2025-10-29,3379.14,8506.4,ach_remittance
RPY-0007405,ORG-200703,PTR-002,2025-11-05,2682.63,11189.03,manual_payment
RPY-0007406,ORG-200703,PTR-002,2025-11-12,2986.8,14175.83,ach_remittance
RPY-0007407,ORG-200703,PTR-002,2025-11-19,2526.69,16702.52,ach_remittance
RPY-0007408,ORG-200703,PTR-002,2025-11-26,4054.31,20756.83,manual_payment
RPY-0007409,ORG-200703,PTR-002,2025-12-03,3324.59,24081.42,ach_remittance
RPY-0007410,ORG-200703,PTR-002,2025-12-10,4059.84,28141.26,ach_remittance
RPY-0007411,ORG-200703,PTR-002,2025-12-17,4141.0,32282.26,ach_remittance
RPY-0007412,ORG-200703,PTR-002,2025-12-24,3856.04,36138.3,ach_remittance
RPY-0007413,ORG-200703,PTR-002,2025-12-31,3118.67,39256.97,ach_remittance
RPY-0007414,ORG-200703,PTR-002,2026-01-07,4030.63,43287.6,ach_remittance
RPY-0007415,ORG-200703,PTR-002,2026-01-14,3634.86,46922.46,ach_remittance
RPY-0007416,ORG-200703,PTR-002,2026-01-21,104.86,47027.32,manual_payment
RPY-0007417,ORG-200704,PTR-003,2025-06-12,3528.96,3528.96,ach_remittance
RPY-0007418,ORG-200704,PTR-003,2025-06-19,4978.51,8507.47,ach_remittance
RPY-0007419,ORG-200704,PTR-003,2025-06-26,2623.05,11130.52,ach_remittance
RPY-0007420,ORG-200704,PTR-003,2025-07-03,3505.27,14635.79,ach_remittance
RPY-0007421,ORG-200704,PTR-003,2025-07-10,2658.38,17294.17,manual_payment
RPY-0007422,ORG-200704,PTR-003,2025-07-17,3865.21,21159.38,ach_remittance
RPY-0007423,ORG-200704,PTR-003,2025-07-24,3129.57,24288.95,ach_remittance
RPY-0007424,ORG-200704,PTR-003,2025-07-31,5051.03,29339.98,ach_remittance
RPY-0007425,ORG-200705,PTR-004,2022-01-16,3266.28,3266.28,ach_remittance
RPY-0007426,ORG-200705,PTR-004,2022-01-23,1554.0,4820.28,ach_remittance
RPY-0007427,ORG-200705,PTR-004,2022-01-30,1597.88,6418.16,ach_remittance
RPY-0007428,ORG-200705,PTR-004,2022-02-06,2851.53,9269.69,ach_remittance
RPY-0007429,ORG-200705,PTR-004,2022-02-13,3335.92,12605.61,ach_remittance
RPY-0007430,ORG-200705,PTR-004,2022-02-20,3133.94,15739.55,ach_remittance
RPY-0007431,ORG-200705,PTR-004,2022-02-27,3239.08,18978.63,ach_remittance
RPY-0007432,ORG-200705,PTR-004,2022-03-06,3485.4,22464.03,ach_remittance
RPY-0007433,ORG-200705,PTR-004,2022-03-13,3197.95,25661.98,ach_remittance
RPY-0007434,ORG-200705,PTR-004,2022-03-20,2261.86,27923.84,ach_remittance
RPY-0007435,ORG-200705,PTR-004,2022-03-27,2518.8,30442.64,ach_remittance
RPY-0007436,ORG-200705,PTR-004,2022-04-03,2882.43,33325.07,ach_remittance
RPY-0007437,ORG-200705,PTR-004,2022-04-10,2497.31,35822.38,ach_remittance
RPY-0007438,ORG-200705,PTR-004,2022-04-17,1671.44,37493.82,ach_remittance
RPY-0007439,ORG-200705,PTR-004,2022-04-24,1517.32,39011.14,ach_remittance
RPY-0007440,ORG-200705,PTR-004,2022-05-01,2854.11,41865.25,ach_remittance
RPY-0007441,ORG-200705,PTR-004,2022-05-08,2071.9,43937.15,ach_remittance
RPY-0007442,ORG-200705,PTR-004,2022-05-15,3331.67,47268.82,ach_remittance
RPY-0007443,ORG-200705,PTR-004,2022-05-22,2624.36,49893.18,ach_remittance
RPY-0007444,ORG-200705,PTR-004,2022-05-29,2338.41,52231.59,ach_remittance
RPY-0007445,ORG-200705,PTR-004,2022-06-05,2763.66,54995.25,ach_remittance
RPY-0007446,ORG-200706,PTR-002,2022-06-15,4938.49,4938.49,ach_remittance
RPY-0007447,ORG-200706,PTR-002,2022-06-22,6649.89,11588.38,ach_remittance
RPY-0007448,ORG-200706,PTR-002,2022-06-29,6233.87,17822.25,ach_remittance
RPY-0007449,ORG-200706,PTR-002,2022-07-06,3504.37,21326.62,ach_remittance
RPY-0007450,ORG-200706,PTR-002,2022-07-13,4182.4,25509.02,ach_remittance
RPY-0007451,ORG-200706,PTR-002,2022-07-20,5449.28,30958.3,ach_remittance
RPY-0007452,ORG-200706,PTR-002,2022-07-27,6395.37,37353.67,manual_payment
RPY-0007453,ORG-200706,PTR-002,2022-08-03,5909.35,43263.02,ach_remittance
RPY-0007454,ORG-200707,PTR-001,2023-02-03,879.11,879.11,ach_remittance
RPY-0007455,ORG-200707,PTR-001,2023-02-10,1053.2,1932.31,ach_remittance
RPY-0007456,ORG-200707,PTR-001,2023-02-17,945.9,2878.21,manual_payment
RPY-0007457,ORG-200707,PTR-001,2023-02-24,679.7,3557.91,ach_remittance
RPY-0007458,ORG-200707,PTR-001,2023-03-03,732.09,4290.0,ach_remittance
RPY-0007459,ORG-200707,PTR-001,2023-03-10,1442.87,5732.87,ach_remittance
RPY-0007460,ORG-200707,PTR-001,2023-03-17,1027.52,6760.39,ach_remittance
RPY-0007461,ORG-200707,PTR-001,2023-03-24,1343.54,8103.93,ach_remittance
RPY-0007462,ORG-200707,PTR-001,2023-03-31,1550.14,9654.07,manual_payment
RPY-0007463,ORG-200708,PTR-005,2024-09-24,7089.88,7089.88,ach_remittance
RPY-0007464,ORG-200708,PTR-005,2024-10-01,9428.27,16518.15,ach_remittance
RPY-0007465,ORG-200708,PTR-005,2024-10-08,10488.37,27006.52,ach_remittance
RPY-0007466,ORG-200708,PTR-005,2024-10-15,6911.82,33918.34,ach_remittance
RPY-0007467,ORG-200708,PTR-005,2024-10-22,13047.59,46965.93,ach_remittance
RPY-0007468,ORG-200708,PTR-005,2024-10-29,9155.05,56120.98,ach_remittance
RPY-0007469,ORG-200708,PTR-005,2024-11-05,10521.12,66642.1,ach_remittance
RPY-0007470,ORG-200708,PTR-005,2024-11-12,7529.55,74171.65,manual_payment
RPY-0007471,ORG-200708,PTR-005,2024-11-19,13404.97,87576.62,ach_remittance
RPY-0007472,ORG-200708,PTR-005,2024-11-26,15870.5,103447.12,ach_remittance
RPY-0007473,ORG-200709,PTR-003,2024-01-24,1531.04,1531.04,ach_remittance
RPY-0007474,ORG-200709,PTR-003,2024-01-31,1741.46,3272.5,ach_remittance
RPY-0007475,ORG-200709,PTR-003,2024-02-07,1047.84,4320.34,ach_remittance
RPY-0007476,ORG-200709,PTR-003,2024-02-14,1028.02,5348.36,ach_remittance
RPY-0007477,ORG-200709,PTR-003,2024-02-21,1759.54,7107.9,ach_remittance
RPY-0007478,ORG-200709,PTR-003,2024-02-28,1509.21,8617.11,manual_payment
RPY-0007479,ORG-200709,PTR-003,2024-03-06,1244.94,9862.05,ach_remittance
RPY-0007480,ORG-200709,PTR-003,2024-03-13,1935.01,11797.06,ach_remittance
RPY-0007481,ORG-200709,PTR-003,2024-03-20,1168.08,12965.14,ach_remittance
RPY-0007482,ORG-200710,PTR-002,2025-05-05,225.07,225.07,manual_payment
RPY-0007483,ORG-200710,PTR-002,2025-05-12,251.03,476.1,ach_remittance
RPY-0007484,ORG-200710,PTR-002,2025-05-19,181.66,657.76,ach_remittance
RPY-0007485,ORG-200710,PTR-002,2025-05-26,363.85,1021.61,ach_remittance
RPY-0007486,ORG-200710,PTR-002,2025-06-02,235.09,1256.7,ach_remittance
RPY-0007487,ORG-200710,PTR-002,2025-06-09,221.37,1478.07,ach_remittance
RPY-0007488,ORG-200710,PTR-002,2025-06-16,272.56,1750.63,ach_remittance
RPY-0007489,ORG-200710,PTR-002,2025-06-23,372.91,2123.54,ach_remittance
RPY-0007490,ORG-200710,PTR-002,2025-06-30,294.32,2417.86,ach_remittance
RPY-0007491,ORG-200710,PTR-002,2025-07-07,366.36,2784.22,ach_remittance
RPY-0007492,ORG-200710,PTR-002,2025-07-14,311.03,3095.25,ach_remittance
RPY-0007493,ORG-200710,PTR-002,2025-07-21,218.06,3313.31,ach_remittance
RPY-0007494,ORG-200710,PTR-002,2025-07-28,357.09,3670.4,ach_remittance
RPY-0007495,ORG-200710,PTR-002,2025-08-04,345.61,4016.01,ach_remittance
RPY-0007496,ORG-200710,PTR-002,2025-08-11,182.79,4198.8,ach_remittance
RPY-0007497,ORG-200711,PTR-001,2022-05-13,2112.99,2112.99,manual_payment
RPY-0007498,ORG-200711,PTR-001,2022-05-20,2101.51,4214.5,ach_remittance
RPY-0007499,ORG-200711,PTR-001,2022-05-27,2099.75,6314.25,ach_remittance
RPY-0007500,ORG-200711,PTR-001,2022-06-03,2452.04,8766.29,ach_remittance
RPY-0007501,ORG-200711,PTR-001,2022-06-10,3365.52,12131.81,manual_payment
RPY-0007502,ORG-200711,PTR-001,2022-06-17,3509.42,15641.23,ach_remittance
RPY-0007503,ORG-200711,PTR-001,2022-06-24,3704.57,19345.8,ach_remittance
RPY-0007504,ORG-200711,PTR-001,2022-07-01,4090.68,23436.48,manual_payment
RPY-0007505,ORG-200711,PTR-001,2022-07-08,3227.0,26663.48,ach_remittance
RPY-0007506,ORG-200711,PTR-001,2022-07-15,3445.67,30109.15,ach_remittance
RPY-0007507,ORG-200711,PTR-001,2022-07-22,2301.27,32410.42,ach_remittance
RPY-0007508,ORG-200712,PTR-005,2025-06-04,872.69,872.69,ach_remittance
RPY-0007509,ORG-200712,PTR-005,2025-06-11,710.73,1583.42,ach_remittance
RPY-0007510,ORG-200712,PTR-005,2025-06-18,525.71,2109.13,ach_remittance
RPY-0007511,ORG-200712,PTR-005,2025-06-25,618.09,2727.22,ach_remittance
RPY-0007512,ORG-200712,PTR-005,2025-07-02,1088.88,3816.1,ach_remittance
RPY-0007513,ORG-200712,PTR-005,2025-07-09,1189.42,5005.52,ach_remittance
RPY-0007514,ORG-200712,PTR-005,2025-07-16,1001.9,6007.42,ach_remittance
RPY-0007515,ORG-200712,PTR-005,2025-07-23,828.08,6835.5,ach_remittance
RPY-0007516,ORG-200712,PTR-005,2025-07-30,989.51,7825.01,ach_remittance
RPY-0007517,ORG-200712,PTR-005,2025-08-06,574.19,8399.2,manual_payment
RPY-0007518,ORG-200712,PTR-005,2025-08-13,690.72,9089.92,ach_remittance
RPY-0007519,ORG-200712,PTR-005,2025-08-20,995.58,10085.5,ach_remittance
RPY-0007520,ORG-200712,PTR-005,2025-08-27,761.6,10847.1,ach_remittance
RPY-0007521,ORG-200712,PTR-005,2025-09-03,973.89,11820.99,ach_remittance
RPY-0007522,ORG-200712,PTR-005,2025-09-10,1022.56,12843.55,ach_remittance
RPY-0007523,ORG-200713,PTR-003,2022-01-26,376.8,376.8,ach_remittance
RPY-0007524,ORG-200713,PTR-003,2022-02-02,480.36,857.16,ach_remittance
RPY-0007525,ORG-200713,PTR-003,2022-02-09,521.9,1379.06,ach_remittance
RPY-0007526,ORG-200713,PTR-003,2022-02-16,441.12,1820.18,ach_remittance
RPY-0007527,ORG-200713,PTR-003,2022-02-23,546.06,2366.24,ach_remittance
RPY-0007528,ORG-200713,PTR-003,2022-03-02,349.74,2715.98,ach_remittance
RPY-0007529,ORG-200713,PTR-003,2022-03-09,479.04,3195.02,ach_remittance
RPY-0007530,ORG-200713,PTR-003,2022-03-16,77.71,3272.73,ach_remittance
RPY-0007531,ORG-200714,PTR-005,2025-07-28,6708.44,6708.44,ach_remittance
RPY-0007532,ORG-200714,PTR-005,2025-08-04,3278.17,9986.61,ach_remittance
RPY-0007533,ORG-200714,PTR-005,2025-08-11,7177.75,17164.36,ach_remittance
RPY-0007534,ORG-200714,PTR-005,2025-08-18,6118.58,23282.94,ach_remittance
RPY-0007535,ORG-200714,PTR-005,2025-08-25,3224.19,26507.13,ach_remittance
RPY-0007536,ORG-200715,PTR-003,2022-03-19,642.32,642.32,manual_payment
RPY-0007537,ORG-200715,PTR-003,2022-03-26,520.63,1162.95,manual_payment
RPY-0007538,ORG-200715,PTR-003,2022-04-02,480.97,1643.92,ach_remittance
RPY-0007539,ORG-200715,PTR-003,2022-04-09,702.58,2346.5,ach_remittance
RPY-0007540,ORG-200715,PTR-003,2022-04-16,611.02,2957.52,ach_remittance
RPY-0007541,ORG-200715,PTR-003,2022-04-23,496.36,3453.88,ach_remittance
RPY-0007542,ORG-200715,PTR-003,2022-04-30,407.54,3861.42,ach_remittance
RPY-0007543,ORG-200715,PTR-003,2022-05-07,524.98,4386.4,ach_remittance
RPY-0007544,ORG-200715,PTR-003,2022-05-14,675.08,5061.48,ach_remittance
RPY-0007545,ORG-200715,PTR-003,2022-05-21,659.77,5721.25,ach_remittance
RPY-0007546,ORG-200715,PTR-003,2022-05-28,449.16,6170.41,ach_remittance
RPY-0007547,ORG-200715,PTR-003,2022-06-04,727.72,6898.13,ach_remittance
RPY-0007548,ORG-200715,PTR-003,2022-06-11,516.19,7414.32,ach_remittance
RPY-0007549,ORG-200715,PTR-003,2022-06-18,722.06,8136.38,ach_remittance
RPY-0007550,ORG-200715,PTR-003,2022-06-25,348.05,8484.43,ach_remittance
RPY-0007551,ORG-200715,PTR-003,2022-07-02,368.13,8852.56,manual_payment
RPY-0007552,ORG-200715,PTR-003,2022-07-09,366.1,9218.66,ach_remittance
RPY-0007553,ORG-200715,PTR-003,2022-07-16,610.75,9829.41,manual_payment
RPY-0007554,ORG-200715,PTR-003,2022-07-23,544.47,10373.88,ach_remittance
RPY-0007555,ORG-200715,PTR-003,2022-07-30,343.8,10717.68,ach_remittance
RPY-0007556,ORG-200715,PTR-003,2022-08-06,731.64,11449.32,ach_remittance
RPY-0007557,ORG-200715,PTR-003,2022-08-13,362.65,11811.97,ach_remittance
RPY-0007558,ORG-200715,PTR-003,2022-08-20,790.4,12602.37,ach_remittance
RPY-0007559,ORG-200715,PTR-003,2022-08-27,661.11,13263.48,ach_remittance
RPY-0007560,ORG-200715,PTR-003,2022-09-03,495.07,13758.55,ach_remittance
RPY-0007561,ORG-200715,PTR-003,2022-09-10,615.99,14374.54,ach_remittance
RPY-0007562,ORG-200715,PTR-003,2022-09-17,653.77,15028.31,ach_remittance
RPY-0007563,ORG-200715,PTR-003,2022-09-24,447.17,15475.48,ach_remittance
RPY-0007564,ORG-200715,PTR-003,2022-10-01,664.42,16139.9,ach_remittance
RPY-0007565,ORG-200715,PTR-003,2022-10-08,532.51,16672.41,manual_payment
RPY-0007566,ORG-200715,PTR-003,2022-10-15,693.64,17366.05,ach_remittance
RPY-0007567,ORG-200715,PTR-003,2022-10-22,585.72,17951.77,ach_remittance
RPY-0007568,ORG-200715,PTR-003,2022-10-29,868.37,18820.14,ach_remittance
RPY-0007569,ORG-200716,PTR-001,2022-01-15,4837.89,4837.89,ach_remittance
RPY-0007570,ORG-200716,PTR-001,2022-01-22,8043.29,12881.18,manual_payment
RPY-0007571,ORG-200716,PTR-001,2022-01-29,8623.24,21504.42,ach_remittance
RPY-0007572,ORG-200716,PTR-001,2022-02-05,8460.69,29965.11,ach_remittance
RPY-0007573,ORG-200716,PTR-001,2022-02-12,7437.58,37402.69,manual_payment
RPY-0007574,ORG-200716,PTR-001,2022-02-19,6795.33,44198.02,ach_remittance
RPY-0007575,ORG-200716,PTR-001,2022-02-26,4750.71,48948.73,ach_remittance
RPY-0007576,ORG-200716,PTR-001,2022-03-05,6251.68,55200.41,ach_remittance
RPY-0007577,ORG-200716,PTR-001,2022-03-12,4211.53,59411.94,ach_remittance
RPY-0007578,ORG-200716,PTR-001,2022-03-19,4361.74,63773.68,ach_remittance
RPY-0007579,ORG-200716,PTR-001,2022-03-26,7066.54,70840.22,ach_remittance
RPY-0007580,ORG-200716,PTR-001,2022-04-02,6104.76,76944.98,ach_remittance
RPY-0007581,ORG-200716,PTR-001,2022-04-09,8045.04,84990.02,ach_remittance
RPY-0007582,ORG-200716,PTR-001,2022-04-16,7516.29,92506.31,ach_remittance
RPY-0007583,ORG-200716,PTR-001,2022-04-23,981.85,93488.16,ach_remittance
RPY-0007584,ORG-200717,PTR-004,2023-05-06,5038.42,5038.42,ach_remittance
RPY-0007585,ORG-200717,PTR-004,2023-05-13,2983.52,8021.94,ach_remittance
RPY-0007586,ORG-200717,PTR-004,2023-05-20,5801.57,13823.51,ach_remittance
RPY-0007587,ORG-200717,PTR-004,2023-05-27,3245.93,17069.44,ach_remittance
RPY-0007588,ORG-200717,PTR-004,2023-06-03,3283.08,20352.52,ach_remittance
RPY-0007589,ORG-200717,PTR-004,2023-06-10,4184.84,24537.36,ach_remittance
RPY-0007590,ORG-200717,PTR-004,2023-06-17,4503.96,29041.32,ach_remittance
RPY-0007591,ORG-200717,PTR-004,2023-06-24,2710.78,31752.1,ach_remittance
RPY-0007592,ORG-200717,PTR-004,2023-07-01,3364.34,35116.44,ach_remittance
RPY-0007593,ORG-200717,PTR-004,2023-07-08,2975.84,38092.28,ach_remittance
RPY-0007594,ORG-200717,PTR-004,2023-07-15,5580.51,43672.79,ach_remittance
RPY-0007595,ORG-200717,PTR-004,2023-07-22,9745.5,53418.29,ach_remittance
RPY-0007596,ORG-200718,PTR-006,2025-07-05,6479.49,6479.49,ach_remittance
RPY-0007597,ORG-200718,PTR-006,2025-07-12,8680.37,15159.86,ach_remittance
RPY-0007598,ORG-200718,PTR-006,2025-07-19,4241.47,19401.33,ach_remittance
RPY-0007599,ORG-200718,PTR-006,2025-07-26,9097.38,28498.71,ach_remittance
RPY-0007600,ORG-200718,PTR-006,2025-08-02,8166.46,36665.17,manual_payment
RPY-0007601,ORG-200718,PTR-006,2025-08-09,4265.49,40930.66,manual_payment
RPY-0007602,ORG-200718,PTR-006,2025-08-16,7994.22,48924.88,ach_remittance
RPY-0007603,ORG-200718,PTR-006,2025-08-23,4788.04,53712.92,ach_remittance
RPY-0007604,ORG-200718,PTR-006,2025-08-30,8986.86,62699.78,ach_remittance
RPY-0007605,ORG-200718,PTR-006,2025-09-06,5909.32,68609.1,ach_remittance
RPY-0007606,ORG-200718,PTR-006,2025-09-13,5136.54,73745.64,manual_payment
RPY-0007607,ORG-200718,PTR-006,2025-09-20,8609.33,82354.97,ach_remittance
RPY-0007608,ORG-200718,PTR-006,2025-09-27,9299.18,91654.15,ach_remittance
RPY-0007609,ORG-200718,PTR-006,2025-10-04,4128.79,95782.94,ach_remittance
RPY-0007610,ORG-200719,PTR-001,2026-01-18,3813.43,3813.43,ach_remittance
RPY-0007611,ORG-200719,PTR-001,2026-01-25,3610.58,7424.01,ach_remittance
RPY-0007612,ORG-200719,PTR-001,2026-02-01,4496.78,11920.79,ach_remittance
RPY-0007613,ORG-200719,PTR-001,2026-02-08,3941.32,15862.11,ach_remittance
RPY-0007614,ORG-200719,PTR-001,2026-02-15,3904.47,19766.58,ach_remittance
RPY-0007615,ORG-200719,PTR-001,2026-02-22,4322.81,24089.39,ach_remittance
RPY-0007616,ORG-200719,PTR-001,2026-03-01,730.87,24820.26,manual_payment
RPY-0007617,ORG-200720,PTR-001,2025-09-23,4051.5,4051.5,ach_remittance
RPY-0007618,ORG-200720,PTR-001,2025-09-30,3716.13,7767.63,ach_remittance
RPY-0007619,ORG-200720,PTR-001,2025-10-07,2230.22,9997.85,ach_remittance
RPY-0007620,ORG-200720,PTR-001,2025-10-14,3042.56,13040.41,ach_remittance
RPY-0007621,ORG-200720,PTR-001,2025-10-21,3798.42,16838.83,manual_payment
RPY-0007622,ORG-200720,PTR-001,2025-10-28,3951.13,20789.96,ach_remittance
RPY-0007623,ORG-200720,PTR-001,2025-11-04,1786.86,22576.82,ach_remittance
RPY-0007624,ORG-200720,PTR-001,2025-11-11,2348.27,24925.09,ach_remittance
RPY-0007625,ORG-200720,PTR-001,2025-11-18,2634.27,27559.36,ach_remittance
RPY-0007626,ORG-200720,PTR-001,2025-11-25,2063.26,29622.62,ach_remittance
RPY-0007627,ORG-200720,PTR-001,2025-12-02,3073.72,32696.34,ach_remittance
RPY-0007628,ORG-200720,PTR-001,2025-12-09,2830.82,35527.16,ach_remittance
RPY-0007629,ORG-200720,PTR-001,2025-12-16,3214.93,38742.09,ach_remittance
RPY-0007630,ORG-200720,PTR-001,2025-12-23,1878.17,40620.26,ach_remittance
RPY-0007631,ORG-200721,PTR-003,2026-01-22,5256.32,5256.32,ach_remittance
RPY-0007632,ORG-200721,PTR-003,2026-01-29,3599.63,8855.95,ach_remittance
RPY-0007633,ORG-200721,PTR-003,2026-02-05,3309.12,12165.07,ach_remittance
RPY-0007634,ORG-200721,PTR-003,2026-02-12,2785.58,14950.65,ach_remittance
RPY-0007635,ORG-200721,PTR-003,2026-02-19,4027.27,18977.92,ach_remittance
RPY-0007636,ORG-200721,PTR-003,2026-02-26,4393.83,23371.75,ach_remittance
RPY-0007637,ORG-200721,PTR-003,2026-03-05,3770.43,27142.18,ach_remittance
RPY-0007638,ORG-200721,PTR-003,2026-03-12,3239.98,30382.16,ach_remittance
RPY-0007639,ORG-200721,PTR-003,2026-03-19,3475.79,33857.95,ach_remittance
RPY-0007640,ORG-200721,PTR-003,2026-03-26,3574.85,37432.8,ach_remittance
RPY-0007641,ORG-200721,PTR-003,2026-04-02,3342.49,40775.29,ach_remittance
RPY-0007642,ORG-200721,PTR-003,2026-04-09,3767.82,44543.11,ach_remittance
RPY-0007643,ORG-200721,PTR-003,2026-04-16,4026.67,48569.78,ach_remittance
RPY-0007644,ORG-200721,PTR-003,2026-04-23,3984.08,52553.86,ach_remittance
RPY-0007645,ORG-200721,PTR-003,2026-04-30,4044.49,56598.35,ach_remittance
RPY-0007646,ORG-200721,PTR-003,2026-05-07,3585.23,60183.58,ach_remittance
RPY-0007647,ORG-200721,PTR-003,2026-05-14,3088.44,63272.02,ach_remittance
RPY-0007648,ORG-200721,PTR-003,2026-05-21,5332.88,68604.9,ach_remittance
RPY-0007649,ORG-200721,PTR-003,2026-05-28,4353.06,72957.96,manual_payment
RPY-0007650,ORG-200721,PTR-003,2026-06-04,4296.26,77254.22,ach_remittance
RPY-0007651,ORG-200721,PTR-003,2026-06-11,3393.93,80648.15,ach_remittance
RPY-0007652,ORG-200721,PTR-003,2026-06-18,4783.14,85431.29,ach_remittance
RPY-0007653,ORG-200721,PTR-003,2026-06-25,4645.29,90076.58,ach_remittance
RPY-0007654,ORG-200721,PTR-003,2026-07-02,5393.39,95469.97,ach_remittance
RPY-0007655,ORG-200721,PTR-003,2026-07-09,3394.45,98864.42,ach_remittance
RPY-0007656,ORG-200721,PTR-003,2026-07-16,12137.42,111001.84,ach_remittance
RPY-0007657,ORG-200722,PTR-005,2023-01-01,3007.19,3007.19,ach_remittance
RPY-0007658,ORG-200722,PTR-005,2023-01-08,2632.44,5639.63,ach_remittance
RPY-0007659,ORG-200722,PTR-005,2023-01-15,3030.29,8669.92,ach_remittance
RPY-0007660,ORG-200722,PTR-005,2023-01-22,4447.47,13117.39,ach_remittance
RPY-0007661,ORG-200722,PTR-005,2023-01-29,2614.51,15731.9,ach_remittance
RPY-0007662,ORG-200722,PTR-005,2023-02-05,3211.22,18943.12,ach_remittance
RPY-0007663,ORG-200722,PTR-005,2023-02-12,5444.66,24387.78,ach_remittance
RPY-0007664,ORG-200722,PTR-005,2023-02-19,4404.04,28791.82,ach_remittance
RPY-0007665,ORG-200722,PTR-005,2023-02-26,5055.23,33847.05,ach_remittance
RPY-0007666,ORG-200722,PTR-005,2023-03-05,7226.51,41073.56,ach_remittance
RPY-0007667,ORG-200723,PTR-006,2025-11-19,14260.13,14260.13,manual_payment
RPY-0007668,ORG-200723,PTR-006,2025-11-26,7651.9,21912.03,ach_remittance
RPY-0007669,ORG-200723,PTR-006,2025-12-03,8688.48,30600.51,ach_remittance
RPY-0007670,ORG-200723,PTR-006,2025-12-10,10319.1,40919.61,ach_remittance
RPY-0007671,ORG-200724,PTR-002,2023-11-16,3205.9,3205.9,ach_remittance
RPY-0007672,ORG-200724,PTR-002,2023-11-23,1939.42,5145.32,ach_remittance
RPY-0007673,ORG-200724,PTR-002,2023-11-30,2882.51,8027.83,ach_remittance
RPY-0007674,ORG-200724,PTR-002,2023-12-07,3519.03,11546.86,ach_remittance
RPY-0007675,ORG-200724,PTR-002,2023-12-14,2031.62,13578.48,ach_remittance
RPY-0007676,ORG-200724,PTR-002,2023-12-21,2204.52,15783.0,ach_remittance
RPY-0007677,ORG-200724,PTR-002,2023-12-28,3457.2,19240.2,ach_remittance
RPY-0007678,ORG-200724,PTR-002,2024-01-04,2028.42,21268.62,ach_remittance
RPY-0007679,ORG-200724,PTR-002,2024-01-11,1871.55,23140.17,manual_payment
RPY-0007680,ORG-200724,PTR-002,2024-01-18,2420.33,25560.5,ach_remittance
RPY-0007681,ORG-200724,PTR-002,2024-01-25,2048.55,27609.05,ach_remittance
RPY-0007682,ORG-200724,PTR-002,2024-02-01,2391.24,30000.29,ach_remittance
RPY-0007683,ORG-200724,PTR-002,2024-02-08,5321.79,35322.08,ach_remittance
RPY-0007684,ORG-200725,PTR-003,2023-12-13,4211.94,4211.94,ach_remittance
RPY-0007685,ORG-200725,PTR-003,2023-12-20,4253.86,8465.8,ach_remittance
RPY-0007686,ORG-200725,PTR-003,2023-12-27,3429.66,11895.46,ach_remittance
RPY-0007687,ORG-200725,PTR-003,2024-01-03,3799.5,15694.96,ach_remittance
RPY-0007688,ORG-200725,PTR-003,2024-01-10,3540.52,19235.48,ach_remittance
RPY-0007689,ORG-200725,PTR-003,2024-01-17,2937.19,22172.67,manual_payment
RPY-0007690,ORG-200725,PTR-003,2024-01-24,4679.39,26852.06,ach_remittance
RPY-0007691,ORG-200725,PTR-003,2024-01-31,2514.54,29366.6,ach_remittance
RPY-0007692,ORG-200726,PTR-004,2023-06-19,3730.63,3730.63,ach_remittance
RPY-0007693,ORG-200726,PTR-004,2023-06-26,2213.23,5943.86,ach_remittance
RPY-0007694,ORG-200726,PTR-004,2023-07-03,4094.01,10037.87,ach_remittance
RPY-0007695,ORG-200726,PTR-004,2023-07-10,2393.88,12431.75,ach_remittance
RPY-0007696,ORG-200726,PTR-004,2023-07-17,2874.2,15305.95,manual_payment
RPY-0007697,ORG-200726,PTR-004,2023-07-24,3877.92,19183.87,ach_remittance
RPY-0007698,ORG-200726,PTR-004,2023-07-31,3278.58,22462.45,ach_remittance
RPY-0007699,ORG-200726,PTR-004,2023-08-07,2884.76,25347.21,ach_remittance
RPY-0007700,ORG-200726,PTR-004,2023-08-14,1968.82,27316.03,ach_remittance
RPY-0007701,ORG-200726,PTR-004,2023-08-21,3092.71,30408.74,ach_remittance
RPY-0007702,ORG-200727,PTR-006,2026-04-14,2989.01,2989.01,ach_remittance
RPY-0007703,ORG-200727,PTR-006,2026-04-21,2474.23,5463.24,ach_remittance
RPY-0007704,ORG-200727,PTR-006,2026-04-28,2005.4,7468.64,ach_remittance
RPY-0007705,ORG-200727,PTR-006,2026-05-05,3193.56,10662.2,ach_remittance
RPY-0007706,ORG-200727,PTR-006,2026-05-12,2652.61,13314.81,manual_payment
RPY-0007707,ORG-200727,PTR-006,2026-05-19,2120.43,15435.24,ach_remittance
RPY-0007708,ORG-200727,PTR-006,2026-05-26,2180.0,17615.24,ach_remittance
RPY-0007709,ORG-200727,PTR-006,2026-06-02,3048.18,20663.42,ach_remittance
RPY-0007710,ORG-200727,PTR-006,2026-06-09,1753.68,22417.1,ach_remittance
RPY-0007711,ORG-200727,PTR-006,2026-06-16,1623.66,24040.76,ach_remittance
RPY-0007712,ORG-200727,PTR-006,2026-06-23,2313.82,26354.58,ach_remittance
RPY-0007713,ORG-200727,PTR-006,2026-06-30,2257.34,28611.92,ach_remittance
RPY-0007714,ORG-200727,PTR-006,2026-07-07,2569.57,31181.49,manual_payment
RPY-0007715,ORG-200727,PTR-006,2026-07-14,2781.66,33963.15,ach_remittance
RPY-0007716,ORG-200727,PTR-006,2026-07-21,1466.83,35429.98,ach_remittance
RPY-0007717,ORG-200727,PTR-006,2026-07-28,2458.68,37888.66,ach_remittance
RPY-0007718,ORG-200728,PTR-001,2025-04-20,4071.4,4071.4,ach_remittance
RPY-0007719,ORG-200728,PTR-001,2025-04-27,3385.73,7457.13,ach_remittance
RPY-0007720,ORG-200728,PTR-001,2025-05-04,2528.16,9985.29,ach_remittance
RPY-0007721,ORG-200728,PTR-001,2025-05-11,3560.28,13545.57,ach_remittance
RPY-0007722,ORG-200728,PTR-001,2025-05-18,4833.73,18379.3,ach_remittance
RPY-0007723,ORG-200728,PTR-001,2025-05-25,4557.86,22937.16,ach_remittance
RPY-0007724,ORG-200728,PTR-001,2025-06-01,2817.43,25754.59,ach_remittance
RPY-0007725,ORG-200728,PTR-001,2025-06-08,2518.95,28273.54,ach_remittance
RPY-0007726,ORG-200728,PTR-001,2025-06-15,4196.51,32470.05,manual_payment
RPY-0007727,ORG-200728,PTR-001,2025-06-22,4077.1,36547.15,manual_payment
RPY-0007728,ORG-200729,PTR-005,2025-10-30,4486.53,4486.53,manual_payment
RPY-0007729,ORG-200729,PTR-005,2025-11-06,4605.98,9092.51,ach_remittance
RPY-0007730,ORG-200729,PTR-005,2025-11-13,6238.29,15330.8,manual_payment
RPY-0007731,ORG-200729,PTR-005,2025-11-20,7236.69,22567.49,ach_remittance
RPY-0007732,ORG-200729,PTR-005,2025-11-27,6984.24,29551.73,ach_remittance
RPY-0007733,ORG-200729,PTR-005,2025-12-04,7680.86,37232.59,ach_remittance
RPY-0007734,ORG-200729,PTR-005,2025-12-11,4915.44,42148.03,ach_remittance
RPY-0007735,ORG-200729,PTR-005,2025-12-18,5545.38,47693.41,manual_payment
RPY-0007736,ORG-200729,PTR-005,2025-12-25,9026.94,56720.35,manual_payment
RPY-0007737,ORG-200729,PTR-005,2026-01-01,7925.56,64645.91,ach_remittance
RPY-0007738,ORG-200729,PTR-005,2026-01-08,6761.87,71407.78,ach_remittance
RPY-0007739,ORG-200730,PTR-002,2024-04-05,3479.55,3479.55,ach_remittance
RPY-0007740,ORG-200730,PTR-002,2024-04-12,3600.95,7080.5,ach_remittance
RPY-0007741,ORG-200730,PTR-002,2024-04-19,5174.29,12254.79,ach_remittance
RPY-0007742,ORG-200730,PTR-002,2024-04-26,4079.64,16334.43,ach_remittance
RPY-0007743,ORG-200730,PTR-002,2024-05-03,5035.47,21369.9,ach_remittance
RPY-0007744,ORG-200730,PTR-002,2024-05-10,2884.44,24254.34,ach_remittance
RPY-0007745,ORG-200730,PTR-002,2024-05-17,3157.06,27411.4,ach_remittance
RPY-0007746,ORG-200730,PTR-002,2024-05-24,4550.33,31961.73,manual_payment
RPY-0007747,ORG-200730,PTR-002,2024-05-31,2908.08,34869.81,ach_remittance
RPY-0007748,ORG-200730,PTR-002,2024-06-07,4577.66,39447.47,ach_remittance
RPY-0007749,ORG-200730,PTR-002,2024-06-14,3249.81,42697.28,manual_payment
RPY-0007750,ORG-200730,PTR-002,2024-06-21,5285.32,47982.6,ach_remittance
RPY-0007751,ORG-200730,PTR-002,2024-06-28,9261.91,57244.51,ach_remittance
RPY-0007752,ORG-200731,PTR-004,2022-03-13,3283.71,3283.71,manual_payment
RPY-0007753,ORG-200731,PTR-004,2022-03-20,3437.29,6721.0,ach_remittance
RPY-0007754,ORG-200731,PTR-004,2022-03-27,1994.19,8715.19,ach_remittance
RPY-0007755,ORG-200731,PTR-004,2022-04-03,2656.63,11371.82,ach_remittance
RPY-0007756,ORG-200731,PTR-004,2022-04-10,1736.74,13108.56,ach_remittance
RPY-0007757,ORG-200731,PTR-004,2022-04-17,3264.48,16373.04,ach_remittance
RPY-0007758,ORG-200731,PTR-004,2022-04-24,3647.64,20020.68,ach_remittance
RPY-0007759,ORG-200732,PTR-006,2024-01-02,2285.5,2285.5,ach_remittance
RPY-0007760,ORG-200732,PTR-006,2024-01-09,2673.75,4959.25,ach_remittance
RPY-0007761,ORG-200732,PTR-006,2024-01-16,1879.7,6838.95,ach_remittance
RPY-0007762,ORG-200732,PTR-006,2024-01-23,1587.24,8426.19,ach_remittance
RPY-0007763,ORG-200732,PTR-006,2024-01-30,2405.45,10831.64,ach_remittance
RPY-0007764,ORG-200732,PTR-006,2024-02-06,2213.88,13045.52,ach_remittance
RPY-0007765,ORG-200732,PTR-006,2024-02-13,1667.69,14713.21,ach_remittance
RPY-0007766,ORG-200732,PTR-006,2024-02-20,1882.86,16596.07,ach_remittance
RPY-0007767,ORG-200732,PTR-006,2024-02-27,1294.3,17890.37,ach_remittance
RPY-0007768,ORG-200732,PTR-006,2024-03-05,2384.9,20275.27,ach_remittance
RPY-0007769,ORG-200732,PTR-006,2024-03-12,2137.44,22412.71,ach_remittance
RPY-0007770,ORG-200732,PTR-006,2024-03-19,1641.66,24054.37,ach_remittance
RPY-0007771,ORG-200732,PTR-006,2024-03-26,1734.25,25788.62,ach_remittance
RPY-0007772,ORG-200732,PTR-006,2024-04-02,1389.07,27177.69,ach_remittance
RPY-0007773,ORG-200732,PTR-006,2024-04-09,1695.4,28873.09,ach_remittance
RPY-0007774,ORG-200732,PTR-006,2024-04-16,2102.9,30975.99,ach_remittance
RPY-0007775,ORG-200732,PTR-006,2024-04-23,1944.76,32920.75,ach_remittance
RPY-0007776,ORG-200732,PTR-006,2024-04-30,1863.19,34783.94,ach_remittance
RPY-0007777,ORG-200732,PTR-006,2024-05-07,1349.44,36133.38,ach_remittance
RPY-0007778,ORG-200732,PTR-006,2024-05-14,1948.67,38082.05,ach_remittance
RPY-0007779,ORG-200732,PTR-006,2024-05-21,1388.44,39470.49,ach_remittance
RPY-0007780,ORG-200732,PTR-006,2024-05-28,2078.93,41549.42,ach_remittance
RPY-0007781,ORG-200732,PTR-006,2024-06-04,1377.7,42927.12,ach_remittance
RPY-0007782,ORG-200732,PTR-006,2024-06-11,3802.57,46729.69,ach_remittance
RPY-0007783,ORG-200733,PTR-004,2022-04-13,1798.75,1798.75,ach_remittance
RPY-0007784,ORG-200733,PTR-004,2022-04-20,1891.4,3690.15,ach_remittance
RPY-0007785,ORG-200733,PTR-004,2022-04-27,1415.06,5105.21,manual_payment
RPY-0007786,ORG-200733,PTR-004,2022-05-04,1310.37,6415.58,ach_remittance
RPY-0007787,ORG-200733,PTR-004,2022-05-11,1415.66,7831.24,ach_remittance
RPY-0007788,ORG-200733,PTR-004,2022-05-18,1194.83,9026.07,ach_remittance
RPY-0007789,ORG-200733,PTR-004,2022-05-25,1310.04,10336.11,ach_remittance
RPY-0007790,ORG-200733,PTR-004,2022-06-01,1028.17,11364.28,ach_remittance
RPY-0007791,ORG-200733,PTR-004,2022-06-08,1913.56,13277.84,ach_remittance
RPY-0007792,ORG-200733,PTR-004,2022-06-15,1156.44,14434.28,ach_remittance
RPY-0007793,ORG-200733,PTR-004,2022-06-22,1407.32,15841.6,ach_remittance
RPY-0007794,ORG-200733,PTR-004,2022-06-29,1222.32,17063.92,ach_remittance
RPY-0007795,ORG-200733,PTR-004,2022-07-06,2177.88,19241.8,ach_remittance
RPY-0007796,ORG-200733,PTR-004,2022-07-13,1197.85,20439.65,ach_remittance
RPY-0007797,ORG-200733,PTR-004,2022-07-20,1266.33,21705.98,manual_payment
RPY-0007798,ORG-200733,PTR-004,2022-07-27,1251.72,22957.7,ach_remittance
RPY-0007799,ORG-200733,PTR-004,2022-08-03,1612.62,24570.32,ach_remittance
RPY-0007800,ORG-200733,PTR-004,2022-08-10,3586.21,28156.53,ach_remittance
RPY-0007801,ORG-200734,PTR-004,2025-08-12,1709.31,1709.31,manual_payment
RPY-0007802,ORG-200734,PTR-004,2025-08-19,1299.13,3008.44,ach_remittance
RPY-0007803,ORG-200734,PTR-004,2025-08-26,1776.64,4785.08,ach_remittance
RPY-0007804,ORG-200734,PTR-004,2025-09-02,2023.67,6808.75,ach_remittance
RPY-0007805,ORG-200734,PTR-004,2025-09-09,1595.08,8403.83,ach_remittance
RPY-0007806,ORG-200734,PTR-004,2025-09-16,1089.22,9493.05,ach_remittance
RPY-0007807,ORG-200734,PTR-004,2025-09-23,1345.16,10838.21,ach_remittance
RPY-0007808,ORG-200734,PTR-004,2025-09-30,1031.2,11869.41,ach_remittance
RPY-0007809,ORG-200735,PTR-001,2024-09-16,810.44,810.44,ach_remittance
RPY-0007810,ORG-200735,PTR-001,2024-09-23,1399.77,2210.21,ach_remittance
RPY-0007811,ORG-200735,PTR-001,2024-09-30,1641.18,3851.39,ach_remittance
RPY-0007812,ORG-200735,PTR-001,2024-10-07,1546.33,5397.72,ach_remittance
RPY-0007813,ORG-200735,PTR-001,2024-10-14,1381.02,6778.74,ach_remittance
RPY-0007814,ORG-200735,PTR-001,2024-10-21,1431.29,8210.03,ach_remittance
RPY-0007815,ORG-200735,PTR-001,2024-10-28,1229.57,9439.6,ach_remittance
RPY-0007816,ORG-200735,PTR-001,2024-11-04,237.19,9676.79,ach_remittance
RPY-0007817,ORG-200736,PTR-003,2023-11-26,1005.92,1005.92,ach_remittance
RPY-0007818,ORG-200736,PTR-003,2023-12-03,868.51,1874.43,ach_remittance
RPY-0007819,ORG-200736,PTR-003,2023-12-10,1142.98,3017.41,ach_remittance
RPY-0007820,ORG-200736,PTR-003,2023-12-17,799.63,3817.04,ach_remittance
RPY-0007821,ORG-200736,PTR-003,2023-12-24,934.3,4751.34,ach_remittance
RPY-0007822,ORG-200736,PTR-003,2023-12-31,1154.53,5905.87,ach_remittance
RPY-0007823,ORG-200736,PTR-003,2024-01-07,781.86,6687.73,ach_remittance
RPY-0007824,ORG-200736,PTR-003,2024-01-14,73.54,6761.27,ach_remittance
RPY-0007825,ORG-200737,PTR-002,2024-05-14,3602.76,3602.76,ach_remittance
RPY-0007826,ORG-200737,PTR-002,2024-05-21,4679.21,8281.97,manual_payment
RPY-0007827,ORG-200737,PTR-002,2024-05-28,5915.2,14197.17,ach_remittance
RPY-0007828,ORG-200737,PTR-002,2024-06-04,5966.44,20163.61,ach_remittance
RPY-0007829,ORG-200737,PTR-002,2024-06-11,5204.6,25368.21,ach_remittance
RPY-0007830,ORG-200737,PTR-002,2024-06-18,2990.96,28359.17,ach_remittance
RPY-0007831,ORG-200737,PTR-002,2024-06-25,6319.35,34678.52,ach_remittance
RPY-0007832,ORG-200737,PTR-002,2024-07-02,2543.21,37221.73,ach_remittance
RPY-0007833,ORG-200738,PTR-002,2025-11-23,3005.0,3005.0,ach_remittance
RPY-0007834,ORG-200738,PTR-002,2025-11-30,2362.08,5367.08,ach_remittance
RPY-0007835,ORG-200738,PTR-002,2025-12-07,2089.55,7456.63,ach_remittance
RPY-0007836,ORG-200738,PTR-002,2025-12-14,2912.05,10368.68,manual_payment
RPY-0007837,ORG-200738,PTR-002,2025-12-21,2786.1,13154.78,ach_remittance
RPY-0007838,ORG-200738,PTR-002,2025-12-28,1921.62,15076.4,ach_remittance
RPY-0007839,ORG-200738,PTR-002,2026-01-04,2616.0,17692.4,ach_remittance
RPY-0007840,ORG-200738,PTR-002,2026-01-11,2171.14,19863.54,ach_remittance
RPY-0007841,ORG-200738,PTR-002,2026-01-18,2426.57,22290.11,ach_remittance
RPY-0007842,ORG-200738,PTR-002,2026-01-25,2267.01,24557.12,ach_remittance
RPY-0007843,ORG-200738,PTR-002,2026-02-01,3131.3,27688.42,ach_remittance
RPY-0007844,ORG-200738,PTR-002,2026-02-08,3227.11,30915.53,ach_remittance
RPY-0007845,ORG-200738,PTR-002,2026-02-15,3060.24,33975.77,ach_remittance
RPY-0007846,ORG-200738,PTR-002,2026-02-22,3098.47,37074.24,ach_remittance
RPY-0007847,ORG-200738,PTR-002,2026-03-01,1873.52,38947.76,ach_remittance
RPY-0007848,ORG-200738,PTR-002,2026-03-08,1733.51,40681.27,ach_remittance
RPY-0007849,ORG-200738,PTR-002,2026-03-15,3312.3,43993.57,ach_remittance
RPY-0007850,ORG-200738,PTR-002,2026-03-22,2299.63,46293.2,ach_remittance
RPY-0007851,ORG-200738,PTR-002,2026-03-29,3065.59,49358.79,ach_remittance
RPY-0007852,ORG-200738,PTR-002,2026-04-05,1808.53,51167.32,ach_remittance
RPY-0007853,ORG-200738,PTR-002,2026-04-12,2067.21,53234.53,ach_remittance
RPY-0007854,ORG-200739,PTR-003,2024-03-27,6454.97,6454.97,manual_payment
RPY-0007855,ORG-200739,PTR-003,2024-04-03,5580.53,12035.5,ach_remittance
RPY-0007856,ORG-200739,PTR-003,2024-04-10,5835.58,17871.08,ach_remittance
RPY-0007857,ORG-200739,PTR-003,2024-04-17,6198.31,24069.39,ach_remittance
RPY-0007858,ORG-200739,PTR-003,2024-04-24,4676.45,28745.84,ach_remittance
RPY-0007859,ORG-200739,PTR-003,2024-05-01,9581.93,38327.77,ach_remittance
RPY-0007860,ORG-200739,PTR-003,2024-05-08,7852.03,46179.8,ach_remittance
RPY-0007861,ORG-200739,PTR-003,2024-05-15,8662.17,54841.97,ach_remittance
RPY-0007862,ORG-200739,PTR-003,2024-05-22,10697.64,65539.61,ach_remittance
RPY-0007863,ORG-200740,PTR-006,2026-03-22,4335.52,4335.52,ach_remittance
RPY-0007864,ORG-200740,PTR-006,2026-03-29,4136.84,8472.36,ach_remittance
RPY-0007865,ORG-200740,PTR-006,2026-04-05,3219.28,11691.64,ach_remittance
RPY-0007866,ORG-200740,PTR-006,2026-04-12,5001.42,16693.06,ach_remittance
RPY-0007867,ORG-200740,PTR-006,2026-04-19,3755.32,20448.38,manual_payment
RPY-0007868,ORG-200740,PTR-006,2026-04-26,2853.88,23302.26,ach_remittance
RPY-0007869,ORG-200740,PTR-006,2026-05-03,2813.19,26115.45,ach_remittance
RPY-0007870,ORG-200741,PTR-004,2022-10-06,3124.33,3124.33,ach_remittance
RPY-0007871,ORG-200741,PTR-004,2022-10-13,1775.87,4900.2,ach_remittance
RPY-0007872,ORG-200741,PTR-004,2022-10-20,3428.53,8328.73,ach_remittance
RPY-0007873,ORG-200741,PTR-004,2022-10-27,2060.9,10389.63,ach_remittance
RPY-0007874,ORG-200741,PTR-004,2022-11-03,2444.37,12834.0,ach_remittance
RPY-0007875,ORG-200741,PTR-004,2022-11-10,1966.84,14800.84,ach_remittance
RPY-0007876,ORG-200741,PTR-004,2022-11-17,2235.82,17036.66,ach_remittance
RPY-0007877,ORG-200741,PTR-004,2022-11-24,1776.05,18812.71,ach_remittance
RPY-0007878,ORG-200741,PTR-004,2022-12-01,2943.05,21755.76,ach_remittance
RPY-0007879,ORG-200741,PTR-004,2022-12-08,2142.79,23898.55,ach_remittance
RPY-0007880,ORG-200741,PTR-004,2022-12-15,3623.07,27521.62,ach_remittance
RPY-0007881,ORG-200741,PTR-004,2022-12-22,2147.62,29669.24,ach_remittance
RPY-0007882,ORG-200741,PTR-004,2022-12-29,2983.74,32652.98,ach_remittance
RPY-0007883,ORG-200741,PTR-004,2023-01-05,2166.05,34819.03,ach_remittance
RPY-0007884,ORG-200741,PTR-004,2023-01-12,3164.23,37983.26,manual_payment
RPY-0007885,ORG-200741,PTR-004,2023-01-19,2842.29,40825.55,ach_remittance
RPY-0007886,ORG-200741,PTR-004,2023-01-26,2316.54,43142.09,ach_remittance
RPY-0007887,ORG-200741,PTR-004,2023-02-02,1769.14,44911.23,ach_remittance
RPY-0007888,ORG-200741,PTR-004,2023-02-09,2660.99,47572.22,ach_remittance
RPY-0007889,ORG-200741,PTR-004,2023-02-16,3639.59,51211.81,ach_remittance
RPY-0007890,ORG-200741,PTR-004,2023-02-23,2154.38,53366.19,ach_remittance
RPY-0007891,ORG-200741,PTR-004,2023-03-02,2789.77,56155.96,ach_remittance
RPY-0007892,ORG-200741,PTR-004,2023-03-09,2619.42,58775.38,ach_remittance
RPY-0007893,ORG-200741,PTR-004,2023-03-16,4343.5,63118.88,ach_remittance
RPY-0007894,ORG-200742,PTR-006,2022-05-02,2873.4,2873.4,manual_payment
RPY-0007895,ORG-200742,PTR-006,2022-05-09,4179.79,7053.19,ach_remittance
RPY-0007896,ORG-200742,PTR-006,2022-05-16,1966.54,9019.73,ach_remittance
RPY-0007897,ORG-200742,PTR-006,2022-05-23,2867.8,11887.53,ach_remittance
RPY-0007898,ORG-200742,PTR-006,2022-05-30,2356.42,14243.95,ach_remittance
RPY-0007899,ORG-200742,PTR-006,2022-06-06,4403.12,18647.07,manual_payment
RPY-0007900,ORG-200742,PTR-006,2022-06-13,3494.08,22141.15,ach_remittance
RPY-0007901,ORG-200743,PTR-002,2025-01-12,2864.16,2864.16,manual_payment
RPY-0007902,ORG-200743,PTR-002,2025-01-19,5344.3,8208.46,ach_remittance
RPY-0007903,ORG-200743,PTR-002,2025-01-26,3200.61,11409.07,ach_remittance
RPY-0007904,ORG-200743,PTR-002,2025-02-02,5388.66,16797.73,ach_remittance
RPY-0007905,ORG-200743,PTR-002,2025-02-09,5210.82,22008.55,ach_remittance
RPY-0007906,ORG-200743,PTR-002,2025-02-16,3501.57,25510.12,ach_remittance
RPY-0007907,ORG-200743,PTR-002,2025-02-23,3054.22,28564.34,manual_payment
RPY-0007908,ORG-200743,PTR-002,2025-03-02,3991.57,32555.91,ach_remittance
RPY-0007909,ORG-200743,PTR-002,2025-03-09,5079.11,37635.02,ach_remittance
RPY-0007910,ORG-200743,PTR-002,2025-03-16,3198.71,40833.73,ach_remittance
RPY-0007911,ORG-200743,PTR-002,2025-03-23,4840.78,45674.51,ach_remittance
RPY-0007912,ORG-200743,PTR-002,2025-03-30,3330.41,49004.92,ach_remittance
RPY-0007913,ORG-200743,PTR-002,2025-04-06,3257.74,52262.66,ach_remittance
RPY-0007914,ORG-200743,PTR-002,2025-04-13,5739.67,58002.33,ach_remittance
RPY-0007915,ORG-200743,PTR-002,2025-04-20,3844.12,61846.45,ach_remittance
RPY-0007916,ORG-200743,PTR-002,2025-04-27,3413.08,65259.53,manual_payment
RPY-0007917,ORG-200743,PTR-002,2025-05-04,6950.6,72210.13,ach_remittance
RPY-0007918,ORG-200744,PTR-003,2022-02-21,2764.04,2764.04,ach_remittance
RPY-0007919,ORG-200744,PTR-003,2022-02-28,2218.18,4982.22,ach_remittance
RPY-0007920,ORG-200744,PTR-003,2022-03-07,2496.11,7478.33,ach_remittance
RPY-0007921,ORG-200744,PTR-003,2022-03-14,2178.39,9656.72,ach_remittance
RPY-0007922,ORG-200744,PTR-003,2022-03-21,2679.2,12335.92,ach_remittance
RPY-0007923,ORG-200744,PTR-003,2022-03-28,2590.17,14926.09,ach_remittance
RPY-0007924,ORG-200744,PTR-003,2022-04-04,1886.83,16812.92,ach_remittance
RPY-0007925,ORG-200744,PTR-003,2022-04-11,2602.99,19415.91,ach_remittance
RPY-0007926,ORG-200744,PTR-003,2022-04-18,1726.25,21142.16,ach_remittance
RPY-0007927,ORG-200744,PTR-003,2022-04-25,901.76,22043.92,ach_remittance
RPY-0007928,ORG-200745,PTR-004,2022-10-14,1089.55,1089.55,ach_remittance
RPY-0007929,ORG-200745,PTR-004,2022-10-21,1171.68,2261.23,ach_remittance
RPY-0007930,ORG-200745,PTR-004,2022-10-28,1579.59,3840.82,ach_remittance
RPY-0007931,ORG-200745,PTR-004,2022-11-04,1433.85,5274.67,ach_remittance
RPY-0007932,ORG-200745,PTR-004,2022-11-11,1358.7,6633.37,ach_remittance
RPY-0007933,ORG-200745,PTR-004,2022-11-18,1505.24,8138.61,ach_remittance
RPY-0007934,ORG-200745,PTR-004,2022-11-25,1768.82,9907.43,ach_remittance
RPY-0007935,ORG-200746,PTR-001,2022-03-02,5414.52,5414.52,ach_remittance
RPY-0007936,ORG-200746,PTR-001,2022-03-09,7231.94,12646.46,ach_remittance
RPY-0007937,ORG-200746,PTR-001,2022-03-16,5093.25,17739.71,ach_remittance
RPY-0007938,ORG-200746,PTR-001,2022-03-23,5231.01,22970.72,ach_remittance
RPY-0007939,ORG-200746,PTR-001,2022-03-30,3600.24,26570.96,ach_remittance
RPY-0007940,ORG-200747,PTR-003,2026-01-28,912.11,912.11,ach_remittance
RPY-0007941,ORG-200747,PTR-003,2026-02-04,706.0,1618.11,ach_remittance
RPY-0007942,ORG-200747,PTR-003,2026-02-11,1094.67,2712.78,ach_remittance
RPY-0007943,ORG-200747,PTR-003,2026-02-18,680.57,3393.35,ach_remittance
RPY-0007944,ORG-200747,PTR-003,2026-02-25,1100.24,4493.59,ach_remittance
RPY-0007945,ORG-200747,PTR-003,2026-03-04,953.26,5446.85,manual_payment
RPY-0007946,ORG-200747,PTR-003,2026-03-11,685.28,6132.13,ach_remittance
RPY-0007947,ORG-200747,PTR-003,2026-03-18,1014.78,7146.91,ach_remittance
RPY-0007948,ORG-200747,PTR-003,2026-03-25,1072.57,8219.48,ach_remittance
RPY-0007949,ORG-200747,PTR-003,2026-04-01,669.96,8889.44,ach_remittance
RPY-0007950,ORG-200747,PTR-003,2026-04-08,583.41,9472.85,ach_remittance
RPY-0007951,ORG-200748,PTR-002,2022-10-01,1427.69,1427.69,ach_remittance
RPY-0007952,ORG-200748,PTR-002,2022-10-08,1070.13,2497.82,ach_remittance
RPY-0007953,ORG-200748,PTR-002,2022-10-15,1236.35,3734.17,ach_remittance
RPY-0007954,ORG-200748,PTR-002,2022-10-22,1500.53,5234.7,ach_remittance
RPY-0007955,ORG-200748,PTR-002,2022-10-29,1047.33,6282.03,ach_remittance
RPY-0007956,ORG-200748,PTR-002,2022-11-05,818.59,7100.62,ach_remittance
RPY-0007957,ORG-200748,PTR-002,2022-11-12,1500.83,8601.45,ach_remittance
RPY-0007958,ORG-200748,PTR-002,2022-11-19,1034.05,9635.5,ach_remittance
RPY-0007959,ORG-200748,PTR-002,2022-11-26,1493.64,11129.14,ach_remittance
RPY-0007960,ORG-200748,PTR-002,2022-12-03,1328.99,12458.13,ach_remittance
RPY-0007961,ORG-200749,PTR-006,2025-04-05,2236.86,2236.86,ach_remittance
RPY-0007962,ORG-200749,PTR-006,2025-04-12,1248.69,3485.55,ach_remittance
RPY-0007963,ORG-200749,PTR-006,2025-04-19,1814.54,5300.09,ach_remittance
RPY-0007964,ORG-200749,PTR-006,2025-04-26,1457.77,6757.86,ach_remittance
RPY-0007965,ORG-200749,PTR-006,2025-05-03,1385.22,8143.08,ach_remittance
RPY-0007966,ORG-200750,PTR-004,2024-05-22,1645.34,1645.34,ach_remittance
RPY-0007967,ORG-200750,PTR-004,2024-05-29,1608.5,3253.84,ach_remittance
RPY-0007968,ORG-200750,PTR-004,2024-06-05,2150.29,5404.13,ach_remittance
RPY-0007969,ORG-200750,PTR-004,2024-06-12,2343.31,7747.44,ach_remittance
RPY-0007970,ORG-200750,PTR-004,2024-06-19,2053.72,9801.16,ach_remittance
RPY-0007971,ORG-200750,PTR-004,2024-06-26,1436.78,11237.94,ach_remittance
RPY-0007972,ORG-200750,PTR-004,2024-07-03,1898.2,13136.14,ach_remittance
RPY-0007973,ORG-200750,PTR-004,2024-07-10,1957.29,15093.43,ach_remittance
RPY-0007974,ORG-200750,PTR-004,2024-07-17,2636.0,17729.43,ach_remittance
RPY-0007975,ORG-200750,PTR-004,2024-07-24,1547.35,19276.78,ach_remittance
RPY-0007976,ORG-200750,PTR-004,2024-07-31,1908.98,21185.76,ach_remittance
RPY-0007977,ORG-200750,PTR-004,2024-08-07,2746.28,23932.04,ach_remittance
RPY-0007978,ORG-200751,PTR-004,2025-02-16,5436.4,5436.4,ach_remittance
RPY-0007979,ORG-200751,PTR-004,2025-02-23,4331.11,9767.51,ach_remittance
RPY-0007980,ORG-200751,PTR-004,2025-03-02,3908.84,13676.35,ach_remittance
RPY-0007981,ORG-200751,PTR-004,2025-03-09,3604.71,17281.06,ach_remittance
RPY-0007982,ORG-200751,PTR-004,2025-03-16,3599.17,20880.23,ach_remittance
RPY-0007983,ORG-200751,PTR-004,2025-03-23,3769.6,24649.83,ach_remittance
RPY-0007984,ORG-200751,PTR-004,2025-03-30,5557.12,30206.95,ach_remittance
RPY-0007985,ORG-200751,PTR-004,2025-04-06,4558.91,34765.86,ach_remittance
RPY-0007986,ORG-200752,PTR-003,2024-05-19,3529.09,3529.09,ach_remittance
RPY-0007987,ORG-200752,PTR-003,2024-05-26,2746.31,6275.4,manual_payment
RPY-0007988,ORG-200752,PTR-003,2024-06-02,3942.09,10217.49,ach_remittance
RPY-0007989,ORG-200752,PTR-003,2024-06-09,3673.13,13890.62,ach_remittance
RPY-0007990,ORG-200752,PTR-003,2024-06-16,2486.92,16377.54,ach_remittance
RPY-0007991,ORG-200753,PTR-001,2023-08-25,4302.11,4302.11,ach_remittance
RPY-0007992,ORG-200753,PTR-001,2023-09-01,3655.1,7957.21,ach_remittance
RPY-0007993,ORG-200753,PTR-001,2023-09-08,3762.79,11720.0,ach_remittance
RPY-0007994,ORG-200753,PTR-001,2023-09-15,3138.18,14858.18,ach_remittance
RPY-0007995,ORG-200753,PTR-001,2023-09-22,4813.17,19671.35,ach_remittance
RPY-0007996,ORG-200753,PTR-001,2023-09-29,3979.97,23651.32,manual_payment
RPY-0007997,ORG-200753,PTR-001,2023-10-06,4835.78,28487.1,ach_remittance
RPY-0007998,ORG-200753,PTR-001,2023-10-13,5246.1,33733.2,ach_remittance
RPY-0007999,ORG-200754,PTR-001,2025-10-02,257.0,257.0,ach_remittance
RPY-0008000,ORG-200754,PTR-001,2025-10-09,418.01,675.01,ach_remittance
RPY-0008001,ORG-200754,PTR-001,2025-10-16,460.73,1135.74,ach_remittance
RPY-0008002,ORG-200754,PTR-001,2025-10-23,540.75,1676.49,manual_payment
RPY-0008003,ORG-200754,PTR-001,2025-10-30,264.17,1940.66,ach_remittance
RPY-0008004,ORG-200754,PTR-001,2025-11-06,385.34,2326.0,ach_remittance
RPY-0008005,ORG-200755,PTR-006,2024-04-23,3843.17,3843.17,ach_remittance
RPY-0008006,ORG-200755,PTR-006,2024-04-30,4972.58,8815.75,ach_remittance
RPY-0008007,ORG-200755,PTR-006,2024-05-07,5223.71,14039.46,ach_remittance
RPY-0008008,ORG-200755,PTR-006,2024-05-14,4226.26,18265.72,ach_remittance
RPY-0008009,ORG-200755,PTR-006,2024-05-21,5437.27,23702.99,manual_payment
RPY-0008010,ORG-200755,PTR-006,2024-05-28,4186.97,27889.96,ach_remittance
RPY-0008011,ORG-200755,PTR-006,2024-06-04,4303.5,32193.46,ach_remittance
RPY-0008012,ORG-200755,PTR-006,2024-06-11,5094.84,37288.3,ach_remittance
RPY-0008013,ORG-200756,PTR-001,2023-08-16,4695.37,4695.37,ach_remittance
RPY-0008014,ORG-200756,PTR-001,2023-08-23,4059.63,8755.0,ach_remittance
RPY-0008015,ORG-200756,PTR-001,2023-08-30,4921.39,13676.39,manual_payment
RPY-0008016,ORG-200756,PTR-001,2023-09-06,2379.34,16055.73,manual_payment
RPY-0008017,ORG-200756,PTR-001,2023-09-13,4806.22,20861.95,ach_remittance
RPY-0008018,ORG-200756,PTR-001,2023-09-20,3329.25,24191.2,ach_remittance
RPY-0008019,ORG-200756,PTR-001,2023-09-27,3126.54,27317.74,ach_remittance
RPY-0008020,ORG-200756,PTR-001,2023-10-04,2847.7,30165.44,ach_remittance
RPY-0008021,ORG-200756,PTR-001,2023-10-11,2484.28,32649.72,ach_remittance
RPY-0008022,ORG-200756,PTR-001,2023-10-18,4407.04,37056.76,ach_remittance
RPY-0008023,ORG-200756,PTR-001,2023-10-25,2989.42,40046.18,ach_remittance
RPY-0008024,ORG-200756,PTR-001,2023-11-01,3111.51,43157.69,ach_remittance
RPY-0008025,ORG-200756,PTR-001,2023-11-08,2773.09,45930.78,ach_remittance
RPY-0008026,ORG-200756,PTR-001,2023-11-15,3051.14,48981.92,manual_payment
RPY-0008027,ORG-200756,PTR-001,2023-11-22,6451.63,55433.55,ach_remittance
RPY-0008028,ORG-200757,PTR-006,2024-04-19,9557.36,9557.36,ach_remittance
RPY-0008029,ORG-200757,PTR-006,2024-04-26,5005.09,14562.45,manual_payment
RPY-0008030,ORG-200757,PTR-006,2024-05-03,5644.67,20207.12,ach_remittance
RPY-0008031,ORG-200757,PTR-006,2024-05-10,7431.96,27639.08,ach_remittance
RPY-0008032,ORG-200757,PTR-006,2024-05-17,5276.46,32915.54,ach_remittance
RPY-0008033,ORG-200757,PTR-006,2024-05-24,5597.55,38513.09,ach_remittance
RPY-0008034,ORG-200757,PTR-006,2024-05-31,10184.64,48697.73,ach_remittance
RPY-0008035,ORG-200757,PTR-006,2024-06-07,7603.8,56301.53,manual_payment
RPY-0008036,ORG-200757,PTR-006,2024-06-14,5683.04,61984.57,ach_remittance
RPY-0008037,ORG-200757,PTR-006,2024-06-21,7560.68,69545.25,ach_remittance
RPY-0008038,ORG-200757,PTR-006,2024-06-28,8214.6,77759.85,ach_remittance
RPY-0008039,ORG-200757,PTR-006,2024-07-05,7334.14,85093.99,ach_remittance
RPY-0008040,ORG-200757,PTR-006,2024-07-12,6474.43,91568.42,ach_remittance
RPY-0008041,ORG-200757,PTR-006,2024-07-19,12024.59,103593.01,ach_remittance
RPY-0008042,ORG-200758,PTR-005,2024-12-05,2758.05,2758.05,ach_remittance
RPY-0008043,ORG-200758,PTR-005,2024-12-12,4832.5,7590.55,ach_remittance
RPY-0008044,ORG-200758,PTR-005,2024-12-19,4127.89,11718.44,ach_remittance
RPY-0008045,ORG-200758,PTR-005,2024-12-26,2714.78,14433.22,ach_remittance
RPY-0008046,ORG-200758,PTR-005,2025-01-02,4110.12,18543.34,ach_remittance
RPY-0008047,ORG-200758,PTR-005,2025-01-09,2697.47,21240.81,ach_remittance
RPY-0008048,ORG-200758,PTR-005,2025-01-16,4856.63,26097.44,ach_remittance
RPY-0008049,ORG-200758,PTR-005,2025-01-23,5585.15,31682.59,ach_remittance
RPY-0008050,ORG-200758,PTR-005,2025-01-30,2612.0,34294.59,ach_remittance
RPY-0008051,ORG-200758,PTR-005,2025-02-06,3638.01,37932.6,ach_remittance
RPY-0008052,ORG-200758,PTR-005,2025-02-13,4658.41,42591.01,ach_remittance
RPY-0008053,ORG-200758,PTR-005,2025-02-20,2958.18,45549.19,ach_remittance
RPY-0008054,ORG-200758,PTR-005,2025-02-27,2733.03,48282.22,ach_remittance
RPY-0008055,ORG-200758,PTR-005,2025-03-06,3589.29,51871.51,ach_remittance
RPY-0008056,ORG-200758,PTR-005,2025-03-13,5099.41,56970.92,ach_remittance
RPY-0008057,ORG-200758,PTR-005,2025-03-20,5118.02,62088.94,ach_remittance
RPY-0008058,ORG-200758,PTR-005,2025-03-27,4760.73,66849.67,ach_remittance
RPY-0008059,ORG-200758,PTR-005,2025-04-03,2606.5,69456.17,ach_remittance
RPY-0008060,ORG-200758,PTR-005,2025-04-10,3916.84,73373.01,ach_remittance
RPY-0008061,ORG-200758,PTR-005,2025-04-17,2694.2,76067.21,manual_payment
RPY-0008062,ORG-200758,PTR-005,2025-04-24,8058.51,84125.72,ach_remittance
RPY-0008063,ORG-200759,PTR-001,2022-05-08,281.82,281.82,ach_remittance
RPY-0008064,ORG-200759,PTR-001,2022-05-15,333.95,615.77,manual_payment
RPY-0008065,ORG-200759,PTR-001,2022-05-22,187.31,803.08,ach_remittance
RPY-0008066,ORG-200759,PTR-001,2022-05-29,350.08,1153.16,ach_remittance
RPY-0008067,ORG-200759,PTR-001,2022-06-05,305.13,1458.29,ach_remittance
RPY-0008068,ORG-200759,PTR-001,2022-06-12,249.65,1707.94,ach_remittance
RPY-0008069,ORG-200759,PTR-001,2022-06-19,350.32,2058.26,ach_remittance
RPY-0008070,ORG-200759,PTR-001,2022-06-26,231.93,2290.19,ach_remittance
RPY-0008071,ORG-200759,PTR-001,2022-07-03,252.63,2542.82,ach_remittance
RPY-0008072,ORG-200759,PTR-001,2022-07-10,204.28,2747.1,ach_remittance
RPY-0008073,ORG-200759,PTR-001,2022-07-17,404.89,3151.99,ach_remittance
RPY-0008074,ORG-200759,PTR-001,2022-07-24,199.25,3351.24,ach_remittance
RPY-0008075,ORG-200759,PTR-001,2022-07-31,320.36,3671.6,ach_remittance
RPY-0008076,ORG-200759,PTR-001,2022-08-07,238.86,3910.46,ach_remittance
RPY-0008077,ORG-200759,PTR-001,2022-08-14,274.11,4184.57,ach_remittance
RPY-0008078,ORG-200759,PTR-001,2022-08-21,395.77,4580.34,ach_remittance
RPY-0008079,ORG-200759,PTR-001,2022-08-28,364.95,4945.29,manual_payment
RPY-0008080,ORG-200759,PTR-001,2022-09-04,404.41,5349.7,ach_remittance
RPY-0008081,ORG-200759,PTR-001,2022-09-11,351.91,5701.61,ach_remittance
RPY-0008082,ORG-200759,PTR-001,2022-09-18,265.55,5967.16,ach_remittance
RPY-0008083,ORG-200759,PTR-001,2022-09-25,180.22,6147.38,ach_remittance
RPY-0008084,ORG-200759,PTR-001,2022-10-02,384.79,6532.17,ach_remittance
RPY-0008085,ORG-200759,PTR-001,2022-10-09,346.86,6879.03,ach_remittance
RPY-0008086,ORG-200759,PTR-001,2022-10-16,213.76,7092.79,ach_remittance
RPY-0008087,ORG-200759,PTR-001,2022-10-23,364.09,7456.88,ach_remittance
RPY-0008088,ORG-200759,PTR-001,2022-10-30,301.96,7758.84,ach_remittance
RPY-0008089,ORG-200759,PTR-001,2022-11-06,294.42,8053.26,ach_remittance
RPY-0008090,ORG-200759,PTR-001,2022-11-13,337.54,8390.8,ach_remittance
RPY-0008091,ORG-200759,PTR-001,2022-11-20,293.43,8684.23,ach_remittance
RPY-0008092,ORG-200759,PTR-001,2022-11-27,270.62,8954.85,ach_remittance
RPY-0008093,ORG-200759,PTR-001,2022-12-04,265.67,9220.52,ach_remittance
RPY-0008094,ORG-200759,PTR-001,2022-12-11,359.17,9579.69,ach_remittance
RPY-0008095,ORG-200759,PTR-001,2022-12-18,183.33,9763.02,ach_remittance
RPY-0008096,ORG-200759,PTR-001,2022-12-25,239.82,10002.84,ach_remittance
RPY-0008097,ORG-200759,PTR-001,2023-01-01,395.18,10398.02,manual_payment
RPY-0008098,ORG-200759,PTR-001,2023-01-08,177.08,10575.1,ach_remittance
RPY-0008099,ORG-200759,PTR-001,2023-01-15,230.28,10805.38,ach_remittance
RPY-0008100,ORG-200759,PTR-001,2023-01-22,325.12,11130.5,ach_remittance
RPY-0008101,ORG-200759,PTR-001,2023-01-29,398.65,11529.15,ach_remittance
RPY-0008102,ORG-200759,PTR-001,2023-02-05,206.59,11735.74,ach_remittance
RPY-0008103,ORG-200759,PTR-001,2023-02-12,302.33,12038.07,ach_remittance
RPY-0008104,ORG-200760,PTR-001,2022-09-28,869.05,869.05,ach_remittance
RPY-0008105,ORG-200760,PTR-001,2022-10-05,974.34,1843.39,manual_payment
RPY-0008106,ORG-200760,PTR-001,2022-10-12,777.06,2620.45,ach_remittance
RPY-0008107,ORG-200760,PTR-001,2022-10-19,1118.58,3739.03,ach_remittance
RPY-0008108,ORG-200760,PTR-001,2022-10-26,1250.72,4989.75,ach_remittance
RPY-0008109,ORG-200760,PTR-001,2022-11-02,1112.45,6102.2,manual_payment
RPY-0008110,ORG-200760,PTR-001,2022-11-09,1203.37,7305.57,ach_remittance
RPY-0008111,ORG-200760,PTR-001,2022-11-16,1216.24,8521.81,ach_remittance
RPY-0008112,ORG-200760,PTR-001,2022-11-23,1114.72,9636.53,manual_payment
RPY-0008113,ORG-200760,PTR-001,2022-11-30,933.05,10569.58,ach_remittance
RPY-0008114,ORG-200760,PTR-001,2022-12-07,1207.35,11776.93,ach_remittance
RPY-0008115,ORG-200760,PTR-001,2022-12-14,546.46,12323.39,ach_remittance
RPY-0008116,ORG-200760,PTR-001,2022-12-21,213.55,12536.94,ach_remittance
RPY-0008117,ORG-200761,PTR-003,2024-11-07,5251.28,5251.28,ach_remittance
RPY-0008118,ORG-200761,PTR-003,2024-11-14,3081.68,8332.96,ach_remittance
RPY-0008119,ORG-200761,PTR-003,2024-11-21,5029.2,13362.16,ach_remittance
RPY-0008120,ORG-200761,PTR-003,2024-11-28,5680.24,19042.4,ach_remittance
RPY-0008121,ORG-200761,PTR-003,2024-12-05,4780.33,23822.73,ach_remittance
RPY-0008122,ORG-200761,PTR-003,2024-12-12,3569.35,27392.08,ach_remittance
RPY-0008123,ORG-200762,PTR-004,2022-09-27,1599.49,1599.49,ach_remittance
RPY-0008124,ORG-200762,PTR-004,2022-10-04,2077.24,3676.73,ach_remittance
RPY-0008125,ORG-200762,PTR-004,2022-10-11,1929.22,5605.95,ach_remittance
RPY-0008126,ORG-200762,PTR-004,2022-10-18,905.06,6511.01,ach_remittance
RPY-0008127,ORG-200762,PTR-004,2022-10-25,1884.59,8395.6,ach_remittance
RPY-0008128,ORG-200762,PTR-004,2022-11-01,1792.23,10187.83,ach_remittance
RPY-0008129,ORG-200762,PTR-004,2022-11-08,989.14,11176.97,ach_remittance
RPY-0008130,ORG-200762,PTR-004,2022-11-15,745.5,11922.47,manual_payment
RPY-0008131,ORG-200763,PTR-005,2023-09-30,1708.95,1708.95,ach_remittance
RPY-0008132,ORG-200763,PTR-005,2023-10-07,2573.82,4282.77,manual_payment
RPY-0008133,ORG-200763,PTR-005,2023-10-14,2178.6,6461.37,ach_remittance
RPY-0008134,ORG-200763,PTR-005,2023-10-21,1720.93,8182.3,ach_remittance
RPY-0008135,ORG-200763,PTR-005,2023-10-28,2172.17,10354.47,manual_payment
RPY-0008136,ORG-200763,PTR-005,2023-11-04,2911.01,13265.48,ach_remittance
RPY-0008137,ORG-200763,PTR-005,2023-11-11,2723.25,15988.73,ach_remittance
RPY-0008138,ORG-200763,PTR-005,2023-11-18,2119.21,18107.94,ach_remittance
RPY-0008139,ORG-200763,PTR-005,2023-11-25,2758.33,20866.27,ach_remittance
RPY-0008140,ORG-200763,PTR-005,2023-12-02,1485.13,22351.4,ach_remittance
RPY-0008141,ORG-200763,PTR-005,2023-12-09,3164.04,25515.44,ach_remittance
RPY-0008142,ORG-200763,PTR-005,2023-12-16,2261.55,27776.99,ach_remittance
RPY-0008143,ORG-200763,PTR-005,2023-12-23,2936.09,30713.08,ach_remittance
RPY-0008144,ORG-200763,PTR-005,2023-12-30,3036.94,33750.02,ach_remittance
RPY-0008145,ORG-200763,PTR-005,2024-01-06,2994.85,36744.87,ach_remittance
RPY-0008146,ORG-200764,PTR-005,2022-01-11,8263.89,8263.89,ach_remittance
RPY-0008147,ORG-200765,PTR-002,2024-04-25,661.32,661.32,ach_remittance
RPY-0008148,ORG-200765,PTR-002,2024-05-02,521.91,1183.23,ach_remittance
RPY-0008149,ORG-200765,PTR-002,2024-05-09,597.57,1780.8,ach_remittance
RPY-0008150,ORG-200765,PTR-002,2024-05-16,500.91,2281.71,ach_remittance
RPY-0008151,ORG-200765,PTR-002,2024-05-23,643.84,2925.55,ach_remittance
RPY-0008152,ORG-200765,PTR-002,2024-05-30,403.04,3328.59,ach_remittance
RPY-0008153,ORG-200765,PTR-002,2024-06-06,462.0,3790.59,ach_remittance
RPY-0008154,ORG-200765,PTR-002,2024-06-13,521.15,4311.74,ach_remittance
RPY-0008155,ORG-200765,PTR-002,2024-06-20,1155.49,5467.23,ach_remittance
RPY-0008156,ORG-200766,PTR-003,2023-08-27,10775.7,10775.7,ach_remittance
RPY-0008157,ORG-200766,PTR-003,2023-09-03,7756.33,18532.03,ach_remittance
RPY-0008158,ORG-200766,PTR-003,2023-09-10,5727.7,24259.73,ach_remittance
RPY-0008159,ORG-200766,PTR-003,2023-09-17,5711.35,29971.08,ach_remittance
RPY-0008160,ORG-200766,PTR-003,2023-09-24,8180.68,38151.76,ach_remittance
RPY-0008161,ORG-200766,PTR-003,2023-10-01,6410.31,44562.07,ach_remittance
RPY-0008162,ORG-200766,PTR-003,2023-10-08,7276.23,51838.3,ach_remittance
RPY-0008163,ORG-200766,PTR-003,2023-10-15,13974.64,65812.94,ach_remittance
RPY-0008164,ORG-200767,PTR-006,2023-03-07,2768.63,2768.63,ach_remittance
RPY-0008165,ORG-200767,PTR-006,2023-03-14,3398.21,6166.84,ach_remittance
RPY-0008166,ORG-200767,PTR-006,2023-03-21,2335.56,8502.4,ach_remittance
RPY-0008167,ORG-200767,PTR-006,2023-03-28,3194.43,11696.83,ach_remittance
RPY-0008168,ORG-200767,PTR-006,2023-04-04,4119.65,15816.48,ach_remittance
RPY-0008169,ORG-200767,PTR-006,2023-04-11,3056.55,18873.03,ach_remittance
RPY-0008170,ORG-200767,PTR-006,2023-04-18,3056.5,21929.53,ach_remittance
RPY-0008171,ORG-200767,PTR-006,2023-04-25,4433.4,26362.93,ach_remittance
RPY-0008172,ORG-200767,PTR-006,2023-05-02,4189.39,30552.32,ach_remittance
RPY-0008173,ORG-200767,PTR-006,2023-05-09,3355.41,33907.73,ach_remittance
RPY-0008174,ORG-200767,PTR-006,2023-05-16,3907.41,37815.14,ach_remittance
RPY-0008175,ORG-200767,PTR-006,2023-05-23,2977.25,40792.39,ach_remittance
RPY-0008176,ORG-200767,PTR-006,2023-05-30,2370.18,43162.57,manual_payment
RPY-0008177,ORG-200767,PTR-006,2023-06-06,4103.25,47265.82,ach_remittance
RPY-0008178,ORG-200767,PTR-006,2023-06-13,8333.0,55598.82,manual_payment
RPY-0008179,ORG-200768,PTR-001,2024-12-22,9010.8,9010.8,ach_remittance
RPY-0008180,ORG-200768,PTR-001,2024-12-29,7846.7,16857.5,ach_remittance
RPY-0008181,ORG-200768,PTR-001,2025-01-05,11888.94,28746.44,ach_remittance
RPY-0008182,ORG-200768,PTR-001,2025-01-12,9738.39,38484.83,ach_remittance
RPY-0008183,ORG-200768,PTR-001,2025-01-19,5766.05,44250.88,ach_remittance
RPY-0008184,ORG-200768,PTR-001,2025-01-26,9000.49,53251.37,ach_remittance
RPY-0008185,ORG-200768,PTR-001,2025-02-02,10919.22,64170.59,ach_remittance
RPY-0008186,ORG-200768,PTR-001,2025-02-09,10082.66,74253.25,ach_remittance
RPY-0008187,ORG-200768,PTR-001,2025-02-16,6459.6,80712.85,ach_remittance
RPY-0008188,ORG-200768,PTR-001,2025-02-23,10418.01,91130.86,ach_remittance
RPY-0008189,ORG-200769,PTR-004,2024-10-30,5648.63,5648.63,ach_remittance
RPY-0008190,ORG-200769,PTR-004,2024-11-06,5544.66,11193.29,ach_remittance
RPY-0008191,ORG-200769,PTR-004,2024-11-13,4805.27,15998.56,ach_remittance
RPY-0008192,ORG-200769,PTR-004,2024-11-20,4564.96,20563.52,ach_remittance
RPY-0008193,ORG-200769,PTR-004,2024-11-27,4265.01,24828.53,ach_remittance
RPY-0008194,ORG-200769,PTR-004,2024-12-04,4645.13,29473.66,ach_remittance
RPY-0008195,ORG-200769,PTR-004,2024-12-11,5301.56,34775.22,ach_remittance
RPY-0008196,ORG-200769,PTR-004,2024-12-18,2738.77,37513.99,ach_remittance
RPY-0008197,ORG-200769,PTR-004,2024-12-25,3042.4,40556.39,ach_remittance
RPY-0008198,ORG-200769,PTR-004,2025-01-01,5522.28,46078.67,ach_remittance
RPY-0008199,ORG-200769,PTR-004,2025-01-08,2866.31,48944.98,ach_remittance
RPY-0008200,ORG-200770,PTR-003,2025-03-19,2110.71,2110.71,ach_remittance
RPY-0008201,ORG-200770,PTR-003,2025-03-26,2902.61,5013.32,ach_remittance
RPY-0008202,ORG-200770,PTR-003,2025-04-02,3698.68,8712.0,ach_remittance
RPY-0008203,ORG-200770,PTR-003,2025-04-09,2191.81,10903.81,ach_remittance
RPY-0008204,ORG-200770,PTR-003,2025-04-16,3965.97,14869.78,ach_remittance
RPY-0008205,ORG-200770,PTR-003,2025-04-23,3684.69,18554.47,ach_remittance
RPY-0008206,ORG-200770,PTR-003,2025-04-30,2657.17,21211.64,ach_remittance
RPY-0008207,ORG-200770,PTR-003,2025-05-07,3290.43,24502.07,ach_remittance
RPY-0008208,ORG-200770,PTR-003,2025-05-14,2576.71,27078.78,ach_remittance
RPY-0008209,ORG-200770,PTR-003,2025-05-21,2814.57,29893.35,ach_remittance
RPY-0008210,ORG-200770,PTR-003,2025-05-28,5731.03,35624.38,ach_remittance
RPY-0008211,ORG-200771,PTR-004,2025-12-28,1061.46,1061.46,ach_remittance
RPY-0008212,ORG-200771,PTR-004,2026-01-04,1404.55,2466.01,ach_remittance
RPY-0008213,ORG-200771,PTR-004,2026-01-11,929.62,3395.63,ach_remittance
RPY-0008214,ORG-200771,PTR-004,2026-01-18,1692.29,5087.92,ach_remittance
RPY-0008215,ORG-200771,PTR-004,2026-01-25,972.2,6060.12,manual_payment
RPY-0008216,ORG-200771,PTR-004,2026-02-01,1453.9,7514.02,ach_remittance
RPY-0008217,ORG-200771,PTR-004,2026-02-08,1755.47,9269.49,manual_payment
RPY-0008218,ORG-200771,PTR-004,2026-02-15,1643.54,10913.03,ach_remittance
RPY-0008219,ORG-200772,PTR-006,2023-11-21,5711.96,5711.96,ach_remittance
RPY-0008220,ORG-200772,PTR-006,2023-11-28,4844.78,10556.74,ach_remittance
RPY-0008221,ORG-200772,PTR-006,2023-12-05,5017.51,15574.25,ach_remittance
RPY-0008222,ORG-200772,PTR-006,2023-12-12,5003.49,20577.74,ach_remittance
RPY-0008223,ORG-200772,PTR-006,2023-12-19,4380.37,24958.11,ach_remittance
RPY-0008224,ORG-200772,PTR-006,2023-12-26,6009.41,30967.52,ach_remittance
RPY-0008225,ORG-200772,PTR-006,2024-01-02,4439.75,35407.27,ach_remittance
RPY-0008226,ORG-200772,PTR-006,2024-01-09,3031.58,38438.85,ach_remittance
RPY-0008227,ORG-200772,PTR-006,2024-01-16,4964.06,43402.91,ach_remittance
RPY-0008228,ORG-200772,PTR-006,2024-01-23,4394.72,47797.63,manual_payment
RPY-0008229,ORG-200772,PTR-006,2024-01-30,4558.64,52356.27,ach_remittance
RPY-0008230,ORG-200772,PTR-006,2024-02-06,3991.01,56347.28,ach_remittance
RPY-0008231,ORG-200772,PTR-006,2024-02-13,5024.54,61371.82,ach_remittance
RPY-0008232,ORG-200772,PTR-006,2024-02-20,5718.69,67090.51,ach_remittance
RPY-0008233,ORG-200772,PTR-006,2024-02-27,6095.16,73185.67,ach_remittance
RPY-0008234,ORG-200772,PTR-006,2024-03-05,2725.5,75911.17,ach_remittance
RPY-0008235,ORG-200772,PTR-006,2024-03-12,5325.21,81236.38,ach_remittance
RPY-0008236,ORG-200772,PTR-006,2024-03-19,3086.39,84322.77,ach_remittance
RPY-0008237,ORG-200773,PTR-005,2023-06-29,2378.57,2378.57,ach_remittance
RPY-0008238,ORG-200773,PTR-005,2023-07-06,2428.96,4807.53,ach_remittance
RPY-0008239,ORG-200773,PTR-005,2023-07-13,3875.38,8682.91,ach_remittance
RPY-0008240,ORG-200773,PTR-005,2023-07-20,3010.45,11693.36,ach_remittance
RPY-0008241,ORG-200773,PTR-005,2023-07-27,4064.31,15757.67,ach_remittance
RPY-0008242,ORG-200774,PTR-003,2025-11-28,7460.96,7460.96,ach_remittance
RPY-0008243,ORG-200774,PTR-003,2025-12-05,7551.99,15012.95,ach_remittance
RPY-0008244,ORG-200774,PTR-003,2025-12-12,7245.19,22258.14,ach_remittance
RPY-0008245,ORG-200774,PTR-003,2025-12-19,9648.22,31906.36,ach_remittance
RPY-0008246,ORG-200774,PTR-003,2025-12-26,8664.18,40570.54,manual_payment
RPY-0008247,ORG-200774,PTR-003,2026-01-02,6921.13,47491.67,ach_remittance
RPY-0008248,ORG-200774,PTR-003,2026-01-09,8995.89,56487.56,ach_remittance
RPY-0008249,ORG-200774,PTR-003,2026-01-16,4729.38,61216.94,ach_remittance
RPY-0008250,ORG-200774,PTR-003,2026-01-23,8156.99,69373.93,ach_remittance
RPY-0008251,ORG-200774,PTR-003,2026-01-30,4509.32,73883.25,ach_remittance
RPY-0008252,ORG-200774,PTR-003,2026-02-06,4669.96,78553.21,ach_remittance
RPY-0008253,ORG-200775,PTR-004,2022-07-27,3478.25,3478.25,ach_remittance
RPY-0008254,ORG-200775,PTR-004,2022-08-03,5373.26,8851.51,ach_remittance
RPY-0008255,ORG-200775,PTR-004,2022-08-10,5722.29,14573.8,ach_remittance
RPY-0008256,ORG-200775,PTR-004,2022-08-17,6769.05,21342.85,ach_remittance
RPY-0008257,ORG-200775,PTR-004,2022-08-24,4659.3,26002.15,ach_remittance
RPY-0008258,ORG-200775,PTR-004,2022-08-31,7071.9,33074.05,ach_remittance
RPY-0008259,ORG-200775,PTR-004,2022-09-07,5003.15,38077.2,ach_remittance
RPY-0008260,ORG-200775,PTR-004,2022-09-14,6590.43,44667.63,ach_remittance
RPY-0008261,ORG-200775,PTR-004,2022-09-21,5878.63,50546.26,ach_remittance
RPY-0008262,ORG-200775,PTR-004,2022-09-28,3217.87,53764.13,manual_payment
RPY-0008263,ORG-200775,PTR-004,2022-10-05,3552.05,57316.18,ach_remittance
RPY-0008264,ORG-200775,PTR-004,2022-10-12,3362.06,60678.24,ach_remittance
RPY-0008265,ORG-200776,PTR-001,2023-10-04,3725.65,3725.65,ach_remittance
RPY-0008266,ORG-200776,PTR-001,2023-10-11,2494.13,6219.78,ach_remittance
RPY-0008267,ORG-200776,PTR-001,2023-10-18,2105.13,8324.91,ach_remittance
RPY-0008268,ORG-200776,PTR-001,2023-10-25,3285.87,11610.78,ach_remittance
RPY-0008269,ORG-200776,PTR-001,2023-11-01,2572.81,14183.59,ach_remittance
RPY-0008270,ORG-200776,PTR-001,2023-11-08,1754.36,15937.95,ach_remittance
RPY-0008271,ORG-200776,PTR-001,2023-11-15,2742.36,18680.31,manual_payment
RPY-0008272,ORG-200776,PTR-001,2023-11-22,2910.38,21590.69,ach_remittance
RPY-0008273,ORG-200777,PTR-006,2024-03-16,10477.26,10477.26,ach_remittance
RPY-0008274,ORG-200777,PTR-006,2024-03-23,10320.95,20798.21,ach_remittance
RPY-0008275,ORG-200777,PTR-006,2024-03-30,5998.95,26797.16,ach_remittance
RPY-0008276,ORG-200777,PTR-006,2024-04-06,9477.54,36274.7,ach_remittance
RPY-0008277,ORG-200777,PTR-006,2024-04-13,8856.33,45131.03,ach_remittance
RPY-0008278,ORG-200777,PTR-006,2024-04-20,5416.88,50547.91,ach_remittance
RPY-0008279,ORG-200777,PTR-006,2024-04-27,9196.87,59744.78,ach_remittance
RPY-0008280,ORG-200777,PTR-006,2024-05-04,10262.56,70007.34,ach_remittance
RPY-0008281,ORG-200777,PTR-006,2024-05-11,5945.26,75952.6,ach_remittance
RPY-0008282,ORG-200778,PTR-002,2025-08-14,1620.32,1620.32,ach_remittance
RPY-0008283,ORG-200778,PTR-002,2025-08-21,2473.07,4093.39,ach_remittance
RPY-0008284,ORG-200778,PTR-002,2025-08-28,3120.03,7213.42,ach_remittance
RPY-0008285,ORG-200778,PTR-002,2025-09-04,2170.98,9384.4,ach_remittance
RPY-0008286,ORG-200778,PTR-002,2025-09-11,2491.9,11876.3,ach_remittance
RPY-0008287,ORG-200778,PTR-002,2025-09-18,2027.87,13904.17,ach_remittance
RPY-0008288,ORG-200778,PTR-002,2025-09-25,2032.35,15936.52,ach_remittance
RPY-0008289,ORG-200778,PTR-002,2025-10-02,1861.39,17797.91,ach_remittance
RPY-0008290,ORG-200778,PTR-002,2025-10-09,2529.53,20327.44,ach_remittance
RPY-0008291,ORG-200779,PTR-001,2025-08-17,1793.53,1793.53,ach_remittance
RPY-0008292,ORG-200779,PTR-001,2025-08-24,2732.41,4525.94,ach_remittance
RPY-0008293,ORG-200779,PTR-001,2025-08-31,2840.14,7366.08,ach_remittance
RPY-0008294,ORG-200779,PTR-001,2025-09-07,3058.18,10424.26,ach_remittance
RPY-0008295,ORG-200779,PTR-001,2025-09-14,3134.81,13559.07,ach_remittance
RPY-0008296,ORG-200779,PTR-001,2025-09-21,2636.8,16195.87,ach_remittance
RPY-0008297,ORG-200779,PTR-001,2025-09-28,43.32,16239.19,ach_remittance
RPY-0008298,ORG-200780,PTR-003,2022-01-31,1430.2,1430.2,ach_remittance
RPY-0008299,ORG-200780,PTR-003,2022-02-07,914.33,2344.53,ach_remittance
RPY-0008300,ORG-200780,PTR-003,2022-02-14,699.28,3043.81,ach_remittance
RPY-0008301,ORG-200780,PTR-003,2022-02-21,1529.38,4573.19,ach_remittance
RPY-0008302,ORG-200780,PTR-003,2022-02-28,1083.04,5656.23,ach_remittance
RPY-0008303,ORG-200780,PTR-003,2022-03-07,1135.99,6792.22,ach_remittance
RPY-0008304,ORG-200780,PTR-003,2022-03-14,989.98,7782.2,ach_remittance
RPY-0008305,ORG-200780,PTR-003,2022-03-21,1000.36,8782.56,ach_remittance
RPY-0008306,ORG-200781,PTR-004,2024-03-26,4342.2,4342.2,ach_remittance
RPY-0008307,ORG-200781,PTR-004,2024-04-02,6741.54,11083.74,manual_payment
RPY-0008308,ORG-200781,PTR-004,2024-04-09,8328.52,19412.26,ach_remittance
RPY-0008309,ORG-200781,PTR-004,2024-04-16,5788.68,25200.94,ach_remittance
RPY-0008310,ORG-200781,PTR-004,2024-04-23,5490.28,30691.22,ach_remittance
RPY-0008311,ORG-200781,PTR-004,2024-04-30,7488.54,38179.76,ach_remittance
RPY-0008312,ORG-200782,PTR-004,2025-03-18,3122.53,3122.53,ach_remittance
RPY-0008313,ORG-200782,PTR-004,2025-03-25,1637.5,4760.03,ach_remittance
RPY-0008314,ORG-200782,PTR-004,2025-04-01,2323.83,7083.86,ach_remittance
RPY-0008315,ORG-200782,PTR-004,2025-04-08,1849.35,8933.21,ach_remittance
RPY-0008316,ORG-200782,PTR-004,2025-04-15,2568.42,11501.63,manual_payment
RPY-0008317,ORG-200782,PTR-004,2025-04-22,2785.94,14287.57,ach_remittance
RPY-0008318,ORG-200782,PTR-004,2025-04-29,2403.98,16691.55,ach_remittance
RPY-0008319,ORG-200782,PTR-004,2025-05-06,2006.23,18697.78,ach_remittance
RPY-0008320,ORG-200782,PTR-004,2025-05-13,1908.62,20606.4,ach_remittance
RPY-0008321,ORG-200782,PTR-004,2025-05-20,3646.28,24252.68,ach_remittance
RPY-0008322,ORG-200782,PTR-004,2025-05-27,1979.11,26231.79,ach_remittance
RPY-0008323,ORG-200782,PTR-004,2025-06-03,3577.37,29809.16,manual_payment
RPY-0008324,ORG-200782,PTR-004,2025-06-10,4953.26,34762.42,ach_remittance
RPY-0008325,ORG-200783,PTR-004,2025-12-27,3457.5,3457.5,manual_payment
RPY-0008326,ORG-200783,PTR-004,2026-01-03,5439.99,8897.49,ach_remittance
RPY-0008327,ORG-200783,PTR-004,2026-01-10,3307.79,12205.28,ach_remittance
RPY-0008328,ORG-200783,PTR-004,2026-01-17,3766.45,15971.73,ach_remittance
RPY-0008329,ORG-200783,PTR-004,2026-01-24,4222.68,20194.41,ach_remittance
RPY-0008330,ORG-200783,PTR-004,2026-01-31,4825.54,25019.95,ach_remittance
RPY-0008331,ORG-200783,PTR-004,2026-02-07,2805.1,27825.05,ach_remittance
RPY-0008332,ORG-200783,PTR-004,2026-02-14,4037.9,31862.95,ach_remittance
RPY-0008333,ORG-200783,PTR-004,2026-02-21,3625.69,35488.64,manual_payment
RPY-0008334,ORG-200783,PTR-004,2026-02-28,6620.73,42109.37,ach_remittance
RPY-0008335,ORG-200784,PTR-003,2026-04-24,1905.64,1905.64,manual_payment
RPY-0008336,ORG-200784,PTR-003,2026-05-01,2070.18,3975.82,ach_remittance
RPY-0008337,ORG-200784,PTR-003,2026-05-08,2653.38,6629.2,ach_remittance
RPY-0008338,ORG-200784,PTR-003,2026-05-15,2522.08,9151.28,manual_payment
RPY-0008339,ORG-200784,PTR-003,2026-05-22,1859.66,11010.94,ach_remittance
RPY-0008340,ORG-200784,PTR-003,2026-05-29,3089.36,14100.3,ach_remittance
RPY-0008341,ORG-200784,PTR-003,2026-06-05,2381.29,16481.59,ach_remittance
RPY-0008342,ORG-200784,PTR-003,2026-06-12,3079.2,19560.79,ach_remittance
RPY-0008343,ORG-200784,PTR-003,2026-06-19,1805.43,21366.22,ach_remittance
RPY-0008344,ORG-200784,PTR-003,2026-06-26,2395.72,23761.94,ach_remittance
RPY-0008345,ORG-200784,PTR-003,2026-07-03,3148.62,26910.56,ach_remittance
RPY-0008346,ORG-200784,PTR-003,2026-07-10,1830.85,28741.41,ach_remittance
RPY-0008347,ORG-200785,PTR-006,2024-07-13,2905.05,2905.05,ach_remittance
RPY-0008348,ORG-200785,PTR-006,2024-07-20,3052.95,5958.0,ach_remittance
RPY-0008349,ORG-200785,PTR-006,2024-07-27,3116.49,9074.49,ach_remittance
RPY-0008350,ORG-200785,PTR-006,2024-08-03,1563.66,10638.15,ach_remittance
RPY-0008351,ORG-200785,PTR-006,2024-08-10,1879.61,12517.76,ach_remittance
RPY-0008352,ORG-200785,PTR-006,2024-08-17,3287.2,15804.96,ach_remittance
RPY-0008353,ORG-200785,PTR-006,2024-08-24,3242.93,19047.89,ach_remittance
RPY-0008354,ORG-200785,PTR-006,2024-08-31,2324.43,21372.32,ach_remittance
RPY-0008355,ORG-200785,PTR-006,2024-09-07,3070.9,24443.22,ach_remittance
RPY-0008356,ORG-200785,PTR-006,2024-09-14,2679.37,27122.59,ach_remittance
RPY-0008357,ORG-200785,PTR-006,2024-09-21,1902.56,29025.15,ach_remittance
RPY-0008358,ORG-200785,PTR-006,2024-09-28,1788.2,30813.35,ach_remittance
RPY-0008359,ORG-200785,PTR-006,2024-10-05,2257.22,33070.57,ach_remittance
RPY-0008360,ORG-200785,PTR-006,2024-10-12,2845.72,35916.29,ach_remittance
RPY-0008361,ORG-200785,PTR-006,2024-10-19,2662.04,38578.33,ach_remittance
RPY-0008362,ORG-200786,PTR-003,2023-03-28,8395.56,8395.56,ach_remittance
RPY-0008363,ORG-200786,PTR-003,2023-04-04,7747.47,16143.03,ach_remittance
RPY-0008364,ORG-200786,PTR-003,2023-04-11,4399.29,20542.32,manual_payment
RPY-0008365,ORG-200786,PTR-003,2023-04-18,6483.46,27025.78,ach_remittance
RPY-0008366,ORG-200786,PTR-003,2023-04-25,7914.12,34939.9,ach_remittance
RPY-0008367,ORG-200786,PTR-003,2023-05-02,6412.9,41352.8,ach_remittance
RPY-0008368,ORG-200786,PTR-003,2023-05-09,7488.49,48841.29,ach_remittance
RPY-0008369,ORG-200786,PTR-003,2023-05-16,4183.09,53024.38,ach_remittance
RPY-0008370,ORG-200786,PTR-003,2023-05-23,5951.83,58976.21,ach_remittance
RPY-0008371,ORG-200786,PTR-003,2023-05-30,5896.56,64872.77,ach_remittance
RPY-0008372,ORG-200786,PTR-003,2023-06-06,5785.24,70658.01,ach_remittance
RPY-0008373,ORG-200786,PTR-003,2023-06-13,1683.11,72341.12,ach_remittance
RPY-0008374,ORG-200787,PTR-004,2025-11-01,486.46,486.46,ach_remittance
RPY-0008375,ORG-200787,PTR-004,2025-11-08,1091.79,1578.25,ach_remittance
RPY-0008376,ORG-200787,PTR-004,2025-11-15,1028.86,2607.11,ach_remittance
RPY-0008377,ORG-200787,PTR-004,2025-11-22,487.1,3094.21,ach_remittance
RPY-0008378,ORG-200787,PTR-004,2025-11-29,942.69,4036.9,ach_remittance
RPY-0008379,ORG-200787,PTR-004,2025-12-06,596.23,4633.13,ach_remittance
RPY-0008380,ORG-200787,PTR-004,2025-12-13,895.59,5528.72,ach_remittance
RPY-0008381,ORG-200787,PTR-004,2025-12-20,523.09,6051.81,ach_remittance
RPY-0008382,ORG-200787,PTR-004,2025-12-27,1075.7,7127.51,ach_remittance
RPY-0008383,ORG-200787,PTR-004,2026-01-03,784.54,7912.05,ach_remittance
RPY-0008384,ORG-200787,PTR-004,2026-01-10,884.25,8796.3,ach_remittance
RPY-0008385,ORG-200788,PTR-004,2024-10-21,6565.36,6565.36,ach_remittance
RPY-0008386,ORG-200788,PTR-004,2024-10-28,5242.17,11807.53,ach_remittance
RPY-0008387,ORG-200788,PTR-004,2024-11-04,3667.64,15475.17,ach_remittance
RPY-0008388,ORG-200788,PTR-004,2024-11-11,6626.21,22101.38,ach_remittance
RPY-0008389,ORG-200788,PTR-004,2024-11-18,3833.61,25934.99,ach_remittance
RPY-0008390,ORG-200788,PTR-004,2024-11-25,5134.19,31069.18,ach_remittance
RPY-0008391,ORG-200788,PTR-004,2024-12-02,6774.09,37843.27,ach_remittance
RPY-0008392,ORG-200788,PTR-004,2024-12-09,7537.4,45380.67,ach_remittance
RPY-0008393,ORG-200788,PTR-004,2024-12-16,4029.95,49410.62,ach_remittance
RPY-0008394,ORG-200788,PTR-004,2024-12-23,4310.51,53721.13,ach_remittance
RPY-0008395,ORG-200788,PTR-004,2024-12-30,6645.29,60366.42,ach_remittance
RPY-0008396,ORG-200789,PTR-001,2024-02-20,2711.07,2711.07,ach_remittance
RPY-0008397,ORG-200789,PTR-001,2024-02-27,1399.14,4110.21,ach_remittance
RPY-0008398,ORG-200789,PTR-001,2024-03-05,2611.84,6722.05,ach_remittance
RPY-0008399,ORG-200789,PTR-001,2024-03-12,2208.79,8930.84,ach_remittance
RPY-0008400,ORG-200789,PTR-001,2024-03-19,1995.79,10926.63,ach_remittance
RPY-0008401,ORG-200789,PTR-001,2024-03-26,1963.06,12889.69,ach_remittance
RPY-0008402,ORG-200789,PTR-001,2024-04-02,2033.94,14923.63,ach_remittance
RPY-0008403,ORG-200789,PTR-001,2024-04-09,3674.38,18598.01,ach_remittance
RPY-0008404,ORG-200790,PTR-001,2025-04-07,1243.93,1243.93,manual_payment
RPY-0008405,ORG-200790,PTR-001,2025-04-14,897.7,2141.63,ach_remittance
RPY-0008406,ORG-200790,PTR-001,2025-04-21,1039.01,3180.64,ach_remittance
RPY-0008407,ORG-200790,PTR-001,2025-04-28,1519.96,4700.6,ach_remittance
RPY-0008408,ORG-200790,PTR-001,2025-05-05,1688.65,6389.25,ach_remittance
RPY-0008409,ORG-200790,PTR-001,2025-05-12,1707.19,8096.44,ach_remittance
RPY-0008410,ORG-200790,PTR-001,2025-05-19,1092.03,9188.47,ach_remittance
RPY-0008411,ORG-200790,PTR-001,2025-05-26,1204.16,10392.63,ach_remittance
RPY-0008412,ORG-200790,PTR-001,2025-06-02,1665.9,12058.53,ach_remittance
RPY-0008413,ORG-200790,PTR-001,2025-06-09,1358.75,13417.28,ach_remittance
RPY-0008414,ORG-200790,PTR-001,2025-06-16,1123.09,14540.37,ach_remittance
RPY-0008415,ORG-200790,PTR-001,2025-06-23,775.61,15315.98,ach_remittance
RPY-0008416,ORG-200790,PTR-001,2025-06-30,1665.67,16981.65,ach_remittance
RPY-0008417,ORG-200790,PTR-001,2025-07-07,978.38,17960.03,manual_payment
RPY-0008418,ORG-200790,PTR-001,2025-07-14,1205.01,19165.04,ach_remittance
RPY-0008419,ORG-200790,PTR-001,2025-07-21,825.54,19990.58,ach_remittance
RPY-0008420,ORG-200790,PTR-001,2025-07-28,1619.26,21609.84,ach_remittance
RPY-0008421,ORG-200790,PTR-001,2025-08-04,1678.89,23288.73,ach_remittance
RPY-0008422,ORG-200790,PTR-001,2025-08-11,1192.6,24481.33,ach_remittance
RPY-0008423,ORG-200791,PTR-006,2022-06-13,4724.66,4724.66,ach_remittance
RPY-0008424,ORG-200791,PTR-006,2022-06-20,5165.94,9890.6,ach_remittance
RPY-0008425,ORG-200791,PTR-006,2022-06-27,3848.07,13738.67,ach_remittance
RPY-0008426,ORG-200791,PTR-006,2022-07-04,5918.28,19656.95,ach_remittance
RPY-0008427,ORG-200791,PTR-006,2022-07-11,3855.89,23512.84,manual_payment
RPY-0008428,ORG-200791,PTR-006,2022-07-18,4211.87,27724.71,ach_remittance
RPY-0008429,ORG-200791,PTR-006,2022-07-25,5825.86,33550.57,manual_payment
RPY-0008430,ORG-200791,PTR-006,2022-08-01,3363.83,36914.4,ach_remittance
RPY-0008431,ORG-200791,PTR-006,2022-08-08,6471.78,43386.18,ach_remittance
RPY-0008432,ORG-200791,PTR-006,2022-08-15,5518.05,48904.23,ach_remittance
RPY-0008433,ORG-200791,PTR-006,2022-08-22,3697.32,52601.55,ach_remittance
RPY-0008434,ORG-200791,PTR-006,2022-08-29,14274.82,66876.37,ach_remittance
RPY-0008435,ORG-200792,PTR-002,2022-10-16,590.04,590.04,ach_remittance
RPY-0008436,ORG-200792,PTR-002,2022-10-23,846.58,1436.62,ach_remittance
RPY-0008437,ORG-200792,PTR-002,2022-10-30,891.02,2327.64,ach_remittance
RPY-0008438,ORG-200792,PTR-002,2022-11-06,562.47,2890.11,manual_payment
RPY-0008439,ORG-200792,PTR-002,2022-11-13,674.69,3564.8,ach_remittance
RPY-0008440,ORG-200792,PTR-002,2022-11-20,967.7,4532.5,ach_remittance
RPY-0008441,ORG-200792,PTR-002,2022-11-27,674.46,5206.96,manual_payment
RPY-0008442,ORG-200792,PTR-002,2022-12-04,1184.93,6391.89,ach_remittance
RPY-0008443,ORG-200792,PTR-002,2022-12-11,901.88,7293.77,ach_remittance
RPY-0008444,ORG-200792,PTR-002,2022-12-18,1862.09,9155.86,ach_remittance
RPY-0008445,ORG-200793,PTR-006,2025-12-26,1645.98,1645.98,ach_remittance
RPY-0008446,ORG-200793,PTR-006,2026-01-02,1156.06,2802.04,ach_remittance
RPY-0008447,ORG-200793,PTR-006,2026-01-09,962.2,3764.24,ach_remittance
RPY-0008448,ORG-200793,PTR-006,2026-01-16,1315.64,5079.88,ach_remittance
RPY-0008449,ORG-200793,PTR-006,2026-01-23,1505.45,6585.33,ach_remittance
RPY-0008450,ORG-200793,PTR-006,2026-01-30,1401.65,7986.98,ach_remittance
RPY-0008451,ORG-200794,PTR-005,2022-03-05,486.22,486.22,manual_payment
RPY-0008452,ORG-200794,PTR-005,2022-03-12,588.12,1074.34,ach_remittance
RPY-0008453,ORG-200794,PTR-005,2022-03-19,542.29,1616.63,ach_remittance
RPY-0008454,ORG-200794,PTR-005,2022-03-26,363.63,1980.26,ach_remittance
RPY-0008455,ORG-200794,PTR-005,2022-04-02,632.69,2612.95,ach_remittance
RPY-0008456,ORG-200794,PTR-005,2022-04-09,277.34,2890.29,ach_remittance
RPY-0008457,ORG-200794,PTR-005,2022-04-16,514.18,3404.47,ach_remittance
RPY-0008458,ORG-200794,PTR-005,2022-04-23,451.33,3855.8,ach_remittance
RPY-0008459,ORG-200794,PTR-005,2022-04-30,283.59,4139.39,ach_remittance
RPY-0008460,ORG-200795,PTR-001,2025-08-22,9826.0,9826.0,manual_payment
RPY-0008461,ORG-200795,PTR-001,2025-08-29,16513.81,26339.81,ach_remittance
RPY-0008462,ORG-200795,PTR-001,2025-09-05,18111.56,44451.37,ach_remittance
RPY-0008463,ORG-200795,PTR-001,2025-09-12,17283.39,61734.76,ach_remittance
RPY-0008464,ORG-200795,PTR-001,2025-09-19,18399.96,80134.72,ach_remittance
RPY-0008465,ORG-200795,PTR-001,2025-09-26,417.42,80552.14,ach_remittance
RPY-0008466,ORG-200796,PTR-004,2025-09-06,2427.17,2427.17,ach_remittance
RPY-0008467,ORG-200796,PTR-004,2025-09-13,1888.45,4315.62,ach_remittance
RPY-0008468,ORG-200796,PTR-004,2025-09-20,2197.38,6513.0,ach_remittance
RPY-0008469,ORG-200796,PTR-004,2025-09-27,1906.64,8419.64,ach_remittance
RPY-0008470,ORG-200796,PTR-004,2025-10-04,2363.84,10783.48,ach_remittance
RPY-0008471,ORG-200796,PTR-004,2025-10-11,2181.0,12964.48,ach_remittance
RPY-0008472,ORG-200796,PTR-004,2025-10-18,2571.4,15535.88,ach_remittance
RPY-0008473,ORG-200796,PTR-004,2025-10-25,2160.97,17696.85,ach_remittance
RPY-0008474,ORG-200796,PTR-004,2025-11-01,1960.67,19657.52,ach_remittance
RPY-0008475,ORG-200796,PTR-004,2025-11-08,2545.69,22203.21,ach_remittance
RPY-0008476,ORG-200796,PTR-004,2025-11-15,1354.42,23557.63,ach_remittance
RPY-0008477,ORG-200796,PTR-004,2025-11-22,2365.71,25923.34,ach_remittance
RPY-0008478,ORG-200796,PTR-004,2025-11-29,1531.5,27454.84,ach_remittance
RPY-0008479,ORG-200796,PTR-004,2025-12-06,2245.53,29700.37,manual_payment
RPY-0008480,ORG-200796,PTR-004,2025-12-13,1427.42,31127.79,ach_remittance
RPY-0008481,ORG-200796,PTR-004,2025-12-20,1254.54,32382.33,ach_remittance
RPY-0008482,ORG-200796,PTR-004,2025-12-27,1606.14,33988.47,ach_remittance
RPY-0008483,ORG-200796,PTR-004,2026-01-03,1433.75,35422.22,manual_payment
RPY-0008484,ORG-200797,PTR-003,2025-12-09,2381.8,2381.8,ach_remittance
RPY-0008485,ORG-200797,PTR-003,2025-12-16,1876.07,4257.87,ach_remittance
RPY-0008486,ORG-200797,PTR-003,2025-12-23,3125.87,7383.74,ach_remittance
RPY-0008487,ORG-200797,PTR-003,2025-12-30,1816.03,9199.77,ach_remittance
RPY-0008488,ORG-200797,PTR-003,2026-01-06,2747.08,11946.85,ach_remittance
RPY-0008489,ORG-200797,PTR-003,2026-01-13,1984.47,13931.32,ach_remittance
RPY-0008490,ORG-200797,PTR-003,2026-01-20,2005.13,15936.45,ach_remittance
RPY-0008491,ORG-200797,PTR-003,2026-01-27,1705.87,17642.32,ach_remittance
RPY-0008492,ORG-200797,PTR-003,2026-02-03,3419.7,21062.02,ach_remittance
RPY-0008493,ORG-200797,PTR-003,2026-02-10,1652.97,22714.99,ach_remittance
RPY-0008494,ORG-200797,PTR-003,2026-02-17,2211.91,24926.9,ach_remittance
RPY-0008495,ORG-200797,PTR-003,2026-02-24,1755.35,26682.25,ach_remittance
RPY-0008496,ORG-200797,PTR-003,2026-03-03,3070.55,29752.8,ach_remittance
RPY-0008497,ORG-200797,PTR-003,2026-03-10,1905.68,31658.48,ach_remittance
RPY-0008498,ORG-200797,PTR-003,2026-03-17,1667.66,33326.14,ach_remittance
RPY-0008499,ORG-200797,PTR-003,2026-03-24,3303.87,36630.01,ach_remittance
RPY-0008500,ORG-200797,PTR-003,2026-03-31,6807.39,43437.4,ach_remittance
RPY-0008501,ORG-200798,PTR-001,2024-07-14,2353.49,2353.49,ach_remittance
RPY-0008502,ORG-200798,PTR-001,2024-07-21,2813.21,5166.7,ach_remittance
RPY-0008503,ORG-200798,PTR-001,2024-07-28,2481.67,7648.37,ach_remittance
RPY-0008504,ORG-200798,PTR-001,2024-08-04,2072.98,9721.35,ach_remittance
RPY-0008505,ORG-200798,PTR-001,2024-08-11,2563.64,12284.99,ach_remittance
RPY-0008506,ORG-200798,PTR-001,2024-08-18,2747.83,15032.82,manual_payment
RPY-0008507,ORG-200798,PTR-001,2024-08-25,1958.71,16991.53,ach_remittance
RPY-0008508,ORG-200798,PTR-001,2024-09-01,767.89,17759.42,manual_payment
RPY-0008509,ORG-200799,PTR-002,2025-03-05,3083.72,3083.72,manual_payment
RPY-0008510,ORG-200799,PTR-002,2025-03-12,1882.09,4965.81,ach_remittance
RPY-0008511,ORG-200799,PTR-002,2025-03-19,1464.58,6430.39,ach_remittance
RPY-0008512,ORG-200799,PTR-002,2025-03-26,1902.06,8332.45,ach_remittance
RPY-0008513,ORG-200799,PTR-002,2025-04-02,2245.07,10577.52,ach_remittance
RPY-0008514,ORG-200799,PTR-002,2025-04-09,2664.81,13242.33,ach_remittance
RPY-0008515,ORG-200799,PTR-002,2025-04-16,1808.98,15051.31,ach_remittance
RPY-0008516,ORG-200799,PTR-002,2025-04-23,2623.35,17674.66,ach_remittance
RPY-0008517,ORG-200799,PTR-002,2025-04-30,2492.39,20167.05,ach_remittance
RPY-0008518,ORG-200799,PTR-002,2025-05-07,2452.88,22619.93,ach_remittance
RPY-0008519,ORG-200799,PTR-002,2025-05-14,2640.76,25260.69,ach_remittance
RPY-0008520,ORG-200799,PTR-002,2025-05-21,1610.54,26871.23,ach_remittance
RPY-0008521,ORG-200800,PTR-004,2023-03-18,7977.06,7977.06,ach_remittance
RPY-0008522,ORG-200800,PTR-004,2023-03-25,7106.63,15083.69,ach_remittance
RPY-0008523,ORG-200800,PTR-004,2023-04-01,6019.66,21103.35,ach_remittance
RPY-0008524,ORG-200800,PTR-004,2023-04-08,5355.69,26459.04,ach_remittance
RPY-0008525,ORG-200800,PTR-004,2023-04-15,4409.52,30868.56,ach_remittance
RPY-0008526,ORG-200801,PTR-005,2023-04-24,1110.99,1110.99,ach_remittance
RPY-0008527,ORG-200801,PTR-005,2023-05-01,1466.21,2577.2,ach_remittance
RPY-0008528,ORG-200801,PTR-005,2023-05-08,1655.08,4232.28,ach_remittance
RPY-0008529,ORG-200801,PTR-005,2023-05-15,1125.54,5357.82,ach_remittance
RPY-0008530,ORG-200801,PTR-005,2023-05-22,1085.35,6443.17,ach_remittance
RPY-0008531,ORG-200801,PTR-005,2023-05-29,1312.11,7755.28,ach_remittance
RPY-0008532,ORG-200801,PTR-005,2023-06-05,984.08,8739.36,manual_payment
RPY-0008533,ORG-200801,PTR-005,2023-06-12,1194.52,9933.88,ach_remittance
RPY-0008534,ORG-200801,PTR-005,2023-06-19,1011.85,10945.73,manual_payment
RPY-0008535,ORG-200801,PTR-005,2023-06-26,1745.0,12690.73,ach_remittance
RPY-0008536,ORG-200801,PTR-005,2023-07-03,1323.66,14014.39,ach_remittance
RPY-0008537,ORG-200801,PTR-005,2023-07-10,3929.61,17944.0,ach_remittance
RPY-0008538,ORG-200802,PTR-005,2022-11-24,2189.1,2189.1,ach_remittance
RPY-0008539,ORG-200802,PTR-005,2022-12-01,3294.85,5483.95,ach_remittance
RPY-0008540,ORG-200802,PTR-005,2022-12-08,4420.47,9904.42,ach_remittance
RPY-0008541,ORG-200802,PTR-005,2022-12-15,2157.12,12061.54,manual_payment
RPY-0008542,ORG-200802,PTR-005,2022-12-22,2612.13,14673.67,ach_remittance
RPY-0008543,ORG-200802,PTR-005,2022-12-29,4504.99,19178.66,ach_remittance
RPY-0008544,ORG-200802,PTR-005,2023-01-05,2015.87,21194.53,ach_remittance
RPY-0008545,ORG-200802,PTR-005,2023-01-12,2543.52,23738.05,ach_remittance
RPY-0008546,ORG-200802,PTR-005,2023-01-19,5664.15,29402.2,ach_remittance
RPY-0008547,ORG-200803,PTR-003,2024-03-21,5603.29,5603.29,ach_remittance
RPY-0008548,ORG-200803,PTR-003,2024-03-28,2890.39,8493.68,ach_remittance
RPY-0008549,ORG-200803,PTR-003,2024-04-04,3266.08,11759.76,ach_remittance
RPY-0008550,ORG-200803,PTR-003,2024-04-11,3871.24,15631.0,ach_remittance
RPY-0008551,ORG-200803,PTR-003,2024-04-18,2899.14,18530.14,ach_remittance
RPY-0008552,ORG-200803,PTR-003,2024-04-25,4660.74,23190.88,ach_remittance
RPY-0008553,ORG-200803,PTR-003,2024-05-02,4614.12,27805.0,ach_remittance
RPY-0008554,ORG-200803,PTR-003,2024-05-09,4807.54,32612.54,ach_remittance
RPY-0008555,ORG-200803,PTR-003,2024-05-16,2890.27,35502.81,ach_remittance
RPY-0008556,ORG-200803,PTR-003,2024-05-23,2461.86,37964.67,ach_remittance
RPY-0008557,ORG-200803,PTR-003,2024-05-30,2699.21,40663.88,manual_payment
RPY-0008558,ORG-200803,PTR-003,2024-06-06,2963.78,43627.66,ach_remittance
RPY-0008559,ORG-200803,PTR-003,2024-06-13,4303.4,47931.06,ach_remittance
RPY-0008560,ORG-200803,PTR-003,2024-06-20,5111.04,53042.1,ach_remittance
RPY-0008561,ORG-200803,PTR-003,2024-06-27,3836.63,56878.73,ach_remittance
RPY-0008562,ORG-200803,PTR-003,2024-07-04,5335.95,62214.68,ach_remittance
RPY-0008563,ORG-200803,PTR-003,2024-07-11,7466.01,69680.69,ach_remittance
RPY-0008564,ORG-200804,PTR-006,2026-02-16,1721.18,1721.18,ach_remittance
RPY-0008565,ORG-200804,PTR-006,2026-02-23,2815.46,4536.64,ach_remittance
RPY-0008566,ORG-200804,PTR-006,2026-03-02,2327.91,6864.55,ach_remittance
RPY-0008567,ORG-200804,PTR-006,2026-03-09,1704.4,8568.95,ach_remittance
RPY-0008568,ORG-200804,PTR-006,2026-03-16,3069.67,11638.62,ach_remittance
RPY-0008569,ORG-200804,PTR-006,2026-03-23,1539.6,13178.22,ach_remittance
RPY-0008570,ORG-200804,PTR-006,2026-03-30,2323.63,15501.85,ach_remittance
RPY-0008571,ORG-200804,PTR-006,2026-04-06,2305.62,17807.47,ach_remittance
RPY-0008572,ORG-200805,PTR-004,2024-04-06,2642.43,2642.43,ach_remittance
RPY-0008573,ORG-200805,PTR-004,2024-04-13,3698.15,6340.58,manual_payment
RPY-0008574,ORG-200805,PTR-004,2024-04-20,4932.53,11273.11,ach_remittance
RPY-0008575,ORG-200805,PTR-004,2024-04-27,2631.64,13904.75,manual_payment
RPY-0008576,ORG-200805,PTR-004,2024-05-04,4029.98,17934.73,ach_remittance
RPY-0008577,ORG-200805,PTR-004,2024-05-11,4131.32,22066.05,ach_remittance
RPY-0008578,ORG-200805,PTR-004,2024-05-18,3333.24,25399.29,ach_remittance
RPY-0008579,ORG-200806,PTR-002,2025-01-04,1626.24,1626.24,ach_remittance
RPY-0008580,ORG-200806,PTR-002,2025-01-11,1526.25,3152.49,ach_remittance
RPY-0008581,ORG-200806,PTR-002,2025-01-18,1656.45,4808.94,ach_remittance
RPY-0008582,ORG-200806,PTR-002,2025-01-25,1025.05,5833.99,ach_remittance
RPY-0008583,ORG-200806,PTR-002,2025-02-01,2074.69,7908.68,ach_remittance
RPY-0008584,ORG-200806,PTR-002,2025-02-08,1146.61,9055.29,ach_remittance
RPY-0008585,ORG-200806,PTR-002,2025-02-15,996.45,10051.74,ach_remittance
RPY-0008586,ORG-200806,PTR-002,2025-02-22,1217.51,11269.25,manual_payment
RPY-0008587,ORG-200806,PTR-002,2025-03-01,1423.35,12692.6,ach_remittance
RPY-0008588,ORG-200806,PTR-002,2025-03-08,1769.87,14462.47,ach_remittance
RPY-0008589,ORG-200806,PTR-002,2025-03-15,983.17,15445.64,ach_remittance
RPY-0008590,ORG-200806,PTR-002,2025-03-22,1817.5,17263.14,ach_remittance
RPY-0008591,ORG-200806,PTR-002,2025-03-29,1001.94,18265.08,ach_remittance
RPY-0008592,ORG-200806,PTR-002,2025-04-05,1418.94,19684.02,ach_remittance
RPY-0008593,ORG-200806,PTR-002,2025-04-12,1631.0,21315.02,ach_remittance
RPY-0008594,ORG-200806,PTR-002,2025-04-19,1384.18,22699.2,ach_remittance
RPY-0008595,ORG-200806,PTR-002,2025-04-26,1200.1,23899.3,ach_remittance
RPY-0008596,ORG-200806,PTR-002,2025-05-03,1506.25,25405.55,ach_remittance
RPY-0008597,ORG-200806,PTR-002,2025-05-10,1688.9,27094.45,ach_remittance
RPY-0008598,ORG-200806,PTR-002,2025-05-17,2020.69,29115.14,manual_payment
RPY-0008599,ORG-200806,PTR-002,2025-05-24,939.91,30055.05,ach_remittance
RPY-0008600,ORG-200806,PTR-002,2025-05-31,1904.04,31959.09,ach_remittance
RPY-0008601,ORG-200806,PTR-002,2025-06-07,1299.01,33258.1,ach_remittance
RPY-0008602,ORG-200806,PTR-002,2025-06-14,1189.62,34447.72,ach_remittance
RPY-0008603,ORG-200806,PTR-002,2025-06-21,1473.86,35921.58,ach_remittance
RPY-0008604,ORG-200806,PTR-002,2025-06-28,923.16,36844.74,ach_remittance
RPY-0008605,ORG-200806,PTR-002,2025-07-05,1355.77,38200.51,ach_remittance
RPY-0008606,ORG-200806,PTR-002,2025-07-12,3847.25,42047.76,ach_remittance
RPY-0008607,ORG-200807,PTR-005,2024-02-14,489.11,489.11,ach_remittance
RPY-0008608,ORG-200807,PTR-005,2024-02-21,797.55,1286.66,ach_remittance
RPY-0008609,ORG-200807,PTR-005,2024-02-28,795.62,2082.28,ach_remittance
RPY-0008610,ORG-200807,PTR-005,2024-03-06,682.3,2764.58,manual_payment
RPY-0008611,ORG-200807,PTR-005,2024-03-13,89.05,2853.63,ach_remittance
RPY-0008612,ORG-200808,PTR-005,2026-05-07,4235.57,4235.57,manual_payment
RPY-0008613,ORG-200808,PTR-005,2026-05-14,2169.77,6405.34,manual_payment
RPY-0008614,ORG-200808,PTR-005,2026-05-21,2708.08,9113.42,ach_remittance
RPY-0008615,ORG-200808,PTR-005,2026-05-28,2941.25,12054.67,ach_remittance
RPY-0008616,ORG-200808,PTR-005,2026-06-04,4829.46,16884.13,ach_remittance
RPY-0008617,ORG-200808,PTR-005,2026-06-11,4795.35,21679.48,ach_remittance
RPY-0008618,ORG-200808,PTR-005,2026-06-18,3304.23,24983.71,ach_remittance
RPY-0008619,ORG-200808,PTR-005,2026-06-25,4762.29,29746.0,ach_remittance
RPY-0008620,ORG-200808,PTR-005,2026-07-02,1552.39,31298.39,ach_remittance
RPY-0008621,ORG-200809,PTR-004,2024-07-22,2279.32,2279.32,ach_remittance
RPY-0008622,ORG-200809,PTR-004,2024-07-29,2828.5,5107.82,ach_remittance
RPY-0008623,ORG-200809,PTR-004,2024-08-05,4658.4,9766.22,ach_remittance
RPY-0008624,ORG-200809,PTR-004,2024-08-12,3174.97,12941.19,ach_remittance
RPY-0008625,ORG-200809,PTR-004,2024-08-19,4740.27,17681.46,ach_remittance
RPY-0008626,ORG-200810,PTR-001,2026-05-08,520.72,520.72,manual_payment
RPY-0008627,ORG-200810,PTR-001,2026-05-15,787.63,1308.35,manual_payment
RPY-0008628,ORG-200810,PTR-001,2026-05-22,883.11,2191.46,ach_remittance
RPY-0008629,ORG-200810,PTR-001,2026-05-29,635.34,2826.8,ach_remittance
RPY-0008630,ORG-200810,PTR-001,2026-06-05,845.89,3672.69,ach_remittance
RPY-0008631,ORG-200810,PTR-001,2026-06-12,1039.65,4712.34,ach_remittance
RPY-0008632,ORG-200810,PTR-001,2026-06-19,932.28,5644.62,ach_remittance
RPY-0008633,ORG-200810,PTR-001,2026-06-26,773.33,6417.95,ach_remittance
RPY-0008634,ORG-200810,PTR-001,2026-07-03,569.19,6987.14,ach_remittance
RPY-0008635,ORG-200810,PTR-001,2026-07-10,1555.17,8542.31,ach_remittance
RPY-0008636,ORG-200811,PTR-003,2023-02-03,4669.3,4669.3,ach_remittance
RPY-0008637,ORG-200811,PTR-003,2023-02-10,4047.67,8716.97,manual_payment
RPY-0008638,ORG-200811,PTR-003,2023-02-17,6525.21,15242.18,ach_remittance
RPY-0008639,ORG-200811,PTR-003,2023-02-24,6249.5,21491.68,ach_remittance
RPY-0008640,ORG-200811,PTR-003,2023-03-03,2596.93,24088.61,manual_payment
RPY-0008641,ORG-200812,PTR-002,2022-07-01,2063.44,2063.44,manual_payment
RPY-0008642,ORG-200812,PTR-002,2022-07-08,1684.89,3748.33,ach_remittance
RPY-0008643,ORG-200812,PTR-002,2022-07-15,1176.98,4925.31,ach_remittance
RPY-0008644,ORG-200812,PTR-002,2022-07-22,1790.99,6716.3,ach_remittance
RPY-0008645,ORG-200812,PTR-002,2022-07-29,1178.4,7894.7,ach_remittance
RPY-0008646,ORG-200812,PTR-002,2022-08-05,2286.28,10180.98,ach_remittance
RPY-0008647,ORG-200812,PTR-002,2022-08-12,1920.76,12101.74,ach_remittance
RPY-0008648,ORG-200812,PTR-002,2022-08-19,1418.85,13520.59,ach_remittance
RPY-0008649,ORG-200812,PTR-002,2022-08-26,1764.11,15284.7,ach_remittance
RPY-0008650,ORG-200812,PTR-002,2022-09-02,1294.5,16579.2,manual_payment
RPY-0008651,ORG-200812,PTR-002,2022-09-09,1070.78,17649.98,ach_remittance
RPY-0008652,ORG-200812,PTR-002,2022-09-16,1388.06,19038.04,ach_remittance
RPY-0008653,ORG-200812,PTR-002,2022-09-23,1103.76,20141.8,ach_remittance
RPY-0008654,ORG-200812,PTR-002,2022-09-30,2280.7,22422.5,ach_remittance
RPY-0008655,ORG-200812,PTR-002,2022-10-07,1767.03,24189.53,ach_remittance
RPY-0008656,ORG-200812,PTR-002,2022-10-14,1022.91,25212.44,ach_remittance
RPY-0008657,ORG-200812,PTR-002,2022-10-21,2250.76,27463.2,ach_remittance
RPY-0008658,ORG-200812,PTR-002,2022-10-28,1321.48,28784.68,ach_remittance
RPY-0008659,ORG-200812,PTR-002,2022-11-04,1165.81,29950.49,ach_remittance
RPY-0008660,ORG-200812,PTR-002,2022-11-11,1909.96,31860.45,ach_remittance
RPY-0008661,ORG-200812,PTR-002,2022-11-18,1616.32,33476.77,ach_remittance
RPY-0008662,ORG-200812,PTR-002,2022-11-25,1567.36,35044.13,ach_remittance
RPY-0008663,ORG-200812,PTR-002,2022-12-02,1379.96,36424.09,manual_payment
RPY-0008664,ORG-200812,PTR-002,2022-12-09,3969.29,40393.38,ach_remittance
RPY-0008665,ORG-200813,PTR-004,2026-04-19,825.74,825.74,ach_remittance
RPY-0008666,ORG-200813,PTR-004,2026-04-26,608.92,1434.66,ach_remittance
RPY-0008667,ORG-200813,PTR-004,2026-05-03,1165.07,2599.73,ach_remittance
RPY-0008668,ORG-200813,PTR-004,2026-05-10,1039.46,3639.19,ach_remittance
RPY-0008669,ORG-200813,PTR-004,2026-05-17,686.69,4325.88,ach_remittance
RPY-0008670,ORG-200813,PTR-004,2026-05-24,1084.87,5410.75,ach_remittance
RPY-0008671,ORG-200813,PTR-004,2026-05-31,685.2,6095.95,ach_remittance
RPY-0008672,ORG-200813,PTR-004,2026-06-07,651.35,6747.3,ach_remittance
RPY-0008673,ORG-200814,PTR-005,2025-07-21,1995.26,1995.26,ach_remittance
RPY-0008674,ORG-200814,PTR-005,2025-07-28,2576.77,4572.03,ach_remittance
RPY-0008675,ORG-200814,PTR-005,2025-08-04,4123.97,8696.0,ach_remittance
RPY-0008676,ORG-200814,PTR-005,2025-08-11,4471.12,13167.12,ach_remittance
RPY-0008677,ORG-200814,PTR-005,2025-08-18,3455.96,16623.08,ach_remittance
RPY-0008678,ORG-200814,PTR-005,2025-08-25,4431.86,21054.94,ach_remittance
RPY-0008679,ORG-200814,PTR-005,2025-09-01,2215.56,23270.5,ach_remittance
RPY-0008680,ORG-200814,PTR-005,2025-09-08,2198.69,25469.19,ach_remittance
RPY-0008681,ORG-200814,PTR-005,2025-09-15,3577.74,29046.93,ach_remittance
RPY-0008682,ORG-200814,PTR-005,2025-09-22,2765.04,31811.97,ach_remittance
RPY-0008683,ORG-200814,PTR-005,2025-09-29,2422.29,34234.26,ach_remittance
RPY-0008684,ORG-200814,PTR-005,2025-10-06,2082.93,36317.19,ach_remittance
RPY-0008685,ORG-200814,PTR-005,2025-10-13,2040.26,38357.45,ach_remittance
RPY-0008686,ORG-200814,PTR-005,2025-10-20,2752.53,41109.98,ach_remittance
RPY-0008687,ORG-200814,PTR-005,2025-10-27,3210.9,44320.88,ach_remittance
RPY-0008688,ORG-200814,PTR-005,2025-11-03,8582.29,52903.17,ach_remittance
RPY-0008689,ORG-200815,PTR-006,2022-02-28,5263.34,5263.34,ach_remittance
RPY-0008690,ORG-200815,PTR-006,2022-03-07,6561.72,11825.06,ach_remittance
RPY-0008691,ORG-200815,PTR-006,2022-03-14,7417.96,19243.02,ach_remittance
RPY-0008692,ORG-200815,PTR-006,2022-03-21,4241.78,23484.8,ach_remittance
RPY-0008693,ORG-200815,PTR-006,2022-03-28,5778.89,29263.69,ach_remittance
RPY-0008694,ORG-200815,PTR-006,2022-04-04,4134.19,33397.88,ach_remittance
RPY-0008695,ORG-200815,PTR-006,2022-04-11,7594.92,40992.8,manual_payment
RPY-0008696,ORG-200815,PTR-006,2022-04-18,5576.75,46569.55,ach_remittance
RPY-0008697,ORG-200815,PTR-006,2022-04-25,2529.01,49098.56,ach_remittance
RPY-0008698,ORG-200816,PTR-004,2023-09-01,3253.0,3253.0,ach_remittance
RPY-0008699,ORG-200816,PTR-004,2023-09-08,3447.59,6700.59,ach_remittance
RPY-0008700,ORG-200816,PTR-004,2023-09-15,2887.59,9588.18,ach_remittance
RPY-0008701,ORG-200816,PTR-004,2023-09-22,3730.1,13318.28,ach_remittance
RPY-0008702,ORG-200816,PTR-004,2023-09-29,4351.58,17669.86,ach_remittance
RPY-0008703,ORG-200816,PTR-004,2023-10-06,4925.38,22595.24,ach_remittance
RPY-0008704,ORG-200816,PTR-004,2023-10-13,2680.06,25275.3,ach_remittance
RPY-0008705,ORG-200816,PTR-004,2023-10-20,4119.09,29394.39,ach_remittance
RPY-0008706,ORG-200817,PTR-006,2025-07-14,5132.58,5132.58,ach_remittance
RPY-0008707,ORG-200817,PTR-006,2025-07-21,5963.6,11096.18,ach_remittance
RPY-0008708,ORG-200817,PTR-006,2025-07-28,4881.96,15978.14,ach_remittance
RPY-0008709,ORG-200817,PTR-006,2025-08-04,2982.3,18960.44,ach_remittance
RPY-0008710,ORG-200817,PTR-006,2025-08-11,5978.57,24939.01,ach_remittance
RPY-0008711,ORG-200817,PTR-006,2025-08-18,5286.3,30225.31,ach_remittance
RPY-0008712,ORG-200817,PTR-006,2025-08-25,3160.47,33385.78,ach_remittance
RPY-0008713,ORG-200817,PTR-006,2025-09-01,5126.7,38512.48,ach_remittance
RPY-0008714,ORG-200817,PTR-006,2025-09-08,5827.39,44339.87,ach_remittance
RPY-0008715,ORG-200817,PTR-006,2025-09-15,3690.47,48030.34,ach_remittance
RPY-0008716,ORG-200818,PTR-005,2025-12-14,2848.16,2848.16,ach_remittance
RPY-0008717,ORG-200818,PTR-005,2025-12-21,4427.06,7275.22,ach_remittance
RPY-0008718,ORG-200818,PTR-005,2025-12-28,3538.14,10813.36,ach_remittance
RPY-0008719,ORG-200818,PTR-005,2026-01-04,3419.54,14232.9,manual_payment
RPY-0008720,ORG-200818,PTR-005,2026-01-11,2171.44,16404.34,ach_remittance
RPY-0008721,ORG-200818,PTR-005,2026-01-18,3996.29,20400.63,ach_remittance
RPY-0008722,ORG-200818,PTR-005,2026-01-25,2812.45,23213.08,ach_remittance
RPY-0008723,ORG-200818,PTR-005,2026-02-01,3899.88,27112.96,ach_remittance
RPY-0008724,ORG-200818,PTR-005,2026-02-08,4214.67,31327.63,ach_remittance
RPY-0008725,ORG-200818,PTR-005,2026-02-15,3128.47,34456.1,ach_remittance
RPY-0008726,ORG-200818,PTR-005,2026-02-22,4485.77,38941.87,ach_remittance
RPY-0008727,ORG-200818,PTR-005,2026-03-01,2694.61,41636.48,ach_remittance
RPY-0008728,ORG-200818,PTR-005,2026-03-08,4309.52,45946.0,ach_remittance
RPY-0008729,ORG-200818,PTR-005,2026-03-15,3305.56,49251.56,ach_remittance
RPY-0008730,ORG-200818,PTR-005,2026-03-22,3691.87,52943.43,ach_remittance
RPY-0008731,ORG-200818,PTR-005,2026-03-29,2199.34,55142.77,ach_remittance
RPY-0008732,ORG-200818,PTR-005,2026-04-05,4058.17,59200.94,ach_remittance
RPY-0008733,ORG-200818,PTR-005,2026-04-12,3095.88,62296.82,ach_remittance
RPY-0008734,ORG-200818,PTR-005,2026-04-19,4587.72,66884.54,ach_remittance
RPY-0008735,ORG-200818,PTR-005,2026-04-26,4215.38,71099.92,ach_remittance
RPY-0008736,ORG-200818,PTR-005,2026-05-03,2534.72,73634.64,ach_remittance
RPY-0008737,ORG-200818,PTR-005,2026-05-10,5367.1,79001.74,ach_remittance
RPY-0008738,ORG-200819,PTR-006,2022-02-25,2976.34,2976.34,manual_payment
RPY-0008739,ORG-200819,PTR-006,2022-03-04,2430.62,5406.96,ach_remittance
RPY-0008740,ORG-200819,PTR-006,2022-03-11,2652.72,8059.68,ach_remittance
RPY-0008741,ORG-200819,PTR-006,2022-03-18,2608.88,10668.56,manual_payment
RPY-0008742,ORG-200819,PTR-006,2022-03-25,2689.96,13358.52,ach_remittance
RPY-0008743,ORG-200819,PTR-006,2022-04-01,1999.1,15357.62,ach_remittance
RPY-0008744,ORG-200819,PTR-006,2022-04-08,2075.27,17432.89,ach_remittance
RPY-0008745,ORG-200819,PTR-006,2022-04-15,2638.15,20071.04,ach_remittance
RPY-0008746,ORG-200819,PTR-006,2022-04-22,2568.17,22639.21,ach_remittance
RPY-0008747,ORG-200819,PTR-006,2022-04-29,1427.17,24066.38,ach_remittance
RPY-0008748,ORG-200819,PTR-006,2022-05-06,2754.19,26820.57,manual_payment
RPY-0008749,ORG-200819,PTR-006,2022-05-13,1057.26,27877.83,ach_remittance
RPY-0008750,ORG-200820,PTR-002,2025-03-01,3097.75,3097.75,ach_remittance
RPY-0008751,ORG-200820,PTR-002,2025-03-08,2695.03,5792.78,ach_remittance
RPY-0008752,ORG-200820,PTR-002,2025-03-15,3312.93,9105.71,ach_remittance
RPY-0008753,ORG-200820,PTR-002,2025-03-22,4667.26,13772.97,ach_remittance
RPY-0008754,ORG-200820,PTR-002,2025-03-29,3979.85,17752.82,ach_remittance
RPY-0008755,ORG-200820,PTR-002,2025-04-05,4509.73,22262.55,ach_remittance
RPY-0008756,ORG-200820,PTR-002,2025-04-12,5402.8,27665.35,ach_remittance
RPY-0008757,ORG-200820,PTR-002,2025-04-19,3491.63,31156.98,ach_remittance
RPY-0008758,ORG-200820,PTR-002,2025-04-26,4437.01,35593.99,ach_remittance
RPY-0008759,ORG-200820,PTR-002,2025-05-03,2689.29,38283.28,ach_remittance
RPY-0008760,ORG-200820,PTR-002,2025-05-10,4244.08,42527.36,ach_remittance
RPY-0008761,ORG-200820,PTR-002,2025-05-17,2522.96,45050.32,ach_remittance
RPY-0008762,ORG-200820,PTR-002,2025-05-24,2721.33,47771.65,ach_remittance
RPY-0008763,ORG-200820,PTR-002,2025-05-31,9494.54,57266.19,ach_remittance
RPY-0008764,ORG-200821,PTR-003,2025-11-21,4458.0,4458.0,ach_remittance
RPY-0008765,ORG-200821,PTR-003,2025-11-28,6317.47,10775.47,ach_remittance
RPY-0008766,ORG-200821,PTR-003,2025-12-05,3100.18,13875.65,ach_remittance
RPY-0008767,ORG-200821,PTR-003,2025-12-12,4499.73,18375.38,manual_payment
RPY-0008768,ORG-200821,PTR-003,2025-12-19,3775.22,22150.6,ach_remittance
RPY-0008769,ORG-200821,PTR-003,2025-12-26,5042.41,27193.01,manual_payment
RPY-0008770,ORG-200821,PTR-003,2026-01-02,6045.6,33238.61,ach_remittance
RPY-0008771,ORG-200822,PTR-002,2022-08-04,4981.25,4981.25,ach_remittance
RPY-0008772,ORG-200822,PTR-002,2022-08-11,6815.09,11796.34,ach_remittance
RPY-0008773,ORG-200822,PTR-002,2022-08-18,5386.02,17182.36,ach_remittance
RPY-0008774,ORG-200822,PTR-002,2022-08-25,8481.22,25663.58,ach_remittance
RPY-0008775,ORG-200822,PTR-002,2022-09-01,8333.93,33997.51,ach_remittance
RPY-0008776,ORG-200822,PTR-002,2022-09-08,5066.06,39063.57,ach_remittance
RPY-0008777,ORG-200822,PTR-002,2022-09-15,6388.7,45452.27,ach_remittance
RPY-0008778,ORG-200822,PTR-002,2022-09-22,5021.05,50473.32,ach_remittance
RPY-0008779,ORG-200822,PTR-002,2022-09-29,6939.72,57413.04,ach_remittance
RPY-0008780,ORG-200822,PTR-002,2022-10-06,7441.93,64854.97,ach_remittance
RPY-0008781,ORG-200822,PTR-002,2022-10-13,4340.32,69195.29,ach_remittance
RPY-0008782,ORG-200822,PTR-002,2022-10-20,4356.31,73551.6,ach_remittance
RPY-0008783,ORG-200822,PTR-002,2022-10-27,8656.3,82207.9,ach_remittance
RPY-0008784,ORG-200822,PTR-002,2022-11-03,5915.16,88123.06,manual_payment
RPY-0008785,ORG-200822,PTR-002,2022-11-10,7330.71,95453.77,manual_payment
RPY-0008786,ORG-200822,PTR-002,2022-11-17,6598.39,102052.16,ach_remittance
RPY-0008787,ORG-200822,PTR-002,2022-11-24,8001.54,110053.7,ach_remittance
RPY-0008788,ORG-200822,PTR-002,2022-12-01,3110.82,113164.52,ach_remittance
RPY-0008789,ORG-200823,PTR-006,2024-01-07,1862.4,1862.4,ach_remittance
RPY-0008790,ORG-200823,PTR-006,2024-01-14,4145.3,6007.7,ach_remittance
RPY-0008791,ORG-200823,PTR-006,2024-01-21,2962.0,8969.7,ach_remittance
RPY-0008792,ORG-200823,PTR-006,2024-01-28,2258.24,11227.94,ach_remittance
RPY-0008793,ORG-200823,PTR-006,2024-02-04,2789.03,14016.97,ach_remittance
RPY-0008794,ORG-200823,PTR-006,2024-02-11,2350.13,16367.1,ach_remittance
RPY-0008795,ORG-200823,PTR-006,2024-02-18,3061.12,19428.22,manual_payment
RPY-0008796,ORG-200823,PTR-006,2024-02-25,3760.5,23188.72,ach_remittance
RPY-0008797,ORG-200823,PTR-006,2024-03-03,2600.89,25789.61,ach_remittance
RPY-0008798,ORG-200823,PTR-006,2024-03-10,3257.42,29047.03,ach_remittance
RPY-0008799,ORG-200823,PTR-006,2024-03-17,2963.08,32010.11,ach_remittance
RPY-0008800,ORG-200823,PTR-006,2024-03-24,2931.38,34941.49,ach_remittance
RPY-0008801,ORG-200823,PTR-006,2024-03-31,3213.19,38154.68,ach_remittance
RPY-0008802,ORG-200823,PTR-006,2024-04-07,2697.02,40851.7,ach_remittance
RPY-0008803,ORG-200823,PTR-006,2024-04-14,3231.72,44083.42,ach_remittance
RPY-0008804,ORG-200823,PTR-006,2024-04-21,1987.98,46071.4,ach_remittance
RPY-0008805,ORG-200823,PTR-006,2024-04-28,3808.7,49880.1,ach_remittance
RPY-0008806,ORG-200823,PTR-006,2024-05-05,2921.82,52801.92,ach_remittance
RPY-0008807,ORG-200823,PTR-006,2024-05-12,2002.67,54804.59,ach_remittance
RPY-0008808,ORG-200823,PTR-006,2024-05-19,2350.63,57155.22,ach_remittance
RPY-0008809,ORG-200823,PTR-006,2024-05-26,4067.2,61222.42,manual_payment
RPY-0008810,ORG-200823,PTR-006,2024-06-02,3551.8,64774.22,ach_remittance
RPY-0008811,ORG-200823,PTR-006,2024-06-09,4161.76,68935.98,ach_remittance
RPY-0008812,ORG-200823,PTR-006,2024-06-16,3411.84,72347.82,ach_remittance
RPY-0008813,ORG-200823,PTR-006,2024-06-23,2077.05,74424.87,ach_remittance
RPY-0008814,ORG-200823,PTR-006,2024-06-30,4129.6,78554.47,ach_remittance
RPY-0008815,ORG-200823,PTR-006,2024-07-07,3891.48,82445.95,ach_remittance
RPY-0008816,ORG-200823,PTR-006,2024-07-14,1898.44,84344.39,manual_payment
RPY-0008817,ORG-200823,PTR-006,2024-07-21,3813.09,88157.48,manual_payment
RPY-0008818,ORG-200824,PTR-004,2023-04-10,4545.83,4545.83,ach_remittance
RPY-0008819,ORG-200824,PTR-004,2023-04-17,8082.15,12627.98,ach_remittance
RPY-0008820,ORG-200824,PTR-004,2023-04-24,6274.87,18902.85,ach_remittance
RPY-0008821,ORG-200824,PTR-004,2023-05-01,4548.2,23451.05,ach_remittance
RPY-0008822,ORG-200824,PTR-004,2023-05-08,7234.91,30685.96,ach_remittance
RPY-0008823,ORG-200824,PTR-004,2023-05-15,7463.01,38148.97,ach_remittance
RPY-0008824,ORG-200824,PTR-004,2023-05-22,5422.4,43571.37,ach_remittance
RPY-0008825,ORG-200824,PTR-004,2023-05-29,6029.32,49600.69,manual_payment
RPY-0008826,ORG-200824,PTR-004,2023-06-05,6746.0,56346.69,ach_remittance
RPY-0008827,ORG-200824,PTR-004,2023-06-12,6416.54,62763.23,ach_remittance
RPY-0008828,ORG-200824,PTR-004,2023-06-19,6019.57,68782.8,ach_remittance
RPY-0008829,ORG-200824,PTR-004,2023-06-26,4042.89,72825.69,ach_remittance
RPY-0008830,ORG-200824,PTR-004,2023-07-03,4490.97,77316.66,ach_remittance
RPY-0008831,ORG-200824,PTR-004,2023-07-10,9032.38,86349.04,ach_remittance
RPY-0008832,ORG-200825,PTR-002,2024-01-22,549.78,549.78,ach_remittance
RPY-0008833,ORG-200825,PTR-002,2024-01-29,818.64,1368.42,ach_remittance
RPY-0008834,ORG-200825,PTR-002,2024-02-05,558.72,1927.14,ach_remittance
RPY-0008835,ORG-200825,PTR-002,2024-02-12,586.71,2513.85,ach_remittance
RPY-0008836,ORG-200825,PTR-002,2024-02-19,484.96,2998.81,ach_remittance
RPY-0008837,ORG-200825,PTR-002,2024-02-26,1109.97,4108.78,ach_remittance
RPY-0008838,ORG-200825,PTR-002,2024-03-04,629.75,4738.53,manual_payment
RPY-0008839,ORG-200825,PTR-002,2024-03-11,950.91,5689.44,ach_remittance
RPY-0008840,ORG-200825,PTR-002,2024-03-18,478.57,6168.01,ach_remittance
RPY-0008841,ORG-200825,PTR-002,2024-03-25,902.49,7070.5,ach_remittance
RPY-0008842,ORG-200825,PTR-002,2024-04-01,1034.4,8104.9,ach_remittance
RPY-0008843,ORG-200825,PTR-002,2024-04-08,602.33,8707.23,ach_remittance
RPY-0008844,ORG-200825,PTR-002,2024-04-15,989.72,9696.95,ach_remittance
RPY-0008845,ORG-200825,PTR-002,2024-04-22,1100.16,10797.11,ach_remittance
RPY-0008846,ORG-200825,PTR-002,2024-04-29,1122.42,11919.53,ach_remittance
RPY-0008847,ORG-200826,PTR-005,2025-02-24,588.27,588.27,ach_remittance
RPY-0008848,ORG-200826,PTR-005,2025-03-03,582.22,1170.49,ach_remittance
RPY-0008849,ORG-200826,PTR-005,2025-03-10,1286.09,2456.58,manual_payment
RPY-0008850,ORG-200826,PTR-005,2025-03-17,595.72,3052.3,manual_payment
RPY-0008851,ORG-200826,PTR-005,2025-03-24,884.03,3936.33,ach_remittance
RPY-0008852,ORG-200826,PTR-005,2025-03-31,584.43,4520.76,ach_remittance
RPY-0008853,ORG-200826,PTR-005,2025-04-07,803.78,5324.54,ach_remittance
RPY-0008854,ORG-200826,PTR-005,2025-04-14,837.79,6162.33,manual_payment
RPY-0008855,ORG-200826,PTR-005,2025-04-21,836.17,6998.5,ach_remittance
RPY-0008856,ORG-200826,PTR-005,2025-04-28,960.61,7959.11,ach_remittance
RPY-0008857,ORG-200826,PTR-005,2025-05-05,1030.58,8989.69,ach_remittance
RPY-0008858,ORG-200826,PTR-005,2025-05-12,2632.43,11622.12,ach_remittance
RPY-0008859,ORG-200827,PTR-005,2025-03-26,1478.14,1478.14,ach_remittance
RPY-0008860,ORG-200827,PTR-005,2025-04-02,870.6,2348.74,ach_remittance
RPY-0008861,ORG-200827,PTR-005,2025-04-09,1455.72,3804.46,ach_remittance
RPY-0008862,ORG-200827,PTR-005,2025-04-16,1445.53,5249.99,ach_remittance
RPY-0008863,ORG-200827,PTR-005,2025-04-23,881.57,6131.56,ach_remittance
RPY-0008864,ORG-200827,PTR-005,2025-04-30,1300.33,7431.89,manual_payment
RPY-0008865,ORG-200827,PTR-005,2025-05-07,1250.96,8682.85,ach_remittance
RPY-0008866,ORG-200827,PTR-005,2025-05-14,1730.99,10413.84,ach_remittance
RPY-0008867,ORG-200827,PTR-005,2025-05-21,1383.47,11797.31,ach_remittance
RPY-0008868,ORG-200827,PTR-005,2025-05-28,1668.23,13465.54,ach_remittance
RPY-0008869,ORG-200827,PTR-005,2025-06-04,1701.58,15167.12,ach_remittance
RPY-0008870,ORG-200827,PTR-005,2025-06-11,1054.16,16221.28,ach_remittance
RPY-0008871,ORG-200827,PTR-005,2025-06-18,922.69,17143.97,ach_remittance
RPY-0008872,ORG-200827,PTR-005,2025-06-25,1617.45,18761.42,ach_remittance
RPY-0008873,ORG-200827,PTR-005,2025-07-02,1112.13,19873.55,ach_remittance
RPY-0008874,ORG-200827,PTR-005,2025-07-09,90.47,19964.02,manual_payment
RPY-0008875,ORG-200828,PTR-003,2023-04-05,1805.65,1805.65,manual_payment
RPY-0008876,ORG-200828,PTR-003,2023-04-12,1392.03,3197.68,ach_remittance
RPY-0008877,ORG-200828,PTR-003,2023-04-19,2414.78,5612.46,ach_remittance
RPY-0008878,ORG-200828,PTR-003,2023-04-26,1808.65,7421.11,ach_remittance
RPY-0008879,ORG-200828,PTR-003,2023-05-03,1066.6,8487.71,ach_remittance
RPY-0008880,ORG-200828,PTR-003,2023-05-10,1720.22,10207.93,ach_remittance
RPY-0008881,ORG-200828,PTR-003,2023-05-17,1665.1,11873.03,ach_remittance
RPY-0008882,ORG-200828,PTR-003,2023-05-24,2253.74,14126.77,ach_remittance
RPY-0008883,ORG-200828,PTR-003,2023-05-31,2326.37,16453.14,ach_remittance
RPY-0008884,ORG-200828,PTR-003,2023-06-07,2453.97,18907.11,ach_remittance
RPY-0008885,ORG-200828,PTR-003,2023-06-14,2227.74,21134.85,ach_remittance
RPY-0008886,ORG-200829,PTR-006,2022-07-07,3461.02,3461.02,ach_remittance
RPY-0008887,ORG-200829,PTR-006,2022-07-14,3746.86,7207.88,manual_payment
RPY-0008888,ORG-200829,PTR-006,2022-07-21,3046.11,10253.99,ach_remittance
RPY-0008889,ORG-200829,PTR-006,2022-07-28,3352.69,13606.68,ach_remittance
RPY-0008890,ORG-200829,PTR-006,2022-08-04,4687.13,18293.81,ach_remittance
RPY-0008891,ORG-200829,PTR-006,2022-08-11,4669.62,22963.43,ach_remittance
RPY-0008892,ORG-200829,PTR-006,2022-08-18,5042.9,28006.33,manual_payment
RPY-0008893,ORG-200829,PTR-006,2022-08-25,3809.59,31815.92,ach_remittance
RPY-0008894,ORG-200829,PTR-006,2022-09-01,3193.86,35009.78,ach_remittance
RPY-0008895,ORG-200829,PTR-006,2022-09-08,1066.2,36075.98,ach_remittance
RPY-0008896,ORG-200830,PTR-001,2022-01-23,2992.7,2992.7,ach_remittance
RPY-0008897,ORG-200830,PTR-001,2022-01-30,2031.48,5024.18,ach_remittance
RPY-0008898,ORG-200830,PTR-001,2022-02-06,3431.3,8455.48,ach_remittance
RPY-0008899,ORG-200830,PTR-001,2022-02-13,3310.18,11765.66,ach_remittance
RPY-0008900,ORG-200830,PTR-001,2022-02-20,1874.69,13640.35,ach_remittance
RPY-0008901,ORG-200830,PTR-001,2022-02-27,3085.16,16725.51,ach_remittance
RPY-0008902,ORG-200830,PTR-001,2022-03-06,2119.34,18844.85,ach_remittance
RPY-0008903,ORG-200830,PTR-001,2022-03-13,2467.49,21312.34,ach_remittance
RPY-0008904,ORG-200830,PTR-001,2022-03-20,6546.73,27859.07,ach_remittance
RPY-0008905,ORG-200831,PTR-006,2026-05-30,7356.15,7356.15,ach_remittance
RPY-0008906,ORG-200831,PTR-006,2026-06-06,7472.69,14828.84,ach_remittance
RPY-0008907,ORG-200831,PTR-006,2026-06-13,6383.12,21211.96,ach_remittance
RPY-0008908,ORG-200831,PTR-006,2026-06-20,7312.7,28524.66,ach_remittance
RPY-0008909,ORG-200831,PTR-006,2026-06-27,9916.68,38441.34,ach_remittance
RPY-0008910,ORG-200831,PTR-006,2026-07-04,7899.67,46341.01,ach_remittance
RPY-0008911,ORG-200831,PTR-006,2026-07-11,8114.94,54455.95,ach_remittance
RPY-0008912,ORG-200831,PTR-006,2026-07-18,8780.76,63236.71,ach_remittance
RPY-0008913,ORG-200831,PTR-006,2026-07-25,9950.95,73187.66,ach_remittance
RPY-0008914,ORG-200831,PTR-006,2026-08-01,6401.17,79588.83,manual_payment
RPY-0008915,ORG-200832,PTR-005,2023-06-09,2310.27,2310.27,ach_remittance
RPY-0008916,ORG-200832,PTR-005,2023-06-16,3227.53,5537.8,ach_remittance
RPY-0008917,ORG-200832,PTR-005,2023-06-23,4238.41,9776.21,ach_remittance
RPY-0008918,ORG-200832,PTR-005,2023-06-30,2377.72,12153.93,ach_remittance
RPY-0008919,ORG-200832,PTR-005,2023-07-07,4501.34,16655.27,ach_remittance
RPY-0008920,ORG-200832,PTR-005,2023-07-14,2637.72,19292.99,ach_remittance
RPY-0008921,ORG-200832,PTR-005,2023-07-21,4243.79,23536.78,ach_remittance
RPY-0008922,ORG-200832,PTR-005,2023-07-28,2307.06,25843.84,ach_remittance
RPY-0008923,ORG-200832,PTR-005,2023-08-04,4529.35,30373.19,ach_remittance
RPY-0008924,ORG-200832,PTR-005,2023-08-11,2683.98,33057.17,ach_remittance
RPY-0008925,ORG-200832,PTR-005,2023-08-18,3866.52,36923.69,ach_remittance
RPY-0008926,ORG-200833,PTR-002,2024-01-23,5710.28,5710.28,ach_remittance
RPY-0008927,ORG-200833,PTR-002,2024-01-30,6457.56,12167.84,ach_remittance
RPY-0008928,ORG-200833,PTR-002,2024-02-06,6430.59,18598.43,ach_remittance
RPY-0008929,ORG-200833,PTR-002,2024-02-13,3733.23,22331.66,ach_remittance
RPY-0008930,ORG-200833,PTR-002,2024-02-20,6052.09,28383.75,ach_remittance
RPY-0008931,ORG-200834,PTR-002,2024-03-12,3863.22,3863.22,ach_remittance
RPY-0008932,ORG-200834,PTR-002,2024-03-19,3921.07,7784.29,ach_remittance
RPY-0008933,ORG-200834,PTR-002,2024-03-26,2096.53,9880.82,ach_remittance
RPY-0008934,ORG-200834,PTR-002,2024-04-02,2696.28,12577.1,ach_remittance
RPY-0008935,ORG-200834,PTR-002,2024-04-09,2503.23,15080.33,ach_remittance
RPY-0008936,ORG-200834,PTR-002,2024-04-16,4071.53,19151.86,ach_remittance
RPY-0008937,ORG-200834,PTR-002,2024-04-23,2127.28,21279.14,ach_remittance
RPY-0008938,ORG-200834,PTR-002,2024-04-30,3228.03,24507.17,ach_remittance
RPY-0008939,ORG-200834,PTR-002,2024-05-07,3036.56,27543.73,ach_remittance
RPY-0008940,ORG-200834,PTR-002,2024-05-14,7277.09,34820.82,ach_remittance
RPY-0008941,ORG-200835,PTR-001,2026-01-02,1098.08,1098.08,ach_remittance
RPY-0008942,ORG-200835,PTR-001,2026-01-09,1075.02,2173.1,manual_payment
RPY-0008943,ORG-200835,PTR-001,2026-01-16,711.48,2884.58,ach_remittance
RPY-0008944,ORG-200835,PTR-001,2026-01-23,813.99,3698.57,ach_remittance
RPY-0008945,ORG-200835,PTR-001,2026-01-30,1299.7,4998.27,ach_remittance
RPY-0008946,ORG-200836,PTR-005,2022-03-24,3860.44,3860.44,ach_remittance
RPY-0008947,ORG-200836,PTR-005,2022-03-31,6647.03,10507.47,ach_remittance
RPY-0008948,ORG-200836,PTR-005,2022-04-07,6488.88,16996.35,ach_remittance
RPY-0008949,ORG-200836,PTR-005,2022-04-14,3947.63,20943.98,ach_remittance
RPY-0008950,ORG-200836,PTR-005,2022-04-21,4400.69,25344.67,ach_remittance
RPY-0008951,ORG-200836,PTR-005,2022-04-28,3306.5,28651.17,ach_remittance
RPY-0008952,ORG-200836,PTR-005,2022-05-05,6465.07,35116.24,ach_remittance
RPY-0008953,ORG-200836,PTR-005,2022-05-12,6578.33,41694.57,ach_remittance
RPY-0008954,ORG-200836,PTR-005,2022-05-19,5500.73,47195.3,ach_remittance
RPY-0008955,ORG-200836,PTR-005,2022-05-26,989.04,48184.34,manual_payment
RPY-0008956,ORG-200837,PTR-004,2026-01-01,2512.04,2512.04,ach_remittance
RPY-0008957,ORG-200837,PTR-004,2026-01-08,3470.08,5982.12,ach_remittance
RPY-0008958,ORG-200837,PTR-004,2026-01-15,1811.61,7793.73,ach_remittance
RPY-0008959,ORG-200837,PTR-004,2026-01-22,2688.98,10482.71,ach_remittance
RPY-0008960,ORG-200837,PTR-004,2026-01-29,2617.88,13100.59,ach_remittance
RPY-0008961,ORG-200837,PTR-004,2026-02-05,2103.86,15204.45,ach_remittance
RPY-0008962,ORG-200837,PTR-004,2026-02-12,3495.82,18700.27,ach_remittance
RPY-0008963,ORG-200837,PTR-004,2026-02-19,3001.18,21701.45,ach_remittance
RPY-0008964,ORG-200837,PTR-004,2026-02-26,3095.35,24796.8,ach_remittance
RPY-0008965,ORG-200837,PTR-004,2026-03-05,2549.44,27346.24,ach_remittance
RPY-0008966,ORG-200837,PTR-004,2026-03-12,2358.46,29704.7,ach_remittance
RPY-0008967,ORG-200837,PTR-004,2026-03-19,2785.58,32490.28,ach_remittance
RPY-0008968,ORG-200837,PTR-004,2026-03-26,3185.7,35675.98,ach_remittance
RPY-0008969,ORG-200837,PTR-004,2026-04-02,2432.35,38108.33,ach_remittance
RPY-0008970,ORG-200837,PTR-004,2026-04-09,1886.04,39994.37,ach_remittance
RPY-0008971,ORG-200837,PTR-004,2026-04-16,3468.41,43462.78,ach_remittance
RPY-0008972,ORG-200837,PTR-004,2026-04-23,2762.44,46225.22,ach_remittance
RPY-0008973,ORG-200837,PTR-004,2026-04-30,3387.74,49612.96,ach_remittance
RPY-0008974,ORG-200837,PTR-004,2026-05-07,2142.4,51755.36,ach_remittance
RPY-0008975,ORG-200837,PTR-004,2026-05-14,3937.93,55693.29,ach_remittance
RPY-0008976,ORG-200837,PTR-004,2026-05-21,7345.55,63038.84,ach_remittance
RPY-0008977,ORG-200838,PTR-006,2024-08-11,783.76,783.76,ach_remittance
RPY-0008978,ORG-200838,PTR-006,2024-08-18,423.83,1207.59,manual_payment
RPY-0008979,ORG-200838,PTR-006,2024-08-25,612.8,1820.39,ach_remittance
RPY-0008980,ORG-200838,PTR-006,2024-09-01,486.62,2307.01,manual_payment
RPY-0008981,ORG-200838,PTR-006,2024-09-08,545.0,2852.01,ach_remittance
RPY-0008982,ORG-200838,PTR-006,2024-09-15,419.67,3271.68,ach_remittance
RPY-0008983,ORG-200838,PTR-006,2024-09-22,428.27,3699.95,manual_payment
RPY-0008984,ORG-200838,PTR-006,2024-09-29,642.67,4342.62,ach_remittance
RPY-0008985,ORG-200838,PTR-006,2024-10-06,691.3,5033.92,ach_remittance
RPY-0008986,ORG-200838,PTR-006,2024-10-13,708.13,5742.05,ach_remittance
RPY-0008987,ORG-200839,PTR-006,2022-11-30,1107.82,1107.82,ach_remittance
RPY-0008988,ORG-200839,PTR-006,2022-12-07,600.51,1708.33,ach_remittance
RPY-0008989,ORG-200839,PTR-006,2022-12-14,674.04,2382.37,ach_remittance
RPY-0008990,ORG-200839,PTR-006,2022-12-21,1027.4,3409.77,ach_remittance
RPY-0008991,ORG-200839,PTR-006,2022-12-28,1048.52,4458.29,ach_remittance
RPY-0008992,ORG-200839,PTR-006,2023-01-04,939.54,5397.83,ach_remittance
RPY-0008993,ORG-200839,PTR-006,2023-01-11,1018.31,6416.14,ach_remittance
RPY-0008994,ORG-200839,PTR-006,2023-01-18,439.61,6855.75,ach_remittance
RPY-0008995,ORG-200840,PTR-002,2025-02-14,752.04,752.04,ach_remittance
RPY-0008996,ORG-200840,PTR-002,2025-02-21,808.35,1560.39,ach_remittance
RPY-0008997,ORG-200840,PTR-002,2025-02-28,961.46,2521.85,ach_remittance
RPY-0008998,ORG-200840,PTR-002,2025-03-07,747.13,3268.98,ach_remittance
RPY-0008999,ORG-200840,PTR-002,2025-03-14,752.68,4021.66,ach_remittance
RPY-0009000,ORG-200840,PTR-002,2025-03-21,496.29,4517.95,ach_remittance
RPY-0009001,ORG-200840,PTR-002,2025-03-28,1019.3,5537.25,ach_remittance
RPY-0009002,ORG-200840,PTR-002,2025-04-04,584.13,6121.38,ach_remittance
RPY-0009003,ORG-200840,PTR-002,2025-04-11,1075.09,7196.47,ach_remittance
RPY-0009004,ORG-200840,PTR-002,2025-04-18,597.84,7794.31,ach_remittance
RPY-0009005,ORG-200840,PTR-002,2025-04-25,775.96,8570.27,ach_remittance
RPY-0009006,ORG-200840,PTR-002,2025-05-02,645.39,9215.66,ach_remittance
RPY-0009007,ORG-200840,PTR-002,2025-05-09,1265.53,10481.19,ach_remittance
RPY-0009008,ORG-200841,PTR-003,2024-06-14,121.65,121.65,ach_remittance
RPY-0009009,ORG-200841,PTR-003,2024-06-21,163.95,285.6,ach_remittance
RPY-0009010,ORG-200841,PTR-003,2024-06-28,101.67,387.27,ach_remittance
RPY-0009011,ORG-200841,PTR-003,2024-07-05,78.08,465.35,ach_remittance
RPY-0009012,ORG-200841,PTR-003,2024-07-12,121.52,586.87,ach_remittance
RPY-0009013,ORG-200841,PTR-003,2024-07-19,158.19,745.06,ach_remittance
RPY-0009014,ORG-200841,PTR-003,2024-07-26,79.04,824.1,ach_remittance
RPY-0009015,ORG-200841,PTR-003,2024-08-02,108.53,932.63,ach_remittance
RPY-0009016,ORG-200841,PTR-003,2024-08-09,74.77,1007.4,ach_remittance
RPY-0009017,ORG-200841,PTR-003,2024-08-16,155.5,1162.9,manual_payment
RPY-0009018,ORG-200841,PTR-003,2024-08-23,121.84,1284.74,ach_remittance
RPY-0009019,ORG-200841,PTR-003,2024-08-30,104.4,1389.14,ach_remittance
RPY-0009020,ORG-200841,PTR-003,2024-09-06,110.47,1499.61,ach_remittance
RPY-0009021,ORG-200841,PTR-003,2024-09-13,148.69,1648.3,manual_payment
RPY-0009022,ORG-200841,PTR-003,2024-09-20,152.97,1801.27,ach_remittance
RPY-0009023,ORG-200841,PTR-003,2024-09-27,108.56,1909.83,ach_remittance
RPY-0009024,ORG-200841,PTR-003,2024-10-04,165.49,2075.32,ach_remittance
RPY-0009025,ORG-200841,PTR-003,2024-10-11,107.57,2182.89,manual_payment
RPY-0009026,ORG-200841,PTR-003,2024-10-18,117.05,2299.94,ach_remittance
RPY-0009027,ORG-200841,PTR-003,2024-10-25,158.57,2458.51,ach_remittance
RPY-0009028,ORG-200841,PTR-003,2024-11-01,67.93,2526.44,ach_remittance
RPY-0009029,ORG-200842,PTR-003,2022-07-02,2811.33,2811.33,manual_payment
RPY-0009030,ORG-200842,PTR-003,2022-07-09,3306.8,6118.13,ach_remittance
RPY-0009031,ORG-200842,PTR-003,2022-07-16,2413.42,8531.55,manual_payment
RPY-0009032,ORG-200842,PTR-003,2022-07-23,3513.67,12045.22,ach_remittance
RPY-0009033,ORG-200842,PTR-003,2022-07-30,3196.74,15241.96,ach_remittance
RPY-0009034,ORG-200842,PTR-003,2022-08-06,5599.36,20841.32,ach_remittance
RPY-0009035,ORG-200843,PTR-002,2025-02-03,4218.84,4218.84,ach_remittance
RPY-0009036,ORG-200843,PTR-002,2025-02-10,2823.83,7042.67,ach_remittance
RPY-0009037,ORG-200843,PTR-002,2025-02-17,3640.03,10682.7,ach_remittance
RPY-0009038,ORG-200843,PTR-002,2025-02-24,3374.58,14057.28,manual_payment
RPY-0009039,ORG-200843,PTR-002,2025-03-03,2458.42,16515.7,ach_remittance
RPY-0009040,ORG-200843,PTR-002,2025-03-10,5246.23,21761.93,manual_payment
RPY-0009041,ORG-200843,PTR-002,2025-03-17,3817.59,25579.52,ach_remittance
RPY-0009042,ORG-200843,PTR-002,2025-03-24,3903.34,29482.86,ach_remittance
RPY-0009043,ORG-200843,PTR-002,2025-03-31,5749.77,35232.63,manual_payment
RPY-0009044,ORG-200844,PTR-002,2025-06-26,514.92,514.92,ach_remittance
RPY-0009045,ORG-200844,PTR-002,2025-07-03,488.71,1003.63,ach_remittance
RPY-0009046,ORG-200844,PTR-002,2025-07-10,489.68,1493.31,ach_remittance
RPY-0009047,ORG-200844,PTR-002,2025-07-17,362.08,1855.39,ach_remittance
RPY-0009048,ORG-200844,PTR-002,2025-07-24,421.59,2276.98,ach_remittance
RPY-0009049,ORG-200844,PTR-002,2025-07-31,476.54,2753.52,ach_remittance
RPY-0009050,ORG-200844,PTR-002,2025-08-07,206.2,2959.72,ach_remittance
RPY-0009051,ORG-200845,PTR-003,2025-08-28,1038.04,1038.04,ach_remittance
RPY-0009052,ORG-200845,PTR-003,2025-09-04,1374.42,2412.46,ach_remittance
RPY-0009053,ORG-200845,PTR-003,2025-09-11,936.67,3349.13,ach_remittance
RPY-0009054,ORG-200845,PTR-003,2025-09-18,1381.92,4731.05,ach_remittance
RPY-0009055,ORG-200845,PTR-003,2025-09-25,757.91,5488.96,ach_remittance
RPY-0009056,ORG-200845,PTR-003,2025-10-02,843.1,6332.06,ach_remittance
RPY-0009057,ORG-200845,PTR-003,2025-10-09,1376.59,7708.65,ach_remittance
RPY-0009058,ORG-200845,PTR-003,2025-10-16,880.97,8589.62,ach_remittance
RPY-0009059,ORG-200845,PTR-003,2025-10-23,1055.38,9645.0,ach_remittance
RPY-0009060,ORG-200845,PTR-003,2025-10-30,1341.15,10986.15,ach_remittance
RPY-0009061,ORG-200845,PTR-003,2025-11-06,1291.84,12277.99,ach_remittance
RPY-0009062,ORG-200845,PTR-003,2025-11-13,1154.13,13432.12,ach_remittance
RPY-0009063,ORG-200845,PTR-003,2025-11-20,1484.07,14916.19,ach_remittance
RPY-0009064,ORG-200845,PTR-003,2025-11-27,678.68,15594.87,ach_remittance
RPY-0009065,ORG-200845,PTR-003,2025-12-04,983.23,16578.1,ach_remittance
RPY-0009066,ORG-200845,PTR-003,2025-12-11,1401.19,17979.29,ach_remittance
RPY-0009067,ORG-200845,PTR-003,2025-12-18,1212.7,19191.99,manual_payment
RPY-0009068,ORG-200845,PTR-003,2025-12-25,1000.92,20192.91,ach_remittance
RPY-0009069,ORG-200845,PTR-003,2026-01-01,1324.99,21517.9,ach_remittance
RPY-0009070,ORG-200845,PTR-003,2026-01-08,745.26,22263.16,ach_remittance
RPY-0009071,ORG-200845,PTR-003,2026-01-15,1339.72,23602.88,ach_remittance
RPY-0009072,ORG-200846,PTR-005,2023-11-16,4387.86,4387.86,ach_remittance
RPY-0009073,ORG-200846,PTR-005,2023-11-23,3383.34,7771.2,ach_remittance
RPY-0009074,ORG-200846,PTR-005,2023-11-30,3580.96,11352.16,ach_remittance
RPY-0009075,ORG-200846,PTR-005,2023-12-07,4987.72,16339.88,ach_remittance
RPY-0009076,ORG-200846,PTR-005,2023-12-14,5540.38,21880.26,manual_payment
RPY-0009077,ORG-200846,PTR-005,2023-12-21,5746.5,27626.76,ach_remittance
RPY-0009078,ORG-200846,PTR-005,2023-12-28,4254.45,31881.21,ach_remittance
RPY-0009079,ORG-200846,PTR-005,2024-01-04,1669.16,33550.37,ach_remittance
RPY-0009080,ORG-200847,PTR-005,2025-04-03,4008.0,4008.0,ach_remittance
RPY-0009081,ORG-200847,PTR-005,2025-04-10,5028.39,9036.39,ach_remittance
RPY-0009082,ORG-200847,PTR-005,2025-04-17,5850.64,14887.03,ach_remittance
RPY-0009083,ORG-200847,PTR-005,2025-04-24,6688.4,21575.43,manual_payment
RPY-0009084,ORG-200847,PTR-005,2025-05-01,6303.9,27879.33,ach_remittance
RPY-0009085,ORG-200847,PTR-005,2025-05-08,3749.69,31629.02,ach_remittance
RPY-0009086,ORG-200847,PTR-005,2025-05-15,4237.93,35866.95,ach_remittance
RPY-0009087,ORG-200847,PTR-005,2025-05-22,7174.49,43041.44,ach_remittance
RPY-0009088,ORG-200847,PTR-005,2025-05-29,7026.73,50068.17,manual_payment
RPY-0009089,ORG-200847,PTR-005,2025-06-05,6688.99,56757.16,ach_remittance
RPY-0009090,ORG-200847,PTR-005,2025-06-12,5890.98,62648.14,ach_remittance
RPY-0009091,ORG-200848,PTR-005,2025-06-07,9366.24,9366.24,manual_payment
RPY-0009092,ORG-200848,PTR-005,2025-06-14,8207.34,17573.58,ach_remittance
RPY-0009093,ORG-200848,PTR-005,2025-06-21,10703.38,28276.96,ach_remittance
RPY-0009094,ORG-200848,PTR-005,2025-06-28,13059.4,41336.36,ach_remittance
RPY-0009095,ORG-200848,PTR-005,2025-07-05,12714.37,54050.73,ach_remittance
RPY-0009096,ORG-200848,PTR-005,2025-07-12,14466.68,68517.41,manual_payment
RPY-0009097,ORG-200848,PTR-005,2025-07-19,10473.56,78990.97,ach_remittance
RPY-0009098,ORG-200848,PTR-005,2025-07-26,11088.39,90079.36,ach_remittance
RPY-0009099,ORG-200848,PTR-005,2025-08-02,13837.2,103916.56,ach_remittance
RPY-0009100,ORG-200848,PTR-005,2025-08-09,7052.9,110969.46,ach_remittance
RPY-0009101,ORG-200849,PTR-002,2023-08-31,6516.7,6516.7,ach_remittance
RPY-0009102,ORG-200849,PTR-002,2023-09-07,6847.82,13364.52,ach_remittance
RPY-0009103,ORG-200849,PTR-002,2023-09-14,3009.14,16373.66,ach_remittance
RPY-0009104,ORG-200849,PTR-002,2023-09-21,6687.16,23060.82,ach_remittance
RPY-0009105,ORG-200849,PTR-002,2023-09-28,6724.72,29785.54,ach_remittance
RPY-0009106,ORG-200849,PTR-002,2023-10-05,6916.62,36702.16,ach_remittance
RPY-0009107,ORG-200849,PTR-002,2023-10-12,6544.8,43246.96,manual_payment
RPY-0009108,ORG-200849,PTR-002,2023-10-19,4301.81,47548.77,ach_remittance
RPY-0009109,ORG-200849,PTR-002,2023-10-26,3718.16,51266.93,ach_remittance
RPY-0009110,ORG-200849,PTR-002,2023-11-02,5639.06,56905.99,manual_payment
RPY-0009111,ORG-200849,PTR-002,2023-11-09,5777.92,62683.91,ach_remittance
RPY-0009112,ORG-200849,PTR-002,2023-11-16,2144.88,64828.79,ach_remittance
RPY-0009113,ORG-200850,PTR-005,2025-10-09,3207.17,3207.17,ach_remittance
RPY-0009114,ORG-200850,PTR-005,2025-10-16,2271.72,5478.89,ach_remittance
RPY-0009115,ORG-200850,PTR-005,2025-10-23,1735.94,7214.83,ach_remittance
RPY-0009116,ORG-200850,PTR-005,2025-10-30,3274.77,10489.6,ach_remittance
RPY-0009117,ORG-200850,PTR-005,2025-11-06,1590.97,12080.57,ach_remittance
RPY-0009118,ORG-200850,PTR-005,2025-11-13,2380.92,14461.49,ach_remittance
RPY-0009119,ORG-200850,PTR-005,2025-11-20,2680.37,17141.86,ach_remittance
RPY-0009120,ORG-200851,PTR-003,2024-06-27,6604.28,6604.28,ach_remittance
RPY-0009121,ORG-200851,PTR-003,2024-07-04,6061.0,12665.28,ach_remittance
RPY-0009122,ORG-200851,PTR-003,2024-07-11,5198.33,17863.61,ach_remittance
RPY-0009123,ORG-200851,PTR-003,2024-07-18,3683.77,21547.38,ach_remittance
RPY-0009124,ORG-200851,PTR-003,2024-07-25,6552.79,28100.17,ach_remittance
RPY-0009125,ORG-200851,PTR-003,2024-08-01,3789.21,31889.38,manual_payment
RPY-0009126,ORG-200851,PTR-003,2024-08-08,6287.32,38176.7,ach_remittance
RPY-0009127,ORG-200851,PTR-003,2024-08-15,3338.59,41515.29,ach_remittance
RPY-0009128,ORG-200851,PTR-003,2024-08-22,3087.49,44602.78,ach_remittance
RPY-0009129,ORG-200851,PTR-003,2024-08-29,3780.95,48383.73,ach_remittance
RPY-0009130,ORG-200851,PTR-003,2024-09-05,5209.2,53592.93,ach_remittance
RPY-0009131,ORG-200851,PTR-003,2024-09-12,6690.0,60282.93,ach_remittance
RPY-0009132,ORG-200851,PTR-003,2024-09-19,4317.96,64600.89,ach_remittance
RPY-0009133,ORG-200851,PTR-003,2024-09-26,4430.12,69031.01,ach_remittance
RPY-0009134,ORG-200851,PTR-003,2024-10-03,4367.96,73398.97,ach_remittance
RPY-0009135,ORG-200851,PTR-003,2024-10-10,7389.76,80788.73,ach_remittance
RPY-0009136,ORG-200852,PTR-004,2025-12-21,475.12,475.12,ach_remittance
RPY-0009137,ORG-200852,PTR-004,2025-12-28,950.94,1426.06,ach_remittance
RPY-0009138,ORG-200852,PTR-004,2026-01-04,684.38,2110.44,ach_remittance
RPY-0009139,ORG-200852,PTR-004,2026-01-11,813.8,2924.24,ach_remittance
RPY-0009140,ORG-200852,PTR-004,2026-01-18,555.61,3479.85,ach_remittance
RPY-0009141,ORG-200852,PTR-004,2026-01-25,1022.18,4502.03,ach_remittance
RPY-0009142,ORG-200853,PTR-006,2025-01-18,1369.28,1369.28,ach_remittance
RPY-0009143,ORG-200853,PTR-006,2025-01-25,2628.74,3998.02,ach_remittance
RPY-0009144,ORG-200853,PTR-006,2025-02-01,1480.26,5478.28,manual_payment
RPY-0009145,ORG-200853,PTR-006,2025-02-08,2632.95,8111.23,ach_remittance
RPY-0009146,ORG-200853,PTR-006,2025-02-15,2072.16,10183.39,ach_remittance
RPY-0009147,ORG-200853,PTR-006,2025-02-22,1427.24,11610.63,ach_remittance
RPY-0009148,ORG-200853,PTR-006,2025-03-01,2632.9,14243.53,ach_remittance
RPY-0009149,ORG-200854,PTR-004,2022-03-08,3166.38,3166.38,ach_remittance
RPY-0009150,ORG-200854,PTR-004,2022-03-15,3022.7,6189.08,ach_remittance
RPY-0009151,ORG-200854,PTR-004,2022-03-22,2568.36,8757.44,ach_remittance
RPY-0009152,ORG-200854,PTR-004,2022-03-29,4302.93,13060.37,manual_payment
RPY-0009153,ORG-200854,PTR-004,2022-04-05,2698.16,15758.53,ach_remittance
RPY-0009154,ORG-200855,PTR-005,2025-08-31,1677.46,1677.46,ach_remittance
RPY-0009155,ORG-200855,PTR-005,2025-09-07,1545.11,3222.57,manual_payment
RPY-0009156,ORG-200855,PTR-005,2025-09-14,1060.47,4283.04,ach_remittance
RPY-0009157,ORG-200855,PTR-005,2025-09-21,1351.85,5634.89,ach_remittance
RPY-0009158,ORG-200855,PTR-005,2025-09-28,1287.54,6922.43,manual_payment
RPY-0009159,ORG-200855,PTR-005,2025-10-05,924.46,7846.89,ach_remittance
RPY-0009160,ORG-200855,PTR-005,2025-10-12,1578.5,9425.39,ach_remittance
RPY-0009161,ORG-200855,PTR-005,2025-10-19,925.23,10350.62,ach_remittance
RPY-0009162,ORG-200855,PTR-005,2025-10-26,1652.75,12003.37,ach_remittance
RPY-0009163,ORG-200855,PTR-005,2025-11-02,1765.66,13769.03,manual_payment
RPY-0009164,ORG-200855,PTR-005,2025-11-09,1540.2,15309.23,ach_remittance
RPY-0009165,ORG-200855,PTR-005,2025-11-16,835.72,16144.95,ach_remittance
RPY-0009166,ORG-200855,PTR-005,2025-11-23,952.5,17097.45,ach_remittance
RPY-0009167,ORG-200855,PTR-005,2025-11-30,1374.2,18471.65,ach_remittance
RPY-0009168,ORG-200856,PTR-004,2022-05-29,6232.38,6232.38,ach_remittance
RPY-0009169,ORG-200856,PTR-004,2022-06-05,5163.88,11396.26,ach_remittance
RPY-0009170,ORG-200856,PTR-004,2022-06-12,4414.34,15810.6,ach_remittance
RPY-0009171,ORG-200856,PTR-004,2022-06-19,6902.22,22712.82,ach_remittance
RPY-0009172,ORG-200856,PTR-004,2022-06-26,5075.77,27788.59,manual_payment
RPY-0009173,ORG-200856,PTR-004,2022-07-03,5896.76,33685.35,ach_remittance
RPY-0009174,ORG-200857,PTR-003,2025-05-25,4592.86,4592.86,ach_remittance
RPY-0009175,ORG-200857,PTR-003,2025-06-01,2094.21,6687.07,ach_remittance
RPY-0009176,ORG-200857,PTR-003,2025-06-08,4518.93,11206.0,ach_remittance
RPY-0009177,ORG-200857,PTR-003,2025-06-15,3758.39,14964.39,ach_remittance
RPY-0009178,ORG-200857,PTR-003,2025-06-22,3669.52,18633.91,ach_remittance
RPY-0009179,ORG-200857,PTR-003,2025-06-29,4383.18,23017.09,ach_remittance
RPY-0009180,ORG-200857,PTR-003,2025-07-06,3226.38,26243.47,manual_payment
RPY-0009181,ORG-200857,PTR-003,2025-07-13,3201.14,29444.61,ach_remittance
RPY-0009182,ORG-200857,PTR-003,2025-07-20,3702.44,33147.05,ach_remittance
RPY-0009183,ORG-200857,PTR-003,2025-07-27,1271.48,34418.53,manual_payment
RPY-0009184,ORG-200858,PTR-006,2024-02-16,4790.58,4790.58,ach_remittance
RPY-0009185,ORG-200858,PTR-006,2024-02-23,3480.09,8270.67,ach_remittance
RPY-0009186,ORG-200858,PTR-006,2024-03-01,5623.46,13894.13,ach_remittance
RPY-0009187,ORG-200858,PTR-006,2024-03-08,3414.46,17308.59,ach_remittance
RPY-0009188,ORG-200858,PTR-006,2024-03-15,7349.91,24658.5,ach_remittance
RPY-0009189,ORG-200858,PTR-006,2024-03-22,4195.39,28853.89,ach_remittance
RPY-0009190,ORG-200858,PTR-006,2024-03-29,6877.98,35731.87,ach_remittance
RPY-0009191,ORG-200858,PTR-006,2024-04-05,7588.36,43320.23,ach_remittance
RPY-0009192,ORG-200859,PTR-001,2024-08-12,6975.33,6975.33,ach_remittance
RPY-0009193,ORG-200859,PTR-001,2024-08-19,5268.14,12243.47,ach_remittance
RPY-0009194,ORG-200859,PTR-001,2024-08-26,5763.22,18006.69,ach_remittance
RPY-0009195,ORG-200859,PTR-001,2024-09-02,4731.47,22738.16,ach_remittance
RPY-0009196,ORG-200859,PTR-001,2024-09-09,4546.78,27284.94,ach_remittance
RPY-0009197,ORG-200859,PTR-001,2024-09-16,6087.97,33372.91,ach_remittance
RPY-0009198,ORG-200859,PTR-001,2024-09-23,5558.11,38931.02,ach_remittance
RPY-0009199,ORG-200859,PTR-001,2024-09-30,5050.04,43981.06,ach_remittance
RPY-0009200,ORG-200859,PTR-001,2024-10-07,4717.52,48698.58,ach_remittance
RPY-0009201,ORG-200859,PTR-001,2024-10-14,4209.78,52908.36,ach_remittance
RPY-0009202,ORG-200860,PTR-001,2026-05-11,2199.28,2199.28,ach_remittance
RPY-0009203,ORG-200860,PTR-001,2026-05-18,2753.49,4952.77,ach_remittance
RPY-0009204,ORG-200860,PTR-001,2026-05-25,3906.77,8859.54,ach_remittance
RPY-0009205,ORG-200860,PTR-001,2026-06-01,3512.41,12371.95,manual_payment
RPY-0009206,ORG-200860,PTR-001,2026-06-08,3807.07,16179.02,ach_remittance
RPY-0009207,ORG-200860,PTR-001,2026-06-15,2515.37,18694.39,ach_remittance
RPY-0009208,ORG-200860,PTR-001,2026-06-22,2359.37,21053.76,ach_remittance
RPY-0009209,ORG-200861,PTR-002,2023-09-14,6214.32,6214.32,ach_remittance
RPY-0009210,ORG-200861,PTR-002,2023-09-21,4168.59,10382.91,ach_remittance
RPY-0009211,ORG-200861,PTR-002,2023-09-28,3536.52,13919.43,ach_remittance
RPY-0009212,ORG-200861,PTR-002,2023-10-05,7320.52,21239.95,ach_remittance
RPY-0009213,ORG-200861,PTR-002,2023-10-12,5024.57,26264.52,ach_remittance
RPY-0009214,ORG-200862,PTR-006,2023-01-03,2232.19,2232.19,manual_payment
RPY-0009215,ORG-200862,PTR-006,2023-01-10,2518.15,4750.34,ach_remittance
RPY-0009216,ORG-200862,PTR-006,2023-01-17,1892.49,6642.83,ach_remittance
RPY-0009217,ORG-200862,PTR-006,2023-01-24,2285.9,8928.73,manual_payment
RPY-0009218,ORG-200862,PTR-006,2023-01-31,1332.29,10261.02,ach_remittance
RPY-0009219,ORG-200862,PTR-006,2023-02-07,2106.62,12367.64,ach_remittance
RPY-0009220,ORG-200862,PTR-006,2023-02-14,1437.98,13805.62,ach_remittance
RPY-0009221,ORG-200862,PTR-006,2023-02-21,2410.08,16215.7,ach_remittance
RPY-0009222,ORG-200862,PTR-006,2023-02-28,1843.33,18059.03,ach_remittance
RPY-0009223,ORG-200862,PTR-006,2023-03-07,1434.21,19493.24,ach_remittance
RPY-0009224,ORG-200862,PTR-006,2023-03-14,1435.27,20928.51,ach_remittance
RPY-0009225,ORG-200862,PTR-006,2023-03-21,1481.39,22409.9,ach_remittance
RPY-0009226,ORG-200862,PTR-006,2023-03-28,2556.88,24966.78,ach_remittance
RPY-0009227,ORG-200862,PTR-006,2023-04-04,1686.09,26652.87,ach_remittance
RPY-0009228,ORG-200862,PTR-006,2023-04-11,2503.78,29156.65,ach_remittance
RPY-0009229,ORG-200862,PTR-006,2023-04-18,1632.77,30789.42,ach_remittance
RPY-0009230,ORG-200862,PTR-006,2023-04-25,2461.88,33251.3,ach_remittance
RPY-0009231,ORG-200862,PTR-006,2023-05-02,1587.79,34839.09,ach_remittance
RPY-0009232,ORG-200862,PTR-006,2023-05-09,5888.81,40727.9,ach_remittance
RPY-0009233,ORG-200863,PTR-001,2025-12-27,944.3,944.3,manual_payment
RPY-0009234,ORG-200863,PTR-001,2026-01-03,1301.42,2245.72,ach_remittance
RPY-0009235,ORG-200863,PTR-001,2026-01-10,760.61,3006.33,ach_remittance
RPY-0009236,ORG-200863,PTR-001,2026-01-17,1649.28,4655.61,manual_payment
RPY-0009237,ORG-200863,PTR-001,2026-01-24,1255.81,5911.42,ach_remittance
RPY-0009238,ORG-200863,PTR-001,2026-01-31,795.39,6706.81,ach_remittance
RPY-0009239,ORG-200863,PTR-001,2026-02-07,1126.97,7833.78,ach_remittance
RPY-0009240,ORG-200863,PTR-001,2026-02-14,1863.35,9697.13,ach_remittance
RPY-0009241,ORG-200864,PTR-001,2023-03-07,3673.98,3673.98,ach_remittance
RPY-0009242,ORG-200864,PTR-001,2023-03-14,6023.95,9697.93,ach_remittance
RPY-0009243,ORG-200864,PTR-001,2023-03-21,3002.81,12700.74,ach_remittance
RPY-0009244,ORG-200864,PTR-001,2023-03-28,6260.01,18960.75,ach_remittance
RPY-0009245,ORG-200864,PTR-001,2023-04-04,6501.86,25462.61,ach_remittance
RPY-0009246,ORG-200864,PTR-001,2023-04-11,3119.51,28582.12,ach_remittance
RPY-0009247,ORG-200864,PTR-001,2023-04-18,3614.78,32196.9,ach_remittance
RPY-0009248,ORG-200864,PTR-001,2023-04-25,5159.15,37356.05,ach_remittance
RPY-0009249,ORG-200865,PTR-005,2023-06-01,2606.79,2606.79,ach_remittance
RPY-0009250,ORG-200865,PTR-005,2023-06-08,3316.95,5923.74,manual_payment
RPY-0009251,ORG-200865,PTR-005,2023-06-15,3193.09,9116.83,ach_remittance
RPY-0009252,ORG-200865,PTR-005,2023-06-22,2215.33,11332.16,manual_payment
RPY-0009253,ORG-200865,PTR-005,2023-06-29,2845.88,14178.04,ach_remittance
RPY-0009254,ORG-200865,PTR-005,2023-07-06,2914.95,17092.99,ach_remittance
RPY-0009255,ORG-200865,PTR-005,2023-07-13,2830.2,19923.19,ach_remittance
RPY-0009256,ORG-200865,PTR-005,2023-07-20,1751.58,21674.77,manual_payment
RPY-0009257,ORG-200865,PTR-005,2023-07-27,2189.08,23863.85,ach_remittance
RPY-0009258,ORG-200865,PTR-005,2023-08-03,1684.88,25548.73,manual_payment
RPY-0009259,ORG-200865,PTR-005,2023-08-10,1836.68,27385.41,ach_remittance
RPY-0009260,ORG-200865,PTR-005,2023-08-17,2703.99,30089.4,ach_remittance
RPY-0009261,ORG-200865,PTR-005,2023-08-24,1636.62,31726.02,ach_remittance
RPY-0009262,ORG-200865,PTR-005,2023-08-31,2760.98,34487.0,ach_remittance
RPY-0009263,ORG-200865,PTR-005,2023-09-07,1922.45,36409.45,manual_payment
RPY-0009264,ORG-200866,PTR-006,2022-02-23,6999.29,6999.29,ach_remittance
RPY-0009265,ORG-200866,PTR-006,2022-03-02,10948.79,17948.08,ach_remittance
RPY-0009266,ORG-200866,PTR-006,2022-03-09,7788.73,25736.81,ach_remittance
RPY-0009267,ORG-200866,PTR-006,2022-03-16,10939.52,36676.33,ach_remittance
RPY-0009268,ORG-200866,PTR-006,2022-03-23,10291.63,46967.96,ach_remittance
RPY-0009269,ORG-200866,PTR-006,2022-03-30,8223.24,55191.2,manual_payment
RPY-0009270,ORG-200866,PTR-006,2022-04-06,5825.83,61017.03,ach_remittance
RPY-0009271,ORG-200866,PTR-006,2022-04-13,8642.15,69659.18,manual_payment
RPY-0009272,ORG-200866,PTR-006,2022-04-20,6720.03,76379.21,manual_payment
RPY-0009273,ORG-200867,PTR-004,2023-11-30,2420.24,2420.24,ach_remittance
RPY-0009274,ORG-200867,PTR-004,2023-12-07,2996.92,5417.16,ach_remittance
RPY-0009275,ORG-200867,PTR-004,2023-12-14,2187.17,7604.33,ach_remittance
RPY-0009276,ORG-200867,PTR-004,2023-12-21,2137.06,9741.39,ach_remittance
RPY-0009277,ORG-200867,PTR-004,2023-12-28,3131.65,12873.04,manual_payment
RPY-0009278,ORG-200867,PTR-004,2024-01-04,3080.58,15953.62,ach_remittance
RPY-0009279,ORG-200867,PTR-004,2024-01-11,2957.22,18910.84,ach_remittance
RPY-0009280,ORG-200867,PTR-004,2024-01-18,4290.34,23201.18,ach_remittance
RPY-0009281,ORG-200868,PTR-006,2025-04-01,3372.41,3372.41,ach_remittance
RPY-0009282,ORG-200868,PTR-006,2025-04-08,2497.8,5870.21,ach_remittance
RPY-0009283,ORG-200868,PTR-006,2025-04-15,2953.55,8823.76,ach_remittance
RPY-0009284,ORG-200868,PTR-006,2025-04-22,2543.62,11367.38,ach_remittance
RPY-0009285,ORG-200868,PTR-006,2025-04-29,2553.74,13921.12,ach_remittance
RPY-0009286,ORG-200868,PTR-006,2025-05-06,2255.77,16176.89,ach_remittance
RPY-0009287,ORG-200868,PTR-006,2025-05-13,2725.13,18902.02,ach_remittance
RPY-0009288,ORG-200868,PTR-006,2025-05-20,1949.08,20851.1,manual_payment
RPY-0009289,ORG-200868,PTR-006,2025-05-27,1983.67,22834.77,ach_remittance
RPY-0009290,ORG-200868,PTR-006,2025-06-03,1978.24,24813.01,ach_remittance
RPY-0009291,ORG-200868,PTR-006,2025-06-10,2088.16,26901.17,ach_remittance
RPY-0009292,ORG-200868,PTR-006,2025-06-17,3049.13,29950.3,ach_remittance
RPY-0009293,ORG-200868,PTR-006,2025-06-24,2928.1,32878.4,ach_remittance
RPY-0009294,ORG-200868,PTR-006,2025-07-01,1998.73,34877.13,ach_remittance
RPY-0009295,ORG-200868,PTR-006,2025-07-08,2442.14,37319.27,manual_payment
RPY-0009296,ORG-200868,PTR-006,2025-07-15,1551.74,38871.01,ach_remittance
RPY-0009297,ORG-200868,PTR-006,2025-07-22,2375.78,41246.79,ach_remittance
RPY-0009298,ORG-200868,PTR-006,2025-07-29,1807.67,43054.46,ach_remittance
RPY-0009299,ORG-200868,PTR-006,2025-08-05,2262.18,45316.64,ach_remittance
RPY-0009300,ORG-200868,PTR-006,2025-08-12,2180.94,47497.58,ach_remittance
RPY-0009301,ORG-200868,PTR-006,2025-08-19,2485.0,49982.58,ach_remittance
RPY-0009302,ORG-200868,PTR-006,2025-08-26,4130.15,54112.73,ach_remittance
RPY-0009303,ORG-200869,PTR-003,2022-09-07,1681.04,1681.04,ach_remittance
RPY-0009304,ORG-200869,PTR-003,2022-09-14,2421.43,4102.47,manual_payment
RPY-0009305,ORG-200869,PTR-003,2022-09-21,2921.88,7024.35,ach_remittance
RPY-0009306,ORG-200869,PTR-003,2022-09-28,3224.86,10249.21,ach_remittance
RPY-0009307,ORG-200869,PTR-003,2022-10-05,2349.64,12598.85,ach_remittance
RPY-0009308,ORG-200869,PTR-003,2022-10-12,2194.5,14793.35,ach_remittance
RPY-0009309,ORG-200869,PTR-003,2022-10-19,3572.29,18365.64,ach_remittance
RPY-0009310,ORG-200869,PTR-003,2022-10-26,2471.33,20836.97,ach_remittance
RPY-0009311,ORG-200869,PTR-003,2022-11-02,2431.6,23268.57,ach_remittance
RPY-0009312,ORG-200869,PTR-003,2022-11-09,3604.86,26873.43,ach_remittance
RPY-0009313,ORG-200869,PTR-003,2022-11-16,3703.99,30577.42,ach_remittance
RPY-0009314,ORG-200869,PTR-003,2022-11-23,2690.0,33267.42,manual_payment
RPY-0009315,ORG-200869,PTR-003,2022-11-30,2188.7,35456.12,manual_payment
RPY-0009316,ORG-200869,PTR-003,2022-12-07,2238.52,37694.64,ach_remittance
RPY-0009317,ORG-200869,PTR-003,2022-12-14,2660.73,40355.37,ach_remittance
RPY-0009318,ORG-200870,PTR-006,2022-07-03,3230.09,3230.09,ach_remittance
RPY-0009319,ORG-200870,PTR-006,2022-07-10,2889.38,6119.47,ach_remittance
RPY-0009320,ORG-200870,PTR-006,2022-07-17,2249.65,8369.12,ach_remittance
RPY-0009321,ORG-200870,PTR-006,2022-07-24,3592.45,11961.57,ach_remittance
RPY-0009322,ORG-200870,PTR-006,2022-07-31,2357.45,14319.02,ach_remittance
RPY-0009323,ORG-200870,PTR-006,2022-08-07,1967.88,16286.9,ach_remittance
RPY-0009324,ORG-200870,PTR-006,2022-08-14,3977.33,20264.23,ach_remittance
RPY-0009325,ORG-200870,PTR-006,2022-08-21,3760.33,24024.56,ach_remittance
RPY-0009326,ORG-200870,PTR-006,2022-08-28,3587.77,27612.33,ach_remittance
RPY-0009327,ORG-200870,PTR-006,2022-09-04,2590.62,30202.95,ach_remittance
RPY-0009328,ORG-200870,PTR-006,2022-09-11,1866.75,32069.7,ach_remittance
RPY-0009329,ORG-200870,PTR-006,2022-09-18,3680.23,35749.93,ach_remittance
RPY-0009330,ORG-200870,PTR-006,2022-09-25,1788.22,37538.15,ach_remittance
RPY-0009331,ORG-200870,PTR-006,2022-10-02,2187.37,39725.52,manual_payment
RPY-0009332,ORG-200870,PTR-006,2022-10-09,3398.38,43123.9,ach_remittance
RPY-0009333,ORG-200870,PTR-006,2022-10-16,2680.41,45804.31,ach_remittance
RPY-0009334,ORG-200870,PTR-006,2022-10-23,2574.54,48378.85,ach_remittance
RPY-0009335,ORG-200870,PTR-006,2022-10-30,1899.84,50278.69,ach_remittance
RPY-0009336,ORG-200870,PTR-006,2022-11-06,3345.16,53623.85,ach_remittance
RPY-0009337,ORG-200870,PTR-006,2022-11-13,3805.07,57428.92,ach_remittance
RPY-0009338,ORG-200870,PTR-006,2022-11-20,1783.08,59212.0,ach_remittance
RPY-0009339,ORG-200870,PTR-006,2022-11-27,2961.58,62173.58,ach_remittance
RPY-0009340,ORG-200870,PTR-006,2022-12-04,4466.57,66640.15,ach_remittance
RPY-0009341,ORG-200871,PTR-006,2025-12-31,385.57,385.57,ach_remittance
RPY-0009342,ORG-200871,PTR-006,2026-01-07,296.97,682.54,ach_remittance
RPY-0009343,ORG-200871,PTR-006,2026-01-14,337.9,1020.44,ach_remittance
RPY-0009344,ORG-200871,PTR-006,2026-01-21,254.82,1275.26,manual_payment
RPY-0009345,ORG-200871,PTR-006,2026-01-28,428.02,1703.28,ach_remittance
RPY-0009346,ORG-200871,PTR-006,2026-02-04,456.91,2160.19,ach_remittance
RPY-0009347,ORG-200871,PTR-006,2026-02-11,316.66,2476.85,ach_remittance
RPY-0009348,ORG-200871,PTR-006,2026-02-18,351.36,2828.21,ach_remittance
RPY-0009349,ORG-200871,PTR-006,2026-02-25,217.4,3045.61,manual_payment
RPY-0009350,ORG-200871,PTR-006,2026-03-04,334.21,3379.82,ach_remittance
RPY-0009351,ORG-200871,PTR-006,2026-03-11,470.23,3850.05,ach_remittance
RPY-0009352,ORG-200871,PTR-006,2026-03-18,421.3,4271.35,manual_payment
RPY-0009353,ORG-200871,PTR-006,2026-03-25,500.02,4771.37,ach_remittance
RPY-0009354,ORG-200871,PTR-006,2026-04-01,302.98,5074.35,ach_remittance
RPY-0009355,ORG-200871,PTR-006,2026-04-08,439.87,5514.22,ach_remittance
RPY-0009356,ORG-200871,PTR-006,2026-04-15,306.68,5820.9,ach_remittance
RPY-0009357,ORG-200871,PTR-006,2026-04-22,304.99,6125.89,ach_remittance
RPY-0009358,ORG-200871,PTR-006,2026-04-29,332.61,6458.5,ach_remittance
RPY-0009359,ORG-200871,PTR-006,2026-05-06,355.43,6813.93,ach_remittance
RPY-0009360,ORG-200872,PTR-002,2022-02-03,2404.6,2404.6,ach_remittance
RPY-0009361,ORG-200872,PTR-002,2022-02-10,3868.38,6272.98,ach_remittance
RPY-0009362,ORG-200872,PTR-002,2022-02-17,3065.04,9338.02,ach_remittance
RPY-0009363,ORG-200872,PTR-002,2022-02-24,2324.17,11662.19,ach_remittance
RPY-0009364,ORG-200872,PTR-002,2022-03-03,2228.55,13890.74,ach_remittance
RPY-0009365,ORG-200872,PTR-002,2022-03-10,4928.09,18818.83,ach_remittance
RPY-0009366,ORG-200872,PTR-002,2022-03-17,3708.67,22527.5,ach_remittance
RPY-0009367,ORG-200872,PTR-002,2022-03-24,2366.35,24893.85,ach_remittance
RPY-0009368,ORG-200872,PTR-002,2022-03-31,2925.79,27819.64,ach_remittance
RPY-0009369,ORG-200872,PTR-002,2022-04-07,4623.66,32443.3,ach_remittance
RPY-0009370,ORG-200872,PTR-002,2022-04-14,4368.36,36811.66,ach_remittance
RPY-0009371,ORG-200872,PTR-002,2022-04-21,3101.0,39912.66,ach_remittance
RPY-0009372,ORG-200872,PTR-002,2022-04-28,4920.71,44833.37,ach_remittance
RPY-0009373,ORG-200872,PTR-002,2022-05-05,3639.76,48473.13,ach_remittance
RPY-0009374,ORG-200872,PTR-002,2022-05-12,3475.14,51948.27,ach_remittance
RPY-0009375,ORG-200872,PTR-002,2022-05-19,4394.46,56342.73,ach_remittance
RPY-0009376,ORG-200872,PTR-002,2022-05-26,4534.68,60877.41,ach_remittance
RPY-0009377,ORG-200872,PTR-002,2022-06-02,3729.8,64607.21,ach_remittance
RPY-0009378,ORG-200872,PTR-002,2022-06-09,3971.45,68578.66,manual_payment
RPY-0009379,ORG-200872,PTR-002,2022-06-16,2503.45,71082.11,ach_remittance
RPY-0009380,ORG-200872,PTR-002,2022-06-23,3179.19,74261.3,ach_remittance
RPY-0009381,ORG-200872,PTR-002,2022-06-30,4791.47,79052.77,ach_remittance
RPY-0009382,ORG-200872,PTR-002,2022-07-07,4445.91,83498.68,ach_remittance
RPY-0009383,ORG-200872,PTR-002,2022-07-14,1027.58,84526.26,ach_remittance
RPY-0009384,ORG-200873,PTR-006,2026-01-24,2730.76,2730.76,ach_remittance
RPY-0009385,ORG-200873,PTR-006,2026-01-31,2400.78,5131.54,manual_payment
RPY-0009386,ORG-200873,PTR-006,2026-02-07,3463.78,8595.32,ach_remittance
RPY-0009387,ORG-200873,PTR-006,2026-02-14,2329.37,10924.69,ach_remittance
RPY-0009388,ORG-200873,PTR-006,2026-02-21,3535.42,14460.11,ach_remittance
RPY-0009389,ORG-200873,PTR-006,2026-02-28,3305.79,17765.9,ach_remittance
RPY-0009390,ORG-200873,PTR-006,2026-03-07,3104.08,20869.98,ach_remittance
RPY-0009391,ORG-200873,PTR-006,2026-03-14,3190.51,24060.49,ach_remittance
RPY-0009392,ORG-200873,PTR-006,2026-03-21,3123.01,27183.5,ach_remittance
RPY-0009393,ORG-200873,PTR-006,2026-03-28,2550.92,29734.42,ach_remittance
RPY-0009394,ORG-200873,PTR-006,2026-04-04,3217.45,32951.87,ach_remittance
RPY-0009395,ORG-200873,PTR-006,2026-04-11,3431.31,36383.18,ach_remittance
RPY-0009396,ORG-200873,PTR-006,2026-04-18,3118.78,39501.96,ach_remittance
RPY-0009397,ORG-200873,PTR-006,2026-04-25,1923.73,41425.69,ach_remittance
RPY-0009398,ORG-200873,PTR-006,2026-05-02,3028.68,44454.37,ach_remittance
RPY-0009399,ORG-200873,PTR-006,2026-05-09,2145.31,46599.68,ach_remittance
RPY-0009400,ORG-200873,PTR-006,2026-05-16,3542.53,50142.21,ach_remittance
RPY-0009401,ORG-200873,PTR-006,2026-05-23,1553.29,51695.5,ach_remittance
RPY-0009402,ORG-200873,PTR-006,2026-05-30,2697.12,54392.62,ach_remittance
RPY-0009403,ORG-200873,PTR-006,2026-06-06,1846.15,56238.77,ach_remittance
RPY-0009404,ORG-200873,PTR-006,2026-06-13,2231.63,58470.4,manual_payment
RPY-0009405,ORG-200873,PTR-006,2026-06-20,1721.67,60192.07,ach_remittance
RPY-0009406,ORG-200873,PTR-006,2026-06-27,3130.1,63322.17,ach_remittance
RPY-0009407,ORG-200873,PTR-006,2026-07-04,2676.73,65998.9,ach_remittance
RPY-0009408,ORG-200873,PTR-006,2026-07-11,1885.18,67884.08,ach_remittance
RPY-0009409,ORG-200873,PTR-006,2026-07-18,1575.71,69459.79,manual_payment
RPY-0009410,ORG-200874,PTR-004,2024-08-05,6009.68,6009.68,ach_remittance
RPY-0009411,ORG-200874,PTR-004,2024-08-12,3521.35,9531.03,ach_remittance
RPY-0009412,ORG-200874,PTR-004,2024-08-19,5847.47,15378.5,ach_remittance
RPY-0009413,ORG-200874,PTR-004,2024-08-26,3741.8,19120.3,ach_remittance
RPY-0009414,ORG-200874,PTR-004,2024-09-02,4871.51,23991.81,ach_remittance
RPY-0009415,ORG-200874,PTR-004,2024-09-09,5974.94,29966.75,ach_remittance
RPY-0009416,ORG-200874,PTR-004,2024-09-16,3073.32,33040.07,manual_payment
RPY-0009417,ORG-200874,PTR-004,2024-09-23,6812.42,39852.49,ach_remittance
RPY-0009418,ORG-200875,PTR-005,2026-03-29,3421.47,3421.47,ach_remittance
RPY-0009419,ORG-200875,PTR-005,2026-04-05,2135.08,5556.55,ach_remittance
RPY-0009420,ORG-200875,PTR-005,2026-04-12,1887.93,7444.48,ach_remittance
RPY-0009421,ORG-200875,PTR-005,2026-04-19,2473.68,9918.16,ach_remittance
RPY-0009422,ORG-200875,PTR-005,2026-04-26,2694.15,12612.31,ach_remittance
RPY-0009423,ORG-200875,PTR-005,2026-05-03,3514.49,16126.8,ach_remittance
RPY-0009424,ORG-200875,PTR-005,2026-05-10,2420.77,18547.57,manual_payment
RPY-0009425,ORG-200875,PTR-005,2026-05-17,2556.28,21103.85,ach_remittance
RPY-0009426,ORG-200875,PTR-005,2026-05-24,3367.58,24471.43,ach_remittance
RPY-0009427,ORG-200875,PTR-005,2026-05-31,2389.72,26861.15,ach_remittance
RPY-0009428,ORG-200875,PTR-005,2026-06-07,2456.72,29317.87,ach_remittance
RPY-0009429,ORG-200875,PTR-005,2026-06-14,2978.33,32296.2,manual_payment
RPY-0009430,ORG-200875,PTR-005,2026-06-21,2813.65,35109.85,ach_remittance
RPY-0009431,ORG-200875,PTR-005,2026-06-28,1780.26,36890.11,ach_remittance
RPY-0009432,ORG-200875,PTR-005,2026-07-05,2131.91,39022.02,ach_remittance
RPY-0009433,ORG-200875,PTR-005,2026-07-12,2295.92,41317.94,ach_remittance
RPY-0009434,ORG-200875,PTR-005,2026-07-19,3248.58,44566.52,ach_remittance
RPY-0009435,ORG-200875,PTR-005,2026-07-26,2262.15,46828.67,ach_remittance
RPY-0009436,ORG-200875,PTR-005,2026-08-02,1876.69,48705.36,ach_remittance
RPY-0009437,ORG-200875,PTR-005,2026-08-09,3600.27,52305.63,ach_remittance
RPY-0009438,ORG-200876,PTR-002,2023-05-17,1233.75,1233.75,ach_remittance
RPY-0009439,ORG-200876,PTR-002,2023-05-24,990.52,2224.27,ach_remittance
RPY-0009440,ORG-200876,PTR-002,2023-05-31,824.1,3048.37,ach_remittance
RPY-0009441,ORG-200876,PTR-002,2023-06-07,1212.09,4260.46,ach_remittance
RPY-0009442,ORG-200876,PTR-002,2023-06-14,683.98,4944.44,ach_remittance
RPY-0009443,ORG-200876,PTR-002,2023-06-21,733.12,5677.56,ach_remittance
RPY-0009444,ORG-200876,PTR-002,2023-06-28,993.41,6670.97,ach_remittance
RPY-0009445,ORG-200876,PTR-002,2023-07-05,914.19,7585.16,ach_remittance
RPY-0009446,ORG-200876,PTR-002,2023-07-12,1192.18,8777.34,ach_remittance
RPY-0009447,ORG-200876,PTR-002,2023-07-19,1234.67,10012.01,ach_remittance
RPY-0009448,ORG-200876,PTR-002,2023-07-26,1230.42,11242.43,ach_remittance
RPY-0009449,ORG-200877,PTR-001,2022-09-30,2569.6,2569.6,ach_remittance
RPY-0009450,ORG-200877,PTR-001,2022-10-07,3012.29,5581.89,ach_remittance
RPY-0009451,ORG-200877,PTR-001,2022-10-14,2158.01,7739.9,ach_remittance
RPY-0009452,ORG-200877,PTR-001,2022-10-21,2810.64,10550.54,ach_remittance
RPY-0009453,ORG-200877,PTR-001,2022-10-28,2214.72,12765.26,ach_remittance
RPY-0009454,ORG-200877,PTR-001,2022-11-04,1930.14,14695.4,ach_remittance
RPY-0009455,ORG-200877,PTR-001,2022-11-11,1512.85,16208.25,ach_remittance
RPY-0009456,ORG-200877,PTR-001,2022-11-18,1548.01,17756.26,ach_remittance
RPY-0009457,ORG-200878,PTR-004,2023-07-09,3507.79,3507.79,ach_remittance
RPY-0009458,ORG-200878,PTR-004,2023-07-16,3207.5,6715.29,ach_remittance
RPY-0009459,ORG-200878,PTR-004,2023-07-23,3621.57,10336.86,ach_remittance
RPY-0009460,ORG-200878,PTR-004,2023-07-30,2392.26,12729.12,ach_remittance
RPY-0009461,ORG-200878,PTR-004,2023-08-06,3517.95,16247.07,manual_payment
RPY-0009462,ORG-200878,PTR-004,2023-08-13,2575.85,18822.92,ach_remittance
RPY-0009463,ORG-200878,PTR-004,2023-08-20,3010.65,21833.57,ach_remittance
RPY-0009464,ORG-200878,PTR-004,2023-08-27,2365.46,24199.03,ach_remittance
RPY-0009465,ORG-200878,PTR-004,2023-09-03,1906.41,26105.44,ach_remittance
RPY-0009466,ORG-200879,PTR-005,2025-07-16,12037.1,12037.1,ach_remittance
RPY-0009467,ORG-200879,PTR-005,2025-07-23,12218.03,24255.13,ach_remittance
RPY-0009468,ORG-200879,PTR-005,2025-07-30,6992.82,31247.95,ach_remittance
RPY-0009469,ORG-200879,PTR-005,2025-08-06,11960.28,43208.23,ach_remittance
RPY-0009470,ORG-200879,PTR-005,2025-08-13,8461.28,51669.51,ach_remittance
RPY-0009471,ORG-200880,PTR-006,2024-12-27,4065.37,4065.37,ach_remittance
RPY-0009472,ORG-200880,PTR-006,2025-01-03,4798.7,8864.07,ach_remittance
RPY-0009473,ORG-200880,PTR-006,2025-01-10,4277.37,13141.44,manual_payment
RPY-0009474,ORG-200880,PTR-006,2025-01-17,3727.66,16869.1,ach_remittance
RPY-0009475,ORG-200880,PTR-006,2025-01-24,3738.56,20607.66,ach_remittance
RPY-0009476,ORG-200880,PTR-006,2025-01-31,52.11,20659.77,ach_remittance
RPY-0009477,ORG-200881,PTR-005,2023-12-16,1071.86,1071.86,ach_remittance
RPY-0009478,ORG-200881,PTR-005,2023-12-23,657.5,1729.36,manual_payment
RPY-0009479,ORG-200881,PTR-005,2023-12-30,888.32,2617.68,ach_remittance
RPY-0009480,ORG-200881,PTR-005,2024-01-06,1113.44,3731.12,ach_remittance
RPY-0009481,ORG-200881,PTR-005,2024-01-13,1039.62,4770.74,ach_remittance
RPY-0009482,ORG-200881,PTR-005,2024-01-20,863.87,5634.61,ach_remittance
RPY-0009483,ORG-200881,PTR-005,2024-01-27,1303.72,6938.33,ach_remittance
RPY-0009484,ORG-200881,PTR-005,2024-02-03,914.63,7852.96,ach_remittance
RPY-0009485,ORG-200881,PTR-005,2024-02-10,574.01,8426.97,ach_remittance
RPY-0009486,ORG-200882,PTR-005,2022-11-04,1170.59,1170.59,ach_remittance
RPY-0009487,ORG-200882,PTR-005,2022-11-11,1706.51,2877.1,ach_remittance
RPY-0009488,ORG-200882,PTR-005,2022-11-18,2149.44,5026.54,ach_remittance
RPY-0009489,ORG-200882,PTR-005,2022-11-25,1239.57,6266.11,ach_remittance
RPY-0009490,ORG-200882,PTR-005,2022-12-02,1510.25,7776.36,ach_remittance
RPY-0009491,ORG-200882,PTR-005,2022-12-09,1306.06,9082.42,ach_remittance
RPY-0009492,ORG-200882,PTR-005,2022-12-16,1746.06,10828.48,manual_payment
RPY-0009493,ORG-200882,PTR-005,2022-12-23,1694.0,12522.48,ach_remittance
RPY-0009494,ORG-200882,PTR-005,2022-12-30,1994.26,14516.74,ach_remittance
RPY-0009495,ORG-200882,PTR-005,2023-01-06,1442.38,15959.12,ach_remittance
RPY-0009496,ORG-200882,PTR-005,2023-01-13,1819.25,17778.37,ach_remittance
RPY-0009497,ORG-200882,PTR-005,2023-01-20,1581.96,19360.33,ach_remittance
RPY-0009498,ORG-200882,PTR-005,2023-01-27,1254.23,20614.56,manual_payment
RPY-0009499,ORG-200882,PTR-005,2023-02-03,1930.01,22544.57,manual_payment
RPY-0009500,ORG-200882,PTR-005,2023-02-10,1831.27,24375.84,ach_remittance
RPY-0009501,ORG-200882,PTR-005,2023-02-17,2197.89,26573.73,ach_remittance
RPY-0009502,ORG-200882,PTR-005,2023-02-24,1465.56,28039.29,ach_remittance
RPY-0009503,ORG-200882,PTR-005,2023-03-03,1137.86,29177.15,ach_remittance
RPY-0009504,ORG-200883,PTR-002,2023-07-10,3465.38,3465.38,ach_remittance
RPY-0009505,ORG-200883,PTR-002,2023-07-17,3209.41,6674.79,manual_payment
RPY-0009506,ORG-200883,PTR-002,2023-07-24,3714.16,10388.95,ach_remittance
RPY-0009507,ORG-200883,PTR-002,2023-07-31,4472.94,14861.89,ach_remittance
RPY-0009508,ORG-200883,PTR-002,2023-08-07,4872.34,19734.23,ach_remittance
RPY-0009509,ORG-200883,PTR-002,2023-08-14,12143.61,31877.84,manual_payment
RPY-0009510,ORG-200884,PTR-004,2023-08-03,4087.99,4087.99,ach_remittance
RPY-0009511,ORG-200884,PTR-004,2023-08-10,3615.41,7703.4,manual_payment
RPY-0009512,ORG-200884,PTR-004,2023-08-17,2507.97,10211.37,manual_payment
RPY-0009513,ORG-200884,PTR-004,2023-08-24,3082.17,13293.54,ach_remittance
RPY-0009514,ORG-200884,PTR-004,2023-08-31,4025.02,17318.56,ach_remittance
RPY-0009515,ORG-200884,PTR-004,2023-09-07,2952.28,20270.84,ach_remittance
RPY-0009516,ORG-200884,PTR-004,2023-09-14,2268.81,22539.65,ach_remittance
RPY-0009517,ORG-200884,PTR-004,2023-09-21,3972.27,26511.92,ach_remittance
RPY-0009518,ORG-200884,PTR-004,2023-09-28,3878.46,30390.38,ach_remittance
RPY-0009519,ORG-200884,PTR-004,2023-10-05,4528.3,34918.68,ach_remittance
RPY-0009520,ORG-200884,PTR-004,2023-10-12,2659.09,37577.77,ach_remittance
RPY-0009521,ORG-200884,PTR-004,2023-10-19,2112.46,39690.23,ach_remittance
RPY-0009522,ORG-200885,PTR-002,2024-06-20,5290.15,5290.15,ach_remittance
RPY-0009523,ORG-200885,PTR-002,2024-06-27,6287.67,11577.82,ach_remittance
RPY-0009524,ORG-200885,PTR-002,2024-07-04,4868.9,16446.72,manual_payment
RPY-0009525,ORG-200885,PTR-002,2024-07-11,5190.85,21637.57,ach_remittance
RPY-0009526,ORG-200885,PTR-002,2024-07-18,5084.45,26722.02,ach_remittance
RPY-0009527,ORG-200885,PTR-002,2024-07-25,4154.73,30876.75,ach_remittance
RPY-0009528,ORG-200885,PTR-002,2024-08-01,4644.59,35521.34,ach_remittance
RPY-0009529,ORG-200886,PTR-005,2025-03-21,2339.31,2339.31,ach_remittance
RPY-0009530,ORG-200886,PTR-005,2025-03-28,2787.34,5126.65,ach_remittance
RPY-0009531,ORG-200886,PTR-005,2025-04-04,2083.37,7210.02,ach_remittance
RPY-0009532,ORG-200886,PTR-005,2025-04-11,3128.55,10338.57,ach_remittance
RPY-0009533,ORG-200886,PTR-005,2025-04-18,2054.47,12393.04,ach_remittance
RPY-0009534,ORG-200886,PTR-005,2025-04-25,2216.26,14609.3,ach_remittance
RPY-0009535,ORG-200886,PTR-005,2025-05-02,1922.17,16531.47,ach_remittance
RPY-0009536,ORG-200886,PTR-005,2025-05-09,2268.99,18800.46,manual_payment
RPY-0009537,ORG-200886,PTR-005,2025-05-16,4286.13,23086.59,ach_remittance
RPY-0009538,ORG-200887,PTR-004,2025-04-25,2772.68,2772.68,ach_remittance
RPY-0009539,ORG-200887,PTR-004,2025-05-02,2910.29,5682.97,ach_remittance
RPY-0009540,ORG-200887,PTR-004,2025-05-09,3206.92,8889.89,ach_remittance
RPY-0009541,ORG-200887,PTR-004,2025-05-16,3925.14,12815.03,ach_remittance
RPY-0009542,ORG-200887,PTR-004,2025-05-23,2252.73,15067.76,ach_remittance
RPY-0009543,ORG-200887,PTR-004,2025-05-30,2617.89,17685.65,ach_remittance
RPY-0009544,ORG-200887,PTR-004,2025-06-06,2376.58,20062.23,ach_remittance
RPY-0009545,ORG-200887,PTR-004,2025-06-13,3998.61,24060.84,ach_remittance
RPY-0009546,ORG-200888,PTR-006,2023-09-19,3478.3,3478.3,ach_remittance
RPY-0009547,ORG-200888,PTR-006,2023-09-26,3154.0,6632.3,ach_remittance
RPY-0009548,ORG-200888,PTR-006,2023-10-03,5243.34,11875.64,ach_remittance
RPY-0009549,ORG-200888,PTR-006,2023-10-10,2689.49,14565.13,ach_remittance
RPY-0009550,ORG-200888,PTR-006,2023-10-17,4530.85,19095.98,ach_remittance
RPY-0009551,ORG-200888,PTR-006,2023-10-24,2686.1,21782.08,ach_remittance
RPY-0009552,ORG-200888,PTR-006,2023-10-31,3284.05,25066.13,ach_remittance
RPY-0009553,ORG-200888,PTR-006,2023-11-07,5744.29,30810.42,ach_remittance
RPY-0009554,ORG-200888,PTR-006,2023-11-14,4541.71,35352.13,ach_remittance
RPY-0009555,ORG-200888,PTR-006,2023-11-21,5820.86,41172.99,manual_payment
RPY-0009556,ORG-200888,PTR-006,2023-11-28,8051.02,49224.01,ach_remittance
RPY-0009557,ORG-200889,PTR-003,2025-06-05,887.47,887.47,ach_remittance
RPY-0009558,ORG-200889,PTR-003,2025-06-12,1449.14,2336.61,ach_remittance
RPY-0009559,ORG-200889,PTR-003,2025-06-19,1536.67,3873.28,ach_remittance
RPY-0009560,ORG-200889,PTR-003,2025-06-26,1251.92,5125.2,ach_remittance
RPY-0009561,ORG-200889,PTR-003,2025-07-03,1406.91,6532.11,ach_remittance
RPY-0009562,ORG-200889,PTR-003,2025-07-10,1495.33,8027.44,ach_remittance
RPY-0009563,ORG-200889,PTR-003,2025-07-17,1211.0,9238.44,manual_payment
RPY-0009564,ORG-200889,PTR-003,2025-07-24,1117.35,10355.79,ach_remittance
RPY-0009565,ORG-200889,PTR-003,2025-07-31,269.05,10624.84,manual_payment
RPY-0009566,ORG-200890,PTR-001,2026-05-27,3995.56,3995.56,ach_remittance
RPY-0009567,ORG-200890,PTR-001,2026-06-03,7561.24,11556.8,ach_remittance
RPY-0009568,ORG-200890,PTR-001,2026-06-10,4341.63,15898.43,ach_remittance
RPY-0009569,ORG-200890,PTR-001,2026-06-17,5051.28,20949.71,ach_remittance
RPY-0009570,ORG-200890,PTR-001,2026-06-24,4292.14,25241.85,ach_remittance
RPY-0009571,ORG-200890,PTR-001,2026-07-01,6907.66,32149.51,ach_remittance
RPY-0009572,ORG-200890,PTR-001,2026-07-08,4607.42,36756.93,ach_remittance
RPY-0009573,ORG-200890,PTR-001,2026-07-15,8811.13,45568.06,ach_remittance
RPY-0009574,ORG-200890,PTR-001,2026-07-22,5286.57,50854.63,ach_remittance
RPY-0009575,ORG-200890,PTR-001,2026-07-29,8819.75,59674.38,ach_remittance
RPY-0009576,ORG-200890,PTR-001,2026-08-05,6394.79,66069.17,ach_remittance
RPY-0009577,ORG-200890,PTR-001,2026-08-12,12043.07,78112.24,ach_remittance
RPY-0009578,ORG-200891,PTR-004,2023-01-14,2225.21,2225.21,ach_remittance
RPY-0009579,ORG-200891,PTR-004,2023-01-21,2089.38,4314.59,ach_remittance
RPY-0009580,ORG-200891,PTR-004,2023-01-28,2604.4,6918.99,ach_remittance
RPY-0009581,ORG-200891,PTR-004,2023-02-04,2358.83,9277.82,ach_remittance
RPY-0009582,ORG-200891,PTR-004,2023-02-11,1760.46,11038.28,ach_remittance
RPY-0009583,ORG-200891,PTR-004,2023-02-18,1258.86,12297.14,ach_remittance
RPY-0009584,ORG-200891,PTR-004,2023-02-25,1947.12,14244.26,manual_payment
RPY-0009585,ORG-200891,PTR-004,2023-03-04,2079.76,16324.02,ach_remittance
RPY-0009586,ORG-200891,PTR-004,2023-03-11,2335.61,18659.63,ach_remittance
RPY-0009587,ORG-200892,PTR-002,2024-11-13,7823.72,7823.72,manual_payment
RPY-0009588,ORG-200892,PTR-002,2024-11-20,3921.66,11745.38,ach_remittance
RPY-0009589,ORG-200893,PTR-002,2025-03-21,4232.31,4232.31,ach_remittance
RPY-0009590,ORG-200893,PTR-002,2025-03-28,4139.22,8371.53,ach_remittance
RPY-0009591,ORG-200893,PTR-002,2025-04-04,4320.83,12692.36,ach_remittance
RPY-0009592,ORG-200893,PTR-002,2025-04-11,8442.05,21134.41,ach_remittance
RPY-0009593,ORG-200893,PTR-002,2025-04-18,4006.93,25141.34,ach_remittance
RPY-0009594,ORG-200893,PTR-002,2025-04-25,8142.42,33283.76,ach_remittance
RPY-0009595,ORG-200893,PTR-002,2025-05-02,8966.19,42249.95,ach_remittance
RPY-0009596,ORG-200893,PTR-002,2025-05-09,8050.48,50300.43,ach_remittance
RPY-0009597,ORG-200893,PTR-002,2025-05-16,9335.5,59635.93,ach_remittance
RPY-0009598,ORG-200894,PTR-004,2024-05-27,5200.83,5200.83,ach_remittance
RPY-0009599,ORG-200894,PTR-004,2024-06-03,6205.34,11406.17,manual_payment
RPY-0009600,ORG-200894,PTR-004,2024-06-10,5651.6,17057.77,ach_remittance
RPY-0009601,ORG-200894,PTR-004,2024-06-17,4277.58,21335.35,ach_remittance
RPY-0009602,ORG-200894,PTR-004,2024-06-24,4945.78,26281.13,ach_remittance
RPY-0009603,ORG-200894,PTR-004,2024-07-01,3484.38,29765.51,ach_remittance
RPY-0009604,ORG-200894,PTR-004,2024-07-08,4000.39,33765.9,ach_remittance
RPY-0009605,ORG-200894,PTR-004,2024-07-15,5311.8,39077.7,ach_remittance
RPY-0009606,ORG-200894,PTR-004,2024-07-22,5380.92,44458.62,ach_remittance
RPY-0009607,ORG-200895,PTR-005,2025-07-01,3295.57,3295.57,ach_remittance
RPY-0009608,ORG-200895,PTR-005,2025-07-08,2228.25,5523.82,ach_remittance
RPY-0009609,ORG-200895,PTR-005,2025-07-15,1774.43,7298.25,ach_remittance
RPY-0009610,ORG-200895,PTR-005,2025-07-22,2421.77,9720.02,ach_remittance
RPY-0009611,ORG-200895,PTR-005,2025-07-29,2835.12,12555.14,ach_remittance
RPY-0009612,ORG-200895,PTR-005,2025-08-05,3071.68,15626.82,ach_remittance
RPY-0009613,ORG-200895,PTR-005,2025-08-12,1783.33,17410.15,manual_payment
RPY-0009614,ORG-200895,PTR-005,2025-08-19,1456.06,18866.21,ach_remittance
RPY-0009615,ORG-200896,PTR-003,2022-02-06,4654.45,4654.45,ach_remittance
RPY-0009616,ORG-200896,PTR-003,2022-02-13,5044.13,9698.58,ach_remittance
RPY-0009617,ORG-200896,PTR-003,2022-02-20,2705.09,12403.67,ach_remittance
RPY-0009618,ORG-200896,PTR-003,2022-02-27,3684.16,16087.83,ach_remittance
RPY-0009619,ORG-200896,PTR-003,2022-03-06,4180.58,20268.41,ach_remittance
RPY-0009620,ORG-200896,PTR-003,2022-03-13,4918.9,25187.31,ach_remittance
RPY-0009621,ORG-200896,PTR-003,2022-03-20,4122.09,29309.4,ach_remittance
RPY-0009622,ORG-200896,PTR-003,2022-03-27,5480.26,34789.66,ach_remittance
RPY-0009623,ORG-200896,PTR-003,2022-04-03,4356.7,39146.36,ach_remittance
RPY-0009624,ORG-200896,PTR-003,2022-04-10,4977.58,44123.94,ach_remittance
RPY-0009625,ORG-200896,PTR-003,2022-04-17,431.54,44555.48,ach_remittance
RPY-0009626,ORG-200897,PTR-001,2022-10-05,778.4,778.4,ach_remittance
RPY-0009627,ORG-200897,PTR-001,2022-10-12,805.97,1584.37,ach_remittance
RPY-0009628,ORG-200897,PTR-001,2022-10-19,781.74,2366.11,ach_remittance
RPY-0009629,ORG-200897,PTR-001,2022-10-26,988.94,3355.05,manual_payment
RPY-0009630,ORG-200897,PTR-001,2022-11-02,1102.31,4457.36,ach_remittance
RPY-0009631,ORG-200897,PTR-001,2022-11-09,1103.59,5560.95,ach_remittance
RPY-0009632,ORG-200897,PTR-001,2022-11-16,1171.0,6731.95,ach_remittance
RPY-0009633,ORG-200897,PTR-001,2022-11-23,1940.81,8672.76,ach_remittance
RPY-0009634,ORG-200898,PTR-001,2023-07-19,1660.41,1660.41,ach_remittance
RPY-0009635,ORG-200898,PTR-001,2023-07-26,2113.12,3773.53,ach_remittance
RPY-0009636,ORG-200898,PTR-001,2023-08-02,1383.56,5157.09,ach_remittance
RPY-0009637,ORG-200898,PTR-001,2023-08-09,2269.91,7427.0,ach_remittance
RPY-0009638,ORG-200898,PTR-001,2023-08-16,1163.92,8590.92,manual_payment
RPY-0009639,ORG-200898,PTR-001,2023-08-23,1379.67,9970.59,ach_remittance
RPY-0009640,ORG-200898,PTR-001,2023-08-30,1570.39,11540.98,ach_remittance
RPY-0009641,ORG-200898,PTR-001,2023-09-06,2298.47,13839.45,ach_remittance
RPY-0009642,ORG-200898,PTR-001,2023-09-13,2373.33,16212.78,ach_remittance
RPY-0009643,ORG-200898,PTR-001,2023-09-20,2227.99,18440.77,ach_remittance
RPY-0009644,ORG-200898,PTR-001,2023-09-27,1586.04,20026.81,manual_payment
RPY-0009645,ORG-200898,PTR-001,2023-10-04,3047.6,23074.41,ach_remittance
RPY-0009646,ORG-200899,PTR-004,2023-09-22,2938.85,2938.85,ach_remittance
RPY-0009647,ORG-200899,PTR-004,2023-09-29,2243.41,5182.26,ach_remittance
RPY-0009648,ORG-200899,PTR-004,2023-10-06,1693.65,6875.91,ach_remittance
RPY-0009649,ORG-200899,PTR-004,2023-10-13,2304.62,9180.53,ach_remittance
RPY-0009650,ORG-200899,PTR-004,2023-10-20,2619.86,11800.39,manual_payment
RPY-0009651,ORG-200899,PTR-004,2023-10-27,1504.56,13304.95,manual_payment
RPY-0009652,ORG-200899,PTR-004,2023-11-03,1388.24,14693.19,ach_remittance
RPY-0009653,ORG-200899,PTR-004,2023-11-10,1984.14,16677.33,ach_remittance
RPY-0009654,ORG-200899,PTR-004,2023-11-17,1598.4,18275.73,ach_remittance
RPY-0009655,ORG-200899,PTR-004,2023-11-24,3053.41,21329.14,ach_remittance
RPY-0009656,ORG-200899,PTR-004,2023-12-01,2393.42,23722.56,ach_remittance
RPY-0009657,ORG-200899,PTR-004,2023-12-08,2733.58,26456.14,ach_remittance
RPY-0009658,ORG-200899,PTR-004,2023-12-15,1946.93,28403.07,ach_remittance
RPY-0009659,ORG-200899,PTR-004,2023-12-22,3016.67,31419.74,ach_remittance
RPY-0009660,ORG-200899,PTR-004,2023-12-29,2838.97,34258.71,ach_remittance
RPY-0009661,ORG-200899,PTR-004,2024-01-05,2043.94,36302.65,ach_remittance
RPY-0009662,ORG-200899,PTR-004,2024-01-12,1839.89,38142.54,ach_remittance
RPY-0009663,ORG-200899,PTR-004,2024-01-19,2247.41,40389.95,ach_remittance
RPY-0009664,ORG-200899,PTR-004,2024-01-26,2639.75,43029.7,ach_remittance
RPY-0009665,ORG-200899,PTR-004,2024-02-02,2410.78,45440.48,ach_remittance
RPY-0009666,ORG-200899,PTR-004,2024-02-09,1830.99,47271.47,ach_remittance
RPY-0009667,ORG-200899,PTR-004,2024-02-16,2433.43,49704.9,ach_remittance
RPY-0009668,ORG-200899,PTR-004,2024-02-23,1518.06,51222.96,ach_remittance
RPY-0009669,ORG-200899,PTR-004,2024-03-01,3012.45,54235.41,ach_remittance
RPY-0009670,ORG-200899,PTR-004,2024-03-08,2639.8,56875.21,ach_remittance
RPY-0009671,ORG-200899,PTR-004,2024-03-15,1893.5,58768.71,ach_remittance
RPY-0009672,ORG-200899,PTR-004,2024-03-22,1754.52,60523.23,ach_remittance
RPY-0009673,ORG-200899,PTR-004,2024-03-29,776.82,61300.05,ach_remittance
RPY-0009674,ORG-200900,PTR-005,2025-01-02,7328.57,7328.57,ach_remittance
RPY-0009675,ORG-200900,PTR-005,2025-01-09,8512.5,15841.07,ach_remittance
RPY-0009676,ORG-200900,PTR-005,2025-01-16,4879.44,20720.51,ach_remittance
RPY-0009677,ORG-200900,PTR-005,2025-01-23,4741.63,25462.14,ach_remittance
RPY-0009678,ORG-200900,PTR-005,2025-01-30,5636.21,31098.35,ach_remittance
RPY-0009679,ORG-200900,PTR-005,2025-02-06,9249.71,40348.06,ach_remittance
RPY-0009680,ORG-200900,PTR-005,2025-02-13,6709.88,47057.94,ach_remittance
RPY-0009681,ORG-200900,PTR-005,2025-02-20,11799.29,58857.23,ach_remittance
RPY-0009682,ORG-200901,PTR-003,2023-04-03,972.0,972.0,ach_remittance
RPY-0009683,ORG-200901,PTR-003,2023-04-10,1304.97,2276.97,ach_remittance
RPY-0009684,ORG-200901,PTR-003,2023-04-17,1133.46,3410.43,ach_remittance
RPY-0009685,ORG-200901,PTR-003,2023-04-24,1711.61,5122.04,ach_remittance
RPY-0009686,ORG-200901,PTR-003,2023-05-01,1400.44,6522.48,ach_remittance
RPY-0009687,ORG-200901,PTR-003,2023-05-08,1297.17,7819.65,ach_remittance
RPY-0009688,ORG-200901,PTR-003,2023-05-15,1040.47,8860.12,ach_remittance
RPY-0009689,ORG-200901,PTR-003,2023-05-22,2032.6,10892.72,manual_payment
RPY-0009690,ORG-200901,PTR-003,2023-05-29,1108.24,12000.96,ach_remittance
RPY-0009691,ORG-200901,PTR-003,2023-06-05,1240.72,13241.68,ach_remittance
RPY-0009692,ORG-200901,PTR-003,2023-06-12,4223.73,17465.41,ach_remittance
RPY-0009693,ORG-200902,PTR-005,2023-04-16,2161.66,2161.66,ach_remittance
RPY-0009694,ORG-200902,PTR-005,2023-04-23,2242.14,4403.8,ach_remittance
RPY-0009695,ORG-200902,PTR-005,2023-04-30,2257.42,6661.22,ach_remittance
RPY-0009696,ORG-200902,PTR-005,2023-05-07,1420.17,8081.39,ach_remittance
RPY-0009697,ORG-200902,PTR-005,2023-05-14,2179.45,10260.84,ach_remittance
RPY-0009698,ORG-200902,PTR-005,2023-05-21,2747.27,13008.11,ach_remittance
RPY-0009699,ORG-200903,PTR-004,2024-10-09,526.67,526.67,ach_remittance
RPY-0009700,ORG-200903,PTR-004,2024-10-16,638.86,1165.53,ach_remittance
RPY-0009701,ORG-200903,PTR-004,2024-10-23,620.2,1785.73,ach_remittance
RPY-0009702,ORG-200903,PTR-004,2024-10-30,709.81,2495.54,ach_remittance
RPY-0009703,ORG-200903,PTR-004,2024-11-06,1112.5,3608.04,ach_remittance
RPY-0009704,ORG-200903,PTR-004,2024-11-13,688.84,4296.88,ach_remittance
RPY-0009705,ORG-200903,PTR-004,2024-11-20,574.78,4871.66,ach_remittance
RPY-0009706,ORG-200903,PTR-004,2024-11-27,1752.83,6624.49,ach_remittance
RPY-0009707,ORG-200904,PTR-006,2024-04-11,3660.46,3660.46,ach_remittance
RPY-0009708,ORG-200904,PTR-006,2024-04-18,1611.52,5271.98,ach_remittance
RPY-0009709,ORG-200904,PTR-006,2024-04-25,2534.57,7806.55,ach_remittance
RPY-0009710,ORG-200904,PTR-006,2024-05-02,1879.35,9685.9,ach_remittance
RPY-0009711,ORG-200904,PTR-006,2024-05-09,2746.64,12432.54,ach_remittance
RPY-0009712,ORG-200904,PTR-006,2024-05-16,3414.12,15846.66,ach_remittance
RPY-0009713,ORG-200904,PTR-006,2024-05-23,3037.9,18884.56,ach_remittance
RPY-0009714,ORG-200904,PTR-006,2024-05-30,1840.62,20725.18,ach_remittance
RPY-0009715,ORG-200904,PTR-006,2024-06-06,2034.21,22759.39,ach_remittance
RPY-0009716,ORG-200904,PTR-006,2024-06-13,2462.84,25222.23,ach_remittance
RPY-0009717,ORG-200904,PTR-006,2024-06-20,1933.84,27156.07,ach_remittance
RPY-0009718,ORG-200904,PTR-006,2024-06-27,2137.9,29293.97,ach_remittance
RPY-0009719,ORG-200904,PTR-006,2024-07-04,2486.77,31780.74,ach_remittance
RPY-0009720,ORG-200904,PTR-006,2024-07-11,2040.48,33821.22,ach_remittance
RPY-0009721,ORG-200904,PTR-006,2024-07-18,3382.49,37203.71,ach_remittance
RPY-0009722,ORG-200904,PTR-006,2024-07-25,3110.78,40314.49,ach_remittance
RPY-0009723,ORG-200904,PTR-006,2024-08-01,2824.0,43138.49,ach_remittance
RPY-0009724,ORG-200904,PTR-006,2024-08-08,2789.53,45928.02,ach_remittance
RPY-0009725,ORG-200904,PTR-006,2024-08-15,1662.59,47590.61,ach_remittance
RPY-0009726,ORG-200904,PTR-006,2024-08-22,2980.19,50570.8,ach_remittance
RPY-0009727,ORG-200904,PTR-006,2024-08-29,3460.59,54031.39,ach_remittance
RPY-0009728,ORG-200904,PTR-006,2024-09-05,3674.24,57705.63,manual_payment
RPY-0009729,ORG-200904,PTR-006,2024-09-12,2012.78,59718.41,ach_remittance
RPY-0009730,ORG-200904,PTR-006,2024-09-19,2144.32,61862.73,ach_remittance
RPY-0009731,ORG-200904,PTR-006,2024-09-26,2686.25,64548.98,ach_remittance
RPY-0009732,ORG-200904,PTR-006,2024-10-03,4136.87,68685.85,ach_remittance
RPY-0009733,ORG-200905,PTR-005,2024-03-14,5183.69,5183.69,ach_remittance
RPY-0009734,ORG-200905,PTR-005,2024-03-21,5275.3,10458.99,ach_remittance
RPY-0009735,ORG-200905,PTR-005,2024-03-28,3113.62,13572.61,ach_remittance
RPY-0009736,ORG-200906,PTR-002,2025-02-12,5903.55,5903.55,ach_remittance
RPY-0009737,ORG-200906,PTR-002,2025-02-19,3674.34,9577.89,ach_remittance
RPY-0009738,ORG-200906,PTR-002,2025-02-26,5908.42,15486.31,ach_remittance
RPY-0009739,ORG-200906,PTR-002,2025-03-05,3813.37,19299.68,ach_remittance
RPY-0009740,ORG-200906,PTR-002,2025-03-12,5177.82,24477.5,ach_remittance
RPY-0009741,ORG-200906,PTR-002,2025-03-19,5105.35,29582.85,ach_remittance
RPY-0009742,ORG-200906,PTR-002,2025-03-26,4138.58,33721.43,ach_remittance
RPY-0009743,ORG-200906,PTR-002,2025-04-02,5256.18,38977.61,ach_remittance
RPY-0009744,ORG-200906,PTR-002,2025-04-09,5525.96,44503.57,ach_remittance
RPY-0009745,ORG-200906,PTR-002,2025-04-16,4958.08,49461.65,ach_remittance
RPY-0009746,ORG-200906,PTR-002,2025-04-23,3668.32,53129.97,ach_remittance
RPY-0009747,ORG-200906,PTR-002,2025-04-30,13818.06,66948.03,ach_remittance
RPY-0009748,ORG-200907,PTR-004,2026-06-07,538.9,538.9,ach_remittance
RPY-0009749,ORG-200907,PTR-004,2026-06-14,810.53,1349.43,ach_remittance
RPY-0009750,ORG-200907,PTR-004,2026-06-21,655.45,2004.88,ach_remittance
RPY-0009751,ORG-200907,PTR-004,2026-06-28,440.86,2445.74,manual_payment
RPY-0009752,ORG-200907,PTR-004,2026-07-05,471.72,2917.46,ach_remittance
RPY-0009753,ORG-200907,PTR-004,2026-07-12,614.78,3532.24,ach_remittance
RPY-0009754,ORG-200907,PTR-004,2026-07-19,425.36,3957.6,ach_remittance
RPY-0009755,ORG-200907,PTR-004,2026-07-26,850.11,4807.71,ach_remittance
RPY-0009756,ORG-200907,PTR-004,2026-08-02,567.61,5375.32,ach_remittance
RPY-0009757,ORG-200907,PTR-004,2026-08-09,855.08,6230.4,ach_remittance
RPY-0009758,ORG-200908,PTR-005,2023-06-04,421.0,421.0,ach_remittance
RPY-0009759,ORG-200908,PTR-005,2023-06-11,948.1,1369.1,ach_remittance
RPY-0009760,ORG-200908,PTR-005,2023-06-18,723.46,2092.56,manual_payment
RPY-0009761,ORG-200908,PTR-005,2023-06-25,948.35,3040.91,ach_remittance
RPY-0009762,ORG-200908,PTR-005,2023-07-02,701.34,3742.25,ach_remittance
RPY-0009763,ORG-200908,PTR-005,2023-07-09,619.78,4362.03,ach_remittance
RPY-0009764,ORG-200908,PTR-005,2023-07-16,724.34,5086.37,ach_remittance
RPY-0009765,ORG-200908,PTR-005,2023-07-23,391.52,5477.89,ach_remittance
RPY-0009766,ORG-200909,PTR-004,2022-12-29,2284.88,2284.88,ach_remittance
RPY-0009767,ORG-200909,PTR-004,2023-01-05,3478.54,5763.42,ach_remittance
RPY-0009768,ORG-200909,PTR-004,2023-01-12,3338.38,9101.8,ach_remittance
RPY-0009769,ORG-200909,PTR-004,2023-01-19,2449.71,11551.51,ach_remittance
RPY-0009770,ORG-200909,PTR-004,2023-01-26,3020.35,14571.86,ach_remittance
RPY-0009771,ORG-200909,PTR-004,2023-02-02,3346.08,17917.94,ach_remittance
RPY-0009772,ORG-200909,PTR-004,2023-02-09,1900.06,19818.0,ach_remittance
RPY-0009773,ORG-200909,PTR-004,2023-02-16,2489.74,22307.74,manual_payment
RPY-0009774,ORG-200909,PTR-004,2023-02-23,1739.62,24047.36,ach_remittance
RPY-0009775,ORG-200909,PTR-004,2023-03-02,2869.44,26916.8,manual_payment
RPY-0009776,ORG-200909,PTR-004,2023-03-09,3446.68,30363.48,ach_remittance
RPY-0009777,ORG-200909,PTR-004,2023-03-16,1920.43,32283.91,ach_remittance
RPY-0009778,ORG-200909,PTR-004,2023-03-23,2974.6,35258.51,ach_remittance
RPY-0009779,ORG-200909,PTR-004,2023-03-30,1516.49,36775.0,ach_remittance
RPY-0009780,ORG-200909,PTR-004,2023-04-06,2359.35,39134.35,ach_remittance
RPY-0009781,ORG-200909,PTR-004,2023-04-13,2528.92,41663.27,ach_remittance
RPY-0009782,ORG-200909,PTR-004,2023-04-20,3250.58,44913.85,ach_remittance
RPY-0009783,ORG-200909,PTR-004,2023-04-27,2351.49,47265.34,manual_payment
RPY-0009784,ORG-200909,PTR-004,2023-05-04,2975.94,50241.28,ach_remittance
RPY-0009785,ORG-200910,PTR-006,2023-03-19,1600.79,1600.79,ach_remittance
RPY-0009786,ORG-200910,PTR-006,2023-03-26,938.27,2539.06,ach_remittance
RPY-0009787,ORG-200910,PTR-006,2023-04-02,843.37,3382.43,ach_remittance
RPY-0009788,ORG-200910,PTR-006,2023-04-09,1138.92,4521.35,ach_remittance
RPY-0009789,ORG-200910,PTR-006,2023-04-16,1293.09,5814.44,ach_remittance
RPY-0009790,ORG-200910,PTR-006,2023-04-23,1391.7,7206.14,ach_remittance
RPY-0009791,ORG-200910,PTR-006,2023-04-30,1050.48,8256.62,ach_remittance
RPY-0009792,ORG-200910,PTR-006,2023-05-07,931.19,9187.81,ach_remittance
RPY-0009793,ORG-200910,PTR-006,2023-05-14,1097.08,10284.89,ach_remittance
RPY-0009794,ORG-200910,PTR-006,2023-05-21,1042.49,11327.38,ach_remittance
RPY-0009795,ORG-200910,PTR-006,2023-05-28,1224.67,12552.05,ach_remittance
RPY-0009796,ORG-200910,PTR-006,2023-06-04,1095.4,13647.45,manual_payment
RPY-0009797,ORG-200910,PTR-006,2023-06-11,1013.62,14661.07,ach_remittance
RPY-0009798,ORG-200910,PTR-006,2023-06-18,1366.96,16028.03,ach_remittance
RPY-0009799,ORG-200910,PTR-006,2023-06-25,1096.07,17124.1,ach_remittance
RPY-0009800,ORG-200910,PTR-006,2023-07-02,982.52,18106.62,manual_payment
RPY-0009801,ORG-200910,PTR-006,2023-07-09,1275.34,19381.96,ach_remittance
RPY-0009802,ORG-200910,PTR-006,2023-07-16,1400.37,20782.33,ach_remittance
RPY-0009803,ORG-200910,PTR-006,2023-07-23,1143.65,21925.98,ach_remittance
RPY-0009804,ORG-200910,PTR-006,2023-07-30,693.97,22619.95,ach_remittance
RPY-0009805,ORG-200910,PTR-006,2023-08-06,1312.72,23932.67,ach_remittance
RPY-0009806,ORG-200910,PTR-006,2023-08-13,1250.18,25182.85,ach_remittance
RPY-0009807,ORG-200910,PTR-006,2023-08-20,897.35,26080.2,ach_remittance
RPY-0009808,ORG-200910,PTR-006,2023-08-27,994.5,27074.7,manual_payment
RPY-0009809,ORG-200910,PTR-006,2023-09-03,1093.84,28168.54,ach_remittance
RPY-0009810,ORG-200910,PTR-006,2023-09-10,945.72,29114.26,ach_remittance
RPY-0009811,ORG-200910,PTR-006,2023-09-17,1884.51,30998.77,manual_payment
RPY-0009812,ORG-200911,PTR-004,2023-05-30,3944.22,3944.22,ach_remittance
RPY-0009813,ORG-200911,PTR-004,2023-06-06,3305.77,7249.99,ach_remittance
RPY-0009814,ORG-200911,PTR-004,2023-06-13,3498.13,10748.12,ach_remittance
RPY-0009815,ORG-200911,PTR-004,2023-06-20,2761.84,13509.96,manual_payment
RPY-0009816,ORG-200911,PTR-004,2023-06-27,3548.69,17058.65,ach_remittance
RPY-0009817,ORG-200911,PTR-004,2023-07-04,2517.67,19576.32,ach_remittance
RPY-0009818,ORG-200911,PTR-004,2023-07-11,2596.68,22173.0,ach_remittance
RPY-0009819,ORG-200911,PTR-004,2023-07-18,3974.89,26147.89,ach_remittance
RPY-0009820,ORG-200911,PTR-004,2023-07-25,1780.86,27928.75,ach_remittance
RPY-0009821,ORG-200911,PTR-004,2023-08-01,635.73,28564.48,ach_remittance
RPY-0009822,ORG-200912,PTR-002,2025-08-26,6821.42,6821.42,ach_remittance
RPY-0009823,ORG-200912,PTR-002,2025-09-02,4465.23,11286.65,ach_remittance
RPY-0009824,ORG-200912,PTR-002,2025-09-09,3072.88,14359.53,ach_remittance
RPY-0009825,ORG-200912,PTR-002,2025-09-16,6272.32,20631.85,ach_remittance
RPY-0009826,ORG-200912,PTR-002,2025-09-23,4822.72,25454.57,ach_remittance
RPY-0009827,ORG-200912,PTR-002,2025-09-30,5153.23,30607.8,ach_remittance
RPY-0009828,ORG-200912,PTR-002,2025-10-07,3542.14,34149.94,ach_remittance
RPY-0009829,ORG-200913,PTR-005,2022-04-09,3147.01,3147.01,ach_remittance
RPY-0009830,ORG-200913,PTR-005,2022-04-16,1900.84,5047.85,ach_remittance
RPY-0009831,ORG-200913,PTR-005,2022-04-23,2785.93,7833.78,ach_remittance
RPY-0009832,ORG-200913,PTR-005,2022-04-30,2662.28,10496.06,ach_remittance
RPY-0009833,ORG-200913,PTR-005,2022-05-07,2679.53,13175.59,ach_remittance
RPY-0009834,ORG-200913,PTR-005,2022-05-14,3305.95,16481.54,ach_remittance
RPY-0009835,ORG-200914,PTR-001,2023-12-08,1121.75,1121.75,ach_remittance
RPY-0009836,ORG-200914,PTR-001,2023-12-15,1426.7,2548.45,ach_remittance
RPY-0009837,ORG-200914,PTR-001,2023-12-22,801.58,3350.03,ach_remittance
RPY-0009838,ORG-200914,PTR-001,2023-12-29,798.8,4148.83,ach_remittance
RPY-0009839,ORG-200914,PTR-001,2024-01-05,1310.34,5459.17,ach_remittance
RPY-0009840,ORG-200914,PTR-001,2024-01-12,1544.51,7003.68,manual_payment
RPY-0009841,ORG-200914,PTR-001,2024-01-19,856.43,7860.11,ach_remittance
RPY-0009842,ORG-200914,PTR-001,2024-01-26,1486.45,9346.56,ach_remittance
RPY-0009843,ORG-200914,PTR-001,2024-02-02,891.86,10238.42,ach_remittance
RPY-0009844,ORG-200914,PTR-001,2024-02-09,956.04,11194.46,ach_remittance
RPY-0009845,ORG-200914,PTR-001,2024-02-16,1178.34,12372.8,manual_payment
RPY-0009846,ORG-200914,PTR-001,2024-02-23,993.04,13365.84,ach_remittance
RPY-0009847,ORG-200914,PTR-001,2024-03-01,961.44,14327.28,ach_remittance
RPY-0009848,ORG-200914,PTR-001,2024-03-08,1142.23,15469.51,ach_remittance
RPY-0009849,ORG-200914,PTR-001,2024-03-15,3757.15,19226.66,ach_remittance
RPY-0009850,ORG-200915,PTR-003,2024-10-06,5189.03,5189.03,ach_remittance
RPY-0009851,ORG-200915,PTR-003,2024-10-13,6006.39,11195.42,ach_remittance
RPY-0009852,ORG-200915,PTR-003,2024-10-20,6162.39,17357.81,ach_remittance
RPY-0009853,ORG-200915,PTR-003,2024-10-27,3830.96,21188.77,ach_remittance
RPY-0009854,ORG-200915,PTR-003,2024-11-03,6460.52,27649.29,ach_remittance
RPY-0009855,ORG-200915,PTR-003,2024-11-10,5300.67,32949.96,ach_remittance
RPY-0009856,ORG-200916,PTR-003,2024-06-12,3303.38,3303.38,ach_remittance
RPY-0009857,ORG-200916,PTR-003,2024-06-19,5165.3,8468.68,ach_remittance
RPY-0009858,ORG-200916,PTR-003,2024-06-26,4374.26,12842.94,ach_remittance
RPY-0009859,ORG-200916,PTR-003,2024-07-03,4035.49,16878.43,ach_remittance
RPY-0009860,ORG-200916,PTR-003,2024-07-10,2998.16,19876.59,ach_remittance
RPY-0009861,ORG-200916,PTR-003,2024-07-17,4163.21,24039.8,ach_remittance
RPY-0009862,ORG-200916,PTR-003,2024-07-24,3176.03,27215.83,ach_remittance
RPY-0009863,ORG-200916,PTR-003,2024-07-31,4708.64,31924.47,ach_remittance
RPY-0009864,ORG-200917,PTR-003,2025-09-18,5523.56,5523.56,ach_remittance
RPY-0009865,ORG-200917,PTR-003,2025-09-25,3515.63,9039.19,ach_remittance
RPY-0009866,ORG-200917,PTR-003,2025-10-02,5091.21,14130.4,ach_remittance
RPY-0009867,ORG-200917,PTR-003,2025-10-09,6060.32,20190.72,ach_remittance
RPY-0009868,ORG-200917,PTR-003,2025-10-16,5902.2,26092.92,ach_remittance
RPY-0009869,ORG-200917,PTR-003,2025-10-23,3347.65,29440.57,ach_remittance
RPY-0009870,ORG-200917,PTR-003,2025-10-30,5667.17,35107.74,ach_remittance
RPY-0009871,ORG-200917,PTR-003,2025-11-06,4114.09,39221.83,ach_remittance
RPY-0009872,ORG-200917,PTR-003,2025-11-13,6151.43,45373.26,manual_payment
RPY-0009873,ORG-200917,PTR-003,2025-11-20,3258.13,48631.39,ach_remittance
RPY-0009874,ORG-200917,PTR-003,2025-11-27,5212.53,53843.92,ach_remittance
RPY-0009875,ORG-200917,PTR-003,2025-12-04,3500.57,57344.49,manual_payment
RPY-0009876,ORG-200917,PTR-003,2025-12-11,4997.87,62342.36,ach_remittance
RPY-0009877,ORG-200917,PTR-003,2025-12-18,6144.67,68487.03,ach_remittance
RPY-0009878,ORG-200917,PTR-003,2025-12-25,5533.78,74020.81,ach_remittance
RPY-0009879,ORG-200918,PTR-001,2024-08-13,1061.55,1061.55,ach_remittance
RPY-0009880,ORG-200918,PTR-001,2024-08-20,1686.24,2747.79,ach_remittance
RPY-0009881,ORG-200918,PTR-001,2024-08-27,1032.11,3779.9,ach_remittance
RPY-0009882,ORG-200918,PTR-001,2024-09-03,1317.16,5097.06,manual_payment
RPY-0009883,ORG-200918,PTR-001,2024-09-10,1074.46,6171.52,manual_payment
RPY-0009884,ORG-200918,PTR-001,2024-09-17,2077.11,8248.63,ach_remittance
RPY-0009885,ORG-200918,PTR-001,2024-09-24,965.5,9214.13,ach_remittance
RPY-0009886,ORG-200918,PTR-001,2024-10-01,1963.25,11177.38,ach_remittance
RPY-0009887,ORG-200918,PTR-001,2024-10-08,1072.37,12249.75,ach_remittance
RPY-0009888,ORG-200918,PTR-001,2024-10-15,1286.08,13535.83,ach_remittance
RPY-0009889,ORG-200918,PTR-001,2024-10-22,1874.45,15410.28,manual_payment
RPY-0009890,ORG-200918,PTR-001,2024-10-29,1208.44,16618.72,ach_remittance
RPY-0009891,ORG-200918,PTR-001,2024-11-05,3266.77,19885.49,ach_remittance
RPY-0009892,ORG-200919,PTR-003,2025-04-23,2341.29,2341.29,ach_remittance
RPY-0009893,ORG-200919,PTR-003,2025-04-30,2807.15,5148.44,ach_remittance
RPY-0009894,ORG-200919,PTR-003,2025-05-07,2565.82,7714.26,ach_remittance
RPY-0009895,ORG-200919,PTR-003,2025-05-14,2924.79,10639.05,manual_payment
RPY-0009896,ORG-200919,PTR-003,2025-05-21,2358.08,12997.13,ach_remittance
RPY-0009897,ORG-200919,PTR-003,2025-05-28,3714.64,16711.77,ach_remittance
RPY-0009898,ORG-200919,PTR-003,2025-06-04,4213.53,20925.3,ach_remittance
RPY-0009899,ORG-200919,PTR-003,2025-06-11,5078.66,26003.96,ach_remittance
RPY-0009900,ORG-200920,PTR-002,2024-12-20,13866.65,13866.65,ach_remittance
RPY-0009901,ORG-200920,PTR-002,2024-12-27,8324.35,22191.0,ach_remittance
RPY-0009902,ORG-200920,PTR-002,2025-01-03,7321.21,29512.21,ach_remittance
RPY-0009903,ORG-200920,PTR-002,2025-01-10,12370.94,41883.15,ach_remittance
RPY-0009904,ORG-200920,PTR-002,2025-01-17,10475.02,52358.17,ach_remittance
RPY-0009905,ORG-200921,PTR-003,2026-03-02,1970.83,1970.83,manual_payment
RPY-0009906,ORG-200921,PTR-003,2026-03-09,2423.1,4393.93,ach_remittance
RPY-0009907,ORG-200921,PTR-003,2026-03-16,1902.59,6296.52,ach_remittance
RPY-0009908,ORG-200921,PTR-003,2026-03-23,1449.84,7746.36,ach_remittance
RPY-0009909,ORG-200921,PTR-003,2026-03-30,1423.61,9169.97,ach_remittance
RPY-0009910,ORG-200921,PTR-003,2026-04-06,2131.44,11301.41,ach_remittance
RPY-0009911,ORG-200921,PTR-003,2026-04-13,2009.93,13311.34,ach_remittance
RPY-0009912,ORG-200921,PTR-003,2026-04-20,2653.41,15964.75,ach_remittance
RPY-0009913,ORG-200921,PTR-003,2026-04-27,1760.05,17724.8,ach_remittance
RPY-0009914,ORG-200921,PTR-003,2026-05-04,2306.16,20030.96,manual_payment
RPY-0009915,ORG-200921,PTR-003,2026-05-11,1488.2,21519.16,ach_remittance
RPY-0009916,ORG-200921,PTR-003,2026-05-18,1620.35,23139.51,ach_remittance
RPY-0009917,ORG-200921,PTR-003,2026-05-25,2178.48,25317.99,ach_remittance
RPY-0009918,ORG-200921,PTR-003,2026-06-01,2193.86,27511.85,ach_remittance
RPY-0009919,ORG-200921,PTR-003,2026-06-08,2524.78,30036.63,ach_remittance
RPY-0009920,ORG-200921,PTR-003,2026-06-15,1872.18,31908.81,ach_remittance
RPY-0009921,ORG-200921,PTR-003,2026-06-22,1704.31,33613.12,ach_remittance
RPY-0009922,ORG-200921,PTR-003,2026-06-29,2672.23,36285.35,ach_remittance
RPY-0009923,ORG-200921,PTR-003,2026-07-06,2317.18,38602.53,ach_remittance
RPY-0009924,ORG-200921,PTR-003,2026-07-13,1903.24,40505.77,ach_remittance
RPY-0009925,ORG-200921,PTR-003,2026-07-20,2861.7,43367.47,ach_remittance
RPY-0009926,ORG-200921,PTR-003,2026-07-27,2235.85,45603.32,manual_payment
RPY-0009927,ORG-200921,PTR-003,2026-08-03,2278.96,47882.28,ach_remittance
RPY-0009928,ORG-200921,PTR-003,2026-08-10,7100.35,54982.63,ach_remittance
RPY-0009929,ORG-200922,PTR-003,2024-05-30,2606.01,2606.01,ach_remittance
RPY-0009930,ORG-200922,PTR-003,2024-06-06,3811.26,6417.27,ach_remittance
RPY-0009931,ORG-200922,PTR-003,2024-06-13,2579.67,8996.94,ach_remittance
RPY-0009932,ORG-200922,PTR-003,2024-06-20,2612.19,11609.13,manual_payment
RPY-0009933,ORG-200922,PTR-003,2024-06-27,2194.75,13803.88,ach_remittance
RPY-0009934,ORG-200922,PTR-003,2024-07-04,2858.83,16662.71,ach_remittance
RPY-0009935,ORG-200922,PTR-003,2024-07-11,3681.74,20344.45,ach_remittance
RPY-0009936,ORG-200922,PTR-003,2024-07-18,2087.65,22432.1,ach_remittance
RPY-0009937,ORG-200922,PTR-003,2024-07-25,3644.89,26076.99,ach_remittance
RPY-0009938,ORG-200922,PTR-003,2024-08-01,2144.03,28221.02,ach_remittance
RPY-0009939,ORG-200922,PTR-003,2024-08-08,2652.66,30873.68,ach_remittance
RPY-0009940,ORG-200922,PTR-003,2024-08-15,4041.68,34915.36,ach_remittance
RPY-0009941,ORG-200922,PTR-003,2024-08-22,4057.26,38972.62,ach_remittance
RPY-0009942,ORG-200922,PTR-003,2024-08-29,2274.06,41246.68,ach_remittance
RPY-0009943,ORG-200922,PTR-003,2024-09-05,3956.85,45203.53,ach_remittance
RPY-0009944,ORG-200922,PTR-003,2024-09-12,1909.69,47113.22,ach_remittance
RPY-0009945,ORG-200922,PTR-003,2024-09-19,4085.8,51199.02,ach_remittance
RPY-0009946,ORG-200922,PTR-003,2024-09-26,2366.51,53565.53,ach_remittance
RPY-0009947,ORG-200922,PTR-003,2024-10-03,2641.2,56206.73,ach_remittance
RPY-0009948,ORG-200922,PTR-003,2024-10-10,3912.25,60118.98,ach_remittance
RPY-0009949,ORG-200922,PTR-003,2024-10-17,2831.09,62950.07,ach_remittance
RPY-0009950,ORG-200922,PTR-003,2024-10-24,2085.51,65035.58,ach_remittance
RPY-0009951,ORG-200922,PTR-003,2024-10-31,4076.08,69111.66,ach_remittance
RPY-0009952,ORG-200922,PTR-003,2024-11-07,2277.83,71389.49,ach_remittance
RPY-0009953,ORG-200922,PTR-003,2024-11-14,4007.95,75397.44,ach_remittance
RPY-0009954,ORG-200922,PTR-003,2024-11-21,4110.07,79507.51,ach_remittance
RPY-0009955,ORG-200922,PTR-003,2024-11-28,2782.41,82289.92,manual_payment
RPY-0009956,ORG-200922,PTR-003,2024-12-05,3751.34,86041.26,ach_remittance
RPY-0009957,ORG-200922,PTR-003,2024-12-12,3603.85,89645.11,ach_remittance
RPY-0009958,ORG-200922,PTR-003,2024-12-19,3711.12,93356.23,ach_remittance
RPY-0009959,ORG-200922,PTR-003,2024-12-26,1863.21,95219.44,ach_remittance
RPY-0009960,ORG-200922,PTR-003,2025-01-02,3505.69,98725.13,ach_remittance
RPY-0009961,ORG-200922,PTR-003,2025-01-09,1981.43,100706.56,manual_payment
RPY-0009962,ORG-200922,PTR-003,2025-01-16,3967.16,104673.72,ach_remittance
RPY-0009963,ORG-200922,PTR-003,2025-01-23,3127.34,107801.06,ach_remittance
RPY-0009964,ORG-200922,PTR-003,2025-01-30,2014.95,109816.01,ach_remittance
RPY-0009965,ORG-200922,PTR-003,2025-02-06,2882.81,112698.82,ach_remittance
RPY-0009966,ORG-200922,PTR-003,2025-02-13,2725.57,115424.39,ach_remittance
RPY-0009967,ORG-200922,PTR-003,2025-02-20,1902.04,117326.43,ach_remittance
RPY-0009968,ORG-200922,PTR-003,2025-02-27,2114.79,119441.22,ach_remittance
RPY-0009969,ORG-200923,PTR-002,2026-04-18,323.57,323.57,ach_remittance
RPY-0009970,ORG-200923,PTR-002,2026-04-25,366.48,690.05,manual_payment
RPY-0009971,ORG-200923,PTR-002,2026-05-02,443.76,1133.81,manual_payment
RPY-0009972,ORG-200923,PTR-002,2026-05-09,522.54,1656.35,ach_remittance
RPY-0009973,ORG-200923,PTR-002,2026-05-16,548.17,2204.52,ach_remittance
RPY-0009974,ORG-200923,PTR-002,2026-05-23,371.29,2575.81,ach_remittance
RPY-0009975,ORG-200923,PTR-002,2026-05-30,381.22,2957.03,ach_remittance
RPY-0009976,ORG-200923,PTR-002,2026-06-06,882.07,3839.1,ach_remittance
RPY-0009977,ORG-200924,PTR-001,2024-07-17,3096.36,3096.36,ach_remittance
RPY-0009978,ORG-200924,PTR-001,2024-07-24,3074.96,6171.32,ach_remittance
RPY-0009979,ORG-200924,PTR-001,2024-07-31,2725.39,8896.71,ach_remittance
RPY-0009980,ORG-200924,PTR-001,2024-08-07,2358.12,11254.83,manual_payment
RPY-0009981,ORG-200924,PTR-001,2024-08-14,2617.8,13872.63,ach_remittance
RPY-0009982,ORG-200924,PTR-001,2024-08-21,2245.13,16117.76,ach_remittance
RPY-0009983,ORG-200924,PTR-001,2024-08-28,3977.26,20095.02,ach_remittance
RPY-0009984,ORG-200924,PTR-001,2024-09-04,2776.36,22871.38,ach_remittance
RPY-0009985,ORG-200924,PTR-001,2024-09-11,3937.49,26808.87,ach_remittance
RPY-0009986,ORG-200924,PTR-001,2024-09-18,2730.3,29539.17,manual_payment
RPY-0009987,ORG-200924,PTR-001,2024-09-25,3231.93,32771.1,ach_remittance
RPY-0009988,ORG-200924,PTR-001,2024-10-02,4040.24,36811.34,ach_remittance
RPY-0009989,ORG-200924,PTR-001,2024-10-09,4027.26,40838.6,ach_remittance
RPY-0009990,ORG-200924,PTR-001,2024-10-16,3154.65,43993.25,ach_remittance
RPY-0009991,ORG-200924,PTR-001,2024-10-23,5960.36,49953.61,ach_remittance
RPY-0009992,ORG-200925,PTR-006,2025-09-28,643.84,643.84,ach_remittance
RPY-0009993,ORG-200925,PTR-006,2025-10-05,618.26,1262.1,ach_remittance
RPY-0009994,ORG-200925,PTR-006,2025-10-12,873.55,2135.65,ach_remittance
RPY-0009995,ORG-200925,PTR-006,2025-10-19,538.12,2673.77,ach_remittance
RPY-0009996,ORG-200925,PTR-006,2025-10-26,995.95,3669.72,ach_remittance
RPY-0009997,ORG-200925,PTR-006,2025-11-02,897.2,4566.92,ach_remittance
RPY-0009998,ORG-200925,PTR-006,2025-11-09,657.85,5224.77,ach_remittance
RPY-0009999,ORG-200925,PTR-006,2025-11-16,1167.37,6392.14,ach_remittance
RPY-0010000,ORG-200926,PTR-005,2022-09-14,5366.91,5366.91,ach_remittance
RPY-0010001,ORG-200926,PTR-005,2022-09-21,5201.11,10568.02,ach_remittance
RPY-0010002,ORG-200926,PTR-005,2022-09-28,5138.46,15706.48,ach_remittance
RPY-0010003,ORG-200926,PTR-005,2022-10-05,5506.13,21212.61,ach_remittance
RPY-0010004,ORG-200926,PTR-005,2022-10-12,3827.26,25039.87,ach_remittance
RPY-0010005,ORG-200926,PTR-005,2022-10-19,3158.94,28198.81,manual_payment
RPY-0010006,ORG-200926,PTR-005,2022-10-26,4110.84,32309.65,ach_remittance
RPY-0010007,ORG-200926,PTR-005,2022-11-02,4918.66,37228.31,ach_remittance
RPY-0010008,ORG-200926,PTR-005,2022-11-09,2711.62,39939.93,ach_remittance
RPY-0010009,ORG-200926,PTR-005,2022-11-16,4936.54,44876.47,ach_remittance
RPY-0010010,ORG-200926,PTR-005,2022-11-23,3928.42,48804.89,ach_remittance
RPY-0010011,ORG-200926,PTR-005,2022-11-30,4918.12,53723.01,ach_remittance
RPY-0010012,ORG-200926,PTR-005,2022-12-07,5785.11,59508.12,ach_remittance
RPY-0010013,ORG-200926,PTR-005,2022-12-14,3357.67,62865.79,ach_remittance
RPY-0010014,ORG-200926,PTR-005,2022-12-21,5189.47,68055.26,ach_remittance
RPY-0010015,ORG-200926,PTR-005,2022-12-28,3682.08,71737.34,ach_remittance
RPY-0010016,ORG-200927,PTR-003,2022-04-28,5819.28,5819.28,ach_remittance
RPY-0010017,ORG-200927,PTR-003,2022-05-05,4167.3,9986.58,ach_remittance
RPY-0010018,ORG-200927,PTR-003,2022-05-12,5098.76,15085.34,ach_remittance
RPY-0010019,ORG-200927,PTR-003,2022-05-19,3657.48,18742.82,ach_remittance
RPY-0010020,ORG-200927,PTR-003,2022-05-26,3509.75,22252.57,ach_remittance
RPY-0010021,ORG-200927,PTR-003,2022-06-02,3543.78,25796.35,ach_remittance
RPY-0010022,ORG-200927,PTR-003,2022-06-09,4065.62,29861.97,ach_remittance
RPY-0010023,ORG-200927,PTR-003,2022-06-16,6228.15,36090.12,ach_remittance
RPY-0010024,ORG-200927,PTR-003,2022-06-23,5939.61,42029.73,ach_remittance
RPY-0010025,ORG-200927,PTR-003,2022-06-30,3374.19,45403.92,manual_payment
RPY-0010026,ORG-200927,PTR-003,2022-07-07,3277.26,48681.18,ach_remittance
RPY-0010027,ORG-200927,PTR-003,2022-07-14,5883.77,54564.95,ach_remittance
RPY-0010028,ORG-200928,PTR-004,2023-12-20,8654.01,8654.01,ach_remittance
RPY-0010029,ORG-200928,PTR-004,2023-12-27,7667.97,16321.98,ach_remittance
RPY-0010030,ORG-200928,PTR-004,2024-01-03,5937.96,22259.94,ach_remittance
RPY-0010031,ORG-200928,PTR-004,2024-01-10,5954.13,28214.07,ach_remittance
RPY-0010032,ORG-200928,PTR-004,2024-01-17,7659.94,35874.01,ach_remittance
RPY-0010033,ORG-200928,PTR-004,2024-01-24,5879.91,41753.92,ach_remittance
RPY-0010034,ORG-200929,PTR-002,2025-11-24,3391.53,3391.53,ach_remittance
RPY-0010035,ORG-200929,PTR-002,2025-12-01,3263.92,6655.45,ach_remittance
RPY-0010036,ORG-200929,PTR-002,2025-12-08,6444.94,13100.39,ach_remittance
RPY-0010037,ORG-200929,PTR-002,2025-12-15,4844.65,17945.04,ach_remittance
RPY-0010038,ORG-200929,PTR-002,2025-12-22,5737.14,23682.18,ach_remittance
RPY-0010039,ORG-200929,PTR-002,2025-12-29,3041.53,26723.71,ach_remittance
RPY-0010040,ORG-200929,PTR-002,2026-01-05,5221.8,31945.51,ach_remittance
RPY-0010041,ORG-200929,PTR-002,2026-01-12,4243.28,36188.79,ach_remittance
RPY-0010042,ORG-200929,PTR-002,2026-01-19,7225.29,43414.08,ach_remittance
RPY-0010043,ORG-200930,PTR-003,2022-08-27,1983.57,1983.57,ach_remittance
RPY-0010044,ORG-200930,PTR-003,2022-09-03,1132.08,3115.65,ach_remittance
RPY-0010045,ORG-200930,PTR-003,2022-09-10,1940.12,5055.77,ach_remittance
RPY-0010046,ORG-200930,PTR-003,2022-09-17,1474.43,6530.2,ach_remittance
RPY-0010047,ORG-200930,PTR-003,2022-09-24,1762.82,8293.02,ach_remittance
RPY-0010048,ORG-200930,PTR-003,2022-10-01,947.84,9240.86,manual_payment
RPY-0010049,ORG-200930,PTR-003,2022-10-08,1613.83,10854.69,ach_remittance
RPY-0010050,ORG-200930,PTR-003,2022-10-15,1141.01,11995.7,ach_remittance
RPY-0010051,ORG-200931,PTR-002,2022-11-21,2397.5,2397.5,ach_remittance
RPY-0010052,ORG-200931,PTR-002,2022-11-28,1761.48,4158.98,manual_payment
RPY-0010053,ORG-200931,PTR-002,2022-12-05,2052.19,6211.17,ach_remittance
RPY-0010054,ORG-200931,PTR-002,2022-12-12,2024.64,8235.81,manual_payment
RPY-0010055,ORG-200931,PTR-002,2022-12-19,1713.43,9949.24,ach_remittance
RPY-0010056,ORG-200931,PTR-002,2022-12-26,2917.25,12866.49,ach_remittance
RPY-0010057,ORG-200931,PTR-002,2023-01-02,1921.67,14788.16,manual_payment
RPY-0010058,ORG-200931,PTR-002,2023-01-09,2667.74,17455.9,ach_remittance
RPY-0010059,ORG-200931,PTR-002,2023-01-16,1897.18,19353.08,ach_remittance
RPY-0010060,ORG-200931,PTR-002,2023-01-23,2064.92,21418.0,ach_remittance
RPY-0010061,ORG-200931,PTR-002,2023-01-30,2899.47,24317.47,ach_remittance
RPY-0010062,ORG-200931,PTR-002,2023-02-06,2037.05,26354.52,ach_remittance
RPY-0010063,ORG-200931,PTR-002,2023-02-13,2640.5,28995.02,ach_remittance
RPY-0010064,ORG-200931,PTR-002,2023-02-20,2599.3,31594.32,ach_remittance
RPY-0010065,ORG-200931,PTR-002,2023-02-27,1336.14,32930.46,ach_remittance
RPY-0010066,ORG-200931,PTR-002,2023-03-06,2915.65,35846.11,ach_remittance
RPY-0010067,ORG-200931,PTR-002,2023-03-13,2940.48,38786.59,ach_remittance
RPY-0010068,ORG-200931,PTR-002,2023-03-20,889.97,39676.56,ach_remittance
RPY-0010069,ORG-200932,PTR-001,2024-07-25,392.18,392.18,ach_remittance
RPY-0010070,ORG-200932,PTR-001,2024-08-01,280.27,672.45,ach_remittance
RPY-0010071,ORG-200932,PTR-001,2024-08-08,332.89,1005.34,ach_remittance
RPY-0010072,ORG-200932,PTR-001,2024-08-15,363.54,1368.88,ach_remittance
RPY-0010073,ORG-200932,PTR-001,2024-08-22,346.79,1715.67,ach_remittance
RPY-0010074,ORG-200932,PTR-001,2024-08-29,321.68,2037.35,ach_remittance
RPY-0010075,ORG-200932,PTR-001,2024-09-05,364.7,2402.05,ach_remittance
RPY-0010076,ORG-200932,PTR-001,2024-09-12,407.43,2809.48,ach_remittance
RPY-0010077,ORG-200932,PTR-001,2024-09-19,18.37,2827.85,ach_remittance
RPY-0010078,ORG-200933,PTR-001,2026-03-23,2233.95,2233.95,ach_remittance
RPY-0010079,ORG-200933,PTR-001,2026-03-30,1144.84,3378.79,manual_payment
RPY-0010080,ORG-200933,PTR-001,2026-04-06,1957.03,5335.82,ach_remittance
RPY-0010081,ORG-200933,PTR-001,2026-04-13,2137.27,7473.09,ach_remittance
RPY-0010082,ORG-200933,PTR-001,2026-04-20,843.41,8316.5,manual_payment
RPY-0010083,ORG-200934,PTR-006,2024-05-10,1805.77,1805.77,ach_remittance
RPY-0010084,ORG-200934,PTR-006,2024-05-17,1894.89,3700.66,ach_remittance
RPY-0010085,ORG-200934,PTR-006,2024-05-24,2059.52,5760.18,ach_remittance
RPY-0010086,ORG-200934,PTR-006,2024-05-31,1275.74,7035.92,ach_remittance
RPY-0010087,ORG-200934,PTR-006,2024-06-07,2795.32,9831.24,ach_remittance
RPY-0010088,ORG-200934,PTR-006,2024-06-14,2577.35,12408.59,ach_remittance
RPY-0010089,ORG-200934,PTR-006,2024-06-21,2034.74,14443.33,ach_remittance
RPY-0010090,ORG-200934,PTR-006,2024-06-28,2501.0,16944.33,ach_remittance
RPY-0010091,ORG-200935,PTR-002,2022-12-21,526.62,526.62,ach_remittance
RPY-0010092,ORG-200935,PTR-002,2022-12-28,565.72,1092.34,ach_remittance
RPY-0010093,ORG-200935,PTR-002,2023-01-04,445.48,1537.82,ach_remittance
RPY-0010094,ORG-200935,PTR-002,2023-01-11,406.09,1943.91,ach_remittance
RPY-0010095,ORG-200935,PTR-002,2023-01-18,436.57,2380.48,ach_remittance
RPY-0010096,ORG-200935,PTR-002,2023-01-25,159.52,2540.0,ach_remittance
RPY-0010097,ORG-200936,PTR-004,2022-05-29,401.45,401.45,ach_remittance
RPY-0010098,ORG-200936,PTR-004,2022-06-05,365.58,767.03,ach_remittance
RPY-0010099,ORG-200936,PTR-004,2022-06-12,370.19,1137.22,ach_remittance
RPY-0010100,ORG-200936,PTR-004,2022-06-19,272.16,1409.38,ach_remittance
RPY-0010101,ORG-200936,PTR-004,2022-06-26,337.87,1747.25,ach_remittance
RPY-0010102,ORG-200936,PTR-004,2022-07-03,447.36,2194.61,ach_remittance
RPY-0010103,ORG-200936,PTR-004,2022-07-10,340.99,2535.6,ach_remittance
RPY-0010104,ORG-200936,PTR-004,2022-07-17,399.34,2934.94,ach_remittance
RPY-0010105,ORG-200936,PTR-004,2022-07-24,286.53,3221.47,ach_remittance
RPY-0010106,ORG-200936,PTR-004,2022-07-31,396.83,3618.3,ach_remittance
RPY-0010107,ORG-200936,PTR-004,2022-08-07,285.44,3903.74,ach_remittance
RPY-0010108,ORG-200936,PTR-004,2022-08-14,301.52,4205.26,ach_remittance
RPY-0010109,ORG-200936,PTR-004,2022-08-21,406.62,4611.88,ach_remittance
RPY-0010110,ORG-200936,PTR-004,2022-08-28,458.83,5070.71,ach_remittance
RPY-0010111,ORG-200936,PTR-004,2022-09-04,45.92,5116.63,manual_payment
RPY-0010112,ORG-200937,PTR-004,2026-01-24,130.51,130.51,ach_remittance
RPY-0010113,ORG-200937,PTR-004,2026-01-31,71.75,202.26,ach_remittance
RPY-0010114,ORG-200937,PTR-004,2026-02-07,155.54,357.8,ach_remittance
RPY-0010115,ORG-200937,PTR-004,2026-02-14,104.75,462.55,ach_remittance
RPY-0010116,ORG-200937,PTR-004,2026-02-21,158.04,620.59,ach_remittance
RPY-0010117,ORG-200937,PTR-004,2026-02-28,109.66,730.25,ach_remittance
RPY-0010118,ORG-200937,PTR-004,2026-03-07,71.19,801.44,ach_remittance
RPY-0010119,ORG-200937,PTR-004,2026-03-14,160.86,962.3,ach_remittance
RPY-0010120,ORG-200937,PTR-004,2026-03-21,142.19,1104.49,ach_remittance
RPY-0010121,ORG-200937,PTR-004,2026-03-28,69.64,1174.13,ach_remittance
RPY-0010122,ORG-200937,PTR-004,2026-04-04,123.85,1297.98,ach_remittance
RPY-0010123,ORG-200937,PTR-004,2026-04-11,69.66,1367.64,ach_remittance
RPY-0010124,ORG-200937,PTR-004,2026-04-18,129.77,1497.41,manual_payment
RPY-0010125,ORG-200937,PTR-004,2026-04-25,149.99,1647.4,ach_remittance
RPY-0010126,ORG-200937,PTR-004,2026-05-02,115.53,1762.93,ach_remittance
RPY-0010127,ORG-200937,PTR-004,2026-05-09,84.88,1847.81,manual_payment
RPY-0010128,ORG-200937,PTR-004,2026-05-16,155.24,2003.05,ach_remittance
RPY-0010129,ORG-200937,PTR-004,2026-05-23,131.0,2134.05,ach_remittance
RPY-0010130,ORG-200937,PTR-004,2026-05-30,112.33,2246.38,ach_remittance
RPY-0010131,ORG-200937,PTR-004,2026-06-06,115.18,2361.56,manual_payment
RPY-0010132,ORG-200937,PTR-004,2026-06-13,65.34,2426.9,ach_remittance
RPY-0010133,ORG-200938,PTR-005,2025-05-20,1563.74,1563.74,ach_remittance
RPY-0010134,ORG-200938,PTR-005,2025-05-27,1913.61,3477.35,ach_remittance
RPY-0010135,ORG-200938,PTR-005,2025-06-03,2702.03,6179.38,ach_remittance
RPY-0010136,ORG-200938,PTR-005,2025-06-10,3111.02,9290.4,ach_remittance
RPY-0010137,ORG-200938,PTR-005,2025-06-17,3497.52,12787.92,ach_remittance
RPY-0010138,ORG-200938,PTR-005,2025-06-24,1807.14,14595.06,ach_remittance
RPY-0010139,ORG-200938,PTR-005,2025-07-01,3146.79,17741.85,ach_remittance
RPY-0010140,ORG-200938,PTR-005,2025-07-08,2353.17,20095.02,ach_remittance
RPY-0010141,ORG-200939,PTR-003,2023-12-29,4019.48,4019.48,ach_remittance
RPY-0010142,ORG-200939,PTR-003,2024-01-05,4770.19,8789.67,ach_remittance
RPY-0010143,ORG-200939,PTR-003,2024-01-12,5987.8,14777.47,ach_remittance
RPY-0010144,ORG-200939,PTR-003,2024-01-19,4410.69,19188.16,ach_remittance
RPY-0010145,ORG-200939,PTR-003,2024-01-26,6110.17,25298.33,ach_remittance
RPY-0010146,ORG-200939,PTR-003,2024-02-02,5824.0,31122.33,ach_remittance
RPY-0010147,ORG-200939,PTR-003,2024-02-09,5915.72,37038.05,ach_remittance
RPY-0010148,ORG-200939,PTR-003,2024-02-16,4847.54,41885.59,ach_remittance
RPY-0010149,ORG-200939,PTR-003,2024-02-23,4643.74,46529.33,ach_remittance
RPY-0010150,ORG-200939,PTR-003,2024-03-01,6407.1,52936.43,ach_remittance
RPY-0010151,ORG-200939,PTR-003,2024-03-08,6707.09,59643.52,ach_remittance
RPY-0010152,ORG-200939,PTR-003,2024-03-15,6105.8,65749.32,ach_remittance
RPY-0010153,ORG-200939,PTR-003,2024-03-22,4627.01,70376.33,ach_remittance
RPY-0010154,ORG-200939,PTR-003,2024-03-29,6240.23,76616.56,ach_remittance
RPY-0010155,ORG-200939,PTR-003,2024-04-05,4105.69,80722.25,ach_remittance
RPY-0010156,ORG-200939,PTR-003,2024-04-12,13208.42,93930.67,ach_remittance
RPY-0010157,ORG-200940,PTR-001,2024-05-17,2750.82,2750.82,ach_remittance
RPY-0010158,ORG-200940,PTR-001,2024-05-24,2254.81,5005.63,ach_remittance
RPY-0010159,ORG-200940,PTR-001,2024-05-31,2849.58,7855.21,ach_remittance
RPY-0010160,ORG-200940,PTR-001,2024-06-07,3741.39,11596.6,manual_payment
RPY-0010161,ORG-200940,PTR-001,2024-06-14,3983.55,15580.15,ach_remittance
RPY-0010162,ORG-200940,PTR-001,2024-06-21,3623.4,19203.55,ach_remittance
RPY-0010163,ORG-200940,PTR-001,2024-06-28,4388.76,23592.31,ach_remittance
RPY-0010164,ORG-200940,PTR-001,2024-07-05,2821.26,26413.57,ach_remittance
RPY-0010165,ORG-200940,PTR-001,2024-07-12,5795.1,32208.67,ach_remittance
RPY-0010166,ORG-200941,PTR-006,2024-04-12,980.91,980.91,ach_remittance
RPY-0010167,ORG-200941,PTR-006,2024-04-19,903.49,1884.4,ach_remittance
RPY-0010168,ORG-200941,PTR-006,2024-04-26,1785.34,3669.74,ach_remittance
RPY-0010169,ORG-200941,PTR-006,2024-05-03,919.26,4589.0,ach_remittance
RPY-0010170,ORG-200941,PTR-006,2024-05-10,1233.17,5822.17,ach_remittance
RPY-0010171,ORG-200941,PTR-006,2024-05-17,1946.69,7768.86,ach_remittance
RPY-0010172,ORG-200942,PTR-001,2024-09-21,4481.59,4481.59,ach_remittance
RPY-0010173,ORG-200942,PTR-001,2024-09-28,3013.91,7495.5,ach_remittance
RPY-0010174,ORG-200942,PTR-001,2024-10-05,2996.77,10492.27,ach_remittance
RPY-0010175,ORG-200942,PTR-001,2024-10-12,3822.55,14314.82,ach_remittance
RPY-0010176,ORG-200942,PTR-001,2024-10-19,3887.99,18202.81,ach_remittance
RPY-0010177,ORG-200942,PTR-001,2024-10-26,4555.73,22758.54,ach_remittance
RPY-0010178,ORG-200942,PTR-001,2024-11-02,2976.94,25735.48,ach_remittance
RPY-0010179,ORG-200942,PTR-001,2024-11-09,4005.99,29741.47,ach_remittance
RPY-0010180,ORG-200942,PTR-001,2024-11-16,3238.79,32980.26,ach_remittance
RPY-0010181,ORG-200942,PTR-001,2024-11-23,3301.32,36281.58,ach_remittance
RPY-0010182,ORG-200942,PTR-001,2024-11-30,13715.25,49996.83,ach_remittance
RPY-0010183,ORG-200943,PTR-006,2025-04-02,3224.89,3224.89,ach_remittance
RPY-0010184,ORG-200943,PTR-006,2025-04-09,3395.13,6620.02,ach_remittance
RPY-0010185,ORG-200943,PTR-006,2025-04-16,2531.1,9151.12,ach_remittance
RPY-0010186,ORG-200943,PTR-006,2025-04-23,2260.96,11412.08,ach_remittance
RPY-0010187,ORG-200943,PTR-006,2025-04-30,1922.9,13334.98,ach_remittance
RPY-0010188,ORG-200943,PTR-006,2025-05-07,2739.76,16074.74,ach_remittance
RPY-0010189,ORG-200943,PTR-006,2025-05-14,3051.75,19126.49,manual_payment
RPY-0010190,ORG-200943,PTR-006,2025-05-21,2884.57,22011.06,manual_payment
RPY-0010191,ORG-200943,PTR-006,2025-05-28,1761.8,23772.86,ach_remittance
RPY-0010192,ORG-200943,PTR-006,2025-06-04,2947.15,26720.01,ach_remittance
RPY-0010193,ORG-200943,PTR-006,2025-06-11,2698.5,29418.51,ach_remittance
RPY-0010194,ORG-200943,PTR-006,2025-06-18,3129.68,32548.19,ach_remittance
RPY-0010195,ORG-200943,PTR-006,2025-06-25,3285.68,35833.87,manual_payment
RPY-0010196,ORG-200943,PTR-006,2025-07-02,3147.98,38981.85,ach_remittance
RPY-0010197,ORG-200943,PTR-006,2025-07-09,2467.82,41449.67,ach_remittance
RPY-0010198,ORG-200943,PTR-006,2025-07-16,2684.18,44133.85,ach_remittance
RPY-0010199,ORG-200943,PTR-006,2025-07-23,3319.59,47453.44,ach_remittance
RPY-0010200,ORG-200943,PTR-006,2025-07-30,1895.96,49349.4,ach_remittance
RPY-0010201,ORG-200943,PTR-006,2025-08-06,3141.53,52490.93,ach_remittance
RPY-0010202,ORG-200943,PTR-006,2025-08-13,1587.92,54078.85,ach_remittance
RPY-0010203,ORG-200944,PTR-002,2024-02-03,6580.71,6580.71,ach_remittance
RPY-0010204,ORG-200944,PTR-002,2024-02-10,4207.9,10788.61,ach_remittance
RPY-0010205,ORG-200944,PTR-002,2024-02-17,5835.46,16624.07,ach_remittance
RPY-0010206,ORG-200944,PTR-002,2024-02-24,4271.23,20895.3,ach_remittance
RPY-0010207,ORG-200944,PTR-002,2024-03-02,6734.77,27630.07,ach_remittance
RPY-0010208,ORG-200944,PTR-002,2024-03-09,7061.85,34691.92,manual_payment
RPY-0010209,ORG-200944,PTR-002,2024-03-16,3767.64,38459.56,ach_remittance
RPY-0010210,ORG-200944,PTR-002,2024-03-23,3981.42,42440.98,ach_remittance
RPY-0010211,ORG-200944,PTR-002,2024-03-30,6265.6,48706.58,ach_remittance
RPY-0010212,ORG-200944,PTR-002,2024-04-06,2050.12,50756.7,ach_remittance
RPY-0010213,ORG-200945,PTR-002,2024-03-02,3770.83,3770.83,ach_remittance
RPY-0010214,ORG-200945,PTR-002,2024-03-09,3848.03,7618.86,ach_remittance
RPY-0010215,ORG-200945,PTR-002,2024-03-16,3488.26,11107.12,ach_remittance
RPY-0010216,ORG-200945,PTR-002,2024-03-23,1945.98,13053.1,manual_payment
RPY-0010217,ORG-200945,PTR-002,2024-03-30,3746.46,16799.56,ach_remittance
RPY-0010218,ORG-200945,PTR-002,2024-04-06,3100.13,19899.69,ach_remittance
RPY-0010219,ORG-200945,PTR-002,2024-04-13,1948.01,21847.7,ach_remittance
RPY-0010220,ORG-200945,PTR-002,2024-04-20,3703.64,25551.34,ach_remittance
RPY-0010221,ORG-200945,PTR-002,2024-04-27,2284.43,27835.77,ach_remittance
RPY-0010222,ORG-200945,PTR-002,2024-05-04,2454.26,30290.03,ach_remittance
RPY-0010223,ORG-200945,PTR-002,2024-05-11,2030.49,32320.52,ach_remittance
RPY-0010224,ORG-200945,PTR-002,2024-05-18,4041.09,36361.61,ach_remittance
RPY-0010225,ORG-200945,PTR-002,2024-05-25,3361.7,39723.31,ach_remittance
RPY-0010226,ORG-200945,PTR-002,2024-06-01,2793.57,42516.88,ach_remittance
RPY-0010227,ORG-200945,PTR-002,2024-06-08,3055.76,45572.64,manual_payment
RPY-0010228,ORG-200946,PTR-005,2024-01-14,711.31,711.31,ach_remittance
RPY-0010229,ORG-200947,PTR-005,2025-02-04,4826.87,4826.87,ach_remittance
RPY-0010230,ORG-200947,PTR-005,2025-02-11,4714.27,9541.14,ach_remittance
RPY-0010231,ORG-200947,PTR-005,2025-02-18,3737.56,13278.7,ach_remittance
RPY-0010232,ORG-200947,PTR-005,2025-02-25,3873.97,17152.67,ach_remittance
RPY-0010233,ORG-200947,PTR-005,2025-03-04,6263.56,23416.23,ach_remittance
RPY-0010234,ORG-200947,PTR-005,2025-03-11,5961.6,29377.83,ach_remittance
RPY-0010235,ORG-200947,PTR-005,2025-03-18,5607.73,34985.56,ach_remittance
RPY-0010236,ORG-200947,PTR-005,2025-03-25,4625.83,39611.39,ach_remittance
RPY-0010237,ORG-200947,PTR-005,2025-04-01,10706.09,50317.48,ach_remittance
RPY-0010238,ORG-200948,PTR-005,2022-12-06,6509.96,6509.96,ach_remittance
RPY-0010239,ORG-200948,PTR-005,2022-12-13,4893.2,11403.16,ach_remittance
RPY-0010240,ORG-200948,PTR-005,2022-12-20,6812.97,18216.13,ach_remittance
RPY-0010241,ORG-200948,PTR-005,2022-12-27,5734.33,23950.46,ach_remittance
RPY-0010242,ORG-200948,PTR-005,2023-01-03,6797.28,30747.74,ach_remittance
RPY-0010243,ORG-200948,PTR-005,2023-01-10,6188.75,36936.49,ach_remittance
RPY-0010244,ORG-200948,PTR-005,2023-01-17,5680.48,42616.97,manual_payment
RPY-0010245,ORG-200948,PTR-005,2023-01-24,7010.26,49627.23,ach_remittance
RPY-0010246,ORG-200948,PTR-005,2023-01-31,11392.25,61019.48,ach_remittance
RPY-0010247,ORG-200949,PTR-005,2022-09-18,2966.16,2966.16,ach_remittance
RPY-0010248,ORG-200949,PTR-005,2022-09-25,2721.31,5687.47,ach_remittance
RPY-0010249,ORG-200949,PTR-005,2022-10-02,5175.02,10862.49,manual_payment
RPY-0010250,ORG-200949,PTR-005,2022-10-09,2557.33,13419.82,ach_remittance
RPY-0010251,ORG-200949,PTR-005,2022-10-16,2796.03,16215.85,ach_remittance
RPY-0010252,ORG-200949,PTR-005,2022-10-23,3631.78,19847.63,ach_remittance
RPY-0010253,ORG-200949,PTR-005,2022-10-30,4781.39,24629.02,ach_remittance
RPY-0010254,ORG-200949,PTR-005,2022-11-06,3106.16,27735.18,ach_remittance
RPY-0010255,ORG-200949,PTR-005,2022-11-13,3153.05,30888.23,ach_remittance
RPY-0010256,ORG-200949,PTR-005,2022-11-20,2402.1,33290.33,ach_remittance
RPY-0010257,ORG-200949,PTR-005,2022-11-27,5140.29,38430.62,ach_remittance
RPY-0010258,ORG-200949,PTR-005,2022-12-04,8831.82,47262.44,ach_remittance
RPY-0010259,ORG-200950,PTR-004,2026-04-08,1021.8,1021.8,ach_remittance
RPY-0010260,ORG-200950,PTR-004,2026-04-15,626.75,1648.55,ach_remittance
RPY-0010261,ORG-200950,PTR-004,2026-04-22,901.09,2549.64,ach_remittance
RPY-0010262,ORG-200950,PTR-004,2026-04-29,702.39,3252.03,ach_remittance
RPY-0010263,ORG-200950,PTR-004,2026-05-06,752.64,4004.67,ach_remittance
RPY-0010264,ORG-200950,PTR-004,2026-05-13,1336.83,5341.5,ach_remittance
RPY-0010265,ORG-200950,PTR-004,2026-05-20,1192.03,6533.53,ach_remittance
RPY-0010266,ORG-200950,PTR-004,2026-05-27,1406.49,7940.02,ach_remittance
RPY-0010267,ORG-200951,PTR-004,2023-01-08,1315.15,1315.15,ach_remittance
RPY-0010268,ORG-200951,PTR-004,2023-01-15,1588.93,2904.08,manual_payment
RPY-0010269,ORG-200951,PTR-004,2023-01-22,2528.37,5432.45,ach_remittance
RPY-0010270,ORG-200951,PTR-004,2023-01-29,1260.87,6693.32,ach_remittance
RPY-0010271,ORG-200951,PTR-004,2023-02-05,2548.91,9242.23,ach_remittance
RPY-0010272,ORG-200951,PTR-004,2023-02-12,2645.76,11887.99,ach_remittance
RPY-0010273,ORG-200951,PTR-004,2023-02-19,1467.51,13355.5,ach_remittance
RPY-0010274,ORG-200951,PTR-004,2023-02-26,3047.82,16403.32,ach_remittance
RPY-0010275,ORG-200952,PTR-002,2025-05-07,1626.48,1626.48,ach_remittance
RPY-0010276,ORG-200952,PTR-002,2025-05-14,2064.6,3691.08,ach_remittance
RPY-0010277,ORG-200952,PTR-002,2025-05-21,1827.7,5518.78,ach_remittance
RPY-0010278,ORG-200952,PTR-002,2025-05-28,1284.37,6803.15,ach_remittance
RPY-0010279,ORG-200952,PTR-002,2025-06-04,1171.93,7975.08,ach_remittance
RPY-0010280,ORG-200952,PTR-002,2025-06-11,2121.72,10096.8,ach_remittance
RPY-0010281,ORG-200952,PTR-002,2025-06-18,1291.85,11388.65,ach_remittance
RPY-0010282,ORG-200952,PTR-002,2025-06-25,1293.2,12681.85,ach_remittance
RPY-0010283,ORG-200952,PTR-002,2025-07-02,1258.46,13940.31,ach_remittance
RPY-0010284,ORG-200952,PTR-002,2025-07-09,1784.24,15724.55,ach_remittance
RPY-0010285,ORG-200952,PTR-002,2025-07-16,1059.25,16783.8,ach_remittance
RPY-0010286,ORG-200952,PTR-002,2025-07-23,2042.84,18826.64,manual_payment
RPY-0010287,ORG-200952,PTR-002,2025-07-30,3488.69,22315.33,ach_remittance
RPY-0010288,ORG-200953,PTR-002,2025-04-06,6910.2,6910.2,ach_remittance
RPY-0010289,ORG-200953,PTR-002,2025-04-13,5241.16,12151.36,ach_remittance
RPY-0010290,ORG-200953,PTR-002,2025-04-20,3981.1,16132.46,manual_payment
RPY-0010291,ORG-200953,PTR-002,2025-04-27,6014.76,22147.22,ach_remittance
RPY-0010292,ORG-200953,PTR-002,2025-05-04,6933.09,29080.31,ach_remittance
RPY-0010293,ORG-200953,PTR-002,2025-05-11,5549.45,34629.76,ach_remittance
RPY-0010294,ORG-200953,PTR-002,2025-05-18,8534.28,43164.04,ach_remittance
RPY-0010295,ORG-200954,PTR-003,2026-05-01,2092.29,2092.29,ach_remittance
RPY-0010296,ORG-200954,PTR-003,2026-05-08,3651.08,5743.37,manual_payment
RPY-0010297,ORG-200954,PTR-003,2026-05-15,4207.04,9950.41,ach_remittance
RPY-0010298,ORG-200954,PTR-003,2026-05-22,2828.63,12779.04,ach_remittance
RPY-0010299,ORG-200954,PTR-003,2026-05-29,4116.67,16895.71,ach_remittance
RPY-0010300,ORG-200954,PTR-003,2026-06-05,3079.53,19975.24,ach_remittance
RPY-0010301,ORG-200954,PTR-003,2026-06-12,2337.76,22313.0,ach_remittance
RPY-0010302,ORG-200954,PTR-003,2026-06-19,4326.08,26639.08,ach_remittance
RPY-0010303,ORG-200954,PTR-003,2026-06-26,4100.85,30739.93,ach_remittance
RPY-0010304,ORG-200954,PTR-003,2026-07-03,3025.21,33765.14,manual_payment
RPY-0010305,ORG-200954,PTR-003,2026-07-10,3196.81,36961.95,ach_remittance
RPY-0010306,ORG-200954,PTR-003,2026-07-17,4252.76,41214.71,ach_remittance
RPY-0010307,ORG-200955,PTR-006,2024-04-10,220.49,220.49,ach_remittance
RPY-0010308,ORG-200955,PTR-006,2024-04-17,430.64,651.13,ach_remittance
RPY-0010309,ORG-200955,PTR-006,2024-04-24,360.2,1011.33,ach_remittance
RPY-0010310,ORG-200955,PTR-006,2024-05-01,485.08,1496.41,ach_remittance
RPY-0010311,ORG-200955,PTR-006,2024-05-08,286.49,1782.9,ach_remittance
RPY-0010312,ORG-200955,PTR-006,2024-05-15,469.0,2251.9,ach_remittance
RPY-0010313,ORG-200955,PTR-006,2024-05-22,363.41,2615.31,ach_remittance
RPY-0010314,ORG-200955,PTR-006,2024-05-29,469.64,3084.95,ach_remittance
RPY-0010315,ORG-200955,PTR-006,2024-06-05,179.7,3264.65,ach_remittance
RPY-0010316,ORG-200956,PTR-002,2025-09-08,2205.42,2205.42,ach_remittance
RPY-0010317,ORG-200956,PTR-002,2025-09-15,2847.95,5053.37,ach_remittance
RPY-0010318,ORG-200956,PTR-002,2025-09-22,3201.48,8254.85,ach_remittance
RPY-0010319,ORG-200956,PTR-002,2025-09-29,1777.09,10031.94,ach_remittance
RPY-0010320,ORG-200956,PTR-002,2025-10-06,1640.32,11672.26,ach_remittance
RPY-0010321,ORG-200956,PTR-002,2025-10-13,2996.79,14669.05,ach_remittance
RPY-0010322,ORG-200956,PTR-002,2025-10-20,2344.95,17014.0,ach_remittance
RPY-0010323,ORG-200956,PTR-002,2025-10-27,2494.74,19508.74,ach_remittance
RPY-0010324,ORG-200956,PTR-002,2025-11-03,2979.08,22487.82,manual_payment
RPY-0010325,ORG-200957,PTR-003,2023-11-23,3521.4,3521.4,ach_remittance
RPY-0010326,ORG-200957,PTR-003,2023-11-30,2709.74,6231.14,ach_remittance
RPY-0010327,ORG-200957,PTR-003,2023-12-07,4474.24,10705.38,ach_remittance
RPY-0010328,ORG-200957,PTR-003,2023-12-14,2681.7,13387.08,ach_remittance
RPY-0010329,ORG-200957,PTR-003,2023-12-21,3655.45,17042.53,ach_remittance
RPY-0010330,ORG-200957,PTR-003,2023-12-28,5111.65,22154.18,ach_remittance
RPY-0010331,ORG-200957,PTR-003,2024-01-04,5817.85,27972.03,ach_remittance
RPY-0010332,ORG-200957,PTR-003,2024-01-11,6913.52,34885.55,ach_remittance
RPY-0010333,ORG-200958,PTR-003,2024-07-08,337.54,337.54,manual_payment
RPY-0010334,ORG-200958,PTR-003,2024-07-15,476.41,813.95,ach_remittance
RPY-0010335,ORG-200958,PTR-003,2024-07-22,582.69,1396.64,ach_remittance
RPY-0010336,ORG-200958,PTR-003,2024-07-29,346.9,1743.54,ach_remittance
RPY-0010337,ORG-200958,PTR-003,2024-08-05,278.57,2022.11,ach_remittance
RPY-0010338,ORG-200958,PTR-003,2024-08-12,383.69,2405.8,ach_remittance
RPY-0010339,ORG-200958,PTR-003,2024-08-19,348.14,2753.94,ach_remittance
RPY-0010340,ORG-200958,PTR-003,2024-08-26,381.54,3135.48,ach_remittance
RPY-0010341,ORG-200958,PTR-003,2024-09-02,419.83,3555.31,manual_payment
RPY-0010342,ORG-200958,PTR-003,2024-09-09,287.39,3842.7,manual_payment
RPY-0010343,ORG-200958,PTR-003,2024-09-16,1127.92,4970.62,ach_remittance
RPY-0010344,ORG-200959,PTR-001,2022-04-14,5462.37,5462.37,ach_remittance
RPY-0010345,ORG-200959,PTR-001,2022-04-21,2742.59,8204.96,ach_remittance
RPY-0010346,ORG-200959,PTR-001,2022-04-28,5342.38,13547.34,ach_remittance
RPY-0010347,ORG-200959,PTR-001,2022-05-05,5031.63,18578.97,ach_remittance
RPY-0010348,ORG-200959,PTR-001,2022-05-12,2750.63,21329.6,manual_payment
RPY-0010349,ORG-200959,PTR-001,2022-05-19,3523.19,24852.79,ach_remittance
RPY-0010350,ORG-200959,PTR-001,2022-05-26,4563.49,29416.28,ach_remittance
RPY-0010351,ORG-200959,PTR-001,2022-06-02,4217.15,33633.43,ach_remittance
RPY-0010352,ORG-200959,PTR-001,2022-06-09,5282.54,38915.97,ach_remittance
RPY-0010353,ORG-200959,PTR-001,2022-06-16,4577.67,43493.64,ach_remittance
RPY-0010354,ORG-200959,PTR-001,2022-06-23,4914.62,48408.26,ach_remittance
RPY-0010355,ORG-200959,PTR-001,2022-06-30,2357.09,50765.35,ach_remittance
RPY-0010356,ORG-200960,PTR-003,2024-07-30,1765.97,1765.97,ach_remittance
RPY-0010357,ORG-200960,PTR-003,2024-08-06,2174.39,3940.36,ach_remittance
RPY-0010358,ORG-200960,PTR-003,2024-08-13,1933.68,5874.04,ach_remittance
RPY-0010359,ORG-200960,PTR-003,2024-08-20,2434.83,8308.87,ach_remittance
RPY-0010360,ORG-200960,PTR-003,2024-08-27,3745.97,12054.84,ach_remittance
RPY-0010361,ORG-200960,PTR-003,2024-09-03,1861.38,13916.22,ach_remittance
RPY-0010362,ORG-200960,PTR-003,2024-09-10,2690.59,16606.81,ach_remittance
RPY-0010363,ORG-200960,PTR-003,2024-09-17,2298.69,18905.5,ach_remittance
RPY-0010364,ORG-200960,PTR-003,2024-09-24,3677.79,22583.29,manual_payment
RPY-0010365,ORG-200960,PTR-003,2024-10-01,3818.34,26401.63,ach_remittance
RPY-0010366,ORG-200960,PTR-003,2024-10-08,2571.24,28972.87,ach_remittance
RPY-0010367,ORG-200960,PTR-003,2024-10-15,3183.74,32156.61,ach_remittance
RPY-0010368,ORG-200960,PTR-003,2024-10-22,4089.8,36246.41,ach_remittance
RPY-0010369,ORG-200961,PTR-001,2026-01-22,4543.01,4543.01,ach_remittance
RPY-0010370,ORG-200961,PTR-001,2026-01-29,4155.72,8698.73,ach_remittance
RPY-0010371,ORG-200961,PTR-001,2026-02-05,4118.13,12816.86,manual_payment
RPY-0010372,ORG-200961,PTR-001,2026-02-12,5799.65,18616.51,ach_remittance
RPY-0010373,ORG-200961,PTR-001,2026-02-19,7475.76,26092.27,ach_remittance
RPY-0010374,ORG-200961,PTR-001,2026-02-26,4697.92,30790.19,ach_remittance
RPY-0010375,ORG-200961,PTR-001,2026-03-05,5325.21,36115.4,ach_remittance
RPY-0010376,ORG-200961,PTR-001,2026-03-12,3552.28,39667.68,ach_remittance
RPY-0010377,ORG-200961,PTR-001,2026-03-19,6114.67,45782.35,ach_remittance
RPY-0010378,ORG-200961,PTR-001,2026-03-26,4182.24,49964.59,ach_remittance
RPY-0010379,ORG-200961,PTR-001,2026-04-02,4543.79,54508.38,manual_payment
RPY-0010380,ORG-200961,PTR-001,2026-04-09,11720.85,66229.23,ach_remittance
RPY-0010381,ORG-200962,PTR-003,2024-05-03,6853.2,6853.2,ach_remittance
RPY-0010382,ORG-200962,PTR-003,2024-05-10,9416.11,16269.31,ach_remittance
RPY-0010383,ORG-200962,PTR-003,2024-05-17,8894.9,25164.21,ach_remittance
RPY-0010384,ORG-200962,PTR-003,2024-05-24,9008.42,34172.63,ach_remittance
RPY-0010385,ORG-200962,PTR-003,2024-05-31,9423.69,43596.32,ach_remittance
RPY-0010386,ORG-200962,PTR-003,2024-06-07,9158.8,52755.12,ach_remittance
RPY-0010387,ORG-200962,PTR-003,2024-06-14,6591.82,59346.94,ach_remittance
RPY-0010388,ORG-200962,PTR-003,2024-06-21,7743.11,67090.05,ach_remittance
RPY-0010389,ORG-200962,PTR-003,2024-06-28,1259.61,68349.66,ach_remittance
RPY-0010390,ORG-200963,PTR-003,2023-08-03,11229.72,11229.72,ach_remittance
RPY-0010391,ORG-200963,PTR-003,2023-08-10,8587.38,19817.1,ach_remittance
RPY-0010392,ORG-200963,PTR-003,2023-08-17,5486.49,25303.59,ach_remittance
RPY-0010393,ORG-200963,PTR-003,2023-08-24,11219.65,36523.24,ach_remittance
RPY-0010394,ORG-200963,PTR-003,2023-08-31,7805.46,44328.7,ach_remittance
RPY-0010395,ORG-200963,PTR-003,2023-09-07,6929.64,51258.34,ach_remittance
RPY-0010396,ORG-200963,PTR-003,2023-09-14,8228.65,59486.99,ach_remittance
RPY-0010397,ORG-200963,PTR-003,2023-09-21,8659.92,68146.91,ach_remittance
RPY-0010398,ORG-200963,PTR-003,2023-09-28,5488.76,73635.67,ach_remittance
RPY-0010399,ORG-200963,PTR-003,2023-10-05,8811.47,82447.14,ach_remittance
RPY-0010400,ORG-200964,PTR-005,2026-04-02,2417.18,2417.18,ach_remittance
RPY-0010401,ORG-200964,PTR-005,2026-04-09,2680.36,5097.54,ach_remittance
RPY-0010402,ORG-200964,PTR-005,2026-04-16,3979.78,9077.32,ach_remittance
RPY-0010403,ORG-200964,PTR-005,2026-04-23,3215.28,12292.6,ach_remittance
RPY-0010404,ORG-200964,PTR-005,2026-04-30,3567.17,15859.77,ach_remittance
RPY-0010405,ORG-200964,PTR-005,2026-05-07,3438.03,19297.8,ach_remittance
RPY-0010406,ORG-200964,PTR-005,2026-05-14,1843.91,21141.71,ach_remittance
RPY-0010407,ORG-200964,PTR-005,2026-05-21,2233.54,23375.25,ach_remittance
RPY-0010408,ORG-200964,PTR-005,2026-05-28,3547.78,26923.03,ach_remittance
RPY-0010409,ORG-200964,PTR-005,2026-06-04,3072.55,29995.58,ach_remittance
RPY-0010410,ORG-200964,PTR-005,2026-06-11,3846.4,33841.98,ach_remittance
RPY-0010411,ORG-200964,PTR-005,2026-06-18,2310.17,36152.15,ach_remittance
RPY-0010412,ORG-200964,PTR-005,2026-06-25,2081.06,38233.21,ach_remittance
RPY-0010413,ORG-200964,PTR-005,2026-07-02,2359.04,40592.25,ach_remittance
RPY-0010414,ORG-200964,PTR-005,2026-07-09,1954.12,42546.37,ach_remittance
RPY-0010415,ORG-200964,PTR-005,2026-07-16,2151.45,44697.82,manual_payment
RPY-0010416,ORG-200964,PTR-005,2026-07-23,2686.89,47384.71,ach_remittance
RPY-0010417,ORG-200964,PTR-005,2026-07-30,2273.48,49658.19,ach_remittance
RPY-0010418,ORG-200964,PTR-005,2026-08-06,3573.53,53231.72,ach_remittance
RPY-0010419,ORG-200964,PTR-005,2026-08-13,3887.36,57119.08,ach_remittance
RPY-0010420,ORG-200965,PTR-003,2026-04-11,8354.13,8354.13,ach_remittance
RPY-0010421,ORG-200965,PTR-003,2026-04-18,5933.49,14287.62,ach_remittance
RPY-0010422,ORG-200965,PTR-003,2026-04-25,5486.04,19773.66,ach_remittance
RPY-0010423,ORG-200965,PTR-003,2026-05-02,8097.52,27871.18,ach_remittance
RPY-0010424,ORG-200965,PTR-003,2026-05-09,5667.43,33538.61,ach_remittance
RPY-0010425,ORG-200965,PTR-003,2026-05-16,5586.65,39125.26,ach_remittance
RPY-0010426,ORG-200965,PTR-003,2026-05-23,7456.65,46581.91,ach_remittance
RPY-0010427,ORG-200965,PTR-003,2026-05-30,4316.58,50898.49,ach_remittance
RPY-0010428,ORG-200965,PTR-003,2026-06-06,4506.34,55404.83,manual_payment
RPY-0010429,ORG-200965,PTR-003,2026-06-13,7037.7,62442.53,ach_remittance
RPY-0010430,ORG-200965,PTR-003,2026-06-20,4075.22,66517.75,ach_remittance
RPY-0010431,ORG-200965,PTR-003,2026-06-27,12152.54,78670.29,ach_remittance
RPY-0010432,ORG-200966,PTR-004,2023-07-04,4864.24,4864.24,ach_remittance
RPY-0010433,ORG-200966,PTR-004,2023-07-11,5505.2,10369.44,ach_remittance
RPY-0010434,ORG-200966,PTR-004,2023-07-18,4768.95,15138.39,ach_remittance
RPY-0010435,ORG-200966,PTR-004,2023-07-25,4155.18,19293.57,ach_remittance
RPY-0010436,ORG-200966,PTR-004,2023-08-01,3379.73,22673.3,ach_remittance
RPY-0010437,ORG-200966,PTR-004,2023-08-08,2770.12,25443.42,ach_remittance
RPY-0010438,ORG-200966,PTR-004,2023-08-15,5432.24,30875.66,ach_remittance
RPY-0010439,ORG-200966,PTR-004,2023-08-22,830.25,31705.91,ach_remittance
RPY-0010440,ORG-200967,PTR-005,2026-04-20,1669.37,1669.37,ach_remittance
RPY-0010441,ORG-200967,PTR-005,2026-04-27,1662.43,3331.8,ach_remittance
RPY-0010442,ORG-200967,PTR-005,2026-05-04,1785.68,5117.48,manual_payment
RPY-0010443,ORG-200967,PTR-005,2026-05-11,1112.38,6229.86,ach_remittance
RPY-0010444,ORG-200967,PTR-005,2026-05-18,1728.1,7957.96,ach_remittance
RPY-0010445,ORG-200967,PTR-005,2026-05-25,1377.96,9335.92,manual_payment
RPY-0010446,ORG-200967,PTR-005,2026-06-01,2011.94,11347.86,ach_remittance
RPY-0010447,ORG-200967,PTR-005,2026-06-08,1425.23,12773.09,ach_remittance
RPY-0010448,ORG-200967,PTR-005,2026-06-15,1272.82,14045.91,ach_remittance
RPY-0010449,ORG-200967,PTR-005,2026-06-22,2189.16,16235.07,manual_payment
RPY-0010450,ORG-200968,PTR-002,2026-01-13,7033.53,7033.53,ach_remittance
RPY-0010451,ORG-200968,PTR-002,2026-01-20,7695.46,14728.99,ach_remittance
RPY-0010452,ORG-200968,PTR-002,2026-01-27,5439.8,20168.79,ach_remittance
RPY-0010453,ORG-200968,PTR-002,2026-02-03,7701.16,27869.95,ach_remittance
RPY-0010454,ORG-200968,PTR-002,2026-02-10,2739.89,30609.84,ach_remittance
RPY-0010455,ORG-200969,PTR-003,2024-05-31,2614.44,2614.44,ach_remittance
RPY-0010456,ORG-200969,PTR-003,2024-06-07,2829.18,5443.62,ach_remittance
RPY-0010457,ORG-200969,PTR-003,2024-06-14,1954.53,7398.15,ach_remittance
RPY-0010458,ORG-200969,PTR-003,2024-06-21,2613.62,10011.77,ach_remittance
RPY-0010459,ORG-200969,PTR-003,2024-06-28,3137.07,13148.84,ach_remittance
RPY-0010460,ORG-200969,PTR-003,2024-07-05,2460.51,15609.35,ach_remittance
RPY-0010461,ORG-200969,PTR-003,2024-07-12,2675.95,18285.3,ach_remittance
RPY-0010462,ORG-200969,PTR-003,2024-07-19,3610.12,21895.42,ach_remittance
RPY-0010463,ORG-200969,PTR-003,2024-07-26,2431.0,24326.42,ach_remittance
RPY-0010464,ORG-200969,PTR-003,2024-08-02,2295.55,26621.97,ach_remittance
RPY-0010465,ORG-200969,PTR-003,2024-08-09,1700.71,28322.68,ach_remittance
RPY-0010466,ORG-200969,PTR-003,2024-08-16,1922.68,30245.36,ach_remittance
RPY-0010467,ORG-200969,PTR-003,2024-08-23,5613.86,35859.22,ach_remittance
RPY-0010468,ORG-200970,PTR-004,2025-06-19,808.91,808.91,ach_remittance
RPY-0010469,ORG-200970,PTR-004,2025-06-26,910.13,1719.04,manual_payment
RPY-0010470,ORG-200970,PTR-004,2025-07-03,1192.19,2911.23,ach_remittance
RPY-0010471,ORG-200970,PTR-004,2025-07-10,804.14,3715.37,ach_remittance
RPY-0010472,ORG-200970,PTR-004,2025-07-17,1490.84,5206.21,ach_remittance
RPY-0010473,ORG-200970,PTR-004,2025-07-24,1113.47,6319.68,ach_remittance
RPY-0010474,ORG-200970,PTR-004,2025-07-31,1302.88,7622.56,ach_remittance
RPY-0010475,ORG-200970,PTR-004,2025-08-07,1452.7,9075.26,ach_remittance
RPY-0010476,ORG-200971,PTR-003,2023-07-09,4788.37,4788.37,ach_remittance
RPY-0010477,ORG-200971,PTR-003,2023-07-16,6060.14,10848.51,ach_remittance
RPY-0010478,ORG-200971,PTR-003,2023-07-23,5559.71,16408.22,ach_remittance
RPY-0010479,ORG-200971,PTR-003,2023-07-30,6008.32,22416.54,ach_remittance
RPY-0010480,ORG-200971,PTR-003,2023-08-06,5340.96,27757.5,ach_remittance
RPY-0010481,ORG-200971,PTR-003,2023-08-13,5603.43,33360.93,ach_remittance
RPY-0010482,ORG-200971,PTR-003,2023-08-20,2826.66,36187.59,ach_remittance
RPY-0010483,ORG-200972,PTR-005,2025-09-18,3759.03,3759.03,ach_remittance
RPY-0010484,ORG-200972,PTR-005,2025-09-25,7022.39,10781.42,ach_remittance
RPY-0010485,ORG-200972,PTR-005,2025-10-02,4520.03,15301.45,manual_payment
RPY-0010486,ORG-200972,PTR-005,2025-10-09,4227.8,19529.25,ach_remittance
RPY-0010487,ORG-200972,PTR-005,2025-10-16,5021.59,24550.84,ach_remittance
RPY-0010488,ORG-200972,PTR-005,2025-10-23,3859.41,28410.25,ach_remittance
RPY-0010489,ORG-200972,PTR-005,2025-10-30,5317.99,33728.24,ach_remittance
RPY-0010490,ORG-200972,PTR-005,2025-11-06,4479.49,38207.73,manual_payment
RPY-0010491,ORG-200972,PTR-005,2025-11-13,6216.17,44423.9,ach_remittance
RPY-0010492,ORG-200972,PTR-005,2025-11-20,4512.59,48936.49,ach_remittance
RPY-0010493,ORG-200972,PTR-005,2025-11-27,4767.99,53704.48,ach_remittance
RPY-0010494,ORG-200972,PTR-005,2025-12-04,12130.12,65834.6,manual_payment
RPY-0010495,ORG-200973,PTR-005,2026-01-18,3819.63,3819.63,ach_remittance
RPY-0010496,ORG-200973,PTR-005,2026-01-25,3472.69,7292.32,ach_remittance
RPY-0010497,ORG-200973,PTR-005,2026-02-01,2303.66,9595.98,ach_remittance
RPY-0010498,ORG-200973,PTR-005,2026-02-08,2927.86,12523.84,ach_remittance
RPY-0010499,ORG-200974,PTR-006,2026-03-28,4913.9,4913.9,ach_remittance
RPY-0010500,ORG-200974,PTR-006,2026-04-04,4634.46,9548.36,ach_remittance
RPY-0010501,ORG-200974,PTR-006,2026-04-11,3828.14,13376.5,ach_remittance
RPY-0010502,ORG-200974,PTR-006,2026-04-18,3521.29,16897.79,ach_remittance
RPY-0010503,ORG-200974,PTR-006,2026-04-25,2824.64,19722.43,ach_remittance
RPY-0010504,ORG-200974,PTR-006,2026-05-02,3299.7,23022.13,manual_payment
RPY-0010505,ORG-200974,PTR-006,2026-05-09,2676.48,25698.61,manual_payment
RPY-0010506,ORG-200974,PTR-006,2026-05-16,3589.99,29288.6,ach_remittance
RPY-0010507,ORG-200974,PTR-006,2026-05-23,4621.28,33909.88,ach_remittance
RPY-0010508,ORG-200975,PTR-006,2022-05-27,10085.56,10085.56,ach_remittance
RPY-0010509,ORG-200975,PTR-006,2022-06-03,11170.95,21256.51,manual_payment
RPY-0010510,ORG-200975,PTR-006,2022-06-10,13308.98,34565.49,ach_remittance
RPY-0010511,ORG-200975,PTR-006,2022-06-17,13191.01,47756.5,ach_remittance
RPY-0010512,ORG-200975,PTR-006,2022-06-24,14293.39,62049.89,ach_remittance
RPY-0010513,ORG-200975,PTR-006,2022-07-01,11224.02,73273.91,ach_remittance
RPY-0010514,ORG-200975,PTR-006,2022-07-08,9691.34,82965.25,ach_remittance
RPY-0010515,ORG-200975,PTR-006,2022-07-15,12112.17,95077.42,ach_remittance
RPY-0010516,ORG-200975,PTR-006,2022-07-22,9874.58,104952.0,ach_remittance
RPY-0010517,ORG-200975,PTR-006,2022-07-29,13758.47,118710.47,ach_remittance
RPY-0010518,ORG-200975,PTR-006,2022-08-05,20156.78,138867.25,ach_remittance
RPY-0010519,ORG-200976,PTR-003,2025-08-08,3145.93,3145.93,ach_remittance
RPY-0010520,ORG-200976,PTR-003,2025-08-15,3616.27,6762.2,manual_payment
RPY-0010521,ORG-200976,PTR-003,2025-08-22,1994.85,8757.05,ach_remittance
RPY-0010522,ORG-200976,PTR-003,2025-08-29,1917.72,10674.77,ach_remittance
RPY-0010523,ORG-200976,PTR-003,2025-09-05,3027.79,13702.56,ach_remittance
RPY-0010524,ORG-200976,PTR-003,2025-09-12,4177.6,17880.16,ach_remittance
RPY-0010525,ORG-200976,PTR-003,2025-09-19,3291.1,21171.26,ach_remittance
RPY-0010526,ORG-200976,PTR-003,2025-09-26,2538.66,23709.92,ach_remittance
RPY-0010527,ORG-200976,PTR-003,2025-10-03,3320.36,27030.28,ach_remittance
RPY-0010528,ORG-200976,PTR-003,2025-10-10,2647.37,29677.65,ach_remittance
RPY-0010529,ORG-200976,PTR-003,2025-10-17,1943.08,31620.73,ach_remittance
RPY-0010530,ORG-200976,PTR-003,2025-10-24,2035.78,33656.51,ach_remittance
RPY-0010531,ORG-200976,PTR-003,2025-10-31,3380.72,37037.23,ach_remittance
RPY-0010532,ORG-200976,PTR-003,2025-11-07,3388.51,40425.74,ach_remittance
RPY-0010533,ORG-200976,PTR-003,2025-11-14,4183.3,44609.04,ach_remittance
RPY-0010534,ORG-200976,PTR-003,2025-11-21,4720.07,49329.11,ach_remittance
RPY-0010535,ORG-200977,PTR-005,2022-05-25,2405.7,2405.7,ach_remittance
RPY-0010536,ORG-200977,PTR-005,2022-06-01,1230.22,3635.92,ach_remittance
RPY-0010537,ORG-200977,PTR-005,2022-06-08,1092.28,4728.2,ach_remittance
RPY-0010538,ORG-200977,PTR-005,2022-06-15,1940.76,6668.96,ach_remittance
RPY-0010539,ORG-200977,PTR-005,2022-06-22,1975.12,8644.08,ach_remittance
RPY-0010540,ORG-200977,PTR-005,2022-06-29,2161.04,10805.12,ach_remittance
RPY-0010541,ORG-200977,PTR-005,2022-07-06,2021.9,12827.02,ach_remittance
RPY-0010542,ORG-200977,PTR-005,2022-07-13,2456.71,15283.73,ach_remittance
RPY-0010543,ORG-200977,PTR-005,2022-07-20,1869.87,17153.6,manual_payment
RPY-0010544,ORG-200977,PTR-005,2022-07-27,1531.49,18685.09,ach_remittance
RPY-0010545,ORG-200977,PTR-005,2022-08-03,2228.03,20913.12,ach_remittance
RPY-0010546,ORG-200977,PTR-005,2022-08-10,2330.22,23243.34,ach_remittance
RPY-0010547,ORG-200977,PTR-005,2022-08-17,1936.17,25179.51,ach_remittance
RPY-0010548,ORG-200977,PTR-005,2022-08-24,1238.93,26418.44,ach_remittance
RPY-0010549,ORG-200977,PTR-005,2022-08-31,41.17,26459.61,ach_remittance
RPY-0010550,ORG-200978,PTR-003,2026-04-24,9007.26,9007.26,ach_remittance
RPY-0010551,ORG-200978,PTR-003,2026-05-01,10420.56,19427.82,ach_remittance
RPY-0010552,ORG-200978,PTR-003,2026-05-08,7780.79,27208.61,ach_remittance
RPY-0010553,ORG-200978,PTR-003,2026-05-15,8884.1,36092.71,ach_remittance
RPY-0010554,ORG-200978,PTR-003,2026-05-22,8521.64,44614.35,ach_remittance
RPY-0010555,ORG-200978,PTR-003,2026-05-29,8328.03,52942.38,ach_remittance
RPY-0010556,ORG-200978,PTR-003,2026-06-05,7395.53,60337.91,ach_remittance
RPY-0010557,ORG-200978,PTR-003,2026-06-12,2562.9,62900.81,ach_remittance
RPY-0010558,ORG-200979,PTR-004,2024-01-15,11848.93,11848.93,ach_remittance
RPY-0010559,ORG-200979,PTR-004,2024-01-22,7227.68,19076.61,ach_remittance
RPY-0010560,ORG-200979,PTR-004,2024-01-29,13495.4,32572.01,ach_remittance
RPY-0010561,ORG-200979,PTR-004,2024-02-05,12026.26,44598.27,ach_remittance
RPY-0010562,ORG-200979,PTR-004,2024-02-12,8988.29,53586.56,manual_payment
RPY-0010563,ORG-200979,PTR-004,2024-02-19,10353.37,63939.93,ach_remittance
RPY-0010564,ORG-200979,PTR-004,2024-02-26,11489.89,75429.82,ach_remittance
RPY-0010565,ORG-200979,PTR-004,2024-03-04,14201.89,89631.71,ach_remittance
RPY-0010566,ORG-200979,PTR-004,2024-03-11,7625.68,97257.39,ach_remittance
RPY-0010567,ORG-200980,PTR-001,2023-06-21,1774.03,1774.03,manual_payment
RPY-0010568,ORG-200980,PTR-001,2023-06-28,1776.8,3550.83,ach_remittance
RPY-0010569,ORG-200980,PTR-001,2023-07-05,1839.6,5390.43,ach_remittance
RPY-0010570,ORG-200980,PTR-001,2023-07-12,1700.05,7090.48,manual_payment
RPY-0010571,ORG-200980,PTR-001,2023-07-19,1879.14,8969.62,ach_remittance
RPY-0010572,ORG-200980,PTR-001,2023-07-26,1707.41,10677.03,ach_remittance
RPY-0010573,ORG-200980,PTR-001,2023-08-02,2590.8,13267.83,ach_remittance
RPY-0010574,ORG-200980,PTR-001,2023-08-09,2466.94,15734.77,ach_remittance
RPY-0010575,ORG-200980,PTR-001,2023-08-16,1194.35,16929.12,ach_remittance
RPY-0010576,ORG-200980,PTR-001,2023-08-23,2279.86,19208.98,ach_remittance
RPY-0010577,ORG-200980,PTR-001,2023-08-30,2116.86,21325.84,ach_remittance
RPY-0010578,ORG-200980,PTR-001,2023-09-06,1356.84,22682.68,ach_remittance
RPY-0010579,ORG-200980,PTR-001,2023-09-13,2558.18,25240.86,ach_remittance
RPY-0010580,ORG-200980,PTR-001,2023-09-20,1295.3,26536.16,ach_remittance
RPY-0010581,ORG-200980,PTR-001,2023-09-27,2449.41,28985.57,ach_remittance
RPY-0010582,ORG-200980,PTR-001,2023-10-04,866.63,29852.2,ach_remittance
RPY-0010583,ORG-200981,PTR-002,2023-01-14,438.41,438.41,ach_remittance
RPY-0010584,ORG-200981,PTR-002,2023-01-21,873.98,1312.39,ach_remittance
RPY-0010585,ORG-200981,PTR-002,2023-01-28,925.8,2238.19,ach_remittance
RPY-0010586,ORG-200981,PTR-002,2023-02-04,706.89,2945.08,ach_remittance
RPY-0010587,ORG-200981,PTR-002,2023-02-11,659.14,3604.22,ach_remittance
RPY-0010588,ORG-200981,PTR-002,2023-02-18,667.51,4271.73,ach_remittance
RPY-0010589,ORG-200982,PTR-002,2024-11-28,4163.25,4163.25,ach_remittance
RPY-0010590,ORG-200982,PTR-002,2024-12-05,4627.93,8791.18,ach_remittance
RPY-0010591,ORG-200982,PTR-002,2024-12-12,3864.48,12655.66,ach_remittance
RPY-0010592,ORG-200982,PTR-002,2024-12-19,3856.0,16511.66,ach_remittance
RPY-0010593,ORG-200982,PTR-002,2024-12-26,4811.52,21323.18,ach_remittance
RPY-0010594,ORG-200982,PTR-002,2025-01-02,3807.45,25130.63,manual_payment
RPY-0010595,ORG-200982,PTR-002,2025-01-09,3309.47,28440.1,ach_remittance
RPY-0010596,ORG-200982,PTR-002,2025-01-16,5119.68,33559.78,ach_remittance
RPY-0010597,ORG-200982,PTR-002,2025-01-23,3229.07,36788.85,ach_remittance
RPY-0010598,ORG-200982,PTR-002,2025-01-30,5641.83,42430.68,ach_remittance
RPY-0010599,ORG-200982,PTR-002,2025-02-06,4801.45,47232.13,manual_payment
RPY-0010600,ORG-200982,PTR-002,2025-02-13,5236.61,52468.74,ach_remittance
RPY-0010601,ORG-200982,PTR-002,2025-02-20,3427.67,55896.41,ach_remittance
RPY-0010602,ORG-200982,PTR-002,2025-02-27,3065.45,58961.86,ach_remittance
RPY-0010603,ORG-200982,PTR-002,2025-03-06,2694.72,61656.58,ach_remittance
RPY-0010604,ORG-200982,PTR-002,2025-03-13,5101.43,66758.01,ach_remittance
RPY-0010605,ORG-200982,PTR-002,2025-03-20,3199.43,69957.44,ach_remittance
RPY-0010606,ORG-200982,PTR-002,2025-03-27,3911.81,73869.25,ach_remittance
RPY-0010607,ORG-200982,PTR-002,2025-04-03,2684.64,76553.89,ach_remittance
RPY-0010608,ORG-200982,PTR-002,2025-04-10,3975.19,80529.08,ach_remittance
RPY-0010609,ORG-200982,PTR-002,2025-04-17,3402.36,83931.44,manual_payment
RPY-0010610,ORG-200982,PTR-002,2025-04-24,3479.99,87411.43,ach_remittance
RPY-0010611,ORG-200982,PTR-002,2025-05-01,5655.19,93066.62,ach_remittance
RPY-0010612,ORG-200983,PTR-004,2023-05-01,6233.95,6233.95,ach_remittance
RPY-0010613,ORG-200983,PTR-004,2023-05-08,5282.57,11516.52,ach_remittance
RPY-0010614,ORG-200983,PTR-004,2023-05-15,4043.51,15560.03,ach_remittance
RPY-0010615,ORG-200983,PTR-004,2023-05-22,5584.11,21144.14,manual_payment
RPY-0010616,ORG-200983,PTR-004,2023-05-29,5256.69,26400.83,ach_remittance
RPY-0010617,ORG-200984,PTR-002,2022-09-16,2993.06,2993.06,manual_payment
RPY-0010618,ORG-200984,PTR-002,2022-09-23,3112.96,6106.02,ach_remittance
RPY-0010619,ORG-200984,PTR-002,2022-09-30,2138.17,8244.19,ach_remittance
RPY-0010620,ORG-200984,PTR-002,2022-10-07,2480.21,10724.4,ach_remittance
RPY-0010621,ORG-200984,PTR-002,2022-10-14,2613.92,13338.32,ach_remittance
RPY-0010622,ORG-200984,PTR-002,2022-10-21,3344.58,16682.9,ach_remittance
RPY-0010623,ORG-200984,PTR-002,2022-10-28,3146.27,19829.17,ach_remittance
RPY-0010624,ORG-200984,PTR-002,2022-11-04,1370.87,21200.04,ach_remittance
RPY-0010625,ORG-200985,PTR-004,2024-06-27,2926.79,2926.79,ach_remittance
RPY-0010626,ORG-200985,PTR-004,2024-07-04,2285.43,5212.22,ach_remittance
RPY-0010627,ORG-200985,PTR-004,2024-07-11,3203.49,8415.71,ach_remittance
RPY-0010628,ORG-200985,PTR-004,2024-07-18,2798.56,11214.27,ach_remittance
RPY-0010629,ORG-200985,PTR-004,2024-07-25,3068.5,14282.77,ach_remittance
RPY-0010630,ORG-200985,PTR-004,2024-08-01,2178.65,16461.42,ach_remittance
RPY-0010631,ORG-200985,PTR-004,2024-08-08,1667.67,18129.09,ach_remittance
RPY-0010632,ORG-200985,PTR-004,2024-08-15,2832.49,20961.58,ach_remittance
RPY-0010633,ORG-200985,PTR-004,2024-08-22,2648.47,23610.05,ach_remittance
RPY-0010634,ORG-200985,PTR-004,2024-08-29,2020.21,25630.26,ach_remittance
RPY-0010635,ORG-200985,PTR-004,2024-09-05,3192.75,28823.01,manual_payment
RPY-0010636,ORG-200985,PTR-004,2024-09-12,2120.96,30943.97,ach_remittance
RPY-0010637,ORG-200985,PTR-004,2024-09-19,2615.04,33559.01,ach_remittance
RPY-0010638,ORG-200985,PTR-004,2024-09-26,2436.06,35995.07,ach_remittance
RPY-0010639,ORG-200985,PTR-004,2024-10-03,2091.57,38086.64,ach_remittance
RPY-0010640,ORG-200986,PTR-004,2025-06-04,4460.98,4460.98,ach_remittance
RPY-0010641,ORG-200986,PTR-004,2025-06-11,5113.01,9573.99,ach_remittance
RPY-0010642,ORG-200986,PTR-004,2025-06-18,5260.38,14834.37,manual_payment
RPY-0010643,ORG-200986,PTR-004,2025-06-25,4140.32,18974.69,ach_remittance
RPY-0010644,ORG-200986,PTR-004,2025-07-02,3866.91,22841.6,ach_remittance
RPY-0010645,ORG-200986,PTR-004,2025-07-09,4330.45,27172.05,ach_remittance
RPY-0010646,ORG-200986,PTR-004,2025-07-16,3648.75,30820.8,ach_remittance
RPY-0010647,ORG-200986,PTR-004,2025-07-23,3069.67,33890.47,ach_remittance
RPY-0010648,ORG-200986,PTR-004,2025-07-30,3459.04,37349.51,ach_remittance
RPY-0010649,ORG-200986,PTR-004,2025-08-06,3444.15,40793.66,ach_remittance
RPY-0010650,ORG-200986,PTR-004,2025-08-13,6037.89,46831.55,ach_remittance
RPY-0010651,ORG-200986,PTR-004,2025-08-20,2820.85,49652.4,manual_payment
RPY-0010652,ORG-200986,PTR-004,2025-08-27,6125.92,55778.32,ach_remittance
RPY-0010653,ORG-200986,PTR-004,2025-09-03,4610.84,60389.16,ach_remittance
RPY-0010654,ORG-200986,PTR-004,2025-09-10,4215.73,64604.89,ach_remittance
RPY-0010655,ORG-200986,PTR-004,2025-09-17,8681.33,73286.22,ach_remittance
RPY-0010656,ORG-200987,PTR-003,2023-06-10,1487.09,1487.09,ach_remittance
RPY-0010657,ORG-200987,PTR-003,2023-06-17,1970.82,3457.91,ach_remittance
RPY-0010658,ORG-200987,PTR-003,2023-06-24,1903.36,5361.27,ach_remittance
RPY-0010659,ORG-200987,PTR-003,2023-07-01,1461.85,6823.12,ach_remittance
RPY-0010660,ORG-200987,PTR-003,2023-07-08,979.88,7803.0,ach_remittance
RPY-0010661,ORG-200987,PTR-003,2023-07-15,1283.66,9086.66,ach_remittance
RPY-0010662,ORG-200987,PTR-003,2023-07-22,1132.65,10219.31,ach_remittance
RPY-0010663,ORG-200988,PTR-005,2024-08-15,2948.44,2948.44,ach_remittance
RPY-0010664,ORG-200988,PTR-005,2024-08-22,4527.85,7476.29,ach_remittance
RPY-0010665,ORG-200988,PTR-005,2024-08-29,3695.76,11172.05,ach_remittance
RPY-0010666,ORG-200988,PTR-005,2024-09-05,4772.12,15944.17,ach_remittance
RPY-0010667,ORG-200988,PTR-005,2024-09-12,4561.17,20505.34,ach_remittance
RPY-0010668,ORG-200988,PTR-005,2024-09-19,2775.19,23280.53,ach_remittance
RPY-0010669,ORG-200988,PTR-005,2024-09-26,3703.29,26983.82,ach_remittance
RPY-0010670,ORG-200988,PTR-005,2024-10-03,3205.46,30189.28,ach_remittance
RPY-0010671,ORG-200988,PTR-005,2024-10-10,3673.6,33862.88,ach_remittance
RPY-0010672,ORG-200988,PTR-005,2024-10-17,4476.85,38339.73,ach_remittance
RPY-0010673,ORG-200988,PTR-005,2024-10-24,2830.55,41170.28,ach_remittance
RPY-0010674,ORG-200988,PTR-005,2024-10-31,4407.53,45577.81,ach_remittance
RPY-0010675,ORG-200988,PTR-005,2024-11-07,3381.59,48959.4,ach_remittance
RPY-0010676,ORG-200988,PTR-005,2024-11-14,2576.72,51536.12,ach_remittance
RPY-0010677,ORG-200988,PTR-005,2024-11-21,4043.1,55579.22,ach_remittance
RPY-0010678,ORG-200988,PTR-005,2024-11-28,4754.1,60333.32,manual_payment
RPY-0010679,ORG-200988,PTR-005,2024-12-05,4456.04,64789.36,ach_remittance
RPY-0010680,ORG-200988,PTR-005,2024-12-12,4758.06,69547.42,ach_remittance
RPY-0010681,ORG-200988,PTR-005,2024-12-19,2314.25,71861.67,manual_payment
RPY-0010682,ORG-200989,PTR-006,2022-09-28,2896.85,2896.85,manual_payment
RPY-0010683,ORG-200989,PTR-006,2022-10-05,2055.68,4952.53,ach_remittance
RPY-0010684,ORG-200989,PTR-006,2022-10-12,2861.82,7814.35,ach_remittance
RPY-0010685,ORG-200989,PTR-006,2022-10-19,2393.47,10207.82,ach_remittance
RPY-0010686,ORG-200989,PTR-006,2022-10-26,4509.5,14717.32,ach_remittance
RPY-0010687,ORG-200989,PTR-006,2022-11-02,3736.55,18453.87,ach_remittance
RPY-0010688,ORG-200989,PTR-006,2022-11-09,2191.74,20645.61,ach_remittance
RPY-0010689,ORG-200989,PTR-006,2022-11-16,3007.77,23653.38,ach_remittance
RPY-0010690,ORG-200989,PTR-006,2022-11-23,2560.48,26213.86,ach_remittance
RPY-0010691,ORG-200989,PTR-006,2022-11-30,3709.25,29923.11,manual_payment
RPY-0010692,ORG-200989,PTR-006,2022-12-07,2352.27,32275.38,ach_remittance
RPY-0010693,ORG-200989,PTR-006,2022-12-14,2289.46,34564.84,ach_remittance
RPY-0010694,ORG-200989,PTR-006,2022-12-21,2572.84,37137.68,ach_remittance
RPY-0010695,ORG-200989,PTR-006,2022-12-28,4426.87,41564.55,manual_payment
RPY-0010696,ORG-200989,PTR-006,2023-01-04,7134.91,48699.46,manual_payment
RPY-0010697,ORG-200990,PTR-004,2023-08-10,6991.47,6991.47,manual_payment
RPY-0010698,ORG-200990,PTR-004,2023-08-17,4240.91,11232.38,manual_payment
RPY-0010699,ORG-200990,PTR-004,2023-08-24,7019.04,18251.42,ach_remittance
RPY-0010700,ORG-200990,PTR-004,2023-08-31,6124.51,24375.93,ach_remittance
RPY-0010701,ORG-200990,PTR-004,2023-09-07,1357.28,25733.21,ach_remittance
RPY-0010702,ORG-200991,PTR-001,2025-10-09,1157.62,1157.62,ach_remittance
RPY-0010703,ORG-200991,PTR-001,2025-10-16,1812.52,2970.14,ach_remittance
RPY-0010704,ORG-200991,PTR-001,2025-10-23,1738.61,4708.75,ach_remittance
RPY-0010705,ORG-200991,PTR-001,2025-10-30,1495.21,6203.96,ach_remittance
RPY-0010706,ORG-200991,PTR-001,2025-11-06,504.29,6708.25,ach_remittance
RPY-0010707,ORG-200992,PTR-003,2022-07-26,392.91,392.91,ach_remittance
RPY-0010708,ORG-200992,PTR-003,2022-08-02,478.08,870.99,ach_remittance
RPY-0010709,ORG-200992,PTR-003,2022-08-09,516.54,1387.53,ach_remittance
RPY-0010710,ORG-200992,PTR-003,2022-08-16,540.32,1927.85,ach_remittance
RPY-0010711,ORG-200992,PTR-003,2022-08-23,309.94,2237.79,ach_remittance
RPY-0010712,ORG-200992,PTR-003,2022-08-30,527.75,2765.54,ach_remittance
RPY-0010713,ORG-200992,PTR-003,2022-09-06,365.48,3131.02,ach_remittance
RPY-0010714,ORG-200992,PTR-003,2022-09-13,282.92,3413.94,ach_remittance
RPY-0010715,ORG-200992,PTR-003,2022-09-20,527.17,3941.11,ach_remittance
RPY-0010716,ORG-200992,PTR-003,2022-09-27,333.4,4274.51,manual_payment
RPY-0010717,ORG-200992,PTR-003,2022-10-04,311.69,4586.2,ach_remittance
RPY-0010718,ORG-200993,PTR-005,2025-03-10,4288.22,4288.22,ach_remittance
RPY-0010719,ORG-200993,PTR-005,2025-03-17,2578.58,6866.8,ach_remittance
RPY-0010720,ORG-200993,PTR-005,2025-03-24,3820.29,10687.09,ach_remittance
RPY-0010721,ORG-200993,PTR-005,2025-03-31,4610.93,15298.02,ach_remittance
RPY-0010722,ORG-200993,PTR-005,2025-04-07,2635.33,17933.35,ach_remittance
RPY-0010723,ORG-200993,PTR-005,2025-04-14,2954.55,20887.9,ach_remittance
RPY-0010724,ORG-200993,PTR-005,2025-04-21,4434.85,25322.75,ach_remittance
RPY-0010725,ORG-200993,PTR-005,2025-04-28,4121.38,29444.13,manual_payment
RPY-0010726,ORG-200993,PTR-005,2025-05-05,3955.03,33399.16,ach_remittance
RPY-0010727,ORG-200993,PTR-005,2025-05-12,3779.62,37178.78,ach_remittance
RPY-0010728,ORG-200993,PTR-005,2025-05-19,2080.81,39259.59,ach_remittance
RPY-0010729,ORG-200993,PTR-005,2025-05-26,3031.46,42291.05,ach_remittance
RPY-0010730,ORG-200993,PTR-005,2025-06-02,3778.65,46069.7,ach_remittance
RPY-0010731,ORG-200993,PTR-005,2025-06-09,2113.37,48183.07,ach_remittance
RPY-0010732,ORG-200993,PTR-005,2025-06-16,4206.67,52389.74,ach_remittance
RPY-0010733,ORG-200993,PTR-005,2025-06-23,2658.61,55048.35,ach_remittance
RPY-0010734,ORG-200993,PTR-005,2025-06-30,2700.72,57749.07,ach_remittance
RPY-0010735,ORG-200993,PTR-005,2025-07-07,4178.93,61928.0,ach_remittance
RPY-0010736,ORG-200993,PTR-005,2025-07-14,3487.75,65415.75,ach_remittance
RPY-0010737,ORG-200993,PTR-005,2025-07-21,3553.64,68969.39,ach_remittance
RPY-0010738,ORG-200993,PTR-005,2025-07-28,2406.67,71376.06,ach_remittance
RPY-0010739,ORG-200993,PTR-005,2025-08-04,4443.31,75819.37,manual_payment
RPY-0010740,ORG-200993,PTR-005,2025-08-11,2141.29,77960.66,ach_remittance
RPY-0010741,ORG-200993,PTR-005,2025-08-18,2430.14,80390.8,ach_remittance
RPY-0010742,ORG-200993,PTR-005,2025-08-25,3163.81,83554.61,ach_remittance
RPY-0010743,ORG-200993,PTR-005,2025-09-01,2626.19,86180.8,ach_remittance
RPY-0010744,ORG-200993,PTR-005,2025-09-08,3342.19,89522.99,ach_remittance
RPY-0010745,ORG-200993,PTR-005,2025-09-15,3338.63,92861.62,ach_remittance
RPY-0010746,ORG-200993,PTR-005,2025-09-22,3398.8,96260.42,ach_remittance
RPY-0010747,ORG-200994,PTR-005,2025-10-02,558.57,558.57,ach_remittance
RPY-0010748,ORG-200994,PTR-005,2025-10-09,1010.15,1568.72,ach_remittance
RPY-0010749,ORG-200994,PTR-005,2025-10-16,768.9,2337.62,ach_remittance
RPY-0010750,ORG-200994,PTR-005,2025-10-23,677.86,3015.48,ach_remittance
RPY-0010751,ORG-200994,PTR-005,2025-10-30,816.37,3831.85,ach_remittance
RPY-0010752,ORG-200994,PTR-005,2025-11-06,872.47,4704.32,ach_remittance
RPY-0010753,ORG-200995,PTR-006,2024-01-02,8262.3,8262.3,ach_remittance
RPY-0010754,ORG-200995,PTR-006,2024-01-09,7437.38,15699.68,ach_remittance
RPY-0010755,ORG-200995,PTR-006,2024-01-16,8850.32,24550.0,ach_remittance
RPY-0010756,ORG-200995,PTR-006,2024-01-23,8718.49,33268.49,ach_remittance
RPY-0010757,ORG-200995,PTR-006,2024-01-30,6300.18,39568.67,ach_remittance
RPY-0010758,ORG-200995,PTR-006,2024-02-06,7243.75,46812.42,ach_remittance
RPY-0010759,ORG-200995,PTR-006,2024-02-13,4094.16,50906.58,ach_remittance
RPY-0010760,ORG-200996,PTR-001,2023-11-09,5452.28,5452.28,ach_remittance
RPY-0010761,ORG-200996,PTR-001,2023-11-16,5393.66,10845.94,ach_remittance
RPY-0010762,ORG-200996,PTR-001,2023-11-23,5167.17,16013.11,ach_remittance
RPY-0010763,ORG-200996,PTR-001,2023-11-30,3780.48,19793.59,ach_remittance
RPY-0010764,ORG-200996,PTR-001,2023-12-07,5655.96,25449.55,ach_remittance
RPY-0010765,ORG-200996,PTR-001,2023-12-14,4494.35,29943.9,ach_remittance
RPY-0010766,ORG-200996,PTR-001,2023-12-21,2976.29,32920.19,ach_remittance
RPY-0010767,ORG-200996,PTR-001,2023-12-28,3316.2,36236.39,ach_remittance
RPY-0010768,ORG-200996,PTR-001,2024-01-04,3706.67,39943.06,ach_remittance
RPY-0010769,ORG-200997,PTR-006,2023-07-21,1605.31,1605.31,ach_remittance
RPY-0010770,ORG-200997,PTR-006,2023-07-28,1272.23,2877.54,ach_remittance
RPY-0010771,ORG-200997,PTR-006,2023-08-04,1083.56,3961.1,manual_payment
RPY-0010772,ORG-200997,PTR-006,2023-08-11,2095.8,6056.9,ach_remittance
RPY-0010773,ORG-200997,PTR-006,2023-08-18,1823.99,7880.89,ach_remittance
RPY-0010774,ORG-200997,PTR-006,2023-08-25,1042.6,8923.49,ach_remittance
RPY-0010775,ORG-200997,PTR-006,2023-09-01,1512.85,10436.34,ach_remittance
RPY-0010776,ORG-200997,PTR-006,2023-09-08,1444.39,11880.73,ach_remittance
RPY-0010777,ORG-200997,PTR-006,2023-09-15,3428.75,15309.48,ach_remittance
RPY-0010778,ORG-200998,PTR-002,2024-06-11,2966.74,2966.74,ach_remittance
RPY-0010779,ORG-200998,PTR-002,2024-06-18,1529.85,4496.59,ach_remittance
RPY-0010780,ORG-200998,PTR-002,2024-06-25,2450.42,6947.01,ach_remittance
RPY-0010781,ORG-200998,PTR-002,2024-07-02,3325.66,10272.67,ach_remittance
RPY-0010782,ORG-200998,PTR-002,2024-07-09,2374.98,12647.65,ach_remittance
RPY-0010783,ORG-200998,PTR-002,2024-07-16,2612.46,15260.11,manual_payment
RPY-0010784,ORG-200998,PTR-002,2024-07-23,3284.34,18544.45,ach_remittance
RPY-0010785,ORG-200998,PTR-002,2024-07-30,2017.21,20561.66,ach_remittance
RPY-0010786,ORG-200998,PTR-002,2024-08-06,3291.09,23852.75,ach_remittance
RPY-0010787,ORG-200998,PTR-002,2024-08-13,2013.23,25865.98,ach_remittance
RPY-0010788,ORG-200998,PTR-002,2024-08-20,2246.81,28112.79,ach_remittance
RPY-0010789,ORG-200998,PTR-002,2024-08-27,1435.6,29548.39,ach_remittance
RPY-0010790,ORG-200998,PTR-002,2024-09-03,2631.64,32180.03,ach_remittance
RPY-0010791,ORG-200998,PTR-002,2024-09-10,2203.15,34383.18,ach_remittance
RPY-0010792,ORG-200998,PTR-002,2024-09-17,2723.86,37107.04,ach_remittance
RPY-0010793,ORG-200998,PTR-002,2024-09-24,2812.29,39919.33,ach_remittance
RPY-0010794,ORG-200998,PTR-002,2024-10-01,2064.16,41983.49,ach_remittance
RPY-0010795,ORG-200998,PTR-002,2024-10-08,2923.27,44906.76,ach_remittance
RPY-0010796,ORG-200998,PTR-002,2024-10-15,2511.98,47418.74,ach_remittance
RPY-0010797,ORG-200998,PTR-002,2024-10-22,2143.3,49562.04,ach_remittance
RPY-0010798,ORG-200998,PTR-002,2024-10-29,3043.36,52605.4,ach_remittance
RPY-0010799,ORG-200998,PTR-002,2024-11-05,3162.84,55768.24,ach_remittance
RPY-0010800,ORG-200998,PTR-002,2024-11-12,2278.18,58046.42,ach_remittance
RPY-0010801,ORG-200998,PTR-002,2024-11-19,2354.09,60400.51,ach_remittance
RPY-0010802,ORG-200998,PTR-002,2024-11-26,2004.79,62405.3,ach_remittance
RPY-0010803,ORG-200998,PTR-002,2024-12-03,2211.51,64616.81,ach_remittance
RPY-0010804,ORG-200998,PTR-002,2024-12-10,1945.11,66561.92,ach_remittance
RPY-0010805,ORG-200999,PTR-004,2024-04-01,3212.7,3212.7,ach_remittance
RPY-0010806,ORG-200999,PTR-004,2024-04-08,2815.76,6028.46,ach_remittance
RPY-0010807,ORG-200999,PTR-004,2024-04-15,2469.19,8497.65,ach_remittance
RPY-0010808,ORG-200999,PTR-004,2024-04-22,3084.65,11582.3,ach_remittance
RPY-0010809,ORG-200999,PTR-004,2024-04-29,2384.1,13966.4,ach_remittance
RPY-0010810,ORG-200999,PTR-004,2024-05-06,2870.76,16837.16,ach_remittance
RPY-0010811,ORG-200999,PTR-004,2024-05-13,2202.83,19039.99,ach_remittance
RPY-0010812,ORG-201000,PTR-005,2025-07-06,9756.94,9756.94,ach_remittance
RPY-0010813,ORG-201000,PTR-005,2025-07-13,9672.77,19429.71,manual_payment
RPY-0010814,ORG-201000,PTR-005,2025-07-20,11745.86,31175.57,ach_remittance
RPY-0010815,ORG-201000,PTR-005,2025-07-27,13261.51,44437.08,ach_remittance
RPY-0010816,ORG-201000,PTR-005,2025-08-03,8104.44,52541.52,ach_remittance
RPY-0010817,ORG-201000,PTR-005,2025-08-10,13416.76,65958.28,ach_remittance
RPY-0010818,ORG-201000,PTR-005,2025-08-17,10728.39,76686.67,ach_remittance
RPY-0010819,ORG-201000,PTR-005,2025-08-24,11017.19,87703.86,ach_remittance
RPY-0010820,ORG-201000,PTR-005,2025-08-31,10102.32,97806.18,ach_remittance
RPY-0010821,ORG-201000,PTR-005,2025-09-07,12883.63,110689.81,ach_remittance
RPY-0010822,ORG-201000,PTR-005,2025-09-14,3269.53,113959.34,ach_remittance
RPY-0010823,ORG-201001,PTR-002,2022-03-05,2226.94,2226.94,ach_remittance
RPY-0010824,ORG-201001,PTR-002,2022-03-12,1390.23,3617.17,ach_remittance
RPY-0010825,ORG-201001,PTR-002,2022-03-19,1762.9,5380.07,manual_payment
RPY-0010826,ORG-201001,PTR-002,2022-03-26,1605.28,6985.35,manual_payment
RPY-0010827,ORG-201001,PTR-002,2022-04-02,1681.71,8667.06,ach_remittance
RPY-0010828,ORG-201001,PTR-002,2022-04-09,2037.92,10704.98,ach_remittance
RPY-0010829,ORG-201001,PTR-002,2022-04-16,1720.88,12425.86,manual_payment
RPY-0010830,ORG-201001,PTR-002,2022-04-23,5372.91,17798.77,ach_remittance
RPY-0010831,ORG-201002,PTR-005,2022-08-26,176.86,176.86,ach_remittance
RPY-0010832,ORG-201002,PTR-005,2022-09-02,229.06,405.92,ach_remittance
RPY-0010833,ORG-201002,PTR-005,2022-09-09,277.78,683.7,ach_remittance
RPY-0010834,ORG-201002,PTR-005,2022-09-16,264.51,948.21,ach_remittance
RPY-0010835,ORG-201002,PTR-005,2022-09-23,331.37,1279.58,manual_payment
RPY-0010836,ORG-201002,PTR-005,2022-09-30,173.99,1453.57,ach_remittance
RPY-0010837,ORG-201002,PTR-005,2022-10-07,306.64,1760.21,ach_remittance
RPY-0010838,ORG-201002,PTR-005,2022-10-14,345.05,2105.26,ach_remittance
RPY-0010839,ORG-201002,PTR-005,2022-10-21,259.3,2364.56,ach_remittance
RPY-0010840,ORG-201002,PTR-005,2022-10-28,393.59,2758.15,ach_remittance
RPY-0010841,ORG-201002,PTR-005,2022-11-04,347.14,3105.29,ach_remittance
RPY-0010842,ORG-201002,PTR-005,2022-11-11,368.37,3473.66,ach_remittance
RPY-0010843,ORG-201002,PTR-005,2022-11-18,231.89,3705.55,ach_remittance
RPY-0010844,ORG-201002,PTR-005,2022-11-25,371.57,4077.12,ach_remittance
RPY-0010845,ORG-201002,PTR-005,2022-12-02,283.41,4360.53,ach_remittance
RPY-0010846,ORG-201002,PTR-005,2022-12-09,189.42,4549.95,ach_remittance
RPY-0010847,ORG-201002,PTR-005,2022-12-16,286.14,4836.09,ach_remittance
RPY-0010848,ORG-201002,PTR-005,2022-12-23,199.22,5035.31,ach_remittance
RPY-0010849,ORG-201002,PTR-005,2022-12-30,316.89,5352.2,ach_remittance
RPY-0010850,ORG-201002,PTR-005,2023-01-06,331.53,5683.73,ach_remittance
RPY-0010851,ORG-201002,PTR-005,2023-01-13,203.39,5887.12,ach_remittance
RPY-0010852,ORG-201002,PTR-005,2023-01-20,395.4,6282.52,ach_remittance
RPY-0010853,ORG-201002,PTR-005,2023-01-27,366.95,6649.47,manual_payment
RPY-0010854,ORG-201002,PTR-005,2023-02-03,316.17,6965.64,ach_remittance
RPY-0010855,ORG-201002,PTR-005,2023-02-10,341.39,7307.03,ach_remittance
RPY-0010856,ORG-201002,PTR-005,2023-02-17,370.92,7677.95,ach_remittance
RPY-0010857,ORG-201002,PTR-005,2023-02-24,340.08,8018.03,ach_remittance
RPY-0010858,ORG-201002,PTR-005,2023-03-03,336.93,8354.96,ach_remittance
RPY-0010859,ORG-201002,PTR-005,2023-03-10,213.83,8568.79,ach_remittance
RPY-0010860,ORG-201002,PTR-005,2023-03-17,198.75,8767.54,ach_remittance
RPY-0010861,ORG-201002,PTR-005,2023-03-24,154.18,8921.72,manual_payment
RPY-0010862,ORG-201003,PTR-003,2022-04-05,594.7,594.7,ach_remittance
RPY-0010863,ORG-201003,PTR-003,2022-04-12,906.85,1501.55,ach_remittance
RPY-0010864,ORG-201003,PTR-003,2022-04-19,631.91,2133.46,ach_remittance
RPY-0010865,ORG-201003,PTR-003,2022-04-26,1031.84,3165.3,ach_remittance
RPY-0010866,ORG-201003,PTR-003,2022-05-03,784.2,3949.5,ach_remittance
RPY-0010867,ORG-201003,PTR-003,2022-05-10,587.67,4537.17,ach_remittance
RPY-0010868,ORG-201003,PTR-003,2022-05-17,794.28,5331.45,ach_remittance
RPY-0010869,ORG-201003,PTR-003,2022-05-24,595.55,5927.0,ach_remittance
RPY-0010870,ORG-201003,PTR-003,2022-05-31,1154.61,7081.61,ach_remittance
RPY-0010871,ORG-201003,PTR-003,2022-06-07,1545.18,8626.79,ach_remittance
RPY-0010872,ORG-201004,PTR-004,2022-02-09,141.83,141.83,manual_payment
RPY-0010873,ORG-201004,PTR-004,2022-02-16,153.88,295.71,ach_remittance
RPY-0010874,ORG-201004,PTR-004,2022-02-23,116.61,412.32,ach_remittance
RPY-0010875,ORG-201004,PTR-004,2022-03-02,82.86,495.18,ach_remittance
RPY-0010876,ORG-201004,PTR-004,2022-03-09,81.66,576.84,ach_remittance
RPY-0010877,ORG-201004,PTR-004,2022-03-16,88.7,665.54,ach_remittance
RPY-0010878,ORG-201004,PTR-004,2022-03-23,163.91,829.45,manual_payment
RPY-0010879,ORG-201004,PTR-004,2022-03-30,117.11,946.56,ach_remittance
RPY-0010880,ORG-201004,PTR-004,2022-04-06,165.63,1112.19,manual_payment
RPY-0010881,ORG-201004,PTR-004,2022-04-13,108.19,1220.38,ach_remittance
RPY-0010882,ORG-201004,PTR-004,2022-04-20,139.09,1359.47,ach_remittance
RPY-0010883,ORG-201004,PTR-004,2022-04-27,132.83,1492.3,manual_payment
RPY-0010884,ORG-201004,PTR-004,2022-05-04,164.16,1656.46,ach_remittance
RPY-0010885,ORG-201004,PTR-004,2022-05-11,127.13,1783.59,ach_remittance
RPY-0010886,ORG-201004,PTR-004,2022-05-18,85.69,1869.28,manual_payment
RPY-0010887,ORG-201004,PTR-004,2022-05-25,150.59,2019.87,ach_remittance
RPY-0010888,ORG-201004,PTR-004,2022-06-01,82.92,2102.79,ach_remittance
RPY-0010889,ORG-201004,PTR-004,2022-06-08,109.6,2212.39,ach_remittance
RPY-0010890,ORG-201004,PTR-004,2022-06-15,84.71,2297.1,ach_remittance
RPY-0010891,ORG-201004,PTR-004,2022-06-22,105.28,2402.38,ach_remittance
RPY-0010892,ORG-201004,PTR-004,2022-06-29,176.39,2578.77,manual_payment
RPY-0010893,ORG-201004,PTR-004,2022-07-06,177.14,2755.91,ach_remittance
RPY-0010894,ORG-201004,PTR-004,2022-07-13,129.1,2885.01,ach_remittance
RPY-0010895,ORG-201004,PTR-004,2022-07-20,127.83,3012.84,ach_remittance
RPY-0010896,ORG-201004,PTR-004,2022-07-27,95.12,3107.96,ach_remittance
RPY-0010897,ORG-201004,PTR-004,2022-08-03,375.27,3483.23,manual_payment
RPY-0010898,ORG-201005,PTR-006,2024-03-03,854.59,854.59,manual_payment
RPY-0010899,ORG-201005,PTR-006,2024-03-10,486.95,1341.54,ach_remittance
RPY-0010900,ORG-201005,PTR-006,2024-03-17,719.2,2060.74,manual_payment
RPY-0010901,ORG-201005,PTR-006,2024-03-24,889.86,2950.6,ach_remittance
RPY-0010902,ORG-201005,PTR-006,2024-03-31,953.9,3904.5,ach_remittance
RPY-0010903,ORG-201006,PTR-004,2025-02-19,8613.42,8613.42,ach_remittance
RPY-0010904,ORG-201006,PTR-004,2025-02-26,10437.02,19050.44,ach_remittance
RPY-0010905,ORG-201006,PTR-004,2025-03-05,9666.68,28717.12,ach_remittance
RPY-0010906,ORG-201006,PTR-004,2025-03-12,8631.05,37348.17,manual_payment
RPY-0010907,ORG-201006,PTR-004,2025-03-19,8474.83,45823.0,ach_remittance
RPY-0010908,ORG-201006,PTR-004,2025-03-26,5081.34,50904.34,ach_remittance
RPY-0010909,ORG-201006,PTR-004,2025-04-02,10604.33,61508.67,ach_remittance
RPY-0010910,ORG-201006,PTR-004,2025-04-09,7344.13,68852.8,ach_remittance
RPY-0010911,ORG-201007,PTR-001,2023-07-10,3013.41,3013.41,manual_payment
RPY-0010912,ORG-201007,PTR-001,2023-07-17,3215.79,6229.2,manual_payment
RPY-0010913,ORG-201007,PTR-001,2023-07-24,4173.06,10402.26,ach_remittance
RPY-0010914,ORG-201007,PTR-001,2023-07-31,5988.08,16390.34,ach_remittance
RPY-0010915,ORG-201007,PTR-001,2023-08-07,6043.78,22434.12,ach_remittance
RPY-0010916,ORG-201007,PTR-001,2023-08-14,2812.93,25247.05,ach_remittance
RPY-0010917,ORG-201007,PTR-001,2023-08-21,5039.29,30286.34,ach_remittance
RPY-0010918,ORG-201007,PTR-001,2023-08-28,3565.76,33852.1,ach_remittance
RPY-0010919,ORG-201007,PTR-001,2023-09-04,6078.04,39930.14,ach_remittance
RPY-0010920,ORG-201007,PTR-001,2023-09-11,4467.25,44397.39,ach_remittance
RPY-0010921,ORG-201007,PTR-001,2023-09-18,4309.35,48706.74,ach_remittance
RPY-0010922,ORG-201007,PTR-001,2023-09-25,5739.06,54445.8,ach_remittance
RPY-0010923,ORG-201007,PTR-001,2023-10-02,2881.28,57327.08,ach_remittance
RPY-0010924,ORG-201007,PTR-001,2023-10-09,4975.15,62302.23,ach_remittance
RPY-0010925,ORG-201008,PTR-006,2022-12-25,3383.16,3383.16,ach_remittance
RPY-0010926,ORG-201008,PTR-006,2023-01-01,3920.32,7303.48,ach_remittance
RPY-0010927,ORG-201008,PTR-006,2023-01-08,5161.82,12465.3,manual_payment
RPY-0010928,ORG-201008,PTR-006,2023-01-15,5217.84,17683.14,ach_remittance
RPY-0010929,ORG-201008,PTR-006,2023-01-22,5916.84,23599.98,ach_remittance
RPY-0010930,ORG-201008,PTR-006,2023-01-29,4769.11,28369.09,ach_remittance
RPY-0010931,ORG-201008,PTR-006,2023-02-05,3117.26,31486.35,ach_remittance
RPY-0010932,ORG-201009,PTR-006,2026-01-27,1902.73,1902.73,ach_remittance
RPY-0010933,ORG-201009,PTR-006,2026-02-03,2346.85,4249.58,ach_remittance
RPY-0010934,ORG-201009,PTR-006,2026-02-10,2255.9,6505.48,ach_remittance
RPY-0010935,ORG-201010,PTR-006,2022-01-14,1125.01,1125.01,ach_remittance
RPY-0010936,ORG-201010,PTR-006,2022-01-21,1637.78,2762.79,ach_remittance
RPY-0010937,ORG-201010,PTR-006,2022-01-28,2133.55,4896.34,ach_remittance
RPY-0010938,ORG-201010,PTR-006,2022-02-04,2010.26,6906.6,ach_remittance
RPY-0010939,ORG-201010,PTR-006,2022-02-11,1568.42,8475.02,ach_remittance
RPY-0010940,ORG-201010,PTR-006,2022-02-18,1402.46,9877.48,ach_remittance
RPY-0010941,ORG-201010,PTR-006,2022-02-25,1525.13,11402.61,ach_remittance
RPY-0010942,ORG-201010,PTR-006,2022-03-04,1625.89,13028.5,ach_remittance
RPY-0010943,ORG-201010,PTR-006,2022-03-11,2161.68,15190.18,ach_remittance
RPY-0010944,ORG-201010,PTR-006,2022-03-18,1631.46,16821.64,ach_remittance
RPY-0010945,ORG-201010,PTR-006,2022-03-25,1318.12,18139.76,ach_remittance
RPY-0010946,ORG-201010,PTR-006,2022-04-01,1441.36,19581.12,ach_remittance
RPY-0010947,ORG-201010,PTR-006,2022-04-08,1552.62,21133.74,ach_remittance
RPY-0010948,ORG-201010,PTR-006,2022-04-15,2078.67,23212.41,ach_remittance
RPY-0010949,ORG-201010,PTR-006,2022-04-22,2361.97,25574.38,ach_remittance
RPY-0010950,ORG-201010,PTR-006,2022-04-29,2323.52,27897.9,ach_remittance
RPY-0010951,ORG-201011,PTR-002,2026-04-24,661.76,661.76,ach_remittance
RPY-0010952,ORG-201011,PTR-002,2026-05-01,829.5,1491.26,ach_remittance
RPY-0010953,ORG-201011,PTR-002,2026-05-08,582.8,2074.06,ach_remittance
RPY-0010954,ORG-201011,PTR-002,2026-05-15,851.67,2925.73,manual_payment
RPY-0010955,ORG-201011,PTR-002,2026-05-22,709.56,3635.29,ach_remittance
RPY-0010956,ORG-201011,PTR-002,2026-05-29,857.15,4492.44,ach_remittance
RPY-0010957,ORG-201011,PTR-002,2026-06-05,640.92,5133.36,ach_remittance
RPY-0010958,ORG-201011,PTR-002,2026-06-12,853.14,5986.5,ach_remittance
RPY-0010959,ORG-201011,PTR-002,2026-06-19,536.17,6522.67,ach_remittance
RPY-0010960,ORG-201011,PTR-002,2026-06-26,577.89,7100.56,ach_remittance
RPY-0010961,ORG-201012,PTR-002,2022-01-12,2354.6,2354.6,ach_remittance
RPY-0010962,ORG-201012,PTR-002,2022-01-19,4588.42,6943.02,manual_payment
RPY-0010963,ORG-201012,PTR-002,2022-01-26,3464.69,10407.71,ach_remittance
RPY-0010964,ORG-201012,PTR-002,2022-02-02,3332.16,13739.87,ach_remittance
RPY-0010965,ORG-201012,PTR-002,2022-02-09,4516.72,18256.59,ach_remittance
RPY-0010966,ORG-201012,PTR-002,2022-02-16,2163.6,20420.19,ach_remittance
RPY-0010967,ORG-201012,PTR-002,2022-02-23,4233.29,24653.48,ach_remittance
RPY-0010968,ORG-201012,PTR-002,2022-03-02,2736.13,27389.61,ach_remittance
RPY-0010969,ORG-201012,PTR-002,2022-03-09,4734.08,32123.69,manual_payment
RPY-0010970,ORG-201012,PTR-002,2022-03-16,3394.64,35518.33,ach_remittance
RPY-0010971,ORG-201012,PTR-002,2022-03-23,3127.36,38645.69,ach_remittance
RPY-0010972,ORG-201012,PTR-002,2022-03-30,4605.41,43251.1,ach_remittance
RPY-0010973,ORG-201012,PTR-002,2022-04-06,767.56,44018.66,ach_remittance
RPY-0010974,ORG-201013,PTR-006,2026-03-10,2066.12,2066.12,ach_remittance
RPY-0010975,ORG-201013,PTR-006,2026-03-17,3578.69,5644.81,ach_remittance
RPY-0010976,ORG-201013,PTR-006,2026-03-24,3991.17,9635.98,ach_remittance
RPY-0010977,ORG-201013,PTR-006,2026-03-31,3611.16,13247.14,ach_remittance
RPY-0010978,ORG-201013,PTR-006,2026-04-07,2386.89,15634.03,ach_remittance
RPY-0010979,ORG-201013,PTR-006,2026-04-14,2165.58,17799.61,ach_remittance
RPY-0010980,ORG-201013,PTR-006,2026-04-21,3586.11,21385.72,ach_remittance
RPY-0010981,ORG-201013,PTR-006,2026-04-28,2094.03,23479.75,ach_remittance
RPY-0010982,ORG-201013,PTR-006,2026-05-05,3125.83,26605.58,ach_remittance
RPY-0010983,ORG-201013,PTR-006,2026-05-12,2704.13,29309.71,manual_payment
RPY-0010984,ORG-201013,PTR-006,2026-05-19,7277.23,36586.94,ach_remittance
RPY-0010985,ORG-201014,PTR-001,2024-09-18,1243.83,1243.83,ach_remittance
RPY-0010986,ORG-201014,PTR-001,2024-09-25,1583.19,2827.02,ach_remittance
RPY-0010987,ORG-201014,PTR-001,2024-10-02,1553.15,4380.17,ach_remittance
RPY-0010988,ORG-201014,PTR-001,2024-10-09,782.8,5162.97,ach_remittance
RPY-0010989,ORG-201014,PTR-001,2024-10-16,1183.23,6346.2,ach_remittance
RPY-0010990,ORG-201014,PTR-001,2024-10-23,920.21,7266.41,ach_remittance
RPY-0010991,ORG-201014,PTR-001,2024-10-30,1177.61,8444.02,ach_remittance
RPY-0010992,ORG-201014,PTR-001,2024-11-06,713.73,9157.75,ach_remittance
RPY-0010993,ORG-201014,PTR-001,2024-11-13,1038.83,10196.58,ach_remittance
RPY-0010994,ORG-201014,PTR-001,2024-11-20,1228.89,11425.47,ach_remittance
RPY-0010995,ORG-201014,PTR-001,2024-11-27,1555.85,12981.32,ach_remittance
RPY-0010996,ORG-201014,PTR-001,2024-12-04,917.48,13898.8,manual_payment
RPY-0010997,ORG-201014,PTR-001,2024-12-11,844.1,14742.9,manual_payment
RPY-0010998,ORG-201015,PTR-001,2025-01-04,1476.52,1476.52,ach_remittance
RPY-0010999,ORG-201015,PTR-001,2025-01-11,785.02,2261.54,ach_remittance
RPY-0011000,ORG-201015,PTR-001,2025-01-18,1359.83,3621.37,ach_remittance
RPY-0011001,ORG-201015,PTR-001,2025-01-25,1245.13,4866.5,ach_remittance
RPY-0011002,ORG-201015,PTR-001,2025-02-01,1030.26,5896.76,ach_remittance
RPY-0011003,ORG-201015,PTR-001,2025-02-08,1041.85,6938.61,ach_remittance
RPY-0011004,ORG-201015,PTR-001,2025-02-15,1404.5,8343.11,ach_remittance
RPY-0011005,ORG-201015,PTR-001,2025-02-22,1239.71,9582.82,ach_remittance
RPY-0011006,ORG-201015,PTR-001,2025-03-01,785.68,10368.5,ach_remittance
RPY-0011007,ORG-201015,PTR-001,2025-03-08,930.43,11298.93,ach_remittance
RPY-0011008,ORG-201015,PTR-001,2025-03-15,1130.83,12429.76,ach_remittance
RPY-0011009,ORG-201015,PTR-001,2025-03-22,1153.06,13582.82,ach_remittance
RPY-0011010,ORG-201015,PTR-001,2025-03-29,1350.24,14933.06,ach_remittance
RPY-0011011,ORG-201015,PTR-001,2025-04-05,1011.13,15944.19,ach_remittance
RPY-0011012,ORG-201015,PTR-001,2025-04-12,60.79,16004.98,ach_remittance
RPY-0011013,ORG-201016,PTR-001,2022-05-02,4903.71,4903.71,ach_remittance
RPY-0011014,ORG-201016,PTR-001,2022-05-09,5111.64,10015.35,ach_remittance
RPY-0011015,ORG-201016,PTR-001,2022-05-16,4774.74,14790.09,ach_remittance
RPY-0011016,ORG-201016,PTR-001,2022-05-23,4307.41,19097.5,ach_remittance
RPY-0011017,ORG-201016,PTR-001,2022-05-30,3698.77,22796.27,manual_payment
RPY-0011018,ORG-201016,PTR-001,2022-06-06,4302.47,27098.74,ach_remittance
RPY-0011019,ORG-201016,PTR-001,2022-06-13,3326.6,30425.34,ach_remittance
RPY-0011020,ORG-201016,PTR-001,2022-06-20,5245.92,35671.26,manual_payment
RPY-0011021,ORG-201016,PTR-001,2022-06-27,3889.55,39560.81,ach_remittance
RPY-0011022,ORG-201016,PTR-001,2022-07-04,3702.92,43263.73,manual_payment
RPY-0011023,ORG-201017,PTR-001,2023-07-30,2341.89,2341.89,ach_remittance
RPY-0011024,ORG-201017,PTR-001,2023-08-06,2538.03,4879.92,ach_remittance
RPY-0011025,ORG-201017,PTR-001,2023-08-13,2161.47,7041.39,ach_remittance
RPY-0011026,ORG-201017,PTR-001,2023-08-20,1697.85,8739.24,ach_remittance
RPY-0011027,ORG-201017,PTR-001,2023-08-27,1860.05,10599.29,ach_remittance
RPY-0011028,ORG-201017,PTR-001,2023-09-03,2832.22,13431.51,ach_remittance
RPY-0011029,ORG-201017,PTR-001,2023-09-10,2022.22,15453.73,ach_remittance
RPY-0011030,ORG-201017,PTR-001,2023-09-17,2755.42,18209.15,ach_remittance
RPY-0011031,ORG-201017,PTR-001,2023-09-24,2678.84,20887.99,ach_remittance
RPY-0011032,ORG-201017,PTR-001,2023-10-01,2851.46,23739.45,ach_remittance
RPY-0011033,ORG-201017,PTR-001,2023-10-08,1821.39,25560.84,ach_remittance
RPY-0011034,ORG-201017,PTR-001,2023-10-15,1874.71,27435.55,ach_remittance
RPY-0011035,ORG-201017,PTR-001,2023-10-22,2897.92,30333.47,ach_remittance
RPY-0011036,ORG-201017,PTR-001,2023-10-29,3125.4,33458.87,ach_remittance
RPY-0011037,ORG-201017,PTR-001,2023-11-05,1545.5,35004.37,ach_remittance
RPY-0011038,ORG-201017,PTR-001,2023-11-12,2022.42,37026.79,ach_remittance
RPY-0011039,ORG-201017,PTR-001,2023-11-19,2433.75,39460.54,ach_remittance
RPY-0011040,ORG-201017,PTR-001,2023-11-26,2260.04,41720.58,ach_remittance
RPY-0011041,ORG-201017,PTR-001,2023-12-03,2601.04,44321.62,manual_payment
RPY-0011042,ORG-201017,PTR-001,2023-12-10,2323.3,46644.92,ach_remittance
RPY-0011043,ORG-201017,PTR-001,2023-12-17,1721.08,48366.0,ach_remittance
RPY-0011044,ORG-201017,PTR-001,2023-12-24,3085.17,51451.17,ach_remittance
RPY-0011045,ORG-201018,PTR-006,2023-06-13,3318.28,3318.28,ach_remittance
RPY-0011046,ORG-201018,PTR-006,2023-06-20,1756.44,5074.72,ach_remittance
RPY-0011047,ORG-201018,PTR-006,2023-06-27,2785.18,7859.9,ach_remittance
RPY-0011048,ORG-201018,PTR-006,2023-07-04,1551.38,9411.28,manual_payment
RPY-0011049,ORG-201018,PTR-006,2023-07-11,2579.45,11990.73,ach_remittance
RPY-0011050,ORG-201018,PTR-006,2023-07-18,2774.05,14764.78,ach_remittance
RPY-0011051,ORG-201019,PTR-006,2025-12-26,1083.18,1083.18,ach_remittance
RPY-0011052,ORG-201019,PTR-006,2026-01-02,1160.66,2243.84,ach_remittance
RPY-0011053,ORG-201019,PTR-006,2026-01-09,1088.57,3332.41,ach_remittance
RPY-0011054,ORG-201019,PTR-006,2026-01-16,847.15,4179.56,ach_remittance
RPY-0011055,ORG-201019,PTR-006,2026-01-23,1194.48,5374.04,manual_payment
RPY-0011056,ORG-201019,PTR-006,2026-01-30,645.59,6019.63,ach_remittance
RPY-0011057,ORG-201019,PTR-006,2026-02-06,615.98,6635.61,ach_remittance
RPY-0011058,ORG-201019,PTR-006,2026-02-13,761.18,7396.79,ach_remittance
RPY-0011059,ORG-201019,PTR-006,2026-02-20,658.89,8055.68,ach_remittance
RPY-0011060,ORG-201019,PTR-006,2026-02-27,995.39,9051.07,ach_remittance
RPY-0011061,ORG-201019,PTR-006,2026-03-06,956.02,10007.09,ach_remittance
RPY-0011062,ORG-201019,PTR-006,2026-03-13,1117.02,11124.11,ach_remittance
RPY-0011063,ORG-201019,PTR-006,2026-03-20,1392.86,12516.97,ach_remittance
RPY-0011064,ORG-201019,PTR-006,2026-03-27,748.5,13265.47,ach_remittance
RPY-0011065,ORG-201019,PTR-006,2026-04-03,1002.89,14268.36,ach_remittance
RPY-0011066,ORG-201019,PTR-006,2026-04-10,1165.82,15434.18,ach_remittance
RPY-0011067,ORG-201019,PTR-006,2026-04-17,1512.04,16946.22,ach_remittance
RPY-0011068,ORG-201020,PTR-004,2025-08-31,1551.42,1551.42,ach_remittance
RPY-0011069,ORG-201020,PTR-004,2025-09-07,1412.31,2963.73,ach_remittance
RPY-0011070,ORG-201020,PTR-004,2025-09-14,1377.87,4341.6,ach_remittance
RPY-0011071,ORG-201020,PTR-004,2025-09-21,835.59,5177.19,ach_remittance
RPY-0011072,ORG-201020,PTR-004,2025-09-28,1300.88,6478.07,manual_payment
RPY-0011073,ORG-201020,PTR-004,2025-10-05,906.64,7384.71,ach_remittance
RPY-0011074,ORG-201020,PTR-004,2025-10-12,1348.86,8733.57,manual_payment
RPY-0011075,ORG-201021,PTR-002,2024-07-30,4693.89,4693.89,ach_remittance
RPY-0011076,ORG-201021,PTR-002,2024-08-06,3616.98,8310.87,ach_remittance
RPY-0011077,ORG-201021,PTR-002,2024-08-13,7665.38,15976.25,ach_remittance
RPY-0011078,ORG-201021,PTR-002,2024-08-20,4837.24,20813.49,ach_remittance
RPY-0011079,ORG-201021,PTR-002,2024-08-27,4476.04,25289.53,ach_remittance
RPY-0011080,ORG-201021,PTR-002,2024-09-03,6664.39,31953.92,ach_remittance
RPY-0011081,ORG-201021,PTR-002,2024-09-10,7392.39,39346.31,ach_remittance
RPY-0011082,ORG-201021,PTR-002,2024-09-17,6150.52,45496.83,ach_remittance
RPY-0011083,ORG-201021,PTR-002,2024-09-24,5019.12,50515.95,ach_remittance
RPY-0011084,ORG-201021,PTR-002,2024-10-01,3577.35,54093.3,ach_remittance
RPY-0011085,ORG-201021,PTR-002,2024-10-08,6718.22,60811.52,ach_remittance
RPY-0011086,ORG-201021,PTR-002,2024-10-15,4473.22,65284.74,ach_remittance
RPY-0011087,ORG-201021,PTR-002,2024-10-22,7289.61,72574.35,ach_remittance
RPY-0011088,ORG-201021,PTR-002,2024-10-29,5747.08,78321.43,ach_remittance
RPY-0011089,ORG-201022,PTR-001,2024-05-22,1461.9,1461.9,ach_remittance
RPY-0011090,ORG-201022,PTR-001,2024-05-29,1742.64,3204.54,ach_remittance
RPY-0011091,ORG-201022,PTR-001,2024-06-05,1043.1,4247.64,ach_remittance
RPY-0011092,ORG-201022,PTR-001,2024-06-12,1222.99,5470.63,ach_remittance
RPY-0011093,ORG-201022,PTR-001,2024-06-19,1676.35,7146.98,ach_remittance
RPY-0011094,ORG-201022,PTR-001,2024-06-26,1165.76,8312.74,ach_remittance
RPY-0011095,ORG-201022,PTR-001,2024-07-03,1650.46,9963.2,ach_remittance
RPY-0011096,ORG-201023,PTR-003,2024-09-12,2573.72,2573.72,ach_remittance
RPY-0011097,ORG-201023,PTR-003,2024-09-19,2707.84,5281.56,ach_remittance
RPY-0011098,ORG-201023,PTR-003,2024-09-26,2018.76,7300.32,ach_remittance
RPY-0011099,ORG-201023,PTR-003,2024-10-03,2187.22,9487.54,ach_remittance
RPY-0011100,ORG-201023,PTR-003,2024-10-10,1654.67,11142.21,ach_remittance
RPY-0011101,ORG-201023,PTR-003,2024-10-17,2338.12,13480.33,ach_remittance
RPY-0011102,ORG-201023,PTR-003,2024-10-24,2755.05,16235.38,ach_remittance
RPY-0011103,ORG-201023,PTR-003,2024-10-31,1931.65,18167.03,manual_payment
RPY-0011104,ORG-201024,PTR-006,2025-12-25,6494.34,6494.34,ach_remittance
RPY-0011105,ORG-201024,PTR-006,2026-01-01,7164.0,13658.34,ach_remittance
RPY-0011106,ORG-201024,PTR-006,2026-01-08,4841.69,18500.03,ach_remittance
RPY-0011107,ORG-201024,PTR-006,2026-01-15,3661.81,22161.84,ach_remittance
RPY-0011108,ORG-201024,PTR-006,2026-01-22,3094.86,25256.7,ach_remittance
RPY-0011109,ORG-201024,PTR-006,2026-01-29,7036.1,32292.8,ach_remittance
RPY-0011110,ORG-201024,PTR-006,2026-02-05,6645.05,38937.85,ach_remittance
RPY-0011111,ORG-201024,PTR-006,2026-02-12,6668.94,45606.79,ach_remittance
RPY-0011112,ORG-201024,PTR-006,2026-02-19,4608.81,50215.6,ach_remittance
RPY-0011113,ORG-201024,PTR-006,2026-02-26,4422.74,54638.34,ach_remittance
RPY-0011114,ORG-201024,PTR-006,2026-03-05,3108.91,57747.25,manual_payment
RPY-0011115,ORG-201024,PTR-006,2026-03-12,5477.78,63225.03,ach_remittance
RPY-0011116,ORG-201024,PTR-006,2026-03-19,5523.61,68748.64,ach_remittance
RPY-0011117,ORG-201024,PTR-006,2026-03-26,2900.67,71649.31,manual_payment
RPY-0011118,ORG-201025,PTR-006,2022-04-09,4085.85,4085.85,manual_payment
RPY-0011119,ORG-201025,PTR-006,2022-04-16,4067.54,8153.39,ach_remittance
RPY-0011120,ORG-201025,PTR-006,2022-04-23,3419.06,11572.45,ach_remittance
RPY-0011121,ORG-201025,PTR-006,2022-04-30,2539.27,14111.72,manual_payment
RPY-0011122,ORG-201026,PTR-006,2024-10-02,1998.33,1998.33,manual_payment
RPY-0011123,ORG-201026,PTR-006,2024-10-09,2276.81,4275.14,ach_remittance
RPY-0011124,ORG-201026,PTR-006,2024-10-16,1494.83,5769.97,ach_remittance
RPY-0011125,ORG-201026,PTR-006,2024-10-23,1525.04,7295.01,ach_remittance
RPY-0011126,ORG-201026,PTR-006,2024-10-30,1407.11,8702.12,ach_remittance
RPY-0011127,ORG-201027,PTR-006,2025-10-31,8821.78,8821.78,ach_remittance
RPY-0011128,ORG-201027,PTR-006,2025-11-07,6340.3,15162.08,ach_remittance
RPY-0011129,ORG-201027,PTR-006,2025-11-14,9415.69,24577.77,ach_remittance
RPY-0011130,ORG-201027,PTR-006,2025-11-21,8617.28,33195.05,ach_remittance
RPY-0011131,ORG-201027,PTR-006,2025-11-28,9016.09,42211.14,ach_remittance
RPY-0011132,ORG-201027,PTR-006,2025-12-05,9002.05,51213.19,ach_remittance
RPY-0011133,ORG-201027,PTR-006,2025-12-12,12688.44,63901.63,ach_remittance
RPY-0011134,ORG-201027,PTR-006,2025-12-19,10169.95,74071.58,ach_remittance
RPY-0011135,ORG-201027,PTR-006,2025-12-26,12889.19,86960.77,ach_remittance
RPY-0011136,ORG-201028,PTR-004,2023-03-08,2449.61,2449.61,ach_remittance
RPY-0011137,ORG-201028,PTR-004,2023-03-15,4326.02,6775.63,ach_remittance
RPY-0011138,ORG-201028,PTR-004,2023-03-22,3292.93,10068.56,ach_remittance
RPY-0011139,ORG-201028,PTR-004,2023-03-29,3544.27,13612.83,manual_payment
RPY-0011140,ORG-201028,PTR-004,2023-04-05,2294.93,15907.76,ach_remittance
RPY-0011141,ORG-201028,PTR-004,2023-04-12,3633.72,19541.48,ach_remittance
RPY-0011142,ORG-201028,PTR-004,2023-04-19,3441.15,22982.63,ach_remittance
RPY-0011143,ORG-201028,PTR-004,2023-04-26,3135.96,26118.59,ach_remittance
RPY-0011144,ORG-201029,PTR-005,2023-12-20,2108.96,2108.96,ach_remittance
RPY-0011145,ORG-201029,PTR-005,2023-12-27,2758.09,4867.05,ach_remittance
RPY-0011146,ORG-201029,PTR-005,2024-01-03,1948.85,6815.9,ach_remittance
RPY-0011147,ORG-201029,PTR-005,2024-01-10,3265.55,10081.45,ach_remittance
RPY-0011148,ORG-201029,PTR-005,2024-01-17,2447.45,12528.9,ach_remittance
RPY-0011149,ORG-201029,PTR-005,2024-01-24,1575.29,14104.19,ach_remittance
RPY-0011150,ORG-201029,PTR-005,2024-01-31,2574.26,16678.45,ach_remittance
RPY-0011151,ORG-201029,PTR-005,2024-02-07,3480.68,20159.13,ach_remittance
RPY-0011152,ORG-201029,PTR-005,2024-02-14,1797.22,21956.35,ach_remittance
RPY-0011153,ORG-201029,PTR-005,2024-02-21,3598.27,25554.62,ach_remittance
RPY-0011154,ORG-201029,PTR-005,2024-02-28,1755.21,27309.83,ach_remittance
RPY-0011155,ORG-201029,PTR-005,2024-03-06,3366.95,30676.78,ach_remittance
RPY-0011156,ORG-201029,PTR-005,2024-03-13,3646.66,34323.44,ach_remittance
RPY-0011157,ORG-201029,PTR-005,2024-03-20,3313.9,37637.34,ach_remittance
RPY-0011158,ORG-201029,PTR-005,2024-03-27,1519.14,39156.48,ach_remittance
RPY-0011159,ORG-201030,PTR-004,2024-07-27,5086.53,5086.53,ach_remittance
RPY-0011160,ORG-201030,PTR-004,2024-08-03,6219.53,11306.06,ach_remittance
RPY-0011161,ORG-201030,PTR-004,2024-08-10,3679.67,14985.73,ach_remittance
RPY-0011162,ORG-201030,PTR-004,2024-08-17,3711.64,18697.37,ach_remittance
RPY-0011163,ORG-201030,PTR-004,2024-08-24,3843.46,22540.83,ach_remittance
RPY-0011164,ORG-201030,PTR-004,2024-08-31,4450.38,26991.21,ach_remittance
RPY-0011165,ORG-201030,PTR-004,2024-09-07,4737.44,31728.65,ach_remittance
RPY-0011166,ORG-201030,PTR-004,2024-09-14,17211.73,48940.38,ach_remittance
RPY-0011167,ORG-201031,PTR-002,2022-06-22,2089.19,2089.19,manual_payment
RPY-0011168,ORG-201031,PTR-002,2022-06-29,1380.24,3469.43,ach_remittance
RPY-0011169,ORG-201031,PTR-002,2022-07-06,1047.25,4516.68,ach_remittance
RPY-0011170,ORG-201031,PTR-002,2022-07-13,2233.98,6750.66,ach_remittance
RPY-0011171,ORG-201031,PTR-002,2022-07-20,2043.42,8794.08,ach_remittance
RPY-0011172,ORG-201031,PTR-002,2022-07-27,1968.8,10762.88,ach_remittance
RPY-0011173,ORG-201031,PTR-002,2022-08-03,1235.53,11998.41,manual_payment
RPY-0011174,ORG-201031,PTR-002,2022-08-10,1903.59,13902.0,ach_remittance
RPY-0011175,ORG-201032,PTR-006,2025-08-05,7134.89,7134.89,ach_remittance
RPY-0011176,ORG-201032,PTR-006,2025-08-12,12311.62,19446.51,ach_remittance
RPY-0011177,ORG-201032,PTR-006,2025-08-19,6745.91,26192.42,manual_payment
RPY-0011178,ORG-201032,PTR-006,2025-08-26,7264.16,33456.58,ach_remittance
RPY-0011179,ORG-201032,PTR-006,2025-09-02,11659.32,45115.9,ach_remittance
RPY-0011180,ORG-201032,PTR-006,2025-09-09,9569.62,54685.52,ach_remittance
RPY-0011181,ORG-201033,PTR-001,2023-04-13,5263.12,5263.12,ach_remittance
RPY-0011182,ORG-201033,PTR-001,2023-04-20,5679.18,10942.3,ach_remittance
RPY-0011183,ORG-201033,PTR-001,2023-04-27,3445.34,14387.64,ach_remittance
RPY-0011184,ORG-201033,PTR-001,2023-05-04,4159.49,18547.13,ach_remittance
RPY-0011185,ORG-201033,PTR-001,2023-05-11,4560.1,23107.23,ach_remittance
RPY-0011186,ORG-201033,PTR-001,2023-05-18,4431.98,27539.21,ach_remittance
RPY-0011187,ORG-201033,PTR-001,2023-05-25,5069.43,32608.64,ach_remittance
RPY-0011188,ORG-201033,PTR-001,2023-06-01,5949.49,38558.13,ach_remittance
RPY-0011189,ORG-201033,PTR-001,2023-06-08,5638.52,44196.65,manual_payment
RPY-0011190,ORG-201033,PTR-001,2023-06-15,4387.29,48583.94,ach_remittance
RPY-0011191,ORG-201033,PTR-001,2023-06-22,3088.7,51672.64,ach_remittance
RPY-0011192,ORG-201033,PTR-001,2023-06-29,3333.08,55005.72,ach_remittance
RPY-0011193,ORG-201033,PTR-001,2023-07-06,4369.06,59374.78,ach_remittance
RPY-0011194,ORG-201033,PTR-001,2023-07-13,6086.2,65460.98,ach_remittance
RPY-0011195,ORG-201033,PTR-001,2023-07-20,5881.71,71342.69,ach_remittance
RPY-0011196,ORG-201033,PTR-001,2023-07-27,4759.07,76101.76,ach_remittance
RPY-0011197,ORG-201033,PTR-001,2023-08-03,5606.73,81708.49,ach_remittance
RPY-0011198,ORG-201033,PTR-001,2023-08-10,3759.92,85468.41,ach_remittance
RPY-0011199,ORG-201033,PTR-001,2023-08-17,3498.42,88966.83,manual_payment
RPY-0011200,ORG-201033,PTR-001,2023-08-24,5567.96,94534.79,ach_remittance
RPY-0011201,ORG-201033,PTR-001,2023-08-31,3906.74,98441.53,ach_remittance
RPY-0011202,ORG-201033,PTR-001,2023-09-07,6216.44,104657.97,ach_remittance
RPY-0011203,ORG-201034,PTR-003,2022-10-09,3311.94,3311.94,ach_remittance
RPY-0011204,ORG-201034,PTR-003,2022-10-16,4095.05,7406.99,ach_remittance
RPY-0011205,ORG-201034,PTR-003,2022-10-23,4249.25,11656.24,ach_remittance
RPY-0011206,ORG-201034,PTR-003,2022-10-30,4558.58,16214.82,ach_remittance
RPY-0011207,ORG-201034,PTR-003,2022-11-06,4973.43,21188.25,ach_remittance
RPY-0011208,ORG-201034,PTR-003,2022-11-13,3822.31,25010.56,ach_remittance
RPY-0011209,ORG-201034,PTR-003,2022-11-20,483.16,25493.72,ach_remittance
RPY-0011210,ORG-201035,PTR-002,2025-01-09,5894.19,5894.19,ach_remittance
RPY-0011211,ORG-201035,PTR-002,2025-01-16,9229.09,15123.28,ach_remittance
RPY-0011212,ORG-201035,PTR-002,2025-01-23,7879.39,23002.67,ach_remittance
RPY-0011213,ORG-201035,PTR-002,2025-01-30,4544.76,27547.43,ach_remittance
RPY-0011214,ORG-201035,PTR-002,2025-02-06,5930.65,33478.08,ach_remittance
RPY-0011215,ORG-201035,PTR-002,2025-02-13,6454.79,39932.87,ach_remittance
RPY-0011216,ORG-201035,PTR-002,2025-02-20,9172.17,49105.04,ach_remittance
RPY-0011217,ORG-201035,PTR-002,2025-02-27,4973.28,54078.32,ach_remittance
RPY-0011218,ORG-201036,PTR-006,2024-05-07,5455.86,5455.86,ach_remittance
RPY-0011219,ORG-201036,PTR-006,2024-05-14,3972.63,9428.49,ach_remittance
RPY-0011220,ORG-201036,PTR-006,2024-05-21,6508.0,15936.49,ach_remittance
RPY-0011221,ORG-201036,PTR-006,2024-05-28,6018.89,21955.38,manual_payment
RPY-0011222,ORG-201036,PTR-006,2024-06-04,4507.07,26462.45,ach_remittance
RPY-0011223,ORG-201036,PTR-006,2024-06-11,8373.29,34835.74,ach_remittance
RPY-0011224,ORG-201036,PTR-006,2024-06-18,7404.74,42240.48,ach_remittance
RPY-0011225,ORG-201036,PTR-006,2024-06-25,8409.03,50649.51,ach_remittance
RPY-0011226,ORG-201037,PTR-001,2025-08-24,2679.97,2679.97,ach_remittance
RPY-0011227,ORG-201037,PTR-001,2025-08-31,4409.77,7089.74,ach_remittance
RPY-0011228,ORG-201037,PTR-001,2025-09-07,3303.71,10393.45,ach_remittance
RPY-0011229,ORG-201037,PTR-001,2025-09-14,2279.19,12672.64,ach_remittance
RPY-0011230,ORG-201037,PTR-001,2025-09-21,2016.26,14688.9,ach_remittance
RPY-0011231,ORG-201037,PTR-001,2025-09-28,4306.08,18994.98,ach_remittance
RPY-0011232,ORG-201037,PTR-001,2025-10-05,2778.53,21773.51,ach_remittance
RPY-0011233,ORG-201037,PTR-001,2025-10-12,2528.77,24302.28,ach_remittance
RPY-0011234,ORG-201037,PTR-001,2025-10-19,3291.13,27593.41,ach_remittance
RPY-0011235,ORG-201037,PTR-001,2025-10-26,3057.43,30650.84,ach_remittance
RPY-0011236,ORG-201037,PTR-001,2025-11-02,3619.94,34270.78,manual_payment
RPY-0011237,ORG-201037,PTR-001,2025-11-09,5919.96,40190.74,ach_remittance
RPY-0011238,ORG-201038,PTR-005,2026-01-18,13104.88,13104.88,ach_remittance
RPY-0011239,ORG-201038,PTR-005,2026-01-25,13273.58,26378.46,manual_payment
RPY-0011240,ORG-201038,PTR-005,2026-02-01,9417.31,35795.77,ach_remittance
RPY-0011241,ORG-201038,PTR-005,2026-02-08,8731.73,44527.5,ach_remittance
RPY-0011242,ORG-201038,PTR-005,2026-02-15,16034.21,60561.71,ach_remittance
RPY-0011243,ORG-201038,PTR-005,2026-02-22,16875.76,77437.47,ach_remittance
RPY-0011244,ORG-201038,PTR-005,2026-03-01,10568.01,88005.48,ach_remittance
RPY-0011245,ORG-201038,PTR-005,2026-03-08,13010.87,101016.35,manual_payment
RPY-0011246,ORG-201038,PTR-005,2026-03-15,15300.64,116316.99,manual_payment
RPY-0011247,ORG-201039,PTR-003,2022-04-01,440.9,440.9,ach_remittance
RPY-0011248,ORG-201039,PTR-003,2022-04-08,519.59,960.49,ach_remittance
RPY-0011249,ORG-201039,PTR-003,2022-04-15,393.61,1354.1,ach_remittance
RPY-0011250,ORG-201039,PTR-003,2022-04-22,312.53,1666.63,ach_remittance
RPY-0011251,ORG-201039,PTR-003,2022-04-29,467.81,2134.44,ach_remittance
RPY-0011252,ORG-201039,PTR-003,2022-05-06,328.47,2462.91,ach_remittance
RPY-0011253,ORG-201039,PTR-003,2022-05-13,308.3,2771.21,ach_remittance
RPY-0011254,ORG-201039,PTR-003,2022-05-20,410.17,3181.38,ach_remittance
RPY-0011255,ORG-201039,PTR-003,2022-05-27,429.95,3611.33,manual_payment
RPY-0011256,ORG-201039,PTR-003,2022-06-03,420.08,4031.41,ach_remittance
RPY-0011257,ORG-201039,PTR-003,2022-06-10,265.9,4297.31,ach_remittance
RPY-0011258,ORG-201039,PTR-003,2022-06-17,526.13,4823.44,ach_remittance
RPY-0011259,ORG-201039,PTR-003,2022-06-24,216.66,5040.1,manual_payment
RPY-0011260,ORG-201040,PTR-002,2022-07-04,611.78,611.78,ach_remittance
RPY-0011261,ORG-201040,PTR-002,2022-07-11,1043.91,1655.69,ach_remittance
RPY-0011262,ORG-201040,PTR-002,2022-07-18,590.57,2246.26,ach_remittance
RPY-0011263,ORG-201040,PTR-002,2022-07-25,1090.78,3337.04,ach_remittance
RPY-0011264,ORG-201040,PTR-002,2022-08-01,1217.38,4554.42,ach_remittance
RPY-0011265,ORG-201040,PTR-002,2022-08-08,925.94,5480.36,ach_remittance
RPY-0011266,ORG-201040,PTR-002,2022-08-15,1213.32,6693.68,manual_payment
RPY-0011267,ORG-201040,PTR-002,2022-08-22,1107.32,7801.0,ach_remittance
RPY-0011268,ORG-201040,PTR-002,2022-08-29,687.24,8488.24,ach_remittance
RPY-0011269,ORG-201040,PTR-002,2022-09-05,1127.77,9616.01,ach_remittance
RPY-0011270,ORG-201040,PTR-002,2022-09-12,1342.2,10958.21,ach_remittance
RPY-0011271,ORG-201040,PTR-002,2022-09-19,911.83,11870.04,ach_remittance
RPY-0011272,ORG-201040,PTR-002,2022-09-26,878.63,12748.67,ach_remittance
RPY-0011273,ORG-201040,PTR-002,2022-10-03,1141.83,13890.5,ach_remittance
RPY-0011274,ORG-201040,PTR-002,2022-10-10,826.82,14717.32,ach_remittance
RPY-0011275,ORG-201040,PTR-002,2022-10-17,634.33,15351.65,ach_remittance
RPY-0011276,ORG-201040,PTR-002,2022-10-24,1312.64,16664.29,ach_remittance
RPY-0011277,ORG-201040,PTR-002,2022-10-31,1079.83,17744.12,ach_remittance
RPY-0011278,ORG-201040,PTR-002,2022-11-07,1211.52,18955.64,ach_remittance
RPY-0011279,ORG-201040,PTR-002,2022-11-14,747.77,19703.41,ach_remittance
RPY-0011280,ORG-201040,PTR-002,2022-11-21,803.65,20507.06,ach_remittance
RPY-0011281,ORG-201040,PTR-002,2022-11-28,729.66,21236.72,ach_remittance
RPY-0011282,ORG-201040,PTR-002,2022-12-05,975.49,22212.21,ach_remittance
RPY-0011283,ORG-201041,PTR-004,2022-12-15,2674.15,2674.15,ach_remittance
RPY-0011284,ORG-201041,PTR-004,2022-12-22,2020.61,4694.76,ach_remittance
RPY-0011285,ORG-201041,PTR-004,2022-12-29,2367.87,7062.63,ach_remittance
RPY-0011286,ORG-201041,PTR-004,2023-01-05,2082.93,9145.56,ach_remittance
RPY-0011287,ORG-201041,PTR-004,2023-01-12,3066.43,12211.99,manual_payment
RPY-0011288,ORG-201041,PTR-004,2023-01-19,2891.99,15103.98,ach_remittance
RPY-0011289,ORG-201041,PTR-004,2023-01-26,3876.92,18980.9,ach_remittance
RPY-0011290,ORG-201041,PTR-004,2023-02-02,3269.89,22250.79,ach_remittance
RPY-0011291,ORG-201041,PTR-004,2023-02-09,3730.87,25981.66,ach_remittance
RPY-0011292,ORG-201041,PTR-004,2023-02-16,3186.54,29168.2,ach_remittance
RPY-0011293,ORG-201041,PTR-004,2023-02-23,3684.62,32852.82,ach_remittance
RPY-0011294,ORG-201041,PTR-004,2023-03-02,1970.04,34822.86,ach_remittance
RPY-0011295,ORG-201041,PTR-004,2023-03-09,4188.37,39011.23,ach_remittance
RPY-0011296,ORG-201041,PTR-004,2023-03-16,2604.37,41615.6,ach_remittance
RPY-0011297,ORG-201041,PTR-004,2023-03-23,1907.75,43523.35,ach_remittance
RPY-0011298,ORG-201041,PTR-004,2023-03-30,5175.08,48698.43,ach_remittance
RPY-0011299,ORG-201042,PTR-002,2024-08-31,1757.83,1757.83,ach_remittance
RPY-0011300,ORG-201042,PTR-002,2024-09-07,1989.85,3747.68,ach_remittance
RPY-0011301,ORG-201042,PTR-002,2024-09-14,1890.86,5638.54,ach_remittance
RPY-0011302,ORG-201042,PTR-002,2024-09-21,1906.13,7544.67,ach_remittance
RPY-0011303,ORG-201042,PTR-002,2024-09-28,2688.34,10233.01,ach_remittance
RPY-0011304,ORG-201043,PTR-001,2024-12-04,2135.81,2135.81,ach_remittance
RPY-0011305,ORG-201043,PTR-001,2024-12-11,2795.68,4931.49,ach_remittance
RPY-0011306,ORG-201043,PTR-001,2024-12-18,2633.97,7565.46,manual_payment
RPY-0011307,ORG-201043,PTR-001,2024-12-25,1716.59,9282.05,ach_remittance
RPY-0011308,ORG-201043,PTR-001,2025-01-01,3379.99,12662.04,ach_remittance
RPY-0011309,ORG-201043,PTR-001,2025-01-08,1697.73,14359.77,ach_remittance
RPY-0011310,ORG-201043,PTR-001,2025-01-15,2957.13,17316.9,ach_remittance
RPY-0011311,ORG-201043,PTR-001,2025-01-22,1989.56,19306.46,ach_remittance
RPY-0011312,ORG-201043,PTR-001,2025-01-29,3213.45,22519.91,manual_payment
RPY-0011313,ORG-201043,PTR-001,2025-02-05,2408.09,24928.0,ach_remittance
RPY-0011314,ORG-201043,PTR-001,2025-02-12,2329.5,27257.5,ach_remittance
RPY-0011315,ORG-201043,PTR-001,2025-02-19,2596.12,29853.62,ach_remittance
RPY-0011316,ORG-201044,PTR-001,2025-12-16,213.95,213.95,ach_remittance
RPY-0011317,ORG-201044,PTR-001,2025-12-23,160.28,374.23,ach_remittance
RPY-0011318,ORG-201044,PTR-001,2025-12-30,209.79,584.02,ach_remittance
RPY-0011319,ORG-201044,PTR-001,2026-01-06,218.76,802.78,ach_remittance
RPY-0011320,ORG-201044,PTR-001,2026-01-13,198.16,1000.94,ach_remittance
RPY-0011321,ORG-201044,PTR-001,2026-01-20,258.03,1258.97,ach_remittance
RPY-0011322,ORG-201044,PTR-001,2026-01-27,210.08,1469.05,ach_remittance
RPY-0011323,ORG-201044,PTR-001,2026-02-03,221.86,1690.91,ach_remittance
RPY-0011324,ORG-201044,PTR-001,2026-02-10,214.15,1905.06,manual_payment
RPY-0011325,ORG-201044,PTR-001,2026-02-17,165.38,2070.44,ach_remittance
RPY-0011326,ORG-201044,PTR-001,2026-02-24,324.67,2395.11,ach_remittance
RPY-0011327,ORG-201044,PTR-001,2026-03-03,320.56,2715.67,ach_remittance
RPY-0011328,ORG-201044,PTR-001,2026-03-10,277.52,2993.19,ach_remittance
RPY-0011329,ORG-201044,PTR-001,2026-03-17,257.02,3250.21,manual_payment
RPY-0011330,ORG-201044,PTR-001,2026-03-24,277.9,3528.11,ach_remittance
RPY-0011331,ORG-201044,PTR-001,2026-03-31,342.22,3870.33,ach_remittance
RPY-0011332,ORG-201044,PTR-001,2026-04-07,297.72,4168.05,ach_remittance
RPY-0011333,ORG-201044,PTR-001,2026-04-14,242.74,4410.79,ach_remittance
RPY-0011334,ORG-201044,PTR-001,2026-04-21,282.95,4693.74,ach_remittance
RPY-0011335,ORG-201044,PTR-001,2026-04-28,227.88,4921.62,ach_remittance
RPY-0011336,ORG-201044,PTR-001,2026-05-05,335.85,5257.47,ach_remittance
RPY-0011337,ORG-201044,PTR-001,2026-05-12,241.12,5498.59,ach_remittance
RPY-0011338,ORG-201045,PTR-005,2023-08-02,4309.88,4309.88,ach_remittance
RPY-0011339,ORG-201045,PTR-005,2023-08-09,3337.52,7647.4,manual_payment
RPY-0011340,ORG-201045,PTR-005,2023-08-16,4994.99,12642.39,ach_remittance
RPY-0011341,ORG-201045,PTR-005,2023-08-23,2504.42,15146.81,ach_remittance
RPY-0011342,ORG-201045,PTR-005,2023-08-30,2665.1,17811.91,ach_remittance
RPY-0011343,ORG-201045,PTR-005,2023-09-06,2956.8,20768.71,ach_remittance
RPY-0011344,ORG-201045,PTR-005,2023-09-13,4196.91,24965.62,ach_remittance
RPY-0011345,ORG-201045,PTR-005,2023-09-20,4913.65,29879.27,ach_remittance
RPY-0011346,ORG-201045,PTR-005,2023-09-27,2399.67,32278.94,ach_remittance
RPY-0011347,ORG-201046,PTR-006,2025-01-16,2002.03,2002.03,ach_remittance
RPY-0011348,ORG-201046,PTR-006,2025-01-23,2024.88,4026.91,manual_payment
RPY-0011349,ORG-201046,PTR-006,2025-01-30,1841.97,5868.88,manual_payment
RPY-0011350,ORG-201046,PTR-006,2025-02-06,1193.59,7062.47,ach_remittance
RPY-0011351,ORG-201046,PTR-006,2025-02-13,945.39,8007.86,ach_remittance
RPY-0011352,ORG-201046,PTR-006,2025-02-20,1103.99,9111.85,ach_remittance
RPY-0011353,ORG-201046,PTR-006,2025-02-27,1488.39,10600.24,ach_remittance
RPY-0011354,ORG-201046,PTR-006,2025-03-06,1279.28,11879.52,ach_remittance
RPY-0011355,ORG-201046,PTR-006,2025-03-13,1286.07,13165.59,ach_remittance
RPY-0011356,ORG-201046,PTR-006,2025-03-20,1899.7,15065.29,ach_remittance
RPY-0011357,ORG-201046,PTR-006,2025-03-27,1373.51,16438.8,ach_remittance
RPY-0011358,ORG-201046,PTR-006,2025-04-03,1429.8,17868.6,ach_remittance
RPY-0011359,ORG-201046,PTR-006,2025-04-10,1621.29,19489.89,ach_remittance
RPY-0011360,ORG-201046,PTR-006,2025-04-17,1775.5,21265.39,ach_remittance
RPY-0011361,ORG-201047,PTR-002,2023-09-10,1408.55,1408.55,ach_remittance
RPY-0011362,ORG-201047,PTR-002,2023-09-17,1667.66,3076.21,ach_remittance
RPY-0011363,ORG-201047,PTR-002,2023-09-24,758.69,3834.9,ach_remittance
RPY-0011364,ORG-201047,PTR-002,2023-10-01,1094.76,4929.66,ach_remittance
RPY-0011365,ORG-201047,PTR-002,2023-10-08,1251.53,6181.19,ach_remittance
RPY-0011366,ORG-201047,PTR-002,2023-10-15,1368.94,7550.13,ach_remittance
RPY-0011367,ORG-201047,PTR-002,2023-10-22,1068.11,8618.24,ach_remittance
RPY-0011368,ORG-201048,PTR-006,2022-11-15,3595.04,3595.04,ach_remittance
RPY-0011369,ORG-201048,PTR-006,2022-11-22,2450.65,6045.69,ach_remittance
RPY-0011370,ORG-201048,PTR-006,2022-11-29,2684.73,8730.42,ach_remittance
RPY-0011371,ORG-201048,PTR-006,2022-12-06,1876.4,10606.82,ach_remittance
RPY-0011372,ORG-201049,PTR-006,2022-03-19,3337.39,3337.39,ach_remittance
RPY-0011373,ORG-201049,PTR-006,2022-03-26,2595.85,5933.24,ach_remittance
RPY-0011374,ORG-201049,PTR-006,2022-04-02,2566.55,8499.79,ach_remittance
RPY-0011375,ORG-201049,PTR-006,2022-04-09,3424.98,11924.77,ach_remittance
RPY-0011376,ORG-201049,PTR-006,2022-04-16,2335.69,14260.46,ach_remittance
RPY-0011377,ORG-201049,PTR-006,2022-04-23,2408.46,16668.92,ach_remittance
RPY-0011378,ORG-201049,PTR-006,2022-04-30,1716.58,18385.5,ach_remittance
RPY-0011379,ORG-201049,PTR-006,2022-05-07,4421.3,22806.8,ach_remittance
RPY-0011380,ORG-201050,PTR-004,2024-03-01,4137.92,4137.92,ach_remittance
RPY-0011381,ORG-201050,PTR-004,2024-03-08,4256.53,8394.45,ach_remittance
RPY-0011382,ORG-201050,PTR-004,2024-03-15,3148.68,11543.13,manual_payment
RPY-0011383,ORG-201050,PTR-004,2024-03-22,3229.85,14772.98,manual_payment
RPY-0011384,ORG-201050,PTR-004,2024-03-29,2359.59,17132.57,ach_remittance
RPY-0011385,ORG-201050,PTR-004,2024-04-05,3896.59,21029.16,ach_remittance
RPY-0011386,ORG-201050,PTR-004,2024-04-12,4364.11,25393.27,ach_remittance
RPY-0011387,ORG-201050,PTR-004,2024-04-19,4584.35,29977.62,ach_remittance
RPY-0011388,ORG-201050,PTR-004,2024-04-26,4535.14,34512.76,ach_remittance
RPY-0011389,ORG-201050,PTR-004,2024-05-03,2935.35,37448.11,manual_payment
RPY-0011390,ORG-201050,PTR-004,2024-05-10,547.22,37995.33,manual_payment
RPY-0011391,ORG-201051,PTR-004,2023-01-06,3464.69,3464.69,ach_remittance
RPY-0011392,ORG-201051,PTR-004,2023-01-13,2781.65,6246.34,ach_remittance
RPY-0011393,ORG-201051,PTR-004,2023-01-20,3139.92,9386.26,ach_remittance
RPY-0011394,ORG-201051,PTR-004,2023-01-27,1607.24,10993.5,manual_payment
RPY-0011395,ORG-201051,PTR-004,2023-02-03,1720.18,12713.68,ach_remittance
RPY-0011396,ORG-201051,PTR-004,2023-02-10,3023.13,15736.81,ach_remittance
RPY-0011397,ORG-201051,PTR-004,2023-02-17,2874.87,18611.68,ach_remittance
RPY-0011398,ORG-201051,PTR-004,2023-02-24,1933.2,20544.88,ach_remittance
RPY-0011399,ORG-201051,PTR-004,2023-03-03,1631.53,22176.41,ach_remittance
RPY-0011400,ORG-201051,PTR-004,2023-03-10,3534.58,25710.99,manual_payment
RPY-0011401,ORG-201051,PTR-004,2023-03-17,2473.27,28184.26,ach_remittance
RPY-0011402,ORG-201051,PTR-004,2023-03-24,2109.18,30293.44,ach_remittance
RPY-0011403,ORG-201051,PTR-004,2023-03-31,3892.51,34185.95,ach_remittance
RPY-0011404,ORG-201052,PTR-006,2025-02-12,7920.9,7920.9,ach_remittance
RPY-0011405,ORG-201052,PTR-006,2025-02-19,3968.68,11889.58,ach_remittance
RPY-0011406,ORG-201052,PTR-006,2025-02-26,6603.97,18493.55,ach_remittance
RPY-0011407,ORG-201052,PTR-006,2025-03-05,6820.47,25314.02,ach_remittance
RPY-0011408,ORG-201052,PTR-006,2025-03-12,7505.12,32819.14,ach_remittance
RPY-0011409,ORG-201053,PTR-001,2023-11-23,1103.2,1103.2,ach_remittance
RPY-0011410,ORG-201053,PTR-001,2023-11-30,714.86,1818.06,ach_remittance
RPY-0011411,ORG-201053,PTR-001,2023-12-07,751.84,2569.9,ach_remittance
RPY-0011412,ORG-201053,PTR-001,2023-12-14,594.53,3164.43,ach_remittance
RPY-0011413,ORG-201053,PTR-001,2023-12-21,764.11,3928.54,manual_payment
RPY-0011414,ORG-201053,PTR-001,2023-12-28,1146.39,5074.93,ach_remittance
RPY-0011415,ORG-201053,PTR-001,2024-01-04,1320.99,6395.92,ach_remittance
RPY-0011416,ORG-201054,PTR-001,2025-10-29,732.49,732.49,ach_remittance
RPY-0011417,ORG-201054,PTR-001,2025-11-05,862.68,1595.17,ach_remittance
RPY-0011418,ORG-201054,PTR-001,2025-11-12,579.57,2174.74,ach_remittance
RPY-0011419,ORG-201054,PTR-001,2025-11-19,966.1,3140.84,ach_remittance
RPY-0011420,ORG-201054,PTR-001,2025-11-26,492.92,3633.76,ach_remittance
RPY-0011421,ORG-201054,PTR-001,2025-12-03,497.5,4131.26,ach_remittance
RPY-0011422,ORG-201054,PTR-001,2025-12-10,643.85,4775.11,manual_payment
RPY-0011423,ORG-201054,PTR-001,2025-12-17,837.36,5612.47,ach_remittance
RPY-0011424,ORG-201054,PTR-001,2025-12-24,1012.23,6624.7,ach_remittance
RPY-0011425,ORG-201054,PTR-001,2025-12-31,510.64,7135.34,ach_remittance
RPY-0011426,ORG-201054,PTR-001,2026-01-07,493.69,7629.03,ach_remittance
RPY-0011427,ORG-201054,PTR-001,2026-01-14,963.82,8592.85,ach_remittance
RPY-0011428,ORG-201054,PTR-001,2026-01-21,910.71,9503.56,ach_remittance
RPY-0011429,ORG-201054,PTR-001,2026-01-28,904.12,10407.68,ach_remittance
RPY-0011430,ORG-201054,PTR-001,2026-02-04,498.42,10906.1,ach_remittance
RPY-0011431,ORG-201054,PTR-001,2026-02-11,837.66,11743.76,ach_remittance
RPY-0011432,ORG-201054,PTR-001,2026-02-18,779.68,12523.44,ach_remittance
RPY-0011433,ORG-201054,PTR-001,2026-02-25,518.68,13042.12,manual_payment
RPY-0011434,ORG-201054,PTR-001,2026-03-04,642.87,13684.99,ach_remittance
RPY-0011435,ORG-201054,PTR-001,2026-03-11,847.46,14532.45,ach_remittance
RPY-0011436,ORG-201054,PTR-001,2026-03-18,549.36,15081.81,manual_payment
RPY-0011437,ORG-201054,PTR-001,2026-03-25,560.67,15642.48,ach_remittance
RPY-0011438,ORG-201054,PTR-001,2026-04-01,2782.21,18424.69,ach_remittance
RPY-0011439,ORG-201055,PTR-001,2026-04-01,4835.25,4835.25,ach_remittance
RPY-0011440,ORG-201055,PTR-001,2026-04-08,5300.37,10135.62,manual_payment
RPY-0011441,ORG-201055,PTR-001,2026-04-15,4162.56,14298.18,ach_remittance
RPY-0011442,ORG-201055,PTR-001,2026-04-22,6958.5,21256.68,ach_remittance
RPY-0011443,ORG-201055,PTR-001,2026-04-29,7530.33,28787.01,ach_remittance
RPY-0011444,ORG-201055,PTR-001,2026-05-06,4765.55,33552.56,ach_remittance
RPY-0011445,ORG-201055,PTR-001,2026-05-13,6152.97,39705.53,ach_remittance
RPY-0011446,ORG-201055,PTR-001,2026-05-20,4434.67,44140.2,ach_remittance
RPY-0011447,ORG-201055,PTR-001,2026-05-27,4518.13,48658.33,ach_remittance
RPY-0011448,ORG-201055,PTR-001,2026-06-03,5199.51,53857.84,ach_remittance
RPY-0011449,ORG-201055,PTR-001,2026-06-10,10807.36,64665.2,ach_remittance
RPY-0011450,ORG-201056,PTR-006,2023-11-11,279.31,279.31,ach_remittance
RPY-0011451,ORG-201056,PTR-006,2023-11-18,369.94,649.25,ach_remittance
RPY-0011452,ORG-201056,PTR-006,2023-11-25,414.32,1063.57,manual_payment
RPY-0011453,ORG-201056,PTR-006,2023-12-02,448.35,1511.92,manual_payment
RPY-0011454,ORG-201056,PTR-006,2023-12-09,299.54,1811.46,ach_remittance
RPY-0011455,ORG-201056,PTR-006,2023-12-16,562.54,2374.0,manual_payment
RPY-0011456,ORG-201057,PTR-003,2024-11-28,4383.9,4383.9,ach_remittance
RPY-0011457,ORG-201057,PTR-003,2024-12-05,8710.36,13094.26,ach_remittance
RPY-0011458,ORG-201057,PTR-003,2024-12-12,7769.26,20863.52,ach_remittance
RPY-0011459,ORG-201057,PTR-003,2024-12-19,8337.93,29201.45,ach_remittance
RPY-0011460,ORG-201057,PTR-003,2024-12-26,4558.59,33760.04,ach_remittance
RPY-0011461,ORG-201057,PTR-003,2025-01-02,9970.17,43730.21,ach_remittance
RPY-0011462,ORG-201057,PTR-003,2025-01-09,7773.13,51503.34,ach_remittance
RPY-0011463,ORG-201057,PTR-003,2025-01-16,7012.57,58515.91,ach_remittance
RPY-0011464,ORG-201057,PTR-003,2025-01-23,6255.93,64771.84,ach_remittance
RPY-0011465,ORG-201058,PTR-001,2025-09-08,1382.01,1382.01,ach_remittance
RPY-0011466,ORG-201058,PTR-001,2025-09-15,1840.9,3222.91,ach_remittance
RPY-0011467,ORG-201058,PTR-001,2025-09-22,1572.78,4795.69,ach_remittance
RPY-0011468,ORG-201058,PTR-001,2025-09-29,1823.65,6619.34,ach_remittance
RPY-0011469,ORG-201058,PTR-001,2025-10-06,2077.96,8697.3,ach_remittance
RPY-0011470,ORG-201058,PTR-001,2025-10-13,1464.13,10161.43,ach_remittance
RPY-0011471,ORG-201058,PTR-001,2025-10-20,1618.21,11779.64,ach_remittance
RPY-0011472,ORG-201058,PTR-001,2025-10-27,1137.58,12917.22,ach_remittance
RPY-0011473,ORG-201058,PTR-001,2025-11-03,1904.74,14821.96,ach_remittance
RPY-0011474,ORG-201058,PTR-001,2025-11-10,1348.8,16170.76,ach_remittance
RPY-0011475,ORG-201058,PTR-001,2025-11-17,2360.14,18530.9,ach_remittance
RPY-0011476,ORG-201059,PTR-004,2025-08-08,2594.64,2594.64,ach_remittance
RPY-0011477,ORG-201059,PTR-004,2025-08-15,1932.62,4527.26,ach_remittance
RPY-0011478,ORG-201059,PTR-004,2025-08-22,3041.79,7569.05,ach_remittance
RPY-0011479,ORG-201059,PTR-004,2025-08-29,2663.44,10232.49,ach_remittance
RPY-0011480,ORG-201059,PTR-004,2025-09-05,3290.21,13522.7,ach_remittance
RPY-0011481,ORG-201059,PTR-004,2025-09-12,2489.78,16012.48,ach_remittance
RPY-0011482,ORG-201059,PTR-004,2025-09-19,2837.17,18849.65,ach_remittance
RPY-0011483,ORG-201059,PTR-004,2025-09-26,2663.55,21513.2,ach_remittance
RPY-0011484,ORG-201059,PTR-004,2025-10-03,2459.76,23972.96,ach_remittance
RPY-0011485,ORG-201059,PTR-004,2025-10-10,1738.83,25711.79,manual_payment
RPY-0011486,ORG-201059,PTR-004,2025-10-17,2730.81,28442.6,ach_remittance
RPY-0011487,ORG-201059,PTR-004,2025-10-24,3703.33,32145.93,ach_remittance
RPY-0011488,ORG-201059,PTR-004,2025-10-31,2479.68,34625.61,ach_remittance
RPY-0011489,ORG-201059,PTR-004,2025-11-07,1824.13,36449.74,ach_remittance
RPY-0011490,ORG-201059,PTR-004,2025-11-14,2284.87,38734.61,ach_remittance
RPY-0011491,ORG-201059,PTR-004,2025-11-21,3668.38,42402.99,ach_remittance
RPY-0011492,ORG-201060,PTR-001,2022-05-19,10822.94,10822.94,ach_remittance
RPY-0011493,ORG-201060,PTR-001,2022-05-26,11453.42,22276.36,ach_remittance
RPY-0011494,ORG-201060,PTR-001,2022-06-02,13639.15,35915.51,ach_remittance
RPY-0011495,ORG-201060,PTR-001,2022-06-09,12674.55,48590.06,ach_remittance
RPY-0011496,ORG-201060,PTR-001,2022-06-16,11408.36,59998.42,manual_payment
RPY-0011497,ORG-201060,PTR-001,2022-06-23,12044.07,72042.49,ach_remittance
RPY-0011498,ORG-201060,PTR-001,2022-06-30,5922.73,77965.22,ach_remittance
RPY-0011499,ORG-201061,PTR-005,2022-07-22,2198.98,2198.98,ach_remittance
RPY-0011500,ORG-201061,PTR-005,2022-07-29,2976.72,5175.7,ach_remittance
RPY-0011501,ORG-201061,PTR-005,2022-08-05,3261.83,8437.53,manual_payment
RPY-0011502,ORG-201061,PTR-005,2022-08-12,2879.74,11317.27,ach_remittance
RPY-0011503,ORG-201061,PTR-005,2022-08-19,2543.52,13860.79,ach_remittance
RPY-0011504,ORG-201061,PTR-005,2022-08-26,3095.06,16955.85,ach_remittance
RPY-0011505,ORG-201061,PTR-005,2022-09-02,3480.17,20436.02,ach_remittance
RPY-0011506,ORG-201061,PTR-005,2022-09-09,3601.76,24037.78,ach_remittance
RPY-0011507,ORG-201061,PTR-005,2022-09-16,8738.12,32775.9,ach_remittance
RPY-0011508,ORG-201062,PTR-002,2025-04-27,3874.65,3874.65,ach_remittance
RPY-0011509,ORG-201062,PTR-002,2025-05-04,4194.18,8068.83,ach_remittance
RPY-0011510,ORG-201062,PTR-002,2025-05-11,4165.33,12234.16,ach_remittance
RPY-0011511,ORG-201062,PTR-002,2025-05-18,3197.86,15432.02,ach_remittance
RPY-0011512,ORG-201062,PTR-002,2025-05-25,3017.51,18449.53,ach_remittance
RPY-0011513,ORG-201062,PTR-002,2025-06-01,4228.6,22678.13,ach_remittance
RPY-0011514,ORG-201062,PTR-002,2025-06-08,3106.67,25784.8,ach_remittance
RPY-0011515,ORG-201062,PTR-002,2025-06-15,3271.38,29056.18,ach_remittance
RPY-0011516,ORG-201062,PTR-002,2025-06-22,182.03,29238.21,ach_remittance
RPY-0011517,ORG-201063,PTR-006,2022-10-27,6505.33,6505.33,ach_remittance
RPY-0011518,ORG-201063,PTR-006,2022-11-03,12576.76,19082.09,ach_remittance
RPY-0011519,ORG-201063,PTR-006,2022-11-10,10570.25,29652.34,ach_remittance
RPY-0011520,ORG-201063,PTR-006,2022-11-17,9302.2,38954.54,ach_remittance
RPY-0011521,ORG-201063,PTR-006,2022-11-24,6922.85,45877.39,ach_remittance
RPY-0011522,ORG-201063,PTR-006,2022-12-01,7872.87,53750.26,manual_payment
RPY-0011523,ORG-201063,PTR-006,2022-12-08,6554.81,60305.07,ach_remittance
RPY-0011524,ORG-201063,PTR-006,2022-12-15,8889.26,69194.33,ach_remittance
RPY-0011525,ORG-201063,PTR-006,2022-12-22,6535.46,75729.79,ach_remittance
RPY-0011526,ORG-201063,PTR-006,2022-12-29,25266.7,100996.49,ach_remittance
RPY-0011527,ORG-201064,PTR-001,2025-12-25,6084.27,6084.27,ach_remittance
RPY-0011528,ORG-201064,PTR-001,2026-01-01,8736.85,14821.12,manual_payment
RPY-0011529,ORG-201064,PTR-001,2026-01-08,8306.33,23127.45,ach_remittance
RPY-0011530,ORG-201064,PTR-001,2026-01-15,2456.52,25583.97,ach_remittance
RPY-0011531,ORG-201065,PTR-006,2024-04-20,6754.67,6754.67,ach_remittance
RPY-0011532,ORG-201065,PTR-006,2024-04-27,4971.65,11726.32,ach_remittance
RPY-0011533,ORG-201065,PTR-006,2024-05-04,4592.36,16318.68,ach_remittance
RPY-0011534,ORG-201065,PTR-006,2024-05-11,3438.24,19756.92,ach_remittance
RPY-0011535,ORG-201065,PTR-006,2024-05-18,6389.76,26146.68,ach_remittance
RPY-0011536,ORG-201066,PTR-005,2024-08-22,1781.96,1781.96,manual_payment
RPY-0011537,ORG-201066,PTR-005,2024-08-29,982.21,2764.17,ach_remittance
RPY-0011538,ORG-201066,PTR-005,2024-09-05,1174.31,3938.48,ach_remittance
RPY-0011539,ORG-201066,PTR-005,2024-09-12,1101.73,5040.21,ach_remittance
RPY-0011540,ORG-201066,PTR-005,2024-09-19,1133.28,6173.49,ach_remittance
RPY-0011541,ORG-201066,PTR-005,2024-09-26,962.26,7135.75,ach_remittance
RPY-0011542,ORG-201066,PTR-005,2024-10-03,1016.58,8152.33,manual_payment
RPY-0011543,ORG-201066,PTR-005,2024-10-10,2141.57,10293.9,ach_remittance
RPY-0011544,ORG-201067,PTR-004,2023-10-31,7899.92,7899.92,ach_remittance
RPY-0011545,ORG-201067,PTR-004,2023-11-07,8248.27,16148.19,ach_remittance
RPY-0011546,ORG-201067,PTR-004,2023-11-14,11251.64,27399.83,ach_remittance
RPY-0011547,ORG-201067,PTR-004,2023-11-21,9325.0,36724.83,ach_remittance
RPY-0011548,ORG-201067,PTR-004,2023-11-28,7795.12,44519.95,ach_remittance
RPY-0011549,ORG-201067,PTR-004,2023-12-05,7356.99,51876.94,ach_remittance
RPY-0011550,ORG-201067,PTR-004,2023-12-12,12001.94,63878.88,ach_remittance
RPY-0011551,ORG-201067,PTR-004,2023-12-19,9762.31,73641.19,ach_remittance
RPY-0011552,ORG-201067,PTR-004,2023-12-26,8954.36,82595.55,ach_remittance
RPY-0011553,ORG-201067,PTR-004,2024-01-02,17727.29,100322.84,ach_remittance
RPY-0011554,ORG-201068,PTR-005,2023-09-07,2686.46,2686.46,ach_remittance
RPY-0011555,ORG-201068,PTR-005,2023-09-14,2643.15,5329.61,ach_remittance
RPY-0011556,ORG-201068,PTR-005,2023-09-21,5300.35,10629.96,ach_remittance
RPY-0011557,ORG-201068,PTR-005,2023-09-28,3392.04,14022.0,ach_remittance
RPY-0011558,ORG-201068,PTR-005,2023-10-05,3388.31,17410.31,ach_remittance
RPY-0011559,ORG-201068,PTR-005,2023-10-12,4175.11,21585.42,ach_remittance
RPY-0011560,ORG-201068,PTR-005,2023-10-19,3990.32,25575.74,ach_remittance
RPY-0011561,ORG-201068,PTR-005,2023-10-26,4985.84,30561.58,ach_remittance
RPY-0011562,ORG-201068,PTR-005,2023-11-02,2562.46,33124.04,ach_remittance
RPY-0011563,ORG-201068,PTR-005,2023-11-09,3325.97,36450.01,ach_remittance
RPY-0011564,ORG-201068,PTR-005,2023-11-16,4052.39,40502.4,ach_remittance
RPY-0011565,ORG-201068,PTR-005,2023-11-23,4405.52,44907.92,ach_remittance
RPY-0011566,ORG-201068,PTR-005,2023-11-30,4275.18,49183.1,ach_remittance
RPY-0011567,ORG-201068,PTR-005,2023-12-07,3247.79,52430.89,ach_remittance
RPY-0011568,ORG-201068,PTR-005,2023-12-14,2738.42,55169.31,ach_remittance
RPY-0011569,ORG-201068,PTR-005,2023-12-21,3234.64,58403.95,manual_payment
RPY-0011570,ORG-201068,PTR-005,2023-12-28,6219.5,64623.45,ach_remittance
RPY-0011571,ORG-201069,PTR-002,2024-12-09,229.83,229.83,ach_remittance
RPY-0011572,ORG-201069,PTR-002,2024-12-16,338.83,568.66,ach_remittance
RPY-0011573,ORG-201069,PTR-002,2024-12-23,426.3,994.96,ach_remittance
RPY-0011574,ORG-201069,PTR-002,2024-12-30,455.25,1450.21,ach_remittance
RPY-0011575,ORG-201069,PTR-002,2025-01-06,216.6,1666.81,manual_payment
RPY-0011576,ORG-201069,PTR-002,2025-01-13,490.54,2157.35,ach_remittance
RPY-0011577,ORG-201069,PTR-002,2025-01-20,255.88,2413.23,ach_remittance
RPY-0011578,ORG-201069,PTR-002,2025-01-27,286.64,2699.87,ach_remittance
RPY-0011579,ORG-201069,PTR-002,2025-02-03,322.62,3022.49,ach_remittance
RPY-0011580,ORG-201069,PTR-002,2025-02-10,232.65,3255.14,ach_remittance
RPY-0011581,ORG-201069,PTR-002,2025-02-17,407.92,3663.06,ach_remittance
RPY-0011582,ORG-201069,PTR-002,2025-02-24,427.65,4090.71,ach_remittance
RPY-0011583,ORG-201069,PTR-002,2025-03-03,439.57,4530.28,ach_remittance
RPY-0011584,ORG-201069,PTR-002,2025-03-10,400.95,4931.23,ach_remittance
RPY-0011585,ORG-201069,PTR-002,2025-03-17,458.23,5389.46,ach_remittance
RPY-0011586,ORG-201069,PTR-002,2025-03-24,419.61,5809.07,ach_remittance
RPY-0011587,ORG-201069,PTR-002,2025-03-31,486.78,6295.85,manual_payment
RPY-0011588,ORG-201069,PTR-002,2025-04-07,286.9,6582.75,ach_remittance
RPY-0011589,ORG-201069,PTR-002,2025-04-14,258.22,6840.97,ach_remittance
RPY-0011590,ORG-201069,PTR-002,2025-04-21,192.58,7033.55,manual_payment
RPY-0011591,ORG-201070,PTR-005,2026-04-22,627.45,627.45,ach_remittance
RPY-0011592,ORG-201070,PTR-005,2026-04-29,623.75,1251.2,ach_remittance
RPY-0011593,ORG-201070,PTR-005,2026-05-06,506.09,1757.29,ach_remittance
RPY-0011594,ORG-201070,PTR-005,2026-05-13,670.33,2427.62,ach_remittance
RPY-0011595,ORG-201070,PTR-005,2026-05-20,591.09,3018.71,ach_remittance
RPY-0011596,ORG-201070,PTR-005,2026-05-27,307.22,3325.93,ach_remittance
RPY-0011597,ORG-201070,PTR-005,2026-06-03,622.52,3948.45,ach_remittance
RPY-0011598,ORG-201070,PTR-005,2026-06-10,304.74,4253.19,ach_remittance
RPY-0011599,ORG-201070,PTR-005,2026-06-17,246.47,4499.66,ach_remittance
RPY-0011600,ORG-201071,PTR-005,2026-01-25,649.71,649.71,ach_remittance
RPY-0011601,ORG-201071,PTR-005,2026-02-01,409.61,1059.32,ach_remittance
RPY-0011602,ORG-201071,PTR-005,2026-02-08,552.01,1611.33,ach_remittance
RPY-0011603,ORG-201071,PTR-005,2026-02-15,585.68,2197.01,ach_remittance
RPY-0011604,ORG-201071,PTR-005,2026-02-22,295.79,2492.8,ach_remittance
RPY-0011605,ORG-201071,PTR-005,2026-03-01,321.17,2813.97,ach_remittance
RPY-0011606,ORG-201071,PTR-005,2026-03-08,307.22,3121.19,ach_remittance
RPY-0011607,ORG-201071,PTR-005,2026-03-15,437.22,3558.41,ach_remittance
RPY-0011608,ORG-201071,PTR-005,2026-03-22,289.79,3848.2,ach_remittance
RPY-0011609,ORG-201071,PTR-005,2026-03-29,520.38,4368.58,ach_remittance
RPY-0011610,ORG-201071,PTR-005,2026-04-05,640.35,5008.93,ach_remittance
RPY-0011611,ORG-201071,PTR-005,2026-04-12,621.33,5630.26,ach_remittance
RPY-0011612,ORG-201072,PTR-004,2024-08-01,579.09,579.09,ach_remittance
RPY-0011613,ORG-201072,PTR-004,2024-08-08,730.83,1309.92,ach_remittance
RPY-0011614,ORG-201072,PTR-004,2024-08-15,662.33,1972.25,ach_remittance
RPY-0011615,ORG-201072,PTR-004,2024-08-22,379.33,2351.58,ach_remittance
RPY-0011616,ORG-201072,PTR-004,2024-08-29,346.97,2698.55,ach_remittance
RPY-0011617,ORG-201072,PTR-004,2024-09-05,345.13,3043.68,ach_remittance
RPY-0011618,ORG-201072,PTR-004,2024-09-12,677.85,3721.53,ach_remittance
RPY-0011619,ORG-201072,PTR-004,2024-09-19,543.91,4265.44,ach_remittance
RPY-0011620,ORG-201072,PTR-004,2024-09-26,660.77,4926.21,ach_remittance
RPY-0011621,ORG-201072,PTR-004,2024-10-03,759.48,5685.69,ach_remittance
RPY-0011622,ORG-201072,PTR-004,2024-10-10,537.85,6223.54,ach_remittance
RPY-0011623,ORG-201072,PTR-004,2024-10-17,736.08,6959.62,ach_remittance
RPY-0011624,ORG-201072,PTR-004,2024-10-24,635.41,7595.03,ach_remittance
RPY-0011625,ORG-201072,PTR-004,2024-10-31,476.16,8071.19,ach_remittance
RPY-0011626,ORG-201072,PTR-004,2024-11-07,503.73,8574.92,manual_payment
RPY-0011627,ORG-201072,PTR-004,2024-11-14,453.03,9027.95,ach_remittance
RPY-0011628,ORG-201072,PTR-004,2024-11-21,655.51,9683.46,ach_remittance
RPY-0011629,ORG-201072,PTR-004,2024-11-28,643.47,10326.93,ach_remittance
RPY-0011630,ORG-201072,PTR-004,2024-12-05,506.65,10833.58,ach_remittance
RPY-0011631,ORG-201072,PTR-004,2024-12-12,411.2,11244.78,ach_remittance
RPY-0011632,ORG-201072,PTR-004,2024-12-19,773.54,12018.32,ach_remittance
RPY-0011633,ORG-201072,PTR-004,2024-12-26,432.29,12450.61,ach_remittance
RPY-0011634,ORG-201072,PTR-004,2025-01-02,770.7,13221.31,ach_remittance
RPY-0011635,ORG-201073,PTR-002,2023-03-29,6239.84,6239.84,ach_remittance
RPY-0011636,ORG-201073,PTR-002,2023-04-05,4438.55,10678.39,ach_remittance
RPY-0011637,ORG-201073,PTR-002,2023-04-12,5160.53,15838.92,ach_remittance
RPY-0011638,ORG-201073,PTR-002,2023-04-19,5965.19,21804.11,ach_remittance
RPY-0011639,ORG-201073,PTR-002,2023-04-26,6401.34,28205.45,ach_remittance
RPY-0011640,ORG-201073,PTR-002,2023-05-03,3969.43,32174.88,ach_remittance
RPY-0011641,ORG-201073,PTR-002,2023-05-10,3134.94,35309.82,ach_remittance
RPY-0011642,ORG-201073,PTR-002,2023-05-17,4072.69,39382.51,ach_remittance
RPY-0011643,ORG-201073,PTR-002,2023-05-24,5479.95,44862.46,ach_remittance
RPY-0011644,ORG-201074,PTR-002,2025-06-16,3539.8,3539.8,ach_remittance
RPY-0011645,ORG-201074,PTR-002,2025-06-23,1896.13,5435.93,ach_remittance
RPY-0011646,ORG-201074,PTR-002,2025-06-30,3057.24,8493.17,ach_remittance
RPY-0011647,ORG-201074,PTR-002,2025-07-07,2474.8,10967.97,ach_remittance
RPY-0011648,ORG-201074,PTR-002,2025-07-14,3307.76,14275.73,ach_remittance
RPY-0011649,ORG-201074,PTR-002,2025-07-21,2084.51,16360.24,ach_remittance
RPY-0011650,ORG-201074,PTR-002,2025-07-28,2725.84,19086.08,ach_remittance
RPY-0011651,ORG-201074,PTR-002,2025-08-04,2885.07,21971.15,ach_remittance
RPY-0011652,ORG-201074,PTR-002,2025-08-11,2326.16,24297.31,ach_remittance
RPY-0011653,ORG-201074,PTR-002,2025-08-18,2271.9,26569.21,ach_remittance
RPY-0011654,ORG-201075,PTR-005,2025-10-27,1879.05,1879.05,ach_remittance
RPY-0011655,ORG-201075,PTR-005,2025-11-03,2379.76,4258.81,ach_remittance
RPY-0011656,ORG-201075,PTR-005,2025-11-10,1625.29,5884.1,ach_remittance
RPY-0011657,ORG-201075,PTR-005,2025-11-17,1481.85,7365.95,ach_remittance
RPY-0011658,ORG-201075,PTR-005,2025-11-24,2183.52,9549.47,ach_remittance
RPY-0011659,ORG-201075,PTR-005,2025-12-01,1469.42,11018.89,ach_remittance
RPY-0011660,ORG-201075,PTR-005,2025-12-08,2272.17,13291.06,ach_remittance
RPY-0011661,ORG-201075,PTR-005,2025-12-15,1425.29,14716.35,manual_payment
RPY-0011662,ORG-201075,PTR-005,2025-12-22,1371.07,16087.42,ach_remittance
RPY-0011663,ORG-201076,PTR-002,2024-05-21,7155.08,7155.08,ach_remittance
RPY-0011664,ORG-201076,PTR-002,2024-05-28,9839.05,16994.13,ach_remittance
RPY-0011665,ORG-201076,PTR-002,2024-06-04,10390.99,27385.12,manual_payment
RPY-0011666,ORG-201076,PTR-002,2024-06-11,10031.73,37416.85,manual_payment
RPY-0011667,ORG-201076,PTR-002,2024-06-18,5339.89,42756.74,ach_remittance
RPY-0011668,ORG-201076,PTR-002,2024-06-25,7107.58,49864.32,ach_remittance
RPY-0011669,ORG-201076,PTR-002,2024-07-02,11341.35,61205.67,ach_remittance
RPY-0011670,ORG-201076,PTR-002,2024-07-09,5455.75,66661.42,manual_payment
RPY-0011671,ORG-201076,PTR-002,2024-07-16,9210.28,75871.7,ach_remittance
RPY-0011672,ORG-201076,PTR-002,2024-07-23,8708.8,84580.5,ach_remittance
RPY-0011673,ORG-201076,PTR-002,2024-07-30,7785.92,92366.42,ach_remittance
RPY-0011674,ORG-201076,PTR-002,2024-08-06,11485.57,103851.99,ach_remittance
RPY-0011675,ORG-201076,PTR-002,2024-08-13,7336.22,111188.21,ach_remittance
RPY-0011676,ORG-201076,PTR-002,2024-08-20,13154.35,124342.56,ach_remittance
RPY-0011677,ORG-201077,PTR-002,2024-07-09,1897.19,1897.19,ach_remittance
RPY-0011678,ORG-201077,PTR-002,2024-07-16,1381.93,3279.12,ach_remittance
RPY-0011679,ORG-201077,PTR-002,2024-07-23,1018.32,4297.44,manual_payment
RPY-0011680,ORG-201077,PTR-002,2024-07-30,1821.58,6119.02,ach_remittance
RPY-0011681,ORG-201077,PTR-002,2024-08-06,1284.97,7403.99,manual_payment
RPY-0011682,ORG-201077,PTR-002,2024-08-13,1588.28,8992.27,ach_remittance
RPY-0011683,ORG-201077,PTR-002,2024-08-20,1065.71,10057.98,ach_remittance
RPY-0011684,ORG-201077,PTR-002,2024-08-27,1588.85,11646.83,ach_remittance
RPY-0011685,ORG-201077,PTR-002,2024-09-03,1404.6,13051.43,ach_remittance
RPY-0011686,ORG-201077,PTR-002,2024-09-10,537.78,13589.21,ach_remittance
RPY-0011687,ORG-201078,PTR-001,2024-09-06,2189.31,2189.31,ach_remittance
RPY-0011688,ORG-201078,PTR-001,2024-09-13,1499.86,3689.17,ach_remittance
RPY-0011689,ORG-201078,PTR-001,2024-09-20,1924.85,5614.02,ach_remittance
RPY-0011690,ORG-201078,PTR-001,2024-09-27,2104.32,7718.34,manual_payment
RPY-0011691,ORG-201078,PTR-001,2024-10-04,2625.52,10343.86,ach_remittance
RPY-0011692,ORG-201078,PTR-001,2024-10-11,1599.47,11943.33,manual_payment
RPY-0011693,ORG-201078,PTR-001,2024-10-18,1764.17,13707.5,ach_remittance
RPY-0011694,ORG-201078,PTR-001,2024-10-25,2104.61,15812.11,ach_remittance
RPY-0011695,ORG-201078,PTR-001,2024-11-01,1568.29,17380.4,ach_remittance
RPY-0011696,ORG-201078,PTR-001,2024-11-08,1472.61,18853.01,ach_remittance
RPY-0011697,ORG-201079,PTR-004,2025-03-28,6735.24,6735.24,ach_remittance
RPY-0011698,ORG-201079,PTR-004,2025-04-04,6756.88,13492.12,ach_remittance
RPY-0011699,ORG-201079,PTR-004,2025-04-11,7580.71,21072.83,ach_remittance
RPY-0011700,ORG-201079,PTR-004,2025-04-18,5766.98,26839.81,ach_remittance
RPY-0011701,ORG-201079,PTR-004,2025-04-25,4062.08,30901.89,ach_remittance
RPY-0011702,ORG-201079,PTR-004,2025-05-02,4763.09,35664.98,ach_remittance
RPY-0011703,ORG-201079,PTR-004,2025-05-09,3685.62,39350.6,ach_remittance
RPY-0011704,ORG-201079,PTR-004,2025-05-16,4241.86,43592.46,ach_remittance
RPY-0011705,ORG-201079,PTR-004,2025-05-23,5160.67,48753.13,ach_remittance
RPY-0011706,ORG-201079,PTR-004,2025-05-30,4166.77,52919.9,ach_remittance
RPY-0011707,ORG-201079,PTR-004,2025-06-06,5868.82,58788.72,ach_remittance
RPY-0011708,ORG-201079,PTR-004,2025-06-13,4855.04,63643.76,ach_remittance
RPY-0011709,ORG-201079,PTR-004,2025-06-20,5777.76,69421.52,ach_remittance
RPY-0011710,ORG-201079,PTR-004,2025-06-27,5472.92,74894.44,ach_remittance
RPY-0011711,ORG-201079,PTR-004,2025-07-04,3679.06,78573.5,ach_remittance
RPY-0011712,ORG-201079,PTR-004,2025-07-11,6060.85,84634.35,ach_remittance
RPY-0011713,ORG-201079,PTR-004,2025-07-18,7108.77,91743.12,ach_remittance
RPY-0011714,ORG-201079,PTR-004,2025-07-25,7287.24,99030.36,manual_payment
RPY-0011715,ORG-201080,PTR-006,2023-01-16,233.81,233.81,ach_remittance
RPY-0011716,ORG-201080,PTR-006,2023-01-23,218.56,452.37,ach_remittance
RPY-0011717,ORG-201080,PTR-006,2023-01-30,327.78,780.15,manual_payment
RPY-0011718,ORG-201080,PTR-006,2023-02-06,315.7,1095.85,ach_remittance
RPY-0011719,ORG-201080,PTR-006,2023-02-13,301.14,1396.99,ach_remittance
RPY-0011720,ORG-201080,PTR-006,2023-02-20,379.22,1776.21,manual_payment
RPY-0011721,ORG-201080,PTR-006,2023-02-27,274.74,2050.95,manual_payment
RPY-0011722,ORG-201080,PTR-006,2023-03-06,221.13,2272.08,ach_remittance
RPY-0011723,ORG-201080,PTR-006,2023-03-13,275.52,2547.6,ach_remittance
RPY-0011724,ORG-201080,PTR-006,2023-03-20,203.32,2750.92,ach_remittance
RPY-0011725,ORG-201080,PTR-006,2023-03-27,201.38,2952.3,ach_remittance
RPY-0011726,ORG-201080,PTR-006,2023-04-03,359.38,3311.68,ach_remittance
RPY-0011727,ORG-201080,PTR-006,2023-04-10,375.96,3687.64,ach_remittance
RPY-0011728,ORG-201080,PTR-006,2023-04-17,124.36,3812.0,ach_remittance
RPY-0011729,ORG-201081,PTR-004,2022-11-22,5656.91,5656.91,ach_remittance
RPY-0011730,ORG-201082,PTR-003,2026-06-07,3974.25,3974.25,ach_remittance
RPY-0011731,ORG-201082,PTR-003,2026-06-14,4027.55,8001.8,ach_remittance
RPY-0011732,ORG-201082,PTR-003,2026-06-21,2402.2,10404.0,manual_payment
RPY-0011733,ORG-201082,PTR-003,2026-06-28,2635.04,13039.04,ach_remittance
RPY-0011734,ORG-201082,PTR-003,2026-07-05,2981.62,16020.66,manual_payment
RPY-0011735,ORG-201082,PTR-003,2026-07-12,1885.5,17906.16,ach_remittance
RPY-0011736,ORG-201082,PTR-003,2026-07-19,2071.29,19977.45,ach_remittance
RPY-0011737,ORG-201082,PTR-003,2026-07-26,5128.75,25106.2,ach_remittance
RPY-0011738,ORG-201083,PTR-005,2024-05-01,1329.16,1329.16,ach_remittance
RPY-0011739,ORG-201083,PTR-005,2024-05-08,1446.43,2775.59,ach_remittance
RPY-0011740,ORG-201083,PTR-005,2024-05-15,1405.5,4181.09,ach_remittance
RPY-0011741,ORG-201083,PTR-005,2024-05-22,1406.17,5587.26,ach_remittance
RPY-0011742,ORG-201083,PTR-005,2024-05-29,1422.43,7009.69,ach_remittance
RPY-0011743,ORG-201083,PTR-005,2024-06-05,17.91,7027.6,ach_remittance
RPY-0011744,ORG-201084,PTR-006,2026-02-23,1205.91,1205.91,manual_payment
RPY-0011745,ORG-201084,PTR-006,2026-03-02,1937.69,3143.6,ach_remittance
RPY-0011746,ORG-201084,PTR-006,2026-03-09,1685.88,4829.48,ach_remittance
RPY-0011747,ORG-201084,PTR-006,2026-03-16,1043.29,5872.77,ach_remittance
RPY-0011748,ORG-201084,PTR-006,2026-03-23,1580.34,7453.11,ach_remittance
RPY-0011749,ORG-201084,PTR-006,2026-03-30,1364.88,8817.99,ach_remittance
RPY-0011750,ORG-201084,PTR-006,2026-04-06,1912.56,10730.55,ach_remittance
RPY-0011751,ORG-201084,PTR-006,2026-04-13,1609.6,12340.15,ach_remittance
RPY-0011752,ORG-201084,PTR-006,2026-04-20,1051.8,13391.95,ach_remittance
RPY-0011753,ORG-201084,PTR-006,2026-04-27,1138.45,14530.4,ach_remittance
RPY-0011754,ORG-201084,PTR-006,2026-05-04,1733.83,16264.23,ach_remittance
RPY-0011755,ORG-201084,PTR-006,2026-05-11,1301.36,17565.59,ach_remittance
RPY-0011756,ORG-201084,PTR-006,2026-05-18,966.05,18531.64,ach_remittance
RPY-0011757,ORG-201084,PTR-006,2026-05-25,1043.51,19575.15,ach_remittance
RPY-0011758,ORG-201084,PTR-006,2026-06-01,1342.51,20917.66,ach_remittance
RPY-0011759,ORG-201084,PTR-006,2026-06-08,1181.05,22098.71,ach_remittance
RPY-0011760,ORG-201084,PTR-006,2026-06-15,1846.53,23945.24,ach_remittance
RPY-0011761,ORG-201085,PTR-001,2022-11-01,6317.27,6317.27,ach_remittance
RPY-0011762,ORG-201085,PTR-001,2022-11-08,3002.3,9319.57,ach_remittance
RPY-0011763,ORG-201085,PTR-001,2022-11-15,4338.32,13657.89,ach_remittance
RPY-0011764,ORG-201085,PTR-001,2022-11-22,5411.29,19069.18,ach_remittance
RPY-0011765,ORG-201085,PTR-001,2022-11-29,3614.46,22683.64,ach_remittance
RPY-0011766,ORG-201086,PTR-006,2026-02-09,12331.27,12331.27,ach_remittance
RPY-0011767,ORG-201086,PTR-006,2026-02-16,10116.32,22447.59,ach_remittance
RPY-0011768,ORG-201086,PTR-006,2026-02-23,10698.81,33146.4,ach_remittance
RPY-0011769,ORG-201086,PTR-006,2026-03-02,7925.52,41071.92,ach_remittance
RPY-0011770,ORG-201086,PTR-006,2026-03-09,9259.6,50331.52,ach_remittance
RPY-0011771,ORG-201086,PTR-006,2026-03-16,9916.28,60247.8,ach_remittance
RPY-0011772,ORG-201086,PTR-006,2026-03-23,12558.21,72806.01,ach_remittance
RPY-0011773,ORG-201086,PTR-006,2026-03-30,9097.27,81903.28,ach_remittance
RPY-0011774,ORG-201086,PTR-006,2026-04-06,15734.91,97638.19,ach_remittance
RPY-0011775,ORG-201087,PTR-001,2025-02-05,4897.33,4897.33,manual_payment
RPY-0011776,ORG-201087,PTR-001,2025-02-12,3497.95,8395.28,ach_remittance
RPY-0011777,ORG-201087,PTR-001,2025-02-19,6084.21,14479.49,ach_remittance
RPY-0011778,ORG-201087,PTR-001,2025-02-26,3836.28,18315.77,ach_remittance
RPY-0011779,ORG-201087,PTR-001,2025-03-05,5021.16,23336.93,ach_remittance
RPY-0011780,ORG-201087,PTR-001,2025-03-12,6241.47,29578.4,ach_remittance
RPY-0011781,ORG-201087,PTR-001,2025-03-19,3614.83,33193.23,ach_remittance
RPY-0011782,ORG-201087,PTR-001,2025-03-26,6012.1,39205.33,ach_remittance
RPY-0011783,ORG-201087,PTR-001,2025-04-02,4135.25,43340.58,ach_remittance
RPY-0011784,ORG-201087,PTR-001,2025-04-09,4912.37,48252.95,ach_remittance
RPY-0011785,ORG-201087,PTR-001,2025-04-16,5948.33,54201.28,ach_remittance
RPY-0011786,ORG-201087,PTR-001,2025-04-23,5088.89,59290.17,ach_remittance
RPY-0011787,ORG-201087,PTR-001,2025-04-30,5484.03,64774.2,ach_remittance
RPY-0011788,ORG-201087,PTR-001,2025-05-07,5870.91,70645.11,ach_remittance
RPY-0011789,ORG-201087,PTR-001,2025-05-14,4639.83,75284.94,manual_payment
RPY-0011790,ORG-201087,PTR-001,2025-05-21,4459.37,79744.31,ach_remittance
RPY-0011791,ORG-201088,PTR-003,2022-03-01,3184.23,3184.23,ach_remittance
RPY-0011792,ORG-201088,PTR-003,2022-03-08,3037.31,6221.54,ach_remittance
RPY-0011793,ORG-201088,PTR-003,2022-03-15,5149.74,11371.28,ach_remittance
RPY-0011794,ORG-201088,PTR-003,2022-03-22,4577.24,15948.52,ach_remittance
RPY-0011795,ORG-201088,PTR-003,2022-03-29,3320.96,19269.48,ach_remittance
RPY-0011796,ORG-201088,PTR-003,2022-04-05,4357.58,23627.06,ach_remittance
RPY-0011797,ORG-201088,PTR-003,2022-04-12,4591.1,28218.16,ach_remittance
RPY-0011798,ORG-201088,PTR-003,2022-04-19,4974.34,33192.5,ach_remittance
RPY-0011799,ORG-201088,PTR-003,2022-04-26,5232.57,38425.07,ach_remittance
RPY-0011800,ORG-201088,PTR-003,2022-05-03,3908.65,42333.72,ach_remittance
RPY-0011801,ORG-201088,PTR-003,2022-05-10,3055.13,45388.85,ach_remittance
RPY-0011802,ORG-201088,PTR-003,2022-05-17,3571.21,48960.06,ach_remittance
RPY-0011803,ORG-201088,PTR-003,2022-05-24,3423.89,52383.95,ach_remittance
RPY-0011804,ORG-201088,PTR-003,2022-05-31,3740.15,56124.1,manual_payment
RPY-0011805,ORG-201088,PTR-003,2022-06-07,4833.66,60957.76,ach_remittance
RPY-0011806,ORG-201088,PTR-003,2022-06-14,3354.16,64311.92,ach_remittance
RPY-0011807,ORG-201088,PTR-003,2022-06-21,7294.13,71606.05,ach_remittance
RPY-0011808,ORG-201089,PTR-001,2022-03-01,2818.16,2818.16,manual_payment
RPY-0011809,ORG-201089,PTR-001,2022-03-08,5363.57,8181.73,ach_remittance
RPY-0011810,ORG-201090,PTR-001,2024-06-17,3648.87,3648.87,ach_remittance
RPY-0011811,ORG-201090,PTR-001,2024-06-24,3696.32,7345.19,ach_remittance
RPY-0011812,ORG-201090,PTR-001,2024-07-01,2687.73,10032.92,ach_remittance
RPY-0011813,ORG-201090,PTR-001,2024-07-08,3941.06,13973.98,ach_remittance
RPY-0011814,ORG-201090,PTR-001,2024-07-15,3076.8,17050.78,ach_remittance
RPY-0011815,ORG-201090,PTR-001,2024-07-22,2801.94,19852.72,ach_remittance
RPY-0011816,ORG-201090,PTR-001,2024-07-29,3396.28,23249.0,ach_remittance
RPY-0011817,ORG-201090,PTR-001,2024-08-05,3298.71,26547.71,ach_remittance
RPY-0011818,ORG-201090,PTR-001,2024-08-12,4848.51,31396.22,ach_remittance
RPY-0011819,ORG-201090,PTR-001,2024-08-19,4586.38,35982.6,ach_remittance
RPY-0011820,ORG-201090,PTR-001,2024-08-26,4599.73,40582.33,ach_remittance
RPY-0011821,ORG-201090,PTR-001,2024-09-02,4755.12,45337.45,ach_remittance
RPY-0011822,ORG-201090,PTR-001,2024-09-09,2461.58,47799.03,ach_remittance
RPY-0011823,ORG-201090,PTR-001,2024-09-16,3117.9,50916.93,ach_remittance
RPY-0011824,ORG-201090,PTR-001,2024-09-23,3516.55,54433.48,ach_remittance
RPY-0011825,ORG-201090,PTR-001,2024-09-30,2518.26,56951.74,ach_remittance
RPY-0011826,ORG-201091,PTR-004,2024-09-03,2826.74,2826.74,ach_remittance
RPY-0011827,ORG-201091,PTR-004,2024-09-10,2862.29,5689.03,ach_remittance
RPY-0011828,ORG-201091,PTR-004,2024-09-17,2766.8,8455.83,ach_remittance
RPY-0011829,ORG-201091,PTR-004,2024-09-24,3495.55,11951.38,ach_remittance
RPY-0011830,ORG-201091,PTR-004,2024-10-01,2028.54,13979.92,ach_remittance
RPY-0011831,ORG-201091,PTR-004,2024-10-08,2319.39,16299.31,ach_remittance
RPY-0011832,ORG-201091,PTR-004,2024-10-15,3087.47,19386.78,ach_remittance
RPY-0011833,ORG-201091,PTR-004,2024-10-22,2736.83,22123.61,ach_remittance
RPY-0011834,ORG-201091,PTR-004,2024-10-29,1734.19,23857.8,ach_remittance
RPY-0011835,ORG-201091,PTR-004,2024-11-05,2539.56,26397.36,ach_remittance
RPY-0011836,ORG-201091,PTR-004,2024-11-12,2342.47,28739.83,ach_remittance
RPY-0011837,ORG-201091,PTR-004,2024-11-19,2805.52,31545.35,ach_remittance
RPY-0011838,ORG-201091,PTR-004,2024-11-26,2626.9,34172.25,ach_remittance
RPY-0011839,ORG-201091,PTR-004,2024-12-03,3200.93,37373.18,ach_remittance
RPY-0011840,ORG-201091,PTR-004,2024-12-10,2767.68,40140.86,ach_remittance
RPY-0011841,ORG-201091,PTR-004,2024-12-17,3400.28,43541.14,ach_remittance
RPY-0011842,ORG-201091,PTR-004,2024-12-24,2473.73,46014.87,ach_remittance
RPY-0011843,ORG-201091,PTR-004,2024-12-31,3187.67,49202.54,ach_remittance
RPY-0011844,ORG-201091,PTR-004,2025-01-07,2063.35,51265.89,ach_remittance
RPY-0011845,ORG-201091,PTR-004,2025-01-14,2726.14,53992.03,ach_remittance
RPY-0011846,ORG-201092,PTR-004,2022-11-27,1030.54,1030.54,ach_remittance
RPY-0011847,ORG-201092,PTR-004,2022-12-04,1126.16,2156.7,ach_remittance
RPY-0011848,ORG-201092,PTR-004,2022-12-11,827.83,2984.53,ach_remittance
RPY-0011849,ORG-201092,PTR-004,2022-12-18,1379.38,4363.91,ach_remittance
RPY-0011850,ORG-201092,PTR-004,2022-12-25,1515.33,5879.24,ach_remittance
RPY-0011851,ORG-201092,PTR-004,2023-01-01,1226.66,7105.9,ach_remittance
RPY-0011852,ORG-201092,PTR-004,2023-01-08,1350.98,8456.88,ach_remittance
RPY-0011853,ORG-201092,PTR-004,2023-01-15,1605.36,10062.24,ach_remittance
RPY-0011854,ORG-201093,PTR-002,2024-06-23,2908.25,2908.25,manual_payment
RPY-0011855,ORG-201093,PTR-002,2024-06-30,3860.95,6769.2,manual_payment
RPY-0011856,ORG-201093,PTR-002,2024-07-07,2542.33,9311.53,ach_remittance
RPY-0011857,ORG-201093,PTR-002,2024-07-14,2439.99,11751.52,ach_remittance
RPY-0011858,ORG-201093,PTR-002,2024-07-21,4201.21,15952.73,ach_remittance
RPY-0011859,ORG-201093,PTR-002,2024-07-28,3182.36,19135.09,ach_remittance
RPY-0011860,ORG-201093,PTR-002,2024-08-04,2449.23,21584.32,ach_remittance
RPY-0011861,ORG-201093,PTR-002,2024-08-11,4514.52,26098.84,ach_remittance
RPY-0011862,ORG-201094,PTR-001,2025-10-12,4216.5,4216.5,ach_remittance
RPY-0011863,ORG-201094,PTR-001,2025-10-19,2258.18,6474.68,ach_remittance
RPY-0011864,ORG-201094,PTR-001,2025-10-26,3243.84,9718.52,ach_remittance
RPY-0011865,ORG-201094,PTR-001,2025-11-02,3077.2,12795.72,ach_remittance
RPY-0011866,ORG-201094,PTR-001,2025-11-09,3652.8,16448.52,ach_remittance
RPY-0011867,ORG-201094,PTR-001,2025-11-16,2945.32,19393.84,ach_remittance
RPY-0011868,ORG-201094,PTR-001,2025-11-23,3141.58,22535.42,ach_remittance
RPY-0011869,ORG-201094,PTR-001,2025-11-30,1592.88,24128.3,ach_remittance
RPY-0011870,ORG-201095,PTR-002,2024-03-06,3954.81,3954.81,ach_remittance
RPY-0011871,ORG-201095,PTR-002,2024-03-13,3521.76,7476.57,ach_remittance
RPY-0011872,ORG-201095,PTR-002,2024-03-20,3048.91,10525.48,manual_payment
RPY-0011873,ORG-201095,PTR-002,2024-03-27,4578.93,15104.41,manual_payment
RPY-0011874,ORG-201095,PTR-002,2024-04-03,3913.33,19017.74,ach_remittance
RPY-0011875,ORG-201095,PTR-002,2024-04-10,3129.91,22147.65,manual_payment
RPY-0011876,ORG-201095,PTR-002,2024-04-17,4086.63,26234.28,ach_remittance
RPY-0011877,ORG-201095,PTR-002,2024-04-24,1866.89,28101.17,ach_remittance
RPY-0011878,ORG-201096,PTR-005,2024-07-14,5148.93,5148.93,manual_payment
RPY-0011879,ORG-201096,PTR-005,2024-07-21,6215.8,11364.73,ach_remittance
RPY-0011880,ORG-201096,PTR-005,2024-07-28,6744.75,18109.48,ach_remittance
RPY-0011881,ORG-201096,PTR-005,2024-08-04,3948.78,22058.26,ach_remittance
RPY-0011882,ORG-201096,PTR-005,2024-08-11,4848.27,26906.53,ach_remittance
RPY-0011883,ORG-201096,PTR-005,2024-08-18,7208.64,34115.17,ach_remittance
RPY-0011884,ORG-201096,PTR-005,2024-08-25,7686.62,41801.79,ach_remittance
RPY-0011885,ORG-201096,PTR-005,2024-09-01,4660.02,46461.81,ach_remittance
RPY-0011886,ORG-201096,PTR-005,2024-09-08,5909.64,52371.45,ach_remittance
RPY-0011887,ORG-201096,PTR-005,2024-09-15,6075.98,58447.43,ach_remittance
RPY-0011888,ORG-201096,PTR-005,2024-09-22,5907.15,64354.58,ach_remittance
RPY-0011889,ORG-201096,PTR-005,2024-09-29,3644.39,67998.97,ach_remittance
RPY-0011890,ORG-201097,PTR-006,2023-12-02,439.85,439.85,ach_remittance
RPY-0011891,ORG-201097,PTR-006,2023-12-09,507.21,947.06,ach_remittance
RPY-0011892,ORG-201097,PTR-006,2023-12-16,562.86,1509.92,ach_remittance
RPY-0011893,ORG-201097,PTR-006,2023-12-23,638.54,2148.46,ach_remittance
RPY-0011894,ORG-201097,PTR-006,2023-12-30,573.26,2721.72,ach_remittance
RPY-0011895,ORG-201097,PTR-006,2024-01-06,429.25,3150.97,ach_remittance
RPY-0011896,ORG-201097,PTR-006,2024-01-13,345.13,3496.1,ach_remittance
RPY-0011897,ORG-201097,PTR-006,2024-01-20,475.92,3972.02,ach_remittance
RPY-0011898,ORG-201097,PTR-006,2024-01-27,195.43,4167.45,ach_remittance
RPY-0011899,ORG-201098,PTR-005,2022-08-24,6902.88,6902.88,ach_remittance
RPY-0011900,ORG-201098,PTR-005,2022-08-31,5073.2,11976.08,ach_remittance
RPY-0011901,ORG-201098,PTR-005,2022-09-07,5170.41,17146.49,ach_remittance
RPY-0011902,ORG-201098,PTR-005,2022-09-14,6134.1,23280.59,ach_remittance
RPY-0011903,ORG-201098,PTR-005,2022-09-21,4096.03,27376.62,ach_remittance
RPY-0011904,ORG-201098,PTR-005,2022-09-28,5851.81,33228.43,ach_remittance
RPY-0011905,ORG-201098,PTR-005,2022-10-05,12408.16,45636.59,ach_remittance
RPY-0011906,ORG-201099,PTR-003,2024-05-04,3614.51,3614.51,ach_remittance
RPY-0011907,ORG-201099,PTR-003,2024-05-11,3230.21,6844.72,ach_remittance
RPY-0011908,ORG-201099,PTR-003,2024-05-18,4507.05,11351.77,ach_remittance
RPY-0011909,ORG-201099,PTR-003,2024-05-25,4415.25,15767.02,ach_remittance
RPY-0011910,ORG-201099,PTR-003,2024-06-01,2497.73,18264.75,manual_payment
RPY-0011911,ORG-201099,PTR-003,2024-06-08,4973.36,23238.11,ach_remittance
RPY-0011912,ORG-201099,PTR-003,2024-06-15,4167.63,27405.74,ach_remittance
RPY-0011913,ORG-201099,PTR-003,2024-06-22,4846.37,32252.11,ach_remittance
RPY-0011914,ORG-201099,PTR-003,2024-06-29,4458.32,36710.43,ach_remittance
RPY-0011915,ORG-201100,PTR-002,2022-11-13,3496.58,3496.58,ach_remittance
RPY-0011916,ORG-201100,PTR-002,2022-11-20,4102.87,7599.45,ach_remittance
RPY-0011917,ORG-201100,PTR-002,2022-11-27,4283.29,11882.74,ach_remittance
RPY-0011918,ORG-201100,PTR-002,2022-12-04,5675.28,17558.02,manual_payment
RPY-0011919,ORG-201100,PTR-002,2022-12-11,3477.45,21035.47,ach_remittance
RPY-0011920,ORG-201100,PTR-002,2022-12-18,5165.24,26200.71,ach_remittance
RPY-0011921,ORG-201100,PTR-002,2022-12-25,5658.9,31859.61,ach_remittance
RPY-0011922,ORG-201100,PTR-002,2023-01-01,3337.97,35197.58,ach_remittance
RPY-0011923,ORG-201100,PTR-002,2023-01-08,2563.06,37760.64,ach_remittance
RPY-0011924,ORG-201100,PTR-002,2023-01-15,3953.51,41714.15,ach_remittance
RPY-0011925,ORG-201100,PTR-002,2023-01-22,2901.34,44615.49,ach_remittance
RPY-0011926,ORG-201100,PTR-002,2023-01-29,3747.47,48362.96,ach_remittance
RPY-0011927,ORG-201100,PTR-002,2023-02-05,3982.38,52345.34,ach_remittance
RPY-0011928,ORG-201100,PTR-002,2023-02-12,3471.66,55817.0,ach_remittance
RPY-0011929,ORG-201100,PTR-002,2023-02-19,3994.88,59811.88,ach_remittance
RPY-0011930,ORG-201100,PTR-002,2023-02-26,7303.56,67115.44,manual_payment
RPY-0011931,ORG-201101,PTR-001,2025-07-06,2852.67,2852.67,ach_remittance
RPY-0011932,ORG-201101,PTR-001,2025-07-13,2659.86,5512.53,ach_remittance
RPY-0011933,ORG-201101,PTR-001,2025-07-20,2985.11,8497.64,ach_remittance
RPY-0011934,ORG-201101,PTR-001,2025-07-27,3636.19,12133.83,ach_remittance
RPY-0011935,ORG-201101,PTR-001,2025-08-03,3959.02,16092.85,ach_remittance
RPY-0011936,ORG-201101,PTR-001,2025-08-10,4200.23,20293.08,ach_remittance
RPY-0011937,ORG-201101,PTR-001,2025-08-17,1709.97,22003.05,ach_remittance
RPY-0011938,ORG-201102,PTR-002,2022-03-27,2099.95,2099.95,ach_remittance
RPY-0011939,ORG-201102,PTR-002,2022-04-03,2908.46,5008.41,ach_remittance
RPY-0011940,ORG-201102,PTR-002,2022-04-10,2708.09,7716.5,ach_remittance
RPY-0011941,ORG-201102,PTR-002,2022-04-17,2668.02,10384.52,ach_remittance
RPY-0011942,ORG-201102,PTR-002,2022-04-24,2602.45,12986.97,ach_remittance
RPY-0011943,ORG-201102,PTR-002,2022-05-01,2209.76,15196.73,ach_remittance
RPY-0011944,ORG-201102,PTR-002,2022-05-08,2714.41,17911.14,manual_payment
RPY-0011945,ORG-201102,PTR-002,2022-05-15,1510.06,19421.2,manual_payment
RPY-0011946,ORG-201102,PTR-002,2022-05-22,2114.25,21535.45,ach_remittance
RPY-0011947,ORG-201102,PTR-002,2022-05-29,3243.32,24778.77,ach_remittance
RPY-0011948,ORG-201102,PTR-002,2022-06-05,1954.31,26733.08,ach_remittance
RPY-0011949,ORG-201102,PTR-002,2022-06-12,3155.62,29888.7,ach_remittance
RPY-0011950,ORG-201102,PTR-002,2022-06-19,2885.18,32773.88,ach_remittance
RPY-0011951,ORG-201102,PTR-002,2022-06-26,650.28,33424.16,ach_remittance
RPY-0011952,ORG-201103,PTR-006,2023-03-15,1602.95,1602.95,ach_remittance
RPY-0011953,ORG-201103,PTR-006,2023-03-22,815.13,2418.08,ach_remittance
RPY-0011954,ORG-201103,PTR-006,2023-03-29,1088.74,3506.82,ach_remittance
RPY-0011955,ORG-201103,PTR-006,2023-04-05,1234.36,4741.18,ach_remittance
RPY-0011956,ORG-201103,PTR-006,2023-04-12,722.96,5464.14,ach_remittance
RPY-0011957,ORG-201103,PTR-006,2023-04-19,1219.89,6684.03,ach_remittance
RPY-0011958,ORG-201103,PTR-006,2023-04-26,808.42,7492.45,ach_remittance
RPY-0011959,ORG-201103,PTR-006,2023-05-03,1923.35,9415.8,manual_payment
RPY-0011960,ORG-201104,PTR-001,2024-05-20,1538.48,1538.48,ach_remittance
RPY-0011961,ORG-201104,PTR-001,2024-05-27,1056.05,2594.53,ach_remittance
RPY-0011962,ORG-201104,PTR-001,2024-06-03,1759.63,4354.16,ach_remittance
RPY-0011963,ORG-201104,PTR-001,2024-06-10,1527.6,5881.76,ach_remittance
RPY-0011964,ORG-201104,PTR-001,2024-06-17,1765.53,7647.29,ach_remittance
RPY-0011965,ORG-201104,PTR-001,2024-06-24,1937.34,9584.63,ach_remittance
RPY-0011966,ORG-201104,PTR-001,2024-07-01,1275.51,10860.14,ach_remittance
RPY-0011967,ORG-201104,PTR-001,2024-07-08,591.09,11451.23,ach_remittance
RPY-0011968,ORG-201105,PTR-006,2022-03-24,3321.18,3321.18,ach_remittance
RPY-0011969,ORG-201105,PTR-006,2022-03-31,1997.35,5318.53,ach_remittance
RPY-0011970,ORG-201105,PTR-006,2022-04-07,1972.6,7291.13,manual_payment
RPY-0011971,ORG-201105,PTR-006,2022-04-14,2297.11,9588.24,manual_payment
RPY-0011972,ORG-201105,PTR-006,2022-04-21,1997.07,11585.31,ach_remittance
RPY-0011973,ORG-201105,PTR-006,2022-04-28,2203.82,13789.13,ach_remittance
RPY-0011974,ORG-201105,PTR-006,2022-05-05,2034.49,15823.62,ach_remittance
RPY-0011975,ORG-201105,PTR-006,2022-05-12,3853.67,19677.29,ach_remittance
RPY-0011976,ORG-201106,PTR-006,2025-03-27,2837.19,2837.19,ach_remittance
RPY-0011977,ORG-201106,PTR-006,2025-04-03,3550.63,6387.82,manual_payment
RPY-0011978,ORG-201106,PTR-006,2025-04-10,3937.13,10324.95,ach_remittance
RPY-0011979,ORG-201106,PTR-006,2025-04-17,3450.12,13775.07,manual_payment
RPY-0011980,ORG-201106,PTR-006,2025-04-24,2749.83,16524.9,ach_remittance
RPY-0011981,ORG-201106,PTR-006,2025-05-01,2758.56,19283.46,ach_remittance
RPY-0011982,ORG-201106,PTR-006,2025-05-08,3343.58,22627.04,ach_remittance
RPY-0011983,ORG-201106,PTR-006,2025-05-15,2677.9,25304.94,ach_remittance
RPY-0011984,ORG-201106,PTR-006,2025-05-22,4586.47,29891.41,ach_remittance
RPY-0011985,ORG-201106,PTR-006,2025-05-29,6700.73,36592.14,manual_payment
RPY-0011986,ORG-201107,PTR-004,2023-02-03,1370.36,1370.36,manual_payment
RPY-0011987,ORG-201107,PTR-004,2023-02-10,1189.53,2559.89,ach_remittance
RPY-0011988,ORG-201107,PTR-004,2023-02-17,1481.79,4041.68,ach_remittance
RPY-0011989,ORG-201107,PTR-004,2023-02-24,1052.46,5094.14,ach_remittance
RPY-0011990,ORG-201107,PTR-004,2023-03-03,2752.72,7846.86,ach_remittance
RPY-0011991,ORG-201108,PTR-006,2024-09-19,1788.89,1788.89,ach_remittance
RPY-0011992,ORG-201108,PTR-006,2024-09-26,878.7,2667.59,ach_remittance
RPY-0011993,ORG-201108,PTR-006,2024-10-03,1512.44,4180.03,ach_remittance
RPY-0011994,ORG-201108,PTR-006,2024-10-10,997.94,5177.97,manual_payment
RPY-0011995,ORG-201108,PTR-006,2024-10-17,981.09,6159.06,manual_payment
RPY-0011996,ORG-201108,PTR-006,2024-10-24,1235.4,7394.46,ach_remittance
RPY-0011997,ORG-201108,PTR-006,2024-10-31,847.15,8241.61,ach_remittance
RPY-0011998,ORG-201108,PTR-006,2024-11-07,1522.56,9764.17,ach_remittance
RPY-0011999,ORG-201108,PTR-006,2024-11-14,1385.0,11149.17,ach_remittance
RPY-0012000,ORG-201108,PTR-006,2024-11-21,1659.43,12808.6,ach_remittance
RPY-0012001,ORG-201108,PTR-006,2024-11-28,2075.2,14883.8,ach_remittance
RPY-0012002,ORG-201109,PTR-004,2024-11-14,1786.27,1786.27,ach_remittance
RPY-0012003,ORG-201109,PTR-004,2024-11-21,1442.25,3228.52,ach_remittance
RPY-0012004,ORG-201109,PTR-004,2024-11-28,1631.52,4860.04,ach_remittance
RPY-0012005,ORG-201109,PTR-004,2024-12-05,1493.94,6353.98,ach_remittance
RPY-0012006,ORG-201109,PTR-004,2024-12-12,1484.54,7838.52,ach_remittance
RPY-0012007,ORG-201109,PTR-004,2024-12-19,1524.19,9362.71,ach_remittance
RPY-0012008,ORG-201109,PTR-004,2024-12-26,1065.65,10428.36,ach_remittance
RPY-0012009,ORG-201109,PTR-004,2025-01-02,774.2,11202.56,ach_remittance
RPY-0012010,ORG-201110,PTR-004,2024-06-25,3200.09,3200.09,ach_remittance
RPY-0012011,ORG-201110,PTR-004,2024-07-02,3917.87,7117.96,ach_remittance
RPY-0012012,ORG-201110,PTR-004,2024-07-09,4991.97,12109.93,ach_remittance
RPY-0012013,ORG-201110,PTR-004,2024-07-16,2928.76,15038.69,ach_remittance
RPY-0012014,ORG-201110,PTR-004,2024-07-23,2612.8,17651.49,ach_remittance
RPY-0012015,ORG-201110,PTR-004,2024-07-30,2703.04,20354.53,ach_remittance
RPY-0012016,ORG-201110,PTR-004,2024-08-06,4887.25,25241.78,ach_remittance
RPY-0012017,ORG-201110,PTR-004,2024-08-13,3244.43,28486.21,ach_remittance
RPY-0012018,ORG-201110,PTR-004,2024-08-20,5279.78,33765.99,ach_remittance
RPY-0012019,ORG-201110,PTR-004,2024-08-27,8937.16,42703.15,ach_remittance
RPY-0012020,ORG-201111,PTR-001,2025-05-14,1711.3,1711.3,ach_remittance
RPY-0012021,ORG-201111,PTR-001,2025-05-21,1653.58,3364.88,ach_remittance
RPY-0012022,ORG-201111,PTR-001,2025-05-28,1119.36,4484.24,ach_remittance
RPY-0012023,ORG-201111,PTR-001,2025-06-04,1216.7,5700.94,ach_remittance
RPY-0012024,ORG-201111,PTR-001,2025-06-11,1949.62,7650.56,ach_remittance
RPY-0012025,ORG-201111,PTR-001,2025-06-18,1534.68,9185.24,manual_payment
RPY-0012026,ORG-201111,PTR-001,2025-06-25,1464.13,10649.37,ach_remittance
RPY-0012027,ORG-201111,PTR-001,2025-07-02,992.05,11641.42,ach_remittance
RPY-0012028,ORG-201111,PTR-001,2025-07-09,1699.19,13340.61,ach_remittance
RPY-0012029,ORG-201112,PTR-001,2025-09-06,175.8,175.8,ach_remittance
RPY-0012030,ORG-201112,PTR-001,2025-09-13,151.41,327.21,ach_remittance
RPY-0012031,ORG-201112,PTR-001,2025-09-20,183.46,510.67,ach_remittance
RPY-0012032,ORG-201112,PTR-001,2025-09-27,93.17,603.84,ach_remittance
RPY-0012033,ORG-201112,PTR-001,2025-10-04,190.0,793.84,ach_remittance
RPY-0012034,ORG-201112,PTR-001,2025-10-11,186.2,980.04,ach_remittance
RPY-0012035,ORG-201112,PTR-001,2025-10-18,151.64,1131.68,ach_remittance
RPY-0012036,ORG-201112,PTR-001,2025-10-25,166.37,1298.05,ach_remittance
RPY-0012037,ORG-201112,PTR-001,2025-11-01,185.9,1483.95,ach_remittance
RPY-0012038,ORG-201112,PTR-001,2025-11-08,88.33,1572.28,ach_remittance
RPY-0012039,ORG-201112,PTR-001,2025-11-15,62.72,1635.0,ach_remittance
RPY-0012040,ORG-201113,PTR-005,2024-05-22,5660.71,5660.71,ach_remittance
RPY-0012041,ORG-201113,PTR-005,2024-05-29,4856.32,10517.03,ach_remittance
RPY-0012042,ORG-201113,PTR-005,2024-06-05,7617.65,18134.68,ach_remittance
RPY-0012043,ORG-201113,PTR-005,2024-06-12,7852.92,25987.6,ach_remittance
RPY-0012044,ORG-201113,PTR-005,2024-06-19,4349.18,30336.78,manual_payment
RPY-0012045,ORG-201113,PTR-005,2024-06-26,7429.19,37765.97,ach_remittance
RPY-0012046,ORG-201114,PTR-004,2022-11-21,1499.28,1499.28,ach_remittance
RPY-0012047,ORG-201114,PTR-004,2022-11-28,1072.32,2571.6,ach_remittance
RPY-0012048,ORG-201114,PTR-004,2022-12-05,741.94,3313.54,manual_payment
RPY-0012049,ORG-201114,PTR-004,2022-12-12,871.34,4184.88,ach_remittance
RPY-0012050,ORG-201114,PTR-004,2022-12-19,972.14,5157.02,ach_remittance
RPY-0012051,ORG-201114,PTR-004,2022-12-26,1480.3,6637.32,ach_remittance
RPY-0012052,ORG-201114,PTR-004,2023-01-02,1126.57,7763.89,ach_remittance
RPY-0012053,ORG-201114,PTR-004,2023-01-09,1206.79,8970.68,ach_remittance
RPY-0012054,ORG-201114,PTR-004,2023-01-16,866.18,9836.86,ach_remittance
RPY-0012055,ORG-201114,PTR-004,2023-01-23,1138.75,10975.61,ach_remittance
RPY-0012056,ORG-201114,PTR-004,2023-01-30,1540.85,12516.46,ach_remittance
RPY-0012057,ORG-201114,PTR-004,2023-02-06,848.23,13364.69,ach_remittance
RPY-0012058,ORG-201114,PTR-004,2023-02-13,899.47,14264.16,ach_remittance
RPY-0012059,ORG-201114,PTR-004,2023-02-20,1130.92,15395.08,ach_remittance
RPY-0012060,ORG-201114,PTR-004,2023-02-27,1610.68,17005.76,ach_remittance
RPY-0012061,ORG-201114,PTR-004,2023-03-06,739.69,17745.45,ach_remittance
RPY-0012062,ORG-201114,PTR-004,2023-03-13,1335.07,19080.52,ach_remittance
RPY-0012063,ORG-201114,PTR-004,2023-03-20,1222.21,20302.73,ach_remittance
RPY-0012064,ORG-201114,PTR-004,2023-03-27,1543.82,21846.55,ach_remittance
RPY-0012065,ORG-201114,PTR-004,2023-04-03,1534.81,23381.36,ach_remittance
RPY-0012066,ORG-201114,PTR-004,2023-04-10,1306.99,24688.35,ach_remittance
RPY-0012067,ORG-201114,PTR-004,2023-04-17,1082.34,25770.69,ach_remittance
RPY-0012068,ORG-201114,PTR-004,2023-04-24,1268.71,27039.4,ach_remittance
RPY-0012069,ORG-201114,PTR-004,2023-05-01,753.73,27793.13,ach_remittance
RPY-0012070,ORG-201114,PTR-004,2023-05-08,1295.98,29089.11,ach_remittance
RPY-0012071,ORG-201114,PTR-004,2023-05-15,867.98,29957.09,ach_remittance
RPY-0012072,ORG-201114,PTR-004,2023-05-22,1412.83,31369.92,ach_remittance
RPY-0012073,ORG-201114,PTR-004,2023-05-29,1091.05,32460.97,ach_remittance
RPY-0012074,ORG-201114,PTR-004,2023-06-05,1196.44,33657.41,ach_remittance
RPY-0012075,ORG-201114,PTR-004,2023-06-12,1034.01,34691.42,ach_remittance
RPY-0012076,ORG-201114,PTR-004,2023-06-19,1315.15,36006.57,ach_remittance
RPY-0012077,ORG-201114,PTR-004,2023-06-26,1580.64,37587.21,ach_remittance
RPY-0012078,ORG-201115,PTR-003,2023-01-28,1118.89,1118.89,ach_remittance
RPY-0012079,ORG-201115,PTR-003,2023-02-04,2043.95,3162.84,ach_remittance
RPY-0012080,ORG-201115,PTR-003,2023-02-11,2305.83,5468.67,ach_remittance
RPY-0012081,ORG-201115,PTR-003,2023-02-18,996.24,6464.91,ach_remittance
RPY-0012082,ORG-201115,PTR-003,2023-02-25,1306.24,7771.15,ach_remittance
RPY-0012083,ORG-201115,PTR-003,2023-03-04,1489.34,9260.49,ach_remittance
RPY-0012084,ORG-201115,PTR-003,2023-03-11,1549.94,10810.43,manual_payment
RPY-0012085,ORG-201115,PTR-003,2023-03-18,1057.67,11868.1,ach_remittance
RPY-0012086,ORG-201115,PTR-003,2023-03-25,1034.15,12902.25,ach_remittance
RPY-0012087,ORG-201115,PTR-003,2023-04-01,1889.79,14792.04,ach_remittance
RPY-0012088,ORG-201115,PTR-003,2023-04-08,2209.46,17001.5,ach_remittance
RPY-0012089,ORG-201115,PTR-003,2023-04-15,1002.56,18004.06,ach_remittance
RPY-0012090,ORG-201115,PTR-003,2023-04-22,1213.42,19217.48,ach_remittance
RPY-0012091,ORG-201115,PTR-003,2023-04-29,2279.85,21497.33,manual_payment
RPY-0012092,ORG-201115,PTR-003,2023-05-06,1743.96,23241.29,manual_payment
RPY-0012093,ORG-201115,PTR-003,2023-05-13,1506.53,24747.82,ach_remittance
RPY-0012094,ORG-201115,PTR-003,2023-05-20,2000.16,26747.98,ach_remittance
RPY-0012095,ORG-201115,PTR-003,2023-05-27,2233.67,28981.65,ach_remittance
RPY-0012096,ORG-201115,PTR-003,2023-06-03,1495.14,30476.79,ach_remittance
RPY-0012097,ORG-201115,PTR-003,2023-06-10,2190.32,32667.11,ach_remittance
RPY-0012098,ORG-201115,PTR-003,2023-06-17,1245.09,33912.2,manual_payment
RPY-0012099,ORG-201115,PTR-003,2023-06-24,1622.55,35534.75,ach_remittance
RPY-0012100,ORG-201115,PTR-003,2023-07-01,1153.43,36688.18,ach_remittance
RPY-0012101,ORG-201115,PTR-003,2023-07-08,1383.87,38072.05,ach_remittance
RPY-0012102,ORG-201115,PTR-003,2023-07-15,1970.95,40043.0,manual_payment
RPY-0012103,ORG-201115,PTR-003,2023-07-22,2002.65,42045.65,ach_remittance
RPY-0012104,ORG-201115,PTR-003,2023-07-29,1836.38,43882.03,ach_remittance
RPY-0012105,ORG-201115,PTR-003,2023-08-05,1726.79,45608.82,ach_remittance
RPY-0012106,ORG-201115,PTR-003,2023-08-12,1932.92,47541.74,manual_payment
RPY-0012107,ORG-201115,PTR-003,2023-08-19,2092.21,49633.95,ach_remittance
RPY-0012108,ORG-201115,PTR-003,2023-08-26,1540.07,51174.02,ach_remittance
RPY-0012109,ORG-201115,PTR-003,2023-09-02,2063.8,53237.82,ach_remittance
RPY-0012110,ORG-201115,PTR-003,2023-09-09,1201.39,54439.21,ach_remittance
RPY-0012111,ORG-201115,PTR-003,2023-09-16,1292.14,55731.35,ach_remittance
RPY-0012112,ORG-201115,PTR-003,2023-09-23,1108.35,56839.7,ach_remittance
RPY-0012113,ORG-201115,PTR-003,2023-09-30,1309.09,58148.79,ach_remittance
RPY-0012114,ORG-201115,PTR-003,2023-10-07,1138.01,59286.8,ach_remittance
RPY-0012115,ORG-201115,PTR-003,2023-10-14,1030.36,60317.16,ach_remittance
RPY-0012116,ORG-201115,PTR-003,2023-10-21,4234.87,64552.03,ach_remittance
RPY-0012117,ORG-201116,PTR-005,2024-07-08,5468.71,5468.71,ach_remittance
RPY-0012118,ORG-201116,PTR-005,2024-07-15,4319.96,9788.67,manual_payment
RPY-0012119,ORG-201116,PTR-005,2024-07-22,4203.66,13992.33,ach_remittance
RPY-0012120,ORG-201116,PTR-005,2024-07-29,5658.42,19650.75,ach_remittance
RPY-0012121,ORG-201116,PTR-005,2024-08-05,4516.4,24167.15,ach_remittance
RPY-0012122,ORG-201117,PTR-005,2024-12-16,1971.32,1971.32,ach_remittance
RPY-0012123,ORG-201117,PTR-005,2024-12-23,2760.54,4731.86,manual_payment
RPY-0012124,ORG-201117,PTR-005,2024-12-30,2947.11,7678.97,ach_remittance
RPY-0012125,ORG-201117,PTR-005,2025-01-06,2923.64,10602.61,manual_payment
RPY-0012126,ORG-201117,PTR-005,2025-01-13,1726.43,12329.04,ach_remittance
RPY-0012127,ORG-201117,PTR-005,2025-01-20,1483.16,13812.2,ach_remittance
RPY-0012128,ORG-201117,PTR-005,2025-01-27,2664.8,16477.0,ach_remittance
RPY-0012129,ORG-201117,PTR-005,2025-02-03,1908.32,18385.32,ach_remittance
RPY-0012130,ORG-201117,PTR-005,2025-02-10,1997.73,20383.05,ach_remittance
RPY-0012131,ORG-201117,PTR-005,2025-02-17,2852.06,23235.11,ach_remittance
RPY-0012132,ORG-201117,PTR-005,2025-02-24,313.59,23548.7,ach_remittance
RPY-0012133,ORG-201118,PTR-006,2022-04-27,1080.57,1080.57,ach_remittance
RPY-0012134,ORG-201118,PTR-006,2022-05-04,523.19,1603.76,ach_remittance
RPY-0012135,ORG-201118,PTR-006,2022-05-11,1195.29,2799.05,manual_payment
RPY-0012136,ORG-201118,PTR-006,2022-05-18,858.52,3657.57,ach_remittance
RPY-0012137,ORG-201118,PTR-006,2022-05-25,579.75,4237.32,manual_payment
RPY-0012138,ORG-201118,PTR-006,2022-06-01,590.07,4827.39,ach_remittance
RPY-0012139,ORG-201118,PTR-006,2022-06-08,543.45,5370.84,ach_remittance
RPY-0012140,ORG-201118,PTR-006,2022-06-15,604.89,5975.73,ach_remittance
RPY-0012141,ORG-201118,PTR-006,2022-06-22,1794.97,7770.7,ach_remittance
RPY-0012142,ORG-201119,PTR-001,2022-03-11,851.52,851.52,ach_remittance
RPY-0012143,ORG-201119,PTR-001,2022-03-18,829.87,1681.39,ach_remittance
RPY-0012144,ORG-201119,PTR-001,2022-03-25,896.87,2578.26,ach_remittance
RPY-0012145,ORG-201119,PTR-001,2022-04-01,822.59,3400.85,ach_remittance
RPY-0012146,ORG-201119,PTR-001,2022-04-08,906.57,4307.42,ach_remittance
RPY-0012147,ORG-201119,PTR-001,2022-04-15,954.67,5262.09,ach_remittance
RPY-0012148,ORG-201119,PTR-001,2022-04-22,460.85,5722.94,ach_remittance
RPY-0012149,ORG-201119,PTR-001,2022-04-29,575.37,6298.31,ach_remittance
RPY-0012150,ORG-201119,PTR-001,2022-05-06,803.44,7101.75,ach_remittance
RPY-0012151,ORG-201119,PTR-001,2022-05-13,787.96,7889.71,ach_remittance
RPY-0012152,ORG-201119,PTR-001,2022-05-20,457.83,8347.54,ach_remittance
RPY-0012153,ORG-201119,PTR-001,2022-05-27,909.58,9257.12,ach_remittance
RPY-0012154,ORG-201119,PTR-001,2022-06-03,909.08,10166.2,ach_remittance
RPY-0012155,ORG-201119,PTR-001,2022-06-10,945.37,11111.57,ach_remittance
RPY-0012156,ORG-201119,PTR-001,2022-06-17,58.92,11170.49,ach_remittance
RPY-0012157,ORG-201120,PTR-002,2024-04-06,5577.02,5577.02,ach_remittance
RPY-0012158,ORG-201120,PTR-002,2024-04-13,3602.67,9179.69,ach_remittance
RPY-0012159,ORG-201120,PTR-002,2024-04-20,3570.62,12750.31,ach_remittance
RPY-0012160,ORG-201120,PTR-002,2024-04-27,3377.43,16127.74,ach_remittance
RPY-0012161,ORG-201120,PTR-002,2024-05-04,3744.47,19872.21,ach_remittance
RPY-0012162,ORG-201120,PTR-002,2024-05-11,5236.44,25108.65,ach_remittance
RPY-0012163,ORG-201120,PTR-002,2024-05-18,3855.33,28963.98,ach_remittance
RPY-0012164,ORG-201120,PTR-002,2024-05-25,4959.92,33923.9,ach_remittance
RPY-0012165,ORG-201120,PTR-002,2024-06-01,5568.12,39492.02,ach_remittance
RPY-0012166,ORG-201120,PTR-002,2024-06-08,3348.75,42840.77,ach_remittance
RPY-0012167,ORG-201120,PTR-002,2024-06-15,2492.84,45333.61,manual_payment
RPY-0012168,ORG-201120,PTR-002,2024-06-22,3523.49,48857.1,ach_remittance
RPY-0012169,ORG-201120,PTR-002,2024-06-29,2800.86,51657.96,ach_remittance
RPY-0012170,ORG-201120,PTR-002,2024-07-06,3161.21,54819.17,ach_remittance
RPY-0012171,ORG-201120,PTR-002,2024-07-13,5508.67,60327.84,ach_remittance
RPY-0012172,ORG-201120,PTR-002,2024-07-20,5312.19,65640.03,ach_remittance
RPY-0012173,ORG-201121,PTR-006,2024-09-24,3491.02,3491.02,ach_remittance
RPY-0012174,ORG-201121,PTR-006,2024-10-01,3644.81,7135.83,manual_payment
RPY-0012175,ORG-201121,PTR-006,2024-10-08,3181.78,10317.61,ach_remittance
RPY-0012176,ORG-201121,PTR-006,2024-10-15,2378.67,12696.28,manual_payment
RPY-0012177,ORG-201121,PTR-006,2024-10-22,2084.34,14780.62,ach_remittance
RPY-0012178,ORG-201121,PTR-006,2024-10-29,3368.12,18148.74,ach_remittance
RPY-0012179,ORG-201121,PTR-006,2024-11-05,3379.63,21528.37,ach_remittance
RPY-0012180,ORG-201121,PTR-006,2024-11-12,3864.13,25392.5,ach_remittance
RPY-0012181,ORG-201121,PTR-006,2024-11-19,2476.12,27868.62,ach_remittance
RPY-0012182,ORG-201121,PTR-006,2024-11-26,4224.1,32092.72,ach_remittance
RPY-0012183,ORG-201121,PTR-006,2024-12-03,3909.73,36002.45,ach_remittance
RPY-0012184,ORG-201121,PTR-006,2024-12-10,2876.58,38879.03,ach_remittance
RPY-0012185,ORG-201121,PTR-006,2024-12-17,1909.0,40788.03,ach_remittance
RPY-0012186,ORG-201121,PTR-006,2024-12-24,3046.8,43834.83,ach_remittance
RPY-0012187,ORG-201121,PTR-006,2024-12-31,3859.96,47694.79,ach_remittance
RPY-0012188,ORG-201121,PTR-006,2025-01-07,2412.74,50107.53,ach_remittance
RPY-0012189,ORG-201121,PTR-006,2025-01-14,3873.67,53981.2,ach_remittance
RPY-0012190,ORG-201121,PTR-006,2025-01-21,3924.44,57905.64,manual_payment
RPY-0012191,ORG-201121,PTR-006,2025-01-28,4218.65,62124.29,ach_remittance
RPY-0012192,ORG-201121,PTR-006,2025-02-04,2346.66,64470.95,manual_payment
RPY-0012193,ORG-201121,PTR-006,2025-02-11,4044.52,68515.47,ach_remittance
RPY-0012194,ORG-201121,PTR-006,2025-02-18,2622.16,71137.63,ach_remittance
RPY-0012195,ORG-201121,PTR-006,2025-02-25,3217.97,74355.6,ach_remittance
RPY-0012196,ORG-201121,PTR-006,2025-03-04,3393.1,77748.7,ach_remittance
RPY-0012197,ORG-201121,PTR-006,2025-03-11,2697.59,80446.29,ach_remittance
RPY-0012198,ORG-201121,PTR-006,2025-03-18,2622.34,83068.63,ach_remittance
RPY-0012199,ORG-201121,PTR-006,2025-03-25,4108.15,87176.78,manual_payment
RPY-0012200,ORG-201121,PTR-006,2025-04-01,2677.22,89854.0,ach_remittance
RPY-0012201,ORG-201121,PTR-006,2025-04-08,2197.95,92051.95,manual_payment
RPY-0012202,ORG-201121,PTR-006,2025-04-15,2474.75,94526.7,ach_remittance
RPY-0012203,ORG-201121,PTR-006,2025-04-22,2775.71,97302.41,ach_remittance
RPY-0012204,ORG-201121,PTR-006,2025-04-29,42.25,97344.66,ach_remittance
RPY-0012205,ORG-201122,PTR-002,2022-03-21,7848.98,7848.98,ach_remittance
RPY-0012206,ORG-201122,PTR-002,2022-03-28,7886.74,15735.72,ach_remittance
RPY-0012207,ORG-201122,PTR-002,2022-04-04,6992.03,22727.75,ach_remittance
RPY-0012208,ORG-201122,PTR-002,2022-04-11,7706.71,30434.46,ach_remittance
RPY-0012209,ORG-201122,PTR-002,2022-04-18,5916.47,36350.93,ach_remittance
RPY-0012210,ORG-201122,PTR-002,2022-04-25,6973.41,43324.34,ach_remittance
RPY-0012211,ORG-201122,PTR-002,2022-05-02,5368.39,48692.73,ach_remittance
RPY-0012212,ORG-201122,PTR-002,2022-05-09,3938.12,52630.85,ach_remittance
RPY-0012213,ORG-201122,PTR-002,2022-05-16,172.87,52803.72,ach_remittance
RPY-0012214,ORG-201123,PTR-001,2024-10-24,1798.79,1798.79,ach_remittance
RPY-0012215,ORG-201123,PTR-001,2024-10-31,1585.17,3383.96,ach_remittance
RPY-0012216,ORG-201123,PTR-001,2024-11-07,1881.9,5265.86,ach_remittance
RPY-0012217,ORG-201123,PTR-001,2024-11-14,1467.15,6733.01,ach_remittance
RPY-0012218,ORG-201123,PTR-001,2024-11-21,1810.25,8543.26,ach_remittance
RPY-0012219,ORG-201123,PTR-001,2024-11-28,1263.04,9806.3,ach_remittance
RPY-0012220,ORG-201123,PTR-001,2024-12-05,1924.98,11731.28,ach_remittance
RPY-0012221,ORG-201123,PTR-001,2024-12-12,1821.6,13552.88,ach_remittance
RPY-0012222,ORG-201123,PTR-001,2024-12-19,498.88,14051.76,ach_remittance
RPY-0012223,ORG-201124,PTR-006,2023-01-22,7050.07,7050.07,ach_remittance
RPY-0012224,ORG-201124,PTR-006,2023-01-29,4794.37,11844.44,ach_remittance
RPY-0012225,ORG-201124,PTR-006,2023-02-05,3492.12,15336.56,ach_remittance
RPY-0012226,ORG-201124,PTR-006,2023-02-12,4442.69,19779.25,ach_remittance
RPY-0012227,ORG-201124,PTR-006,2023-02-19,7397.57,27176.82,ach_remittance
RPY-0012228,ORG-201124,PTR-006,2023-02-26,7478.25,34655.07,ach_remittance
RPY-0012229,ORG-201124,PTR-006,2023-03-05,7319.3,41974.37,ach_remittance
RPY-0012230,ORG-201124,PTR-006,2023-03-12,4180.35,46154.72,ach_remittance
RPY-0012231,ORG-201124,PTR-006,2023-03-19,2019.54,48174.26,ach_remittance
RPY-0012232,ORG-201125,PTR-001,2025-10-14,3480.19,3480.19,ach_remittance
RPY-0012233,ORG-201125,PTR-001,2025-10-21,2584.88,6065.07,ach_remittance
RPY-0012234,ORG-201125,PTR-001,2025-10-28,3958.96,10024.03,ach_remittance
RPY-0012235,ORG-201125,PTR-001,2025-11-04,4114.74,14138.77,ach_remittance
RPY-0012236,ORG-201125,PTR-001,2025-11-11,2523.62,16662.39,ach_remittance
RPY-0012237,ORG-201125,PTR-001,2025-11-18,2844.79,19507.18,ach_remittance
RPY-0012238,ORG-201125,PTR-001,2025-11-25,4053.47,23560.65,ach_remittance
RPY-0012239,ORG-201125,PTR-001,2025-12-02,2844.86,26405.51,ach_remittance
RPY-0012240,ORG-201125,PTR-001,2025-12-09,2463.94,28869.45,ach_remittance
RPY-0012241,ORG-201125,PTR-001,2025-12-16,2696.33,31565.78,ach_remittance
RPY-0012242,ORG-201125,PTR-001,2025-12-23,4101.46,35667.24,ach_remittance
RPY-0012243,ORG-201125,PTR-001,2025-12-30,2904.54,38571.78,ach_remittance
RPY-0012244,ORG-201125,PTR-001,2026-01-06,2958.56,41530.34,ach_remittance
RPY-0012245,ORG-201125,PTR-001,2026-01-13,4388.43,45918.77,ach_remittance
RPY-0012246,ORG-201125,PTR-001,2026-01-20,4260.48,50179.25,ach_remittance
RPY-0012247,ORG-201125,PTR-001,2026-01-27,2763.63,52942.88,ach_remittance
RPY-0012248,ORG-201125,PTR-001,2026-02-03,2519.14,55462.02,ach_remittance
RPY-0012249,ORG-201125,PTR-001,2026-02-10,2645.73,58107.75,manual_payment
RPY-0012250,ORG-201125,PTR-001,2026-02-17,10183.02,68290.77,ach_remittance
RPY-0012251,ORG-201126,PTR-002,2024-12-21,7345.73,7345.73,ach_remittance
RPY-0012252,ORG-201126,PTR-002,2024-12-28,7593.46,14939.19,ach_remittance
RPY-0012253,ORG-201126,PTR-002,2025-01-04,6021.73,20960.92,ach_remittance
RPY-0012254,ORG-201126,PTR-002,2025-01-11,7250.91,28211.83,ach_remittance
RPY-0012255,ORG-201126,PTR-002,2025-01-18,8051.44,36263.27,ach_remittance
RPY-0012256,ORG-201126,PTR-002,2025-01-25,10048.66,46311.93,ach_remittance
RPY-0012257,ORG-201127,PTR-005,2023-09-17,4125.12,4125.12,ach_remittance
RPY-0012258,ORG-201127,PTR-005,2023-09-24,3139.59,7264.71,manual_payment
RPY-0012259,ORG-201127,PTR-005,2023-10-01,3763.22,11027.93,ach_remittance
RPY-0012260,ORG-201127,PTR-005,2023-10-08,4411.59,15439.52,ach_remittance
RPY-0012261,ORG-201127,PTR-005,2023-10-15,4896.62,20336.14,ach_remittance
RPY-0012262,ORG-201127,PTR-005,2023-10-22,2664.93,23001.07,ach_remittance
RPY-0012263,ORG-201127,PTR-005,2023-10-29,3766.76,26767.83,ach_remittance
RPY-0012264,ORG-201127,PTR-005,2023-11-05,4742.99,31510.82,ach_remittance
RPY-0012265,ORG-201128,PTR-004,2024-01-07,4315.74,4315.74,ach_remittance
RPY-0012266,ORG-201128,PTR-004,2024-01-14,5671.0,9986.74,ach_remittance
RPY-0012267,ORG-201128,PTR-004,2024-01-21,2895.05,12881.79,ach_remittance
RPY-0012268,ORG-201128,PTR-004,2024-01-28,4289.85,17171.64,ach_remittance
RPY-0012269,ORG-201128,PTR-004,2024-02-04,5310.13,22481.77,ach_remittance
RPY-0012270,ORG-201128,PTR-004,2024-02-11,5088.71,27570.48,ach_remittance
RPY-0012271,ORG-201128,PTR-004,2024-02-18,3646.42,31216.9,ach_remittance
RPY-0012272,ORG-201128,PTR-004,2024-02-25,3014.66,34231.56,ach_remittance
RPY-0012273,ORG-201128,PTR-004,2024-03-03,3504.65,37736.21,ach_remittance
RPY-0012274,ORG-201128,PTR-004,2024-03-10,5868.52,43604.73,ach_remittance
RPY-0012275,ORG-201128,PTR-004,2024-03-17,5821.72,49426.45,ach_remittance
RPY-0012276,ORG-201128,PTR-004,2024-03-24,5055.68,54482.13,ach_remittance
RPY-0012277,ORG-201128,PTR-004,2024-03-31,2789.72,57271.85,ach_remittance
RPY-0012278,ORG-201128,PTR-004,2024-04-07,5170.73,62442.58,ach_remittance
RPY-0012279,ORG-201128,PTR-004,2024-04-14,1335.06,63777.64,ach_remittance
RPY-0012280,ORG-201129,PTR-002,2023-04-30,2807.72,2807.72,ach_remittance
RPY-0012281,ORG-201129,PTR-002,2023-05-07,2339.01,5146.73,ach_remittance
RPY-0012282,ORG-201129,PTR-002,2023-05-14,2811.43,7958.16,ach_remittance
RPY-0012283,ORG-201129,PTR-002,2023-05-21,1757.07,9715.23,ach_remittance
RPY-0012284,ORG-201129,PTR-002,2023-05-28,2174.14,11889.37,ach_remittance
RPY-0012285,ORG-201129,PTR-002,2023-06-04,2386.59,14275.96,ach_remittance
RPY-0012286,ORG-201129,PTR-002,2023-06-11,1625.6,15901.56,manual_payment
RPY-0012287,ORG-201129,PTR-002,2023-06-18,2000.68,17902.24,ach_remittance
RPY-0012288,ORG-201129,PTR-002,2023-06-25,283.36,18185.6,ach_remittance
RPY-0012289,ORG-201130,PTR-001,2023-08-18,1648.14,1648.14,ach_remittance
RPY-0012290,ORG-201130,PTR-001,2023-08-25,2916.41,4564.55,ach_remittance
RPY-0012291,ORG-201130,PTR-001,2023-09-01,2957.03,7521.58,ach_remittance
RPY-0012292,ORG-201130,PTR-001,2023-09-08,2703.41,10224.99,ach_remittance
RPY-0012293,ORG-201130,PTR-001,2023-09-15,2214.03,12439.02,ach_remittance
RPY-0012294,ORG-201130,PTR-001,2023-09-22,2301.32,14740.34,ach_remittance
RPY-0012295,ORG-201130,PTR-001,2023-09-29,3052.5,17792.84,ach_remittance
RPY-0012296,ORG-201130,PTR-001,2023-10-06,1518.91,19311.75,ach_remittance
RPY-0012297,ORG-201130,PTR-001,2023-10-13,2020.8,21332.55,ach_remittance
RPY-0012298,ORG-201130,PTR-001,2023-10-20,2643.07,23975.62,manual_payment
RPY-0012299,ORG-201130,PTR-001,2023-10-27,2747.88,26723.5,ach_remittance
RPY-0012300,ORG-201130,PTR-001,2023-11-03,1382.89,28106.39,ach_remittance
RPY-0012301,ORG-201131,PTR-004,2022-02-23,706.94,706.94,ach_remittance
RPY-0012302,ORG-201131,PTR-004,2022-03-02,684.44,1391.38,ach_remittance
RPY-0012303,ORG-201131,PTR-004,2022-03-09,540.2,1931.58,ach_remittance
RPY-0012304,ORG-201131,PTR-004,2022-03-16,630.86,2562.44,ach_remittance
RPY-0012305,ORG-201131,PTR-004,2022-03-23,528.41,3090.85,ach_remittance
RPY-0012306,ORG-201131,PTR-004,2022-03-30,690.05,3780.9,ach_remittance
RPY-0012307,ORG-201131,PTR-004,2022-04-06,316.56,4097.46,ach_remittance
RPY-0012308,ORG-201132,PTR-006,2025-08-02,5772.4,5772.4,ach_remittance
RPY-0012309,ORG-201132,PTR-006,2025-08-09,5059.29,10831.69,ach_remittance
RPY-0012310,ORG-201132,PTR-006,2025-08-16,4335.21,15166.9,ach_remittance
RPY-0012311,ORG-201132,PTR-006,2025-08-23,2667.9,17834.8,ach_remittance
RPY-0012312,ORG-201132,PTR-006,2025-08-30,2804.47,20639.27,ach_remittance
RPY-0012313,ORG-201132,PTR-006,2025-09-06,4902.93,25542.2,ach_remittance
RPY-0012314,ORG-201132,PTR-006,2025-09-13,4746.39,30288.59,ach_remittance
RPY-0012315,ORG-201132,PTR-006,2025-09-20,3486.64,33775.23,ach_remittance
RPY-0012316,ORG-201132,PTR-006,2025-09-27,2718.54,36493.77,ach_remittance
RPY-0012317,ORG-201132,PTR-006,2025-10-04,3538.48,40032.25,ach_remittance
RPY-0012318,ORG-201132,PTR-006,2025-10-11,3699.08,43731.33,manual_payment
RPY-0012319,ORG-201132,PTR-006,2025-10-18,5225.13,48956.46,ach_remittance
RPY-0012320,ORG-201132,PTR-006,2025-10-25,3995.42,52951.88,ach_remittance
RPY-0012321,ORG-201132,PTR-006,2025-11-01,4639.24,57591.12,ach_remittance
RPY-0012322,ORG-201132,PTR-006,2025-11-08,8261.79,65852.91,ach_remittance
RPY-0012323,ORG-201133,PTR-003,2023-06-13,785.19,785.19,ach_remittance
RPY-0012324,ORG-201133,PTR-003,2023-06-20,622.63,1407.82,ach_remittance
RPY-0012325,ORG-201133,PTR-003,2023-06-27,832.82,2240.64,ach_remittance
RPY-0012326,ORG-201133,PTR-003,2023-07-04,596.29,2836.93,ach_remittance
RPY-0012327,ORG-201133,PTR-003,2023-07-11,668.63,3505.56,ach_remittance
RPY-0012328,ORG-201133,PTR-003,2023-07-18,862.28,4367.84,ach_remittance
RPY-0012329,ORG-201133,PTR-003,2023-07-25,668.61,5036.45,ach_remittance
RPY-0012330,ORG-201133,PTR-003,2023-08-01,1442.19,6478.64,ach_remittance
RPY-0012331,ORG-201134,PTR-004,2022-08-14,2579.53,2579.53,ach_remittance
RPY-0012332,ORG-201134,PTR-004,2022-08-21,2253.91,4833.44,ach_remittance
RPY-0012333,ORG-201134,PTR-004,2022-08-28,3111.8,7945.24,ach_remittance
RPY-0012334,ORG-201134,PTR-004,2022-09-04,2149.87,10095.11,ach_remittance
RPY-0012335,ORG-201134,PTR-004,2022-09-11,3028.48,13123.59,manual_payment
RPY-0012336,ORG-201134,PTR-004,2022-09-18,4502.98,17626.57,ach_remittance
RPY-0012337,ORG-201134,PTR-004,2022-09-25,2283.85,19910.42,ach_remittance
RPY-0012338,ORG-201134,PTR-004,2022-10-02,2285.3,22195.72,ach_remittance
RPY-0012339,ORG-201134,PTR-004,2022-10-09,2851.27,25046.99,ach_remittance
RPY-0012340,ORG-201134,PTR-004,2022-10-16,3434.79,28481.78,ach_remittance
RPY-0012341,ORG-201134,PTR-004,2022-10-23,4095.86,32577.64,ach_remittance
RPY-0012342,ORG-201134,PTR-004,2022-10-30,2612.4,35190.04,ach_remittance
RPY-0012343,ORG-201134,PTR-004,2022-11-06,4354.61,39544.65,ach_remittance
RPY-0012344,ORG-201134,PTR-004,2022-11-13,4009.73,43554.38,ach_remittance
RPY-0012345,ORG-201134,PTR-004,2022-11-20,4249.38,47803.76,ach_remittance
RPY-0012346,ORG-201134,PTR-004,2022-11-27,2776.08,50579.84,ach_remittance
RPY-0012347,ORG-201134,PTR-004,2022-12-04,8559.37,59139.21,ach_remittance
RPY-0012348,ORG-201135,PTR-001,2026-04-15,1963.65,1963.65,ach_remittance
RPY-0012349,ORG-201135,PTR-001,2026-04-22,1702.97,3666.62,manual_payment
RPY-0012350,ORG-201135,PTR-001,2026-04-29,1680.5,5347.12,ach_remittance
RPY-0012351,ORG-201135,PTR-001,2026-05-06,1495.39,6842.51,ach_remittance
RPY-0012352,ORG-201135,PTR-001,2026-05-13,1921.16,8763.67,ach_remittance
RPY-0012353,ORG-201135,PTR-001,2026-05-20,1836.03,10599.7,ach_remittance
RPY-0012354,ORG-201135,PTR-001,2026-05-27,1643.0,12242.7,ach_remittance
RPY-0012355,ORG-201135,PTR-001,2026-06-03,1777.47,14020.17,ach_remittance
RPY-0012356,ORG-201135,PTR-001,2026-06-10,1803.07,15823.24,ach_remittance
RPY-0012357,ORG-201135,PTR-001,2026-06-17,1599.01,17422.25,ach_remittance
RPY-0012358,ORG-201135,PTR-001,2026-06-24,1819.37,19241.62,ach_remittance
RPY-0012359,ORG-201135,PTR-001,2026-07-01,1743.2,20984.82,ach_remittance
RPY-0012360,ORG-201135,PTR-001,2026-07-08,1000.88,21985.7,ach_remittance
RPY-0012361,ORG-201135,PTR-001,2026-07-15,1978.96,23964.66,ach_remittance
RPY-0012362,ORG-201135,PTR-001,2026-07-22,1521.27,25485.93,ach_remittance
RPY-0012363,ORG-201135,PTR-001,2026-07-29,1249.53,26735.46,manual_payment
RPY-0012364,ORG-201136,PTR-006,2023-08-23,3389.48,3389.48,ach_remittance
RPY-0012365,ORG-201136,PTR-006,2023-08-30,3770.54,7160.02,ach_remittance
RPY-0012366,ORG-201136,PTR-006,2023-09-06,2688.31,9848.33,ach_remittance
RPY-0012367,ORG-201136,PTR-006,2023-09-13,3755.88,13604.21,ach_remittance
RPY-0012368,ORG-201136,PTR-006,2023-09-20,3159.37,16763.58,ach_remittance
RPY-0012369,ORG-201136,PTR-006,2023-09-27,3576.2,20339.78,ach_remittance
RPY-0012370,ORG-201136,PTR-006,2023-10-04,3327.18,23666.96,ach_remittance
RPY-0012371,ORG-201137,PTR-001,2025-03-23,4803.85,4803.85,ach_remittance
RPY-0012372,ORG-201137,PTR-001,2025-03-30,4456.6,9260.45,ach_remittance
RPY-0012373,ORG-201137,PTR-001,2025-04-06,2491.44,11751.89,ach_remittance
RPY-0012374,ORG-201137,PTR-001,2025-04-13,4129.89,15881.78,ach_remittance
RPY-0012375,ORG-201137,PTR-001,2025-04-20,5073.55,20955.33,ach_remittance
RPY-0012376,ORG-201137,PTR-001,2025-04-27,4902.21,25857.54,ach_remittance
RPY-0012377,ORG-201137,PTR-001,2025-05-04,4094.52,29952.06,ach_remittance
RPY-0012378,ORG-201137,PTR-001,2025-05-11,906.54,30858.6,ach_remittance
RPY-0012379,ORG-201138,PTR-004,2025-07-17,2825.4,2825.4,ach_remittance
RPY-0012380,ORG-201138,PTR-004,2025-07-24,3125.11,5950.51,ach_remittance
RPY-0012381,ORG-201138,PTR-004,2025-07-31,2705.9,8656.41,ach_remittance
RPY-0012382,ORG-201138,PTR-004,2025-08-07,2351.74,11008.15,ach_remittance
RPY-0012383,ORG-201138,PTR-004,2025-08-14,3057.85,14066.0,ach_remittance
RPY-0012384,ORG-201138,PTR-004,2025-08-21,2337.52,16403.52,ach_remittance
RPY-0012385,ORG-201138,PTR-004,2025-08-28,2999.12,19402.64,ach_remittance
RPY-0012386,ORG-201138,PTR-004,2025-09-04,1493.1,20895.74,ach_remittance
RPY-0012387,ORG-201138,PTR-004,2025-09-11,3039.09,23934.83,ach_remittance
RPY-0012388,ORG-201138,PTR-004,2025-09-18,3190.23,27125.06,ach_remittance
RPY-0012389,ORG-201138,PTR-004,2025-09-25,2123.7,29248.76,ach_remittance
RPY-0012390,ORG-201138,PTR-004,2025-10-02,1463.05,30711.81,manual_payment
RPY-0012391,ORG-201138,PTR-004,2025-10-09,2130.06,32841.87,ach_remittance
RPY-0012392,ORG-201138,PTR-004,2025-10-16,2604.58,35446.45,manual_payment
RPY-0012393,ORG-201138,PTR-004,2025-10-23,3010.24,38456.69,ach_remittance
RPY-0012394,ORG-201138,PTR-004,2025-10-30,2010.62,40467.31,ach_remittance
RPY-0012395,ORG-201139,PTR-004,2023-11-28,2282.05,2282.05,ach_remittance
RPY-0012396,ORG-201139,PTR-004,2023-12-05,2572.82,4854.87,ach_remittance
RPY-0012397,ORG-201139,PTR-004,2023-12-12,1884.79,6739.66,ach_remittance
RPY-0012398,ORG-201139,PTR-004,2023-12-19,1768.23,8507.89,ach_remittance
RPY-0012399,ORG-201139,PTR-004,2023-12-26,1517.17,10025.06,ach_remittance
RPY-0012400,ORG-201139,PTR-004,2024-01-02,2815.56,12840.62,manual_payment
RPY-0012401,ORG-201139,PTR-004,2024-01-09,2137.11,14977.73,ach_remittance
RPY-0012402,ORG-201139,PTR-004,2024-01-16,1569.28,16547.01,manual_payment
RPY-0012403,ORG-201139,PTR-004,2024-01-23,1732.22,18279.23,ach_remittance
RPY-0012404,ORG-201140,PTR-004,2022-05-11,4896.44,4896.44,ach_remittance
RPY-0012405,ORG-201140,PTR-004,2022-05-18,4537.49,9433.93,ach_remittance
RPY-0012406,ORG-201140,PTR-004,2022-05-25,3923.71,13357.64,ach_remittance
RPY-0012407,ORG-201140,PTR-004,2022-06-01,3243.0,16600.64,ach_remittance
RPY-0012408,ORG-201140,PTR-004,2022-06-08,4711.23,21311.87,ach_remittance
RPY-0012409,ORG-201140,PTR-004,2022-06-15,3628.94,24940.81,ach_remittance
RPY-0012410,ORG-201140,PTR-004,2022-06-22,2636.41,27577.22,ach_remittance
RPY-0012411,ORG-201140,PTR-004,2022-06-29,547.42,28124.64,ach_remittance
RPY-0012412,ORG-201141,PTR-003,2024-04-02,632.08,632.08,ach_remittance
RPY-0012413,ORG-201141,PTR-003,2024-04-09,993.56,1625.64,ach_remittance
RPY-0012414,ORG-201141,PTR-003,2024-04-16,652.92,2278.56,ach_remittance
RPY-0012415,ORG-201141,PTR-003,2024-04-23,555.65,2834.21,ach_remittance
RPY-0012416,ORG-201141,PTR-003,2024-04-30,852.94,3687.15,manual_payment
RPY-0012417,ORG-201141,PTR-003,2024-05-07,559.24,4246.39,ach_remittance
RPY-0012418,ORG-201141,PTR-003,2024-05-14,928.29,5174.68,ach_remittance
RPY-0012419,ORG-201141,PTR-003,2024-05-21,1315.26,6489.94,manual_payment
RPY-0012420,ORG-201142,PTR-006,2024-09-17,2650.52,2650.52,ach_remittance
RPY-0012421,ORG-201142,PTR-006,2024-09-24,2543.85,5194.37,manual_payment
RPY-0012422,ORG-201142,PTR-006,2024-10-01,3185.88,8380.25,ach_remittance
RPY-0012423,ORG-201142,PTR-006,2024-10-08,3489.75,11870.0,ach_remittance
RPY-0012424,ORG-201142,PTR-006,2024-10-15,2534.77,14404.77,ach_remittance
RPY-0012425,ORG-201142,PTR-006,2024-10-22,5016.83,19421.6,ach_remittance
RPY-0012426,ORG-201142,PTR-006,2024-10-29,9443.21,28864.81,ach_remittance
RPY-0012427,ORG-201143,PTR-004,2022-09-06,9751.82,9751.82,ach_remittance
RPY-0012428,ORG-201143,PTR-004,2022-09-13,6184.57,15936.39,ach_remittance
RPY-0012429,ORG-201143,PTR-004,2022-09-20,10630.31,26566.7,ach_remittance
RPY-0012430,ORG-201143,PTR-004,2022-09-27,7958.13,34524.83,ach_remittance
RPY-0012431,ORG-201143,PTR-004,2022-10-04,10109.83,44634.66,ach_remittance
RPY-0012432,ORG-201143,PTR-004,2022-10-11,10165.78,54800.44,ach_remittance
RPY-0012433,ORG-201143,PTR-004,2022-10-18,5165.12,59965.56,manual_payment
RPY-0012434,ORG-201143,PTR-004,2022-10-25,5465.52,65431.08,ach_remittance
RPY-0012435,ORG-201143,PTR-004,2022-11-01,3263.09,68694.17,ach_remittance
RPY-0012436,ORG-201144,PTR-005,2023-08-25,3228.92,3228.92,ach_remittance
RPY-0012437,ORG-201144,PTR-005,2023-09-01,5496.78,8725.7,ach_remittance
RPY-0012438,ORG-201144,PTR-005,2023-09-08,5512.31,14238.01,ach_remittance
RPY-0012439,ORG-201144,PTR-005,2023-09-15,3064.44,17302.45,ach_remittance
RPY-0012440,ORG-201144,PTR-005,2023-09-22,3825.95,21128.4,ach_remittance
RPY-0012441,ORG-201144,PTR-005,2023-09-29,4144.3,25272.7,ach_remittance
RPY-0012442,ORG-201144,PTR-005,2023-10-06,4382.14,29654.84,ach_remittance
RPY-0012443,ORG-201144,PTR-005,2023-10-13,2709.43,32364.27,ach_remittance
RPY-0012444,ORG-201144,PTR-005,2023-10-20,5280.22,37644.49,ach_remittance
RPY-0012445,ORG-201144,PTR-005,2023-10-27,5475.43,43119.92,ach_remittance
RPY-0012446,ORG-201144,PTR-005,2023-11-03,2989.01,46108.93,ach_remittance
RPY-0012447,ORG-201144,PTR-005,2023-11-10,5884.16,51993.09,ach_remittance
RPY-0012448,ORG-201144,PTR-005,2023-11-17,5272.56,57265.65,ach_remittance
RPY-0012449,ORG-201144,PTR-005,2023-11-24,3734.4,61000.05,ach_remittance
RPY-0012450,ORG-201144,PTR-005,2023-12-01,3640.87,64640.92,ach_remittance
RPY-0012451,ORG-201144,PTR-005,2023-12-08,3959.48,68600.4,ach_remittance
RPY-0012452,ORG-201144,PTR-005,2023-12-15,3019.51,71619.91,ach_remittance
RPY-0012453,ORG-201144,PTR-005,2023-12-22,4735.24,76355.15,ach_remittance
RPY-0012454,ORG-201144,PTR-005,2023-12-29,5137.73,81492.88,ach_remittance
RPY-0012455,ORG-201144,PTR-005,2024-01-05,2785.99,84278.87,ach_remittance
RPY-0012456,ORG-201145,PTR-002,2025-05-09,5226.43,5226.43,ach_remittance
RPY-0012457,ORG-201145,PTR-002,2025-05-16,3749.16,8975.59,ach_remittance
RPY-0012458,ORG-201145,PTR-002,2025-05-23,4123.24,13098.83,ach_remittance
RPY-0012459,ORG-201145,PTR-002,2025-05-30,4640.89,17739.72,ach_remittance
RPY-0012460,ORG-201145,PTR-002,2025-06-06,3283.52,21023.24,manual_payment
RPY-0012461,ORG-201145,PTR-002,2025-06-13,4623.9,25647.14,ach_remittance
RPY-0012462,ORG-201145,PTR-002,2025-06-20,6281.7,31928.84,ach_remittance
RPY-0012463,ORG-201145,PTR-002,2025-06-27,6616.92,38545.76,ach_remittance
RPY-0012464,ORG-201145,PTR-002,2025-07-04,4630.04,43175.8,ach_remittance
RPY-0012465,ORG-201145,PTR-002,2025-07-11,6138.52,49314.32,ach_remittance
RPY-0012466,ORG-201145,PTR-002,2025-07-18,4367.38,53681.7,ach_remittance
RPY-0012467,ORG-201145,PTR-002,2025-07-25,5796.13,59477.83,manual_payment
RPY-0012468,ORG-201145,PTR-002,2025-08-01,7051.68,66529.51,manual_payment
RPY-0012469,ORG-201146,PTR-001,2023-05-31,3426.23,3426.23,ach_remittance
RPY-0012470,ORG-201146,PTR-001,2023-06-07,4712.22,8138.45,manual_payment
RPY-0012471,ORG-201146,PTR-001,2023-06-14,5048.26,13186.71,ach_remittance
RPY-0012472,ORG-201146,PTR-001,2023-06-21,4080.4,17267.11,manual_payment
RPY-0012473,ORG-201146,PTR-001,2023-06-28,4908.69,22175.8,ach_remittance
RPY-0012474,ORG-201146,PTR-001,2023-07-05,6088.31,28264.11,ach_remittance
RPY-0012475,ORG-201146,PTR-001,2023-07-12,3970.79,32234.9,manual_payment
RPY-0012476,ORG-201147,PTR-001,2026-01-13,2626.05,2626.05,ach_remittance
RPY-0012477,ORG-201147,PTR-001,2026-01-20,1826.21,4452.26,ach_remittance
RPY-0012478,ORG-201147,PTR-001,2026-01-27,2405.51,6857.77,ach_remittance
RPY-0012479,ORG-201147,PTR-001,2026-02-03,3364.82,10222.59,ach_remittance
RPY-0012480,ORG-201147,PTR-001,2026-02-10,1640.91,11863.5,ach_remittance
RPY-0012481,ORG-201147,PTR-001,2026-02-17,3156.1,15019.6,ach_remittance
RPY-0012482,ORG-201147,PTR-001,2026-02-24,3789.29,18808.89,ach_remittance
RPY-0012483,ORG-201147,PTR-001,2026-03-03,2088.2,20897.09,ach_remittance
RPY-0012484,ORG-201147,PTR-001,2026-03-10,3434.01,24331.1,ach_remittance
RPY-0012485,ORG-201147,PTR-001,2026-03-17,2999.94,27331.04,manual_payment
RPY-0012486,ORG-201147,PTR-001,2026-03-24,3450.58,30781.62,ach_remittance
RPY-0012487,ORG-201147,PTR-001,2026-03-31,1741.13,32522.75,manual_payment
RPY-0012488,ORG-201148,PTR-003,2022-02-08,640.17,640.17,ach_remittance
RPY-0012489,ORG-201148,PTR-003,2022-02-15,681.04,1321.21,ach_remittance
RPY-0012490,ORG-201148,PTR-003,2022-02-22,785.49,2106.7,ach_remittance
RPY-0012491,ORG-201148,PTR-003,2022-03-01,615.03,2721.73,ach_remittance
RPY-0012492,ORG-201148,PTR-003,2022-03-08,1071.83,3793.56,ach_remittance
RPY-0012493,ORG-201148,PTR-003,2022-03-15,681.65,4475.21,ach_remittance
RPY-0012494,ORG-201148,PTR-003,2022-03-22,982.81,5458.02,ach_remittance
RPY-0012495,ORG-201148,PTR-003,2022-03-29,1054.13,6512.15,manual_payment
RPY-0012496,ORG-201148,PTR-003,2022-04-05,999.85,7512.0,ach_remittance
RPY-0012497,ORG-201149,PTR-006,2023-11-10,10609.61,10609.61,ach_remittance
RPY-0012498,ORG-201149,PTR-006,2023-11-17,7166.34,17775.95,ach_remittance
RPY-0012499,ORG-201149,PTR-006,2023-11-24,5584.02,23359.97,ach_remittance
RPY-0012500,ORG-201149,PTR-006,2023-12-01,9484.06,32844.03,ach_remittance
RPY-0012501,ORG-201149,PTR-006,2023-12-08,9002.71,41846.74,ach_remittance
RPY-0012502,ORG-201149,PTR-006,2023-12-15,10391.79,52238.53,ach_remittance
RPY-0012503,ORG-201149,PTR-006,2023-12-22,10824.02,63062.55,ach_remittance
RPY-0012504,ORG-201149,PTR-006,2023-12-29,7232.62,70295.17,ach_remittance
RPY-0012505,ORG-201149,PTR-006,2024-01-05,6238.2,76533.37,ach_remittance
RPY-0012506,ORG-201149,PTR-006,2024-01-12,10168.77,86702.14,ach_remittance
RPY-0012507,ORG-201149,PTR-006,2024-01-19,6610.98,93313.12,ach_remittance
RPY-0012508,ORG-201149,PTR-006,2024-01-26,9836.87,103149.99,ach_remittance
RPY-0012509,ORG-201149,PTR-006,2024-02-02,6566.3,109716.29,ach_remittance
RPY-0012510,ORG-201149,PTR-006,2024-02-09,9339.45,119055.74,ach_remittance
RPY-0012511,ORG-201149,PTR-006,2024-02-16,4881.77,123937.51,ach_remittance
RPY-0012512,ORG-201150,PTR-006,2026-05-18,3007.43,3007.43,ach_remittance
RPY-0012513,ORG-201150,PTR-006,2026-05-25,4406.81,7414.24,ach_remittance
RPY-0012514,ORG-201150,PTR-006,2026-06-01,3204.99,10619.23,ach_remittance
RPY-0012515,ORG-201150,PTR-006,2026-06-08,4860.78,15480.01,ach_remittance
RPY-0012516,ORG-201150,PTR-006,2026-06-15,4070.1,19550.11,ach_remittance
RPY-0012517,ORG-201150,PTR-006,2026-06-22,3162.11,22712.22,ach_remittance
RPY-0012518,ORG-201150,PTR-006,2026-06-29,3742.16,26454.38,ach_remittance
RPY-0012519,ORG-201150,PTR-006,2026-07-06,4261.56,30715.94,ach_remittance
RPY-0012520,ORG-201150,PTR-006,2026-07-13,4890.06,35606.0,ach_remittance
RPY-0012521,ORG-201150,PTR-006,2026-07-20,2900.15,38506.15,ach_remittance
RPY-0012522,ORG-201150,PTR-006,2026-07-27,2409.72,40915.87,ach_remittance
RPY-0012523,ORG-201150,PTR-006,2026-08-03,4964.73,45880.6,ach_remittance
RPY-0012524,ORG-201150,PTR-006,2026-08-10,3935.4,49816.0,ach_remittance
RPY-0012525,ORG-201151,PTR-002,2023-04-18,6107.41,6107.41,ach_remittance
RPY-0012526,ORG-201151,PTR-002,2023-04-25,4858.35,10965.76,ach_remittance
RPY-0012527,ORG-201151,PTR-002,2023-05-02,8533.05,19498.81,ach_remittance
RPY-0012528,ORG-201151,PTR-002,2023-05-09,6260.45,25759.26,ach_remittance
RPY-0012529,ORG-201151,PTR-002,2023-05-16,5267.28,31026.54,ach_remittance
RPY-0012530,ORG-201151,PTR-002,2023-05-23,6885.29,37911.83,ach_remittance
RPY-0012531,ORG-201151,PTR-002,2023-05-30,5477.1,43388.93,ach_remittance
RPY-0012532,ORG-201151,PTR-002,2023-06-06,9032.9,52421.83,ach_remittance
RPY-0012533,ORG-201152,PTR-004,2025-10-14,713.9,713.9,ach_remittance
RPY-0012534,ORG-201152,PTR-004,2025-10-21,591.85,1305.75,ach_remittance
RPY-0012535,ORG-201152,PTR-004,2025-10-28,406.44,1712.19,ach_remittance
RPY-0012536,ORG-201152,PTR-004,2025-11-04,823.49,2535.68,ach_remittance
RPY-0012537,ORG-201152,PTR-004,2025-11-11,546.66,3082.34,manual_payment
RPY-0012538,ORG-201152,PTR-004,2025-11-18,634.26,3716.6,manual_payment
RPY-0012539,ORG-201152,PTR-004,2025-11-25,732.89,4449.49,ach_remittance
RPY-0012540,ORG-201152,PTR-004,2025-12-02,559.61,5009.1,ach_remittance
RPY-0012541,ORG-201152,PTR-004,2025-12-09,744.39,5753.49,ach_remittance
RPY-0012542,ORG-201152,PTR-004,2025-12-16,385.34,6138.83,ach_remittance
RPY-0012543,ORG-201152,PTR-004,2025-12-23,847.47,6986.3,ach_remittance
RPY-0012544,ORG-201152,PTR-004,2025-12-30,473.55,7459.85,ach_remittance
RPY-0012545,ORG-201152,PTR-004,2026-01-06,569.73,8029.58,ach_remittance
RPY-0012546,ORG-201152,PTR-004,2026-01-13,890.66,8920.24,ach_remittance
RPY-0012547,ORG-201153,PTR-006,2025-02-14,9785.27,9785.27,ach_remittance
RPY-0012548,ORG-201154,PTR-003,2025-01-07,7350.91,7350.91,ach_remittance
RPY-0012549,ORG-201154,PTR-003,2025-01-14,4797.64,12148.55,ach_remittance
RPY-0012550,ORG-201154,PTR-003,2025-01-21,7660.8,19809.35,ach_remittance
RPY-0012551,ORG-201154,PTR-003,2025-01-28,3968.24,23777.59,ach_remittance
RPY-0012552,ORG-201154,PTR-003,2025-02-04,3701.36,27478.95,ach_remittance
RPY-0012553,ORG-201154,PTR-003,2025-02-11,7256.19,34735.14,ach_remittance
RPY-0012554,ORG-201154,PTR-003,2025-02-18,6695.89,41431.03,ach_remittance
RPY-0012555,ORG-201154,PTR-003,2025-02-25,5130.5,46561.53,ach_remittance
RPY-0012556,ORG-201155,PTR-005,2024-05-06,4755.29,4755.29,manual_payment
RPY-0012557,ORG-201155,PTR-005,2024-05-13,4022.84,8778.13,ach_remittance
RPY-0012558,ORG-201155,PTR-005,2024-05-20,2863.61,11641.74,manual_payment
RPY-0012559,ORG-201155,PTR-005,2024-05-27,4189.02,15830.76,ach_remittance
RPY-0012560,ORG-201155,PTR-005,2024-06-03,5330.31,21161.07,ach_remittance
RPY-0012561,ORG-201155,PTR-005,2024-06-10,4170.08,25331.15,ach_remittance
RPY-0012562,ORG-201155,PTR-005,2024-06-17,2949.98,28281.13,ach_remittance
RPY-0012563,ORG-201155,PTR-005,2024-06-24,8036.71,36317.84,ach_remittance
RPY-0012564,ORG-201156,PTR-005,2024-04-18,1585.45,1585.45,ach_remittance
RPY-0012565,ORG-201156,PTR-005,2024-04-25,1992.69,3578.14,ach_remittance
RPY-0012566,ORG-201156,PTR-005,2024-05-02,1971.1,5549.24,manual_payment
RPY-0012567,ORG-201156,PTR-005,2024-05-09,1878.63,7427.87,ach_remittance
RPY-0012568,ORG-201156,PTR-005,2024-05-16,1978.27,9406.14,ach_remittance
RPY-0012569,ORG-201156,PTR-005,2024-05-23,1151.33,10557.47,ach_remittance
RPY-0012570,ORG-201156,PTR-005,2024-05-30,994.97,11552.44,ach_remittance
RPY-0012571,ORG-201156,PTR-005,2024-06-06,721.82,12274.26,ach_remittance
RPY-0012572,ORG-201157,PTR-003,2024-08-13,7888.57,7888.57,ach_remittance
RPY-0012573,ORG-201157,PTR-003,2024-08-20,5945.05,13833.62,manual_payment
RPY-0012574,ORG-201157,PTR-003,2024-08-27,7574.8,21408.42,ach_remittance
RPY-0012575,ORG-201157,PTR-003,2024-09-03,6602.34,28010.76,ach_remittance
RPY-0012576,ORG-201157,PTR-003,2024-09-10,4131.29,32142.05,manual_payment
RPY-0012577,ORG-201157,PTR-003,2024-09-17,3815.13,35957.18,manual_payment
RPY-0012578,ORG-201157,PTR-003,2024-09-24,5428.17,41385.35,ach_remittance
RPY-0012579,ORG-201157,PTR-003,2024-10-01,6250.62,47635.97,ach_remittance
RPY-0012580,ORG-201158,PTR-002,2024-05-05,1194.77,1194.77,ach_remittance
RPY-0012581,ORG-201158,PTR-002,2024-05-12,1029.71,2224.48,manual_payment
RPY-0012582,ORG-201158,PTR-002,2024-05-19,847.49,3071.97,ach_remittance
RPY-0012583,ORG-201158,PTR-002,2024-05-26,1183.97,4255.94,ach_remittance
RPY-0012584,ORG-201158,PTR-002,2024-06-02,1134.88,5390.82,manual_payment
RPY-0012585,ORG-201158,PTR-002,2024-06-09,853.05,6243.87,ach_remittance
RPY-0012586,ORG-201158,PTR-002,2024-06-16,1427.07,7670.94,ach_remittance
RPY-0012587,ORG-201158,PTR-002,2024-06-23,589.84,8260.78,ach_remittance
RPY-0012588,ORG-201159,PTR-006,2023-01-28,217.81,217.81,ach_remittance
RPY-0012589,ORG-201159,PTR-006,2023-02-04,421.84,639.65,ach_remittance
RPY-0012590,ORG-201159,PTR-006,2023-02-11,237.06,876.71,ach_remittance
RPY-0012591,ORG-201159,PTR-006,2023-02-18,458.03,1334.74,ach_remittance
RPY-0012592,ORG-201159,PTR-006,2023-02-25,338.81,1673.55,ach_remittance
RPY-0012593,ORG-201159,PTR-006,2023-03-04,262.04,1935.59,ach_remittance
RPY-0012594,ORG-201159,PTR-006,2023-03-11,416.31,2351.9,ach_remittance
RPY-0012595,ORG-201159,PTR-006,2023-03-18,253.9,2605.8,ach_remittance
RPY-0012596,ORG-201159,PTR-006,2023-03-25,309.29,2915.09,ach_remittance
RPY-0012597,ORG-201159,PTR-006,2023-04-01,497.73,3412.82,ach_remittance
RPY-0012598,ORG-201160,PTR-001,2022-05-02,1383.85,1383.85,manual_payment
RPY-0012599,ORG-201160,PTR-001,2022-05-09,2140.13,3523.98,ach_remittance
RPY-0012600,ORG-201160,PTR-001,2022-05-16,1688.93,5212.91,ach_remittance
RPY-0012601,ORG-201160,PTR-001,2022-05-23,2103.84,7316.75,manual_payment
RPY-0012602,ORG-201160,PTR-001,2022-05-30,1533.64,8850.39,ach_remittance
RPY-0012603,ORG-201160,PTR-001,2022-06-06,2229.1,11079.49,ach_remittance
RPY-0012604,ORG-201160,PTR-001,2022-06-13,1200.98,12280.47,ach_remittance
RPY-0012605,ORG-201160,PTR-001,2022-06-20,1403.64,13684.11,ach_remittance
RPY-0012606,ORG-201160,PTR-001,2022-06-27,1530.07,15214.18,manual_payment
RPY-0012607,ORG-201160,PTR-001,2022-07-04,1434.36,16648.54,ach_remittance
RPY-0012608,ORG-201160,PTR-001,2022-07-11,2370.29,19018.83,ach_remittance
RPY-0012609,ORG-201160,PTR-001,2022-07-18,1039.37,20058.2,ach_remittance
RPY-0012610,ORG-201160,PTR-001,2022-07-25,2311.3,22369.5,ach_remittance
RPY-0012611,ORG-201160,PTR-001,2022-08-01,2049.06,24418.56,ach_remittance
RPY-0012612,ORG-201160,PTR-001,2022-08-08,1491.93,25910.49,ach_remittance
RPY-0012613,ORG-201160,PTR-001,2022-08-15,2296.36,28206.85,ach_remittance
RPY-0012614,ORG-201160,PTR-001,2022-08-22,2141.85,30348.7,ach_remittance
RPY-0012615,ORG-201160,PTR-001,2022-08-29,698.17,31046.87,ach_remittance
RPY-0012616,ORG-201161,PTR-005,2022-11-12,2171.22,2171.22,manual_payment
RPY-0012617,ORG-201161,PTR-005,2022-11-19,3935.93,6107.15,ach_remittance
RPY-0012618,ORG-201161,PTR-005,2022-11-26,2159.93,8267.08,ach_remittance
RPY-0012619,ORG-201161,PTR-005,2022-12-03,2706.9,10973.98,ach_remittance
RPY-0012620,ORG-201161,PTR-005,2022-12-10,3595.97,14569.95,ach_remittance
RPY-0012621,ORG-201161,PTR-005,2022-12-17,2171.06,16741.01,ach_remittance
RPY-0012622,ORG-201161,PTR-005,2022-12-24,3632.12,20373.13,ach_remittance
RPY-0012623,ORG-201161,PTR-005,2022-12-31,2019.25,22392.38,ach_remittance
RPY-0012624,ORG-201161,PTR-005,2023-01-07,3958.03,26350.41,manual_payment
RPY-0012625,ORG-201161,PTR-005,2023-01-14,2108.81,28459.22,ach_remittance
RPY-0012626,ORG-201162,PTR-004,2026-03-01,2293.87,2293.87,ach_remittance
RPY-0012627,ORG-201162,PTR-004,2026-03-08,1913.29,4207.16,ach_remittance
RPY-0012628,ORG-201162,PTR-004,2026-03-15,2574.09,6781.25,ach_remittance
RPY-0012629,ORG-201162,PTR-004,2026-03-22,2563.05,9344.3,ach_remittance
RPY-0012630,ORG-201162,PTR-004,2026-03-29,2968.74,12313.04,ach_remittance
RPY-0012631,ORG-201162,PTR-004,2026-04-05,1928.02,14241.06,ach_remittance
RPY-0012632,ORG-201162,PTR-004,2026-04-12,2390.84,16631.9,ach_remittance
RPY-0012633,ORG-201162,PTR-004,2026-04-19,2188.1,18820.0,ach_remittance
RPY-0012634,ORG-201162,PTR-004,2026-04-26,349.84,19169.84,ach_remittance
RPY-0012635,ORG-201163,PTR-004,2025-11-24,7805.94,7805.94,ach_remittance
RPY-0012636,ORG-201163,PTR-004,2025-12-01,8967.92,16773.86,ach_remittance
RPY-0012637,ORG-201163,PTR-004,2025-12-08,8477.23,25251.09,ach_remittance
RPY-0012638,ORG-201163,PTR-004,2025-12-15,11548.98,36800.07,ach_remittance
RPY-0012639,ORG-201163,PTR-004,2025-12-22,6045.14,42845.21,manual_payment
RPY-0012640,ORG-201163,PTR-004,2025-12-29,16331.51,59176.72,ach_remittance
RPY-0012641,ORG-201164,PTR-002,2024-08-15,10227.44,10227.44,ach_remittance
RPY-0012642,ORG-201164,PTR-002,2024-08-22,7184.51,17411.95,ach_remittance
RPY-0012643,ORG-201164,PTR-002,2024-08-29,8348.96,25760.91,ach_remittance
RPY-0012644,ORG-201164,PTR-002,2024-09-05,9318.99,35079.9,ach_remittance
RPY-0012645,ORG-201164,PTR-002,2024-09-12,12016.22,47096.12,ach_remittance
RPY-0012646,ORG-201164,PTR-002,2024-09-19,13019.11,60115.23,ach_remittance
RPY-0012647,ORG-201164,PTR-002,2024-09-26,7089.25,67204.48,ach_remittance
RPY-0012648,ORG-201164,PTR-002,2024-10-03,9912.65,77117.13,manual_payment
RPY-0012649,ORG-201164,PTR-002,2024-10-10,10248.03,87365.16,ach_remittance
RPY-0012650,ORG-201164,PTR-002,2024-10-17,9744.96,97110.12,ach_remittance
RPY-0012651,ORG-201164,PTR-002,2024-10-24,6599.2,103709.32,ach_remittance
RPY-0012652,ORG-201165,PTR-006,2025-09-12,1231.52,1231.52,ach_remittance
RPY-0012653,ORG-201165,PTR-006,2025-09-19,2211.33,3442.85,ach_remittance
RPY-0012654,ORG-201165,PTR-006,2025-09-26,1648.14,5090.99,ach_remittance
RPY-0012655,ORG-201165,PTR-006,2025-10-03,2138.94,7229.93,ach_remittance
RPY-0012656,ORG-201165,PTR-006,2025-10-10,1738.06,8967.99,manual_payment
RPY-0012657,ORG-201165,PTR-006,2025-10-17,1481.31,10449.3,ach_remittance
RPY-0012658,ORG-201165,PTR-006,2025-10-24,1508.28,11957.58,ach_remittance
RPY-0012659,ORG-201165,PTR-006,2025-10-31,1169.93,13127.51,ach_remittance
RPY-0012660,ORG-201166,PTR-005,2022-02-24,3510.92,3510.92,ach_remittance
RPY-0012661,ORG-201166,PTR-005,2022-03-03,2230.04,5740.96,ach_remittance
RPY-0012662,ORG-201166,PTR-005,2022-03-10,3481.93,9222.89,ach_remittance
RPY-0012663,ORG-201166,PTR-005,2022-03-17,2966.74,12189.63,ach_remittance
RPY-0012664,ORG-201166,PTR-005,2022-03-24,1865.1,14054.73,ach_remittance
RPY-0012665,ORG-201166,PTR-005,2022-03-31,3215.79,17270.52,ach_remittance
RPY-0012666,ORG-201166,PTR-005,2022-04-07,2494.71,19765.23,ach_remittance
RPY-0012667,ORG-201166,PTR-005,2022-04-14,3363.82,23129.05,ach_remittance
RPY-0012668,ORG-201166,PTR-005,2022-04-21,2694.76,25823.81,ach_remittance
RPY-0012669,ORG-201166,PTR-005,2022-04-28,4917.31,30741.12,ach_remittance
RPY-0012670,ORG-201167,PTR-005,2023-10-21,3796.43,3796.43,ach_remittance
RPY-0012671,ORG-201167,PTR-005,2023-10-28,2783.19,6579.62,manual_payment
RPY-0012672,ORG-201167,PTR-005,2023-11-04,2671.49,9251.11,manual_payment
RPY-0012673,ORG-201167,PTR-005,2023-11-11,5487.27,14738.38,ach_remittance
RPY-0012674,ORG-201167,PTR-005,2023-11-18,3684.81,18423.19,ach_remittance
RPY-0012675,ORG-201167,PTR-005,2023-11-25,4642.74,23065.93,ach_remittance
RPY-0012676,ORG-201167,PTR-005,2023-12-02,3363.65,26429.58,ach_remittance
RPY-0012677,ORG-201167,PTR-005,2023-12-09,5136.24,31565.82,ach_remittance
RPY-0012678,ORG-201167,PTR-005,2023-12-16,4506.4,36072.22,ach_remittance
RPY-0012679,ORG-201167,PTR-005,2023-12-23,2433.68,38505.9,ach_remittance
RPY-0012680,ORG-201167,PTR-005,2023-12-30,4104.18,42610.08,ach_remittance
RPY-0012681,ORG-201167,PTR-005,2024-01-06,3022.53,45632.61,ach_remittance
RPY-0012682,ORG-201167,PTR-005,2024-01-13,5256.32,50888.93,ach_remittance
RPY-0012683,ORG-201167,PTR-005,2024-01-20,3408.44,54297.37,ach_remittance
RPY-0012684,ORG-201167,PTR-005,2024-01-27,3115.46,57412.83,ach_remittance
RPY-0012685,ORG-201167,PTR-005,2024-02-03,5448.78,62861.61,ach_remittance
RPY-0012686,ORG-201168,PTR-005,2024-06-26,386.63,386.63,ach_remittance
RPY-0012687,ORG-201168,PTR-005,2024-07-03,214.31,600.94,ach_remittance
RPY-0012688,ORG-201168,PTR-005,2024-07-10,268.24,869.18,ach_remittance
RPY-0012689,ORG-201168,PTR-005,2024-07-17,251.44,1120.62,ach_remittance
RPY-0012690,ORG-201168,PTR-005,2024-07-24,252.79,1373.41,ach_remittance
RPY-0012691,ORG-201168,PTR-005,2024-07-31,245.57,1618.98,ach_remittance
RPY-0012692,ORG-201168,PTR-005,2024-08-07,307.32,1926.3,ach_remittance
RPY-0012693,ORG-201168,PTR-005,2024-08-14,295.69,2221.99,ach_remittance
RPY-0012694,ORG-201168,PTR-005,2024-08-21,194.49,2416.48,ach_remittance
RPY-0012695,ORG-201168,PTR-005,2024-08-28,336.87,2753.35,ach_remittance
RPY-0012696,ORG-201168,PTR-005,2024-09-04,635.89,3389.24,ach_remittance
RPY-0012697,ORG-201169,PTR-005,2023-09-02,3561.92,3561.92,ach_remittance
RPY-0012698,ORG-201169,PTR-005,2023-09-09,5077.9,8639.82,ach_remittance
RPY-0012699,ORG-201169,PTR-005,2023-09-16,6543.69,15183.51,ach_remittance
RPY-0012700,ORG-201169,PTR-005,2023-09-23,3596.32,18779.83,ach_remittance
RPY-0012701,ORG-201169,PTR-005,2023-09-30,5810.17,24590.0,ach_remittance
RPY-0012702,ORG-201169,PTR-005,2023-10-07,6228.0,30818.0,ach_remittance
RPY-0012703,ORG-201170,PTR-005,2025-06-22,1565.76,1565.76,ach_remittance
RPY-0012704,ORG-201170,PTR-005,2025-06-29,3084.11,4649.87,ach_remittance
RPY-0012705,ORG-201170,PTR-005,2025-07-06,2564.36,7214.23,ach_remittance
RPY-0012706,ORG-201170,PTR-005,2025-07-13,3389.05,10603.28,ach_remittance
RPY-0012707,ORG-201170,PTR-005,2025-07-20,2342.47,12945.75,ach_remittance
RPY-0012708,ORG-201170,PTR-005,2025-07-27,1960.83,14906.58,ach_remittance
RPY-0012709,ORG-201170,PTR-005,2025-08-03,1791.45,16698.03,ach_remittance
RPY-0012710,ORG-201170,PTR-005,2025-08-10,2604.09,19302.12,ach_remittance
RPY-0012711,ORG-201170,PTR-005,2025-08-17,2580.5,21882.62,ach_remittance
RPY-0012712,ORG-201170,PTR-005,2025-08-24,2243.27,24125.89,ach_remittance
RPY-0012713,ORG-201170,PTR-005,2025-08-31,2374.96,26500.85,ach_remittance
RPY-0012714,ORG-201170,PTR-005,2025-09-07,2371.04,28871.89,ach_remittance
RPY-0012715,ORG-201170,PTR-005,2025-09-14,3326.87,32198.76,ach_remittance
RPY-0012716,ORG-201170,PTR-005,2025-09-21,1640.51,33839.27,ach_remittance
RPY-0012717,ORG-201170,PTR-005,2025-09-28,2273.18,36112.45,ach_remittance
RPY-0012718,ORG-201170,PTR-005,2025-10-05,2641.03,38753.48,ach_remittance
RPY-0012719,ORG-201170,PTR-005,2025-10-12,4263.65,43017.13,ach_remittance
RPY-0012720,ORG-201171,PTR-004,2026-02-10,2576.71,2576.71,ach_remittance
RPY-0012721,ORG-201171,PTR-004,2026-02-17,2527.44,5104.15,ach_remittance
RPY-0012722,ORG-201171,PTR-004,2026-02-24,2959.88,8064.03,ach_remittance
RPY-0012723,ORG-201171,PTR-004,2026-03-03,2293.36,10357.39,ach_remittance
RPY-0012724,ORG-201171,PTR-004,2026-03-10,2917.98,13275.37,ach_remittance
RPY-0012725,ORG-201171,PTR-004,2026-03-17,1676.35,14951.72,ach_remittance
RPY-0012726,ORG-201171,PTR-004,2026-03-24,2614.61,17566.33,ach_remittance
RPY-0012727,ORG-201171,PTR-004,2026-03-31,3138.37,20704.7,ach_remittance
RPY-0012728,ORG-201171,PTR-004,2026-04-07,2346.91,23051.61,ach_remittance
RPY-0012729,ORG-201171,PTR-004,2026-04-14,3735.64,26787.25,ach_remittance
RPY-0012730,ORG-201171,PTR-004,2026-04-21,1783.45,28570.7,ach_remittance
RPY-0012731,ORG-201171,PTR-004,2026-04-28,2812.39,31383.09,ach_remittance
RPY-0012732,ORG-201171,PTR-004,2026-05-05,2549.11,33932.2,ach_remittance
RPY-0012733,ORG-201171,PTR-004,2026-05-12,4853.97,38786.17,ach_remittance
RPY-0012734,ORG-201172,PTR-006,2024-11-10,6618.45,6618.45,ach_remittance
RPY-0012735,ORG-201172,PTR-006,2024-11-17,4918.89,11537.34,ach_remittance
RPY-0012736,ORG-201172,PTR-006,2024-11-24,3575.12,15112.46,ach_remittance
RPY-0012737,ORG-201172,PTR-006,2024-12-01,4516.28,19628.74,ach_remittance
RPY-0012738,ORG-201172,PTR-006,2024-12-08,6501.61,26130.35,ach_remittance
RPY-0012739,ORG-201172,PTR-006,2024-12-15,3370.9,29501.25,ach_remittance
RPY-0012740,ORG-201172,PTR-006,2024-12-22,3186.33,32687.58,ach_remittance
RPY-0012741,ORG-201172,PTR-006,2024-12-29,5583.48,38271.06,ach_remittance
RPY-0012742,ORG-201172,PTR-006,2025-01-05,3212.35,41483.41,ach_remittance
RPY-0012743,ORG-201172,PTR-006,2025-01-12,4901.62,46385.03,ach_remittance
RPY-0012744,ORG-201172,PTR-006,2025-01-19,6548.38,52933.41,manual_payment
RPY-0012745,ORG-201172,PTR-006,2025-01-26,6137.03,59070.44,ach_remittance
RPY-0012746,ORG-201173,PTR-001,2023-09-27,1793.9,1793.9,ach_remittance
RPY-0012747,ORG-201173,PTR-001,2023-10-04,2893.57,4687.47,ach_remittance
RPY-0012748,ORG-201173,PTR-001,2023-10-11,2869.82,7557.29,ach_remittance
RPY-0012749,ORG-201174,PTR-002,2023-12-30,9949.94,9949.94,ach_remittance
RPY-0012750,ORG-201174,PTR-002,2024-01-06,8854.32,18804.26,ach_remittance
RPY-0012751,ORG-201174,PTR-002,2024-01-13,8122.04,26926.3,ach_remittance
RPY-0012752,ORG-201174,PTR-002,2024-01-20,7484.3,34410.6,ach_remittance
RPY-0012753,ORG-201174,PTR-002,2024-01-27,10123.12,44533.72,ach_remittance
RPY-0012754,ORG-201174,PTR-002,2024-02-03,6080.69,50614.41,manual_payment
RPY-0012755,ORG-201174,PTR-002,2024-02-10,6585.86,57200.27,ach_remittance
RPY-0012756,ORG-201174,PTR-002,2024-02-17,10305.29,67505.56,ach_remittance
RPY-0012757,ORG-201174,PTR-002,2024-02-24,7726.02,75231.58,ach_remittance
RPY-0012758,ORG-201175,PTR-002,2022-10-09,9568.41,9568.41,ach_remittance
RPY-0012759,ORG-201175,PTR-002,2022-10-16,10026.35,19594.76,ach_remittance
RPY-0012760,ORG-201175,PTR-002,2022-10-23,10034.03,29628.79,ach_remittance
RPY-0012761,ORG-201175,PTR-002,2022-10-30,8833.38,38462.17,ach_remittance
RPY-0012762,ORG-201175,PTR-002,2022-11-06,9398.72,47860.89,ach_remittance
RPY-0012763,ORG-201175,PTR-002,2022-11-13,9684.76,57545.65,ach_remittance
RPY-0012764,ORG-201176,PTR-006,2026-01-20,5434.71,5434.71,ach_remittance
RPY-0012765,ORG-201176,PTR-006,2026-01-27,8986.5,14421.21,ach_remittance
RPY-0012766,ORG-201176,PTR-006,2026-02-03,8520.19,22941.4,ach_remittance
RPY-0012767,ORG-201176,PTR-006,2026-02-10,7925.16,30866.56,manual_payment
RPY-0012768,ORG-201176,PTR-006,2026-02-17,7247.66,38114.22,ach_remittance
RPY-0012769,ORG-201176,PTR-006,2026-02-24,8505.76,46619.98,manual_payment
RPY-0012770,ORG-201176,PTR-006,2026-03-03,4721.53,51341.51,ach_remittance
RPY-0012771,ORG-201176,PTR-006,2026-03-10,7901.72,59243.23,ach_remittance
RPY-0012772,ORG-201176,PTR-006,2026-03-17,5575.97,64819.2,ach_remittance
RPY-0012773,ORG-201176,PTR-006,2026-03-24,10634.35,75453.55,ach_remittance
RPY-0012774,ORG-201177,PTR-002,2026-05-13,5257.74,5257.74,ach_remittance
RPY-0012775,ORG-201177,PTR-002,2026-05-20,4653.21,9910.95,manual_payment
RPY-0012776,ORG-201177,PTR-002,2026-05-27,4830.43,14741.38,ach_remittance
RPY-0012777,ORG-201177,PTR-002,2026-06-03,4586.77,19328.15,manual_payment
RPY-0012778,ORG-201177,PTR-002,2026-06-10,5259.52,24587.67,ach_remittance
RPY-0012779,ORG-201177,PTR-002,2026-06-17,5177.56,29765.23,ach_remittance
RPY-0012780,ORG-201177,PTR-002,2026-06-24,4952.79,34718.02,ach_remittance
RPY-0012781,ORG-201177,PTR-002,2026-07-01,3913.93,38631.95,ach_remittance
RPY-0012782,ORG-201177,PTR-002,2026-07-08,4856.09,43488.04,ach_remittance
RPY-0012783,ORG-201177,PTR-002,2026-07-15,3373.24,46861.28,ach_remittance
RPY-0012784,ORG-201177,PTR-002,2026-07-22,810.12,47671.4,ach_remittance
RPY-0012785,ORG-201178,PTR-001,2023-08-29,2704.72,2704.72,ach_remittance
RPY-0012786,ORG-201178,PTR-001,2023-09-05,3494.2,6198.92,ach_remittance
RPY-0012787,ORG-201178,PTR-001,2023-09-12,2871.42,9070.34,ach_remittance
RPY-0012788,ORG-201178,PTR-001,2023-09-19,2011.48,11081.82,ach_remittance
RPY-0012789,ORG-201178,PTR-001,2023-09-26,3318.83,14400.65,ach_remittance
RPY-0012790,ORG-201178,PTR-001,2023-10-03,1915.58,16316.23,ach_remittance
RPY-0012791,ORG-201178,PTR-001,2023-10-10,3237.89,19554.12,ach_remittance
RPY-0012792,ORG-201178,PTR-001,2023-10-17,1414.69,20968.81,ach_remittance
RPY-0012793,ORG-201179,PTR-002,2024-02-04,682.23,682.23,ach_remittance
RPY-0012794,ORG-201179,PTR-002,2024-02-11,731.87,1414.1,ach_remittance
RPY-0012795,ORG-201179,PTR-002,2024-02-18,836.87,2250.97,ach_remittance
RPY-0012796,ORG-201179,PTR-002,2024-02-25,481.1,2732.07,ach_remittance
RPY-0012797,ORG-201179,PTR-002,2024-03-03,462.19,3194.26,ach_remittance
RPY-0012798,ORG-201179,PTR-002,2024-03-10,699.66,3893.92,ach_remittance
RPY-0012799,ORG-201179,PTR-002,2024-03-17,864.47,4758.39,ach_remittance
RPY-0012800,ORG-201179,PTR-002,2024-03-24,539.48,5297.87,ach_remittance
RPY-0012801,ORG-201179,PTR-002,2024-03-31,849.37,6147.24,ach_remittance
RPY-0012802,ORG-201179,PTR-002,2024-04-07,634.26,6781.5,ach_remittance
RPY-0012803,ORG-201179,PTR-002,2024-04-14,617.26,7398.76,ach_remittance
RPY-0012804,ORG-201179,PTR-002,2024-04-21,682.12,8080.88,ach_remittance
RPY-0012805,ORG-201179,PTR-002,2024-04-28,794.63,8875.51,ach_remittance
RPY-0012806,ORG-201179,PTR-002,2024-05-05,673.55,9549.06,ach_remittance
RPY-0012807,ORG-201179,PTR-002,2024-05-12,397.99,9947.05,ach_remittance
RPY-0012808,ORG-201180,PTR-006,2023-07-29,4215.54,4215.54,ach_remittance
RPY-0012809,ORG-201180,PTR-006,2023-08-05,2639.37,6854.91,ach_remittance
RPY-0012810,ORG-201180,PTR-006,2023-08-12,3012.55,9867.46,ach_remittance
RPY-0012811,ORG-201180,PTR-006,2023-08-19,4442.48,14309.94,ach_remittance
RPY-0012812,ORG-201180,PTR-006,2023-08-26,2479.7,16789.64,ach_remittance
RPY-0012813,ORG-201180,PTR-006,2023-09-02,4041.84,20831.48,manual_payment
RPY-0012814,ORG-201180,PTR-006,2023-09-09,3167.16,23998.64,ach_remittance
RPY-0012815,ORG-201180,PTR-006,2023-09-16,2314.71,26313.35,ach_remittance
RPY-0012816,ORG-201180,PTR-006,2023-09-23,3594.76,29908.11,ach_remittance
RPY-0012817,ORG-201180,PTR-006,2023-09-30,4546.01,34454.12,ach_remittance
RPY-0012818,ORG-201180,PTR-006,2023-10-07,4200.53,38654.65,ach_remittance
RPY-0012819,ORG-201180,PTR-006,2023-10-14,4723.08,43377.73,ach_remittance
RPY-0012820,ORG-201180,PTR-006,2023-10-21,3009.29,46387.02,ach_remittance
RPY-0012821,ORG-201180,PTR-006,2023-10-28,2637.61,49024.63,ach_remittance
RPY-0012822,ORG-201180,PTR-006,2023-11-04,1756.83,50781.46,manual_payment
RPY-0012823,ORG-201181,PTR-006,2022-05-18,4973.87,4973.87,ach_remittance
RPY-0012824,ORG-201181,PTR-006,2022-05-25,6540.08,11513.95,manual_payment
RPY-0012825,ORG-201181,PTR-006,2022-06-01,5078.62,16592.57,manual_payment
RPY-0012826,ORG-201181,PTR-006,2022-06-08,4536.01,21128.58,manual_payment
RPY-0012827,ORG-201181,PTR-006,2022-06-15,7352.23,28480.81,ach_remittance
RPY-0012828,ORG-201181,PTR-006,2022-06-22,8319.02,36799.83,ach_remittance
RPY-0012829,ORG-201181,PTR-006,2022-06-29,6516.53,43316.36,ach_remittance
RPY-0012830,ORG-201181,PTR-006,2022-07-06,7488.19,50804.55,ach_remittance
RPY-0012831,ORG-201181,PTR-006,2022-07-13,9528.5,60333.05,ach_remittance
RPY-0012832,ORG-201181,PTR-006,2022-07-20,8940.41,69273.46,ach_remittance
RPY-0012833,ORG-201181,PTR-006,2022-07-27,8163.5,77436.96,ach_remittance
RPY-0012834,ORG-201181,PTR-006,2022-08-03,5754.23,83191.19,ach_remittance
RPY-0012835,ORG-201181,PTR-006,2022-08-10,12486.4,95677.59,manual_payment
RPY-0012836,ORG-201182,PTR-006,2022-12-23,1060.38,1060.38,ach_remittance
RPY-0012837,ORG-201182,PTR-006,2022-12-30,734.17,1794.55,ach_remittance
RPY-0012838,ORG-201182,PTR-006,2023-01-06,1364.15,3158.7,ach_remittance
RPY-0012839,ORG-201182,PTR-006,2023-01-13,1273.96,4432.66,ach_remittance
RPY-0012840,ORG-201182,PTR-006,2023-01-20,567.05,4999.71,ach_remittance
RPY-0012841,ORG-201183,PTR-004,2025-09-13,1364.78,1364.78,ach_remittance
RPY-0012842,ORG-201183,PTR-004,2025-09-20,1070.04,2434.82,ach_remittance
RPY-0012843,ORG-201183,PTR-004,2025-09-27,1010.12,3444.94,ach_remittance
RPY-0012844,ORG-201183,PTR-004,2025-10-04,1573.27,5018.21,ach_remittance
RPY-0012845,ORG-201183,PTR-004,2025-10-11,1355.83,6374.04,ach_remittance
RPY-0012846,ORG-201183,PTR-004,2025-10-18,1422.47,7796.51,ach_remittance
RPY-0012847,ORG-201183,PTR-004,2025-10-25,1441.41,9237.92,ach_remittance
RPY-0012848,ORG-201183,PTR-004,2025-11-01,1523.36,10761.28,ach_remittance
RPY-0012849,ORG-201183,PTR-004,2025-11-08,934.16,11695.44,ach_remittance
RPY-0012850,ORG-201183,PTR-004,2025-11-15,961.09,12656.53,ach_remittance
RPY-0012851,ORG-201183,PTR-004,2025-11-22,1731.32,14387.85,ach_remittance
RPY-0012852,ORG-201183,PTR-004,2025-11-29,1479.79,15867.64,ach_remittance
RPY-0012853,ORG-201183,PTR-004,2025-12-06,1254.37,17122.01,ach_remittance
RPY-0012854,ORG-201183,PTR-004,2025-12-13,535.72,17657.73,manual_payment
RPY-0012855,ORG-201184,PTR-003,2022-07-08,3404.18,3404.18,ach_remittance
RPY-0012856,ORG-201184,PTR-003,2022-07-15,6119.23,9523.41,ach_remittance
RPY-0012857,ORG-201184,PTR-003,2022-07-22,3840.6,13364.01,manual_payment
RPY-0012858,ORG-201184,PTR-003,2022-07-29,4819.95,18183.96,ach_remittance
RPY-0012859,ORG-201184,PTR-003,2022-08-05,9075.03,27258.99,ach_remittance
RPY-0012860,ORG-201185,PTR-006,2026-01-21,4494.71,4494.71,ach_remittance
RPY-0012861,ORG-201185,PTR-006,2026-01-28,6932.96,11427.67,manual_payment
RPY-0012862,ORG-201185,PTR-006,2026-02-04,4270.01,15697.68,ach_remittance
RPY-0012863,ORG-201185,PTR-006,2026-02-11,4985.8,20683.48,ach_remittance
RPY-0012864,ORG-201185,PTR-006,2026-02-18,4812.02,25495.5,ach_remittance
RPY-0012865,ORG-201185,PTR-006,2026-02-25,7277.42,32772.92,ach_remittance
RPY-0012866,ORG-201185,PTR-006,2026-03-04,7247.7,40020.62,ach_remittance
RPY-0012867,ORG-201185,PTR-006,2026-03-11,6829.55,46850.17,ach_remittance
RPY-0012868,ORG-201185,PTR-006,2026-03-18,4506.73,51356.9,ach_remittance
RPY-0012869,ORG-201186,PTR-005,2026-02-03,1553.06,1553.06,ach_remittance
RPY-0012870,ORG-201186,PTR-005,2026-02-10,1850.1,3403.16,ach_remittance
RPY-0012871,ORG-201186,PTR-005,2026-02-17,1067.13,4470.29,ach_remittance
RPY-0012872,ORG-201186,PTR-005,2026-02-24,1408.55,5878.84,manual_payment
RPY-0012873,ORG-201186,PTR-005,2026-03-03,1332.07,7210.91,manual_payment
RPY-0012874,ORG-201186,PTR-005,2026-03-10,1283.09,8494.0,ach_remittance
RPY-0012875,ORG-201186,PTR-005,2026-03-17,1106.45,9600.45,ach_remittance
RPY-0012876,ORG-201186,PTR-005,2026-03-24,1802.67,11403.12,ach_remittance
RPY-0012877,ORG-201187,PTR-001,2024-05-12,8134.94,8134.94,ach_remittance
RPY-0012878,ORG-201187,PTR-001,2024-05-19,5446.45,13581.39,ach_remittance
RPY-0012879,ORG-201187,PTR-001,2024-05-26,3893.09,17474.48,ach_remittance
RPY-0012880,ORG-201187,PTR-001,2024-06-02,7689.09,25163.57,ach_remittance
RPY-0012881,ORG-201187,PTR-001,2024-06-09,4209.83,29373.4,ach_remittance
RPY-0012882,ORG-201187,PTR-001,2024-06-16,4685.49,34058.89,ach_remittance
RPY-0012883,ORG-201187,PTR-001,2024-06-23,5841.52,39900.41,ach_remittance
RPY-0012884,ORG-201187,PTR-001,2024-06-30,3904.86,43805.27,ach_remittance
RPY-0012885,ORG-201187,PTR-001,2024-07-07,5843.84,49649.11,ach_remittance
RPY-0012886,ORG-201187,PTR-001,2024-07-14,6711.46,56360.57,ach_remittance
RPY-0012887,ORG-201187,PTR-001,2024-07-21,5761.47,62122.04,ach_remittance
RPY-0012888,ORG-201187,PTR-001,2024-07-28,10315.0,72437.04,ach_remittance
RPY-0012889,ORG-201188,PTR-005,2022-05-29,2671.05,2671.05,ach_remittance
RPY-0012890,ORG-201188,PTR-005,2022-06-05,1272.57,3943.62,ach_remittance
RPY-0012891,ORG-201188,PTR-005,2022-06-12,2053.75,5997.37,ach_remittance
RPY-0012892,ORG-201188,PTR-005,2022-06-19,2421.52,8418.89,ach_remittance
RPY-0012893,ORG-201188,PTR-005,2022-06-26,2174.81,10593.7,ach_remittance
RPY-0012894,ORG-201188,PTR-005,2022-07-03,2078.03,12671.73,ach_remittance
RPY-0012895,ORG-201188,PTR-005,2022-07-10,1601.14,14272.87,ach_remittance
RPY-0012896,ORG-201188,PTR-005,2022-07-17,1909.97,16182.84,ach_remittance
RPY-0012897,ORG-201188,PTR-005,2022-07-24,1890.82,18073.66,ach_remittance
RPY-0012898,ORG-201188,PTR-005,2022-07-31,2891.99,20965.65,ach_remittance
RPY-0012899,ORG-201188,PTR-005,2022-08-07,1662.15,22627.8,ach_remittance
RPY-0012900,ORG-201188,PTR-005,2022-08-14,2796.9,25424.7,ach_remittance
RPY-0012901,ORG-201188,PTR-005,2022-08-21,2687.42,28112.12,ach_remittance
RPY-0012902,ORG-201188,PTR-005,2022-08-28,870.22,28982.34,ach_remittance
RPY-0012903,ORG-201189,PTR-004,2023-03-26,1549.37,1549.37,manual_payment
RPY-0012904,ORG-201189,PTR-004,2023-04-02,1663.16,3212.53,ach_remittance
RPY-0012905,ORG-201189,PTR-004,2023-04-09,1589.12,4801.65,ach_remittance
RPY-0012906,ORG-201189,PTR-004,2023-04-16,856.22,5657.87,manual_payment
RPY-0012907,ORG-201189,PTR-004,2023-04-23,954.05,6611.92,ach_remittance
RPY-0012908,ORG-201189,PTR-004,2023-04-30,1780.83,8392.75,ach_remittance
RPY-0012909,ORG-201189,PTR-004,2023-05-07,787.06,9179.81,ach_remittance
RPY-0012910,ORG-201190,PTR-005,2026-05-29,2359.94,2359.94,ach_remittance
RPY-0012911,ORG-201190,PTR-005,2026-06-05,1404.59,3764.53,ach_remittance
RPY-0012912,ORG-201190,PTR-005,2026-06-12,1190.85,4955.38,ach_remittance
RPY-0012913,ORG-201190,PTR-005,2026-06-19,2325.27,7280.65,ach_remittance
RPY-0012914,ORG-201190,PTR-005,2026-06-26,1157.99,8438.64,ach_remittance
RPY-0012915,ORG-201190,PTR-005,2026-07-03,2104.63,10543.27,ach_remittance
RPY-0012916,ORG-201190,PTR-005,2026-07-10,1611.76,12155.03,ach_remittance
RPY-0012917,ORG-201190,PTR-005,2026-07-17,2093.09,14248.12,manual_payment
RPY-0012918,ORG-201191,PTR-003,2022-07-28,347.58,347.58,ach_remittance
RPY-0012919,ORG-201191,PTR-003,2022-08-04,452.99,800.57,ach_remittance
RPY-0012920,ORG-201191,PTR-003,2022-08-11,605.15,1405.72,ach_remittance
RPY-0012921,ORG-201191,PTR-003,2022-08-18,597.32,2003.04,ach_remittance
RPY-0012922,ORG-201191,PTR-003,2022-08-25,496.56,2499.6,ach_remittance
RPY-0012923,ORG-201191,PTR-003,2022-09-01,94.4,2594.0,ach_remittance
RPY-0012924,ORG-201192,PTR-005,2023-08-27,14855.73,14855.73,ach_remittance
RPY-0012925,ORG-201192,PTR-005,2023-09-03,13286.09,28141.82,manual_payment
RPY-0012926,ORG-201192,PTR-005,2023-09-10,11070.04,39211.86,ach_remittance
RPY-0012927,ORG-201192,PTR-005,2023-09-17,8139.51,47351.37,ach_remittance
RPY-0012928,ORG-201192,PTR-005,2023-09-24,8239.48,55590.85,manual_payment
RPY-0012929,ORG-201192,PTR-005,2023-10-01,12079.57,67670.42,ach_remittance
RPY-0012930,ORG-201193,PTR-004,2025-08-26,6257.3,6257.3,ach_remittance
RPY-0012931,ORG-201193,PTR-004,2025-09-02,6781.73,13039.03,ach_remittance
RPY-0012932,ORG-201193,PTR-004,2025-09-09,8168.28,21207.31,manual_payment
RPY-0012933,ORG-201193,PTR-004,2025-09-16,3778.09,24985.4,manual_payment
RPY-0012934,ORG-201193,PTR-004,2025-09-23,3805.09,28790.49,ach_remittance
RPY-0012935,ORG-201193,PTR-004,2025-09-30,7544.06,36334.55,manual_payment
RPY-0012936,ORG-201193,PTR-004,2025-10-07,5127.41,41461.96,ach_remittance
RPY-0012937,ORG-201193,PTR-004,2025-10-14,5536.9,46998.86,ach_remittance
RPY-0012938,ORG-201193,PTR-004,2025-10-21,6709.76,53708.62,ach_remittance
RPY-0012939,ORG-201193,PTR-004,2025-10-28,6464.06,60172.68,ach_remittance
RPY-0012940,ORG-201193,PTR-004,2025-11-04,4736.94,64909.62,ach_remittance
RPY-0012941,ORG-201193,PTR-004,2025-11-11,5165.7,70075.32,ach_remittance
RPY-0012942,ORG-201194,PTR-005,2023-03-18,2280.56,2280.56,ach_remittance
RPY-0012943,ORG-201194,PTR-005,2023-03-25,4307.12,6587.68,ach_remittance
RPY-0012944,ORG-201194,PTR-005,2023-04-01,3895.45,10483.13,manual_payment
RPY-0012945,ORG-201194,PTR-005,2023-04-08,2779.76,13262.89,ach_remittance
RPY-0012946,ORG-201194,PTR-005,2023-04-15,3686.98,16949.87,ach_remittance
RPY-0012947,ORG-201194,PTR-005,2023-04-22,2379.66,19329.53,ach_remittance
RPY-0012948,ORG-201194,PTR-005,2023-04-29,3853.52,23183.05,ach_remittance
RPY-0012949,ORG-201194,PTR-005,2023-05-06,2618.22,25801.27,ach_remittance
RPY-0012950,ORG-201195,PTR-006,2025-05-24,2602.8,2602.8,ach_remittance
RPY-0012951,ORG-201195,PTR-006,2025-05-31,1293.59,3896.39,ach_remittance
RPY-0012952,ORG-201195,PTR-006,2025-06-07,2295.12,6191.51,ach_remittance
RPY-0012953,ORG-201195,PTR-006,2025-06-14,1696.77,7888.28,ach_remittance
RPY-0012954,ORG-201195,PTR-006,2025-06-21,1376.17,9264.45,ach_remittance
RPY-0012955,ORG-201195,PTR-006,2025-06-28,1851.73,11116.18,manual_payment
RPY-0012956,ORG-201195,PTR-006,2025-07-05,2287.96,13404.14,ach_remittance
RPY-0012957,ORG-201195,PTR-006,2025-07-12,1767.08,15171.22,ach_remittance
RPY-0012958,ORG-201196,PTR-004,2023-03-02,3297.98,3297.98,ach_remittance
RPY-0012959,ORG-201196,PTR-004,2023-03-09,3163.92,6461.9,ach_remittance
RPY-0012960,ORG-201196,PTR-004,2023-03-16,2450.38,8912.28,manual_payment
RPY-0012961,ORG-201196,PTR-004,2023-03-23,2534.66,11446.94,ach_remittance
RPY-0012962,ORG-201196,PTR-004,2023-03-30,2057.65,13504.59,ach_remittance
RPY-0012963,ORG-201196,PTR-004,2023-04-06,2699.89,16204.48,ach_remittance
RPY-0012964,ORG-201196,PTR-004,2023-04-13,4070.58,20275.06,ach_remittance
RPY-0012965,ORG-201196,PTR-004,2023-04-20,2125.33,22400.39,ach_remittance
RPY-0012966,ORG-201196,PTR-004,2023-04-27,7701.57,30101.96,ach_remittance
RPY-0012967,ORG-201197,PTR-002,2025-04-02,435.22,435.22,ach_remittance
RPY-0012968,ORG-201197,PTR-002,2025-04-09,589.08,1024.3,ach_remittance
RPY-0012969,ORG-201197,PTR-002,2025-04-16,503.3,1527.6,ach_remittance
RPY-0012970,ORG-201197,PTR-002,2025-04-23,616.27,2143.87,ach_remittance
RPY-0012971,ORG-201197,PTR-002,2025-04-30,409.41,2553.28,ach_remittance
RPY-0012972,ORG-201197,PTR-002,2025-05-07,404.58,2957.86,ach_remittance
RPY-0012973,ORG-201197,PTR-002,2025-05-14,570.89,3528.75,ach_remittance
RPY-0012974,ORG-201197,PTR-002,2025-05-21,92.67,3621.42,ach_remittance
RPY-0012975,ORG-201198,PTR-002,2024-07-16,3758.19,3758.19,ach_remittance
RPY-0012976,ORG-201198,PTR-002,2024-07-23,3292.53,7050.72,ach_remittance
RPY-0012977,ORG-201198,PTR-002,2024-07-30,4033.02,11083.74,ach_remittance
RPY-0012978,ORG-201198,PTR-002,2024-08-06,8388.21,19471.95,ach_remittance
RPY-0012979,ORG-201199,PTR-003,2024-09-01,3045.41,3045.41,ach_remittance
RPY-0012980,ORG-201199,PTR-003,2024-09-08,2115.41,5160.82,ach_remittance
RPY-0012981,ORG-201199,PTR-003,2024-09-15,2519.54,7680.36,ach_remittance
RPY-0012982,ORG-201199,PTR-003,2024-09-22,2908.29,10588.65,manual_payment
RPY-0012983,ORG-201199,PTR-003,2024-09-29,1808.81,12397.46,ach_remittance
RPY-0012984,ORG-201199,PTR-003,2024-10-06,2994.68,15392.14,ach_remittance
RPY-0012985,ORG-201199,PTR-003,2024-10-13,2752.7,18144.84,ach_remittance
RPY-0012986,ORG-201199,PTR-003,2024-10-20,1392.2,19537.04,ach_remittance
RPY-0012987,ORG-201200,PTR-003,2024-03-03,2090.73,2090.73,ach_remittance
RPY-0012988,ORG-201200,PTR-003,2024-03-10,3859.78,5950.51,ach_remittance
RPY-0012989,ORG-201200,PTR-003,2024-03-17,4174.77,10125.28,ach_remittance
RPY-0012990,ORG-201200,PTR-003,2024-03-24,3914.11,14039.39,ach_remittance
RPY-0012991,ORG-201200,PTR-003,2024-03-31,2418.56,16457.95,ach_remittance
RPY-0012992,ORG-201200,PTR-003,2024-04-07,4071.02,20528.97,ach_remittance
RPY-0012993,ORG-201200,PTR-003,2024-04-14,3478.42,24007.39,ach_remittance
RPY-0012994,ORG-201200,PTR-003,2024-04-21,3429.12,27436.51,ach_remittance
