revenue_id,origination_id,partner_id,recognition_period,revenue_recognized_usd,cumulative_revenue_recognized_usd,recognition_method
REV-0000001,ORG-200001,PTR-006,2022-03,1806.42,1806.42,straight_line_fee_recognition
REV-0000002,ORG-200001,PTR-006,2022-04,1806.42,3612.84,straight_line_fee_recognition
REV-0000003,ORG-200001,PTR-006,2022-05,1806.42,5419.26,straight_line_fee_recognition
REV-0000004,ORG-200001,PTR-006,2022-06,1806.42,7225.68,straight_line_fee_recognition
REV-0000005,ORG-200002,PTR-003,2025-10,3691.68,3691.68,straight_line_fee_recognition
REV-0000006,ORG-200002,PTR-003,2025-11,3691.68,7383.36,straight_line_fee_recognition
REV-0000007,ORG-200003,PTR-001,2022-10,1833.85,1833.85,straight_line_fee_recognition
REV-0000008,ORG-200003,PTR-001,2022-11,1833.85,3667.7,straight_line_fee_recognition
REV-0000009,ORG-200004,PTR-004,2022-08,1083.04,1083.04,straight_line_fee_recognition
REV-0000010,ORG-200004,PTR-004,2022-09,1083.04,2166.08,straight_line_fee_recognition
REV-0000011,ORG-200004,PTR-004,2022-10,1083.04,3249.12,straight_line_fee_recognition
REV-0000012,ORG-200005,PTR-005,2026-02,940.7,940.7,straight_line_fee_recognition
REV-0000013,ORG-200005,PTR-005,2026-03,940.7,1881.4,straight_line_fee_recognition
REV-0000014,ORG-200005,PTR-005,2026-04,940.7,2822.1,straight_line_fee_recognition
REV-0000015,ORG-200006,PTR-006,2022-01,1039.31,1039.31,straight_line_fee_recognition
REV-0000016,ORG-200006,PTR-006,2022-02,1039.31,2078.62,straight_line_fee_recognition
REV-0000017,ORG-200007,PTR-004,2023-01,1338.55,1338.55,straight_line_fee_recognition
REV-0000018,ORG-200007,PTR-004,2023-02,1338.55,2677.1,straight_line_fee_recognition
REV-0000019,ORG-200007,PTR-004,2023-03,1338.55,4015.65,straight_line_fee_recognition
REV-0000020,ORG-200008,PTR-004,2025-01,1616.65,1616.65,straight_line_fee_recognition
REV-0000021,ORG-200008,PTR-004,2025-02,1616.65,3233.3,straight_line_fee_recognition
REV-0000022,ORG-200009,PTR-001,2023-10,1959.66,1959.66,straight_line_fee_recognition
REV-0000023,ORG-200009,PTR-001,2023-11,1959.66,3919.32,straight_line_fee_recognition
REV-0000024,ORG-200009,PTR-001,2023-12,1959.66,5878.98,straight_line_fee_recognition
REV-0000025,ORG-200010,PTR-006,2025-05,2600.2,2600.2,straight_line_fee_recognition
REV-0000026,ORG-200010,PTR-006,2025-06,2600.2,5200.4,straight_line_fee_recognition
REV-0000027,ORG-200011,PTR-005,2023-09,165.69,165.69,straight_line_fee_recognition
REV-0000028,ORG-200011,PTR-005,2023-10,165.69,331.38,straight_line_fee_recognition
REV-0000029,ORG-200011,PTR-005,2023-11,165.69,497.07,straight_line_fee_recognition
REV-0000030,ORG-200011,PTR-005,2023-12,165.69,662.76,straight_line_fee_recognition
REV-0000031,ORG-200011,PTR-005,2024-01,165.69,828.45,straight_line_fee_recognition
REV-0000032,ORG-200011,PTR-005,2024-02,165.69,994.14,straight_line_fee_recognition
REV-0000033,ORG-200011,PTR-005,2024-03,165.69,1159.83,straight_line_fee_recognition
REV-0000034,ORG-200012,PTR-001,2022-01,1867.14,1867.14,straight_line_fee_recognition
REV-0000035,ORG-200012,PTR-001,2022-02,1867.14,3734.28,straight_line_fee_recognition
REV-0000036,ORG-200013,PTR-006,2025-03,1643.4,1643.4,straight_line_fee_recognition
REV-0000037,ORG-200013,PTR-006,2025-04,1643.4,3286.8,straight_line_fee_recognition
REV-0000038,ORG-200013,PTR-006,2025-05,1643.4,4930.2,straight_line_fee_recognition
REV-0000039,ORG-200013,PTR-006,2025-06,1643.4,6573.6,straight_line_fee_recognition
REV-0000040,ORG-200013,PTR-006,2025-07,1643.4,8217.0,straight_line_fee_recognition
REV-0000041,ORG-200014,PTR-002,2025-02,3793.6,3793.6,straight_line_fee_recognition
REV-0000042,ORG-200014,PTR-002,2025-03,3793.6,7587.2,straight_line_fee_recognition
REV-0000043,ORG-200014,PTR-002,2025-04,3793.6,11380.8,straight_line_fee_recognition
REV-0000044,ORG-200015,PTR-002,2025-01,1785.17,1785.17,straight_line_fee_recognition
REV-0000045,ORG-200015,PTR-002,2025-02,1785.17,3570.34,straight_line_fee_recognition
REV-0000046,ORG-200015,PTR-002,2025-03,1785.17,5355.51,straight_line_fee_recognition
REV-0000047,ORG-200015,PTR-002,2025-04,1785.17,7140.68,straight_line_fee_recognition
REV-0000048,ORG-200016,PTR-003,2024-12,628.36,628.36,straight_line_fee_recognition
REV-0000049,ORG-200016,PTR-003,2025-01,628.36,1256.72,straight_line_fee_recognition
REV-0000050,ORG-200016,PTR-003,2025-02,628.36,1885.08,straight_line_fee_recognition
REV-0000051,ORG-200017,PTR-002,2022-12,4712.73,4712.73,straight_line_fee_recognition
REV-0000052,ORG-200017,PTR-002,2023-01,4712.73,9425.46,straight_line_fee_recognition
REV-0000053,ORG-200018,PTR-002,2023-11,3676.57,3676.57,straight_line_fee_recognition
REV-0000054,ORG-200018,PTR-002,2023-12,3676.57,7353.14,straight_line_fee_recognition
REV-0000055,ORG-200019,PTR-003,2023-12,1241.59,1241.59,straight_line_fee_recognition
REV-0000056,ORG-200019,PTR-003,2024-01,1241.59,2483.18,straight_line_fee_recognition
REV-0000057,ORG-200020,PTR-002,2023-07,1191.74,1191.74,straight_line_fee_recognition
REV-0000058,ORG-200020,PTR-002,2023-08,1191.74,2383.48,straight_line_fee_recognition
REV-0000059,ORG-200020,PTR-002,2023-09,1191.74,3575.22,straight_line_fee_recognition
REV-0000060,ORG-200021,PTR-001,2022-09,1648.35,1648.35,straight_line_fee_recognition
REV-0000061,ORG-200021,PTR-001,2022-10,1648.35,3296.7,straight_line_fee_recognition
REV-0000062,ORG-200022,PTR-002,2024-07,2763.74,2763.74,straight_line_fee_recognition
REV-0000063,ORG-200022,PTR-002,2024-08,2763.74,5527.48,straight_line_fee_recognition
REV-0000064,ORG-200022,PTR-002,2024-09,2763.74,8291.22,straight_line_fee_recognition
REV-0000065,ORG-200022,PTR-002,2024-10,2763.74,11054.96,straight_line_fee_recognition
REV-0000066,ORG-200023,PTR-002,2025-03,1036.2,1036.2,straight_line_fee_recognition
REV-0000067,ORG-200023,PTR-002,2025-04,1036.2,2072.4,straight_line_fee_recognition
REV-0000068,ORG-200024,PTR-001,2024-10,426.98,426.98,straight_line_fee_recognition
REV-0000069,ORG-200024,PTR-001,2024-11,426.98,853.96,straight_line_fee_recognition
REV-0000070,ORG-200024,PTR-001,2024-12,426.98,1280.94,straight_line_fee_recognition
REV-0000071,ORG-200025,PTR-005,2023-08,236.25,236.25,straight_line_fee_recognition
REV-0000072,ORG-200025,PTR-005,2023-09,236.25,472.5,straight_line_fee_recognition
REV-0000073,ORG-200025,PTR-005,2023-10,236.25,708.75,straight_line_fee_recognition
REV-0000074,ORG-200025,PTR-005,2023-11,236.25,945.0,straight_line_fee_recognition
REV-0000075,ORG-200026,PTR-004,2023-07,2272.93,2272.93,straight_line_fee_recognition
REV-0000076,ORG-200026,PTR-004,2023-08,2272.93,4545.86,straight_line_fee_recognition
REV-0000077,ORG-200026,PTR-004,2023-08,2272.93,6818.79,straight_line_fee_recognition
REV-0000078,ORG-200026,PTR-004,2023-09,2272.93,9091.72,straight_line_fee_recognition
REV-0000079,ORG-200027,PTR-001,2025-09,1039.68,1039.68,straight_line_fee_recognition
REV-0000080,ORG-200027,PTR-001,2025-10,1039.68,2079.36,straight_line_fee_recognition
REV-0000081,ORG-200027,PTR-001,2025-11,1039.68,3119.04,straight_line_fee_recognition
REV-0000082,ORG-200028,PTR-004,2022-07,272.28,272.28,straight_line_fee_recognition
REV-0000083,ORG-200028,PTR-004,2022-08,272.28,544.56,straight_line_fee_recognition
REV-0000084,ORG-200028,PTR-004,2022-09,272.28,816.84,straight_line_fee_recognition
REV-0000085,ORG-200029,PTR-003,2025-04,2690.19,2690.19,straight_line_fee_recognition
REV-0000086,ORG-200029,PTR-003,2025-05,2690.19,5380.38,straight_line_fee_recognition
REV-0000087,ORG-200029,PTR-003,2025-06,2690.19,8070.57,straight_line_fee_recognition
REV-0000088,ORG-200030,PTR-002,2024-06,1112.36,1112.36,straight_line_fee_recognition
REV-0000089,ORG-200030,PTR-002,2024-07,1112.36,2224.72,straight_line_fee_recognition
REV-0000090,ORG-200030,PTR-002,2024-08,1112.36,3337.08,straight_line_fee_recognition
REV-0000091,ORG-200030,PTR-002,2024-09,1112.36,4449.44,straight_line_fee_recognition
REV-0000092,ORG-200030,PTR-002,2024-10,1112.36,5561.8,straight_line_fee_recognition
REV-0000093,ORG-200031,PTR-005,2022-08,675.12,675.12,straight_line_fee_recognition
REV-0000094,ORG-200031,PTR-005,2022-09,675.12,1350.24,straight_line_fee_recognition
REV-0000095,ORG-200032,PTR-004,2024-07,3507.89,3507.89,straight_line_fee_recognition
REV-0000096,ORG-200032,PTR-004,2024-08,3507.89,7015.78,straight_line_fee_recognition
REV-0000097,ORG-200033,PTR-003,2022-02,2468.49,2468.49,straight_line_fee_recognition
REV-0000098,ORG-200033,PTR-003,2022-03,2468.49,4936.98,straight_line_fee_recognition
REV-0000099,ORG-200034,PTR-001,2023-07,1159.77,1159.77,straight_line_fee_recognition
REV-0000100,ORG-200034,PTR-001,2023-08,1159.77,2319.54,straight_line_fee_recognition
REV-0000101,ORG-200035,PTR-002,2024-02,3622.15,3622.15,straight_line_fee_recognition
REV-0000102,ORG-200035,PTR-002,2024-03,3622.15,7244.3,straight_line_fee_recognition
REV-0000103,ORG-200036,PTR-004,2023-04,3147.93,3147.93,straight_line_fee_recognition
REV-0000104,ORG-200036,PTR-004,2023-05,3147.93,6295.86,straight_line_fee_recognition
REV-0000105,ORG-200037,PTR-003,2024-12,136.8,136.8,straight_line_fee_recognition
REV-0000106,ORG-200037,PTR-003,2025-01,136.8,273.6,straight_line_fee_recognition
REV-0000107,ORG-200037,PTR-003,2025-02,136.8,410.4,straight_line_fee_recognition
REV-0000108,ORG-200037,PTR-003,2025-03,136.8,547.2,straight_line_fee_recognition
REV-0000109,ORG-200037,PTR-003,2025-04,136.8,684.0,straight_line_fee_recognition
REV-0000110,ORG-200038,PTR-006,2025-12,2257.02,2257.02,straight_line_fee_recognition
REV-0000111,ORG-200038,PTR-006,2026-01,2257.02,4514.04,straight_line_fee_recognition
REV-0000112,ORG-200038,PTR-006,2026-02,2257.02,6771.06,straight_line_fee_recognition
REV-0000113,ORG-200038,PTR-006,2026-03,2257.02,9028.08,straight_line_fee_recognition
REV-0000114,ORG-200038,PTR-006,2026-04,2257.02,11285.1,straight_line_fee_recognition
REV-0000115,ORG-200039,PTR-001,2026-04,1017.59,1017.59,straight_line_fee_recognition
REV-0000116,ORG-200039,PTR-001,2026-05,1017.59,2035.18,straight_line_fee_recognition
REV-0000117,ORG-200040,PTR-005,2022-07,2985.05,2985.05,straight_line_fee_recognition
REV-0000118,ORG-200040,PTR-005,2022-08,2985.05,5970.1,straight_line_fee_recognition
REV-0000119,ORG-200041,PTR-001,2023-08,2154.5,2154.5,straight_line_fee_recognition
REV-0000120,ORG-200041,PTR-001,2023-09,2154.5,4309.0,straight_line_fee_recognition
REV-0000121,ORG-200041,PTR-001,2023-10,2154.5,6463.5,straight_line_fee_recognition
REV-0000122,ORG-200041,PTR-001,2023-11,2154.5,8618.0,straight_line_fee_recognition
REV-0000123,ORG-200041,PTR-001,2023-12,2154.5,10772.5,straight_line_fee_recognition
REV-0000124,ORG-200041,PTR-001,2023-12,2154.5,12927.0,straight_line_fee_recognition
REV-0000125,ORG-200042,PTR-002,2022-11,4795.26,4795.26,straight_line_fee_recognition
REV-0000126,ORG-200042,PTR-002,2022-12,4795.26,9590.52,straight_line_fee_recognition
REV-0000127,ORG-200042,PTR-002,2023-01,4795.26,14385.78,straight_line_fee_recognition
REV-0000128,ORG-200042,PTR-002,2023-02,4795.26,19181.04,straight_line_fee_recognition
REV-0000129,ORG-200043,PTR-003,2023-03,3036.5,3036.5,straight_line_fee_recognition
REV-0000130,ORG-200043,PTR-003,2023-04,3036.5,6073.0,straight_line_fee_recognition
REV-0000131,ORG-200043,PTR-003,2023-05,3036.5,9109.5,straight_line_fee_recognition
REV-0000132,ORG-200043,PTR-003,2023-06,3036.5,12146.0,straight_line_fee_recognition
REV-0000133,ORG-200043,PTR-003,2023-07,3036.5,15182.5,straight_line_fee_recognition
REV-0000134,ORG-200044,PTR-003,2025-02,1355.39,1355.39,straight_line_fee_recognition
REV-0000135,ORG-200044,PTR-003,2025-03,1355.39,2710.78,straight_line_fee_recognition
REV-0000136,ORG-200045,PTR-006,2023-10,2002.79,2002.79,straight_line_fee_recognition
REV-0000137,ORG-200045,PTR-006,2023-11,2002.79,4005.58,straight_line_fee_recognition
REV-0000138,ORG-200046,PTR-002,2025-01,2782.16,2782.16,straight_line_fee_recognition
REV-0000139,ORG-200046,PTR-002,2025-02,2782.16,5564.32,straight_line_fee_recognition
REV-0000140,ORG-200047,PTR-005,2022-10,5186.61,5186.61,straight_line_fee_recognition
REV-0000141,ORG-200047,PTR-005,2022-11,5186.61,10373.22,straight_line_fee_recognition
REV-0000142,ORG-200048,PTR-003,2023-08,211.21,211.21,straight_line_fee_recognition
REV-0000143,ORG-200048,PTR-003,2023-09,211.21,422.42,straight_line_fee_recognition
REV-0000144,ORG-200049,PTR-003,2025-03,3023.41,3023.41,straight_line_fee_recognition
REV-0000145,ORG-200049,PTR-003,2025-04,3023.41,6046.82,straight_line_fee_recognition
REV-0000146,ORG-200049,PTR-003,2025-05,3023.41,9070.23,straight_line_fee_recognition
REV-0000147,ORG-200049,PTR-003,2025-06,3023.41,12093.64,straight_line_fee_recognition
REV-0000148,ORG-200050,PTR-002,2022-09,4421.03,4421.03,straight_line_fee_recognition
REV-0000149,ORG-200050,PTR-002,2022-10,4421.03,8842.06,straight_line_fee_recognition
REV-0000150,ORG-200050,PTR-002,2022-11,4421.03,13263.09,straight_line_fee_recognition
REV-0000151,ORG-200050,PTR-002,2022-12,4421.03,17684.12,straight_line_fee_recognition
REV-0000152,ORG-200051,PTR-006,2024-09,1069.7,1069.7,straight_line_fee_recognition
REV-0000153,ORG-200051,PTR-006,2024-10,1069.7,2139.4,straight_line_fee_recognition
REV-0000154,ORG-200052,PTR-002,2022-11,1652.81,1652.81,straight_line_fee_recognition
REV-0000155,ORG-200052,PTR-002,2022-12,1652.81,3305.62,straight_line_fee_recognition
REV-0000156,ORG-200052,PTR-002,2023-01,1652.81,4958.43,straight_line_fee_recognition
REV-0000157,ORG-200052,PTR-002,2023-02,1652.81,6611.24,straight_line_fee_recognition
REV-0000158,ORG-200053,PTR-001,2022-07,1859.12,1859.12,straight_line_fee_recognition
REV-0000159,ORG-200053,PTR-001,2022-08,1859.12,3718.24,straight_line_fee_recognition
REV-0000160,ORG-200053,PTR-001,2022-09,1859.12,5577.36,straight_line_fee_recognition
REV-0000161,ORG-200053,PTR-001,2022-10,1859.12,7436.48,straight_line_fee_recognition
REV-0000162,ORG-200053,PTR-001,2022-11,1859.12,9295.6,straight_line_fee_recognition
REV-0000163,ORG-200053,PTR-001,2022-12,1859.12,11154.72,straight_line_fee_recognition
REV-0000164,ORG-200053,PTR-001,2023-01,1859.12,13013.84,straight_line_fee_recognition
REV-0000165,ORG-200054,PTR-002,2024-09,2600.21,2600.21,straight_line_fee_recognition
REV-0000166,ORG-200054,PTR-002,2024-10,2600.21,5200.42,straight_line_fee_recognition
REV-0000167,ORG-200054,PTR-002,2024-11,2600.21,7800.63,straight_line_fee_recognition
REV-0000168,ORG-200055,PTR-005,2026-01,5023.11,5023.11,straight_line_fee_recognition
REV-0000169,ORG-200055,PTR-005,2026-02,5023.11,10046.22,straight_line_fee_recognition
REV-0000170,ORG-200055,PTR-005,2026-03,5023.11,15069.33,straight_line_fee_recognition
REV-0000171,ORG-200056,PTR-006,2024-09,514.9,514.9,straight_line_fee_recognition
REV-0000172,ORG-200056,PTR-006,2024-10,514.9,1029.8,straight_line_fee_recognition
REV-0000173,ORG-200057,PTR-002,2022-03,4253.48,4253.48,straight_line_fee_recognition
REV-0000174,ORG-200057,PTR-002,2022-04,4253.48,8506.96,straight_line_fee_recognition
REV-0000175,ORG-200057,PTR-002,2022-05,4253.48,12760.44,straight_line_fee_recognition
REV-0000176,ORG-200058,PTR-004,2024-07,544.39,544.39,straight_line_fee_recognition
REV-0000177,ORG-200058,PTR-004,2024-08,544.39,1088.78,straight_line_fee_recognition
REV-0000178,ORG-200058,PTR-004,2024-09,544.39,1633.17,straight_line_fee_recognition
REV-0000179,ORG-200059,PTR-003,2024-08,1017.64,1017.64,straight_line_fee_recognition
REV-0000180,ORG-200059,PTR-003,2024-09,1017.64,2035.28,straight_line_fee_recognition
REV-0000181,ORG-200060,PTR-005,2024-11,1144.98,1144.98,straight_line_fee_recognition
REV-0000182,ORG-200060,PTR-005,2024-12,1144.98,2289.96,straight_line_fee_recognition
REV-0000183,ORG-200060,PTR-005,2025-01,1144.98,3434.94,straight_line_fee_recognition
REV-0000184,ORG-200061,PTR-003,2024-08,4521.95,4521.95,straight_line_fee_recognition
REV-0000185,ORG-200061,PTR-003,2024-09,4521.95,9043.9,straight_line_fee_recognition
REV-0000186,ORG-200062,PTR-002,2024-05,2940.72,2940.72,straight_line_fee_recognition
REV-0000187,ORG-200062,PTR-002,2024-06,2940.72,5881.44,straight_line_fee_recognition
REV-0000188,ORG-200062,PTR-002,2024-07,2940.72,8822.16,straight_line_fee_recognition
REV-0000189,ORG-200062,PTR-002,2024-08,2940.72,11762.88,straight_line_fee_recognition
REV-0000190,ORG-200063,PTR-006,2023-09,1847.19,1847.19,straight_line_fee_recognition
REV-0000191,ORG-200063,PTR-006,2023-10,1847.19,3694.38,straight_line_fee_recognition
REV-0000192,ORG-200063,PTR-006,2023-11,1847.19,5541.57,straight_line_fee_recognition
REV-0000193,ORG-200064,PTR-006,2024-07,1753.04,1753.04,straight_line_fee_recognition
REV-0000194,ORG-200064,PTR-006,2024-08,1753.04,3506.08,straight_line_fee_recognition
REV-0000195,ORG-200064,PTR-006,2024-09,1753.04,5259.12,straight_line_fee_recognition
REV-0000196,ORG-200064,PTR-006,2024-10,1753.04,7012.16,straight_line_fee_recognition
REV-0000197,ORG-200065,PTR-003,2022-04,2188.32,2188.32,straight_line_fee_recognition
REV-0000198,ORG-200065,PTR-003,2022-05,2188.32,4376.64,straight_line_fee_recognition
REV-0000199,ORG-200065,PTR-003,2022-06,2188.32,6564.96,straight_line_fee_recognition
REV-0000200,ORG-200065,PTR-003,2022-07,2188.32,8753.28,straight_line_fee_recognition
REV-0000201,ORG-200066,PTR-002,2022-04,1292.21,1292.21,straight_line_fee_recognition
REV-0000202,ORG-200067,PTR-001,2022-02,1849.14,1849.14,straight_line_fee_recognition
REV-0000203,ORG-200067,PTR-001,2022-03,1849.14,3698.28,straight_line_fee_recognition
REV-0000204,ORG-200067,PTR-001,2022-04,1849.14,5547.42,straight_line_fee_recognition
REV-0000205,ORG-200068,PTR-004,2025-08,2720.36,2720.36,straight_line_fee_recognition
REV-0000206,ORG-200069,PTR-005,2024-12,7310.94,7310.94,straight_line_fee_recognition
REV-0000207,ORG-200069,PTR-005,2025-01,7310.94,14621.88,straight_line_fee_recognition
REV-0000208,ORG-200070,PTR-004,2025-11,898.65,898.65,straight_line_fee_recognition
REV-0000209,ORG-200070,PTR-004,2025-12,898.65,1797.3,straight_line_fee_recognition
REV-0000210,ORG-200070,PTR-004,2026-01,898.65,2695.95,straight_line_fee_recognition
REV-0000211,ORG-200071,PTR-004,2025-07,2393.11,2393.11,straight_line_fee_recognition
REV-0000212,ORG-200071,PTR-004,2025-08,2393.11,4786.22,straight_line_fee_recognition
REV-0000213,ORG-200072,PTR-004,2023-09,1065.55,1065.55,straight_line_fee_recognition
REV-0000214,ORG-200072,PTR-004,2023-10,1065.55,2131.1,straight_line_fee_recognition
REV-0000215,ORG-200072,PTR-004,2023-11,1065.55,3196.65,straight_line_fee_recognition
REV-0000216,ORG-200072,PTR-004,2023-12,1065.55,4262.2,straight_line_fee_recognition
REV-0000217,ORG-200073,PTR-002,2026-01,1892.2,1892.2,straight_line_fee_recognition
REV-0000218,ORG-200073,PTR-002,2026-02,1892.2,3784.4,straight_line_fee_recognition
REV-0000219,ORG-200073,PTR-002,2026-03,1892.2,5676.6,straight_line_fee_recognition
REV-0000220,ORG-200074,PTR-005,2025-06,2455.7,2455.7,straight_line_fee_recognition
REV-0000221,ORG-200074,PTR-005,2025-07,2455.7,4911.4,straight_line_fee_recognition
REV-0000222,ORG-200075,PTR-005,2024-07,2389.84,2389.84,straight_line_fee_recognition
REV-0000223,ORG-200075,PTR-005,2024-08,2389.84,4779.68,straight_line_fee_recognition
REV-0000224,ORG-200076,PTR-003,2024-05,1670.83,1670.83,straight_line_fee_recognition
REV-0000225,ORG-200076,PTR-003,2024-06,1670.83,3341.66,straight_line_fee_recognition
REV-0000226,ORG-200076,PTR-003,2024-07,1670.83,5012.49,straight_line_fee_recognition
REV-0000227,ORG-200077,PTR-006,2024-11,1684.08,1684.08,straight_line_fee_recognition
REV-0000228,ORG-200077,PTR-006,2024-12,1684.08,3368.16,straight_line_fee_recognition
REV-0000229,ORG-200078,PTR-005,2024-05,5005.78,5005.78,straight_line_fee_recognition
REV-0000230,ORG-200078,PTR-005,2024-05,5005.78,10011.56,straight_line_fee_recognition
REV-0000231,ORG-200078,PTR-005,2024-06,5005.78,15017.34,straight_line_fee_recognition
REV-0000232,ORG-200078,PTR-005,2024-07,5005.78,20023.12,straight_line_fee_recognition
REV-0000233,ORG-200079,PTR-004,2022-06,643.79,643.79,straight_line_fee_recognition
REV-0000234,ORG-200079,PTR-004,2022-07,643.79,1287.58,straight_line_fee_recognition
REV-0000235,ORG-200080,PTR-003,2023-07,1807.02,1807.02,straight_line_fee_recognition
REV-0000236,ORG-200080,PTR-003,2023-08,1807.02,3614.04,straight_line_fee_recognition
REV-0000237,ORG-200080,PTR-003,2023-09,1807.02,5421.06,straight_line_fee_recognition
REV-0000238,ORG-200080,PTR-003,2023-10,1807.02,7228.08,straight_line_fee_recognition
REV-0000239,ORG-200081,PTR-004,2022-09,2299.88,2299.88,straight_line_fee_recognition
REV-0000240,ORG-200081,PTR-004,2022-10,2299.88,4599.76,straight_line_fee_recognition
REV-0000241,ORG-200081,PTR-004,2022-11,2299.88,6899.64,straight_line_fee_recognition
REV-0000242,ORG-200082,PTR-002,2025-08,1250.45,1250.45,straight_line_fee_recognition
REV-0000243,ORG-200082,PTR-002,2025-09,1250.45,2500.9,straight_line_fee_recognition
REV-0000244,ORG-200083,PTR-002,2026-03,864.97,864.97,straight_line_fee_recognition
REV-0000245,ORG-200083,PTR-002,2026-04,864.97,1729.94,straight_line_fee_recognition
REV-0000246,ORG-200084,PTR-006,2023-08,4811.16,4811.16,straight_line_fee_recognition
REV-0000247,ORG-200084,PTR-006,2023-09,4811.16,9622.32,straight_line_fee_recognition
REV-0000248,ORG-200085,PTR-006,2024-12,3317.64,3317.64,straight_line_fee_recognition
REV-0000249,ORG-200085,PTR-006,2025-01,3317.64,6635.28,straight_line_fee_recognition
REV-0000250,ORG-200086,PTR-004,2022-11,2216.78,2216.78,straight_line_fee_recognition
REV-0000251,ORG-200086,PTR-004,2022-12,2216.78,4433.56,straight_line_fee_recognition
REV-0000252,ORG-200086,PTR-004,2023-01,2216.78,6650.34,straight_line_fee_recognition
REV-0000253,ORG-200087,PTR-006,2023-06,905.97,905.97,straight_line_fee_recognition
REV-0000254,ORG-200087,PTR-006,2023-07,905.97,1811.94,straight_line_fee_recognition
REV-0000255,ORG-200088,PTR-003,2023-05,1470.34,1470.34,straight_line_fee_recognition
REV-0000256,ORG-200088,PTR-003,2023-06,1470.34,2940.68,straight_line_fee_recognition
REV-0000257,ORG-200089,PTR-001,2022-06,3727.08,3727.08,straight_line_fee_recognition
REV-0000258,ORG-200089,PTR-001,2022-07,3727.08,7454.16,straight_line_fee_recognition
REV-0000259,ORG-200089,PTR-001,2022-08,3727.08,11181.24,straight_line_fee_recognition
REV-0000260,ORG-200089,PTR-001,2022-09,3727.08,14908.32,straight_line_fee_recognition
REV-0000261,ORG-200089,PTR-001,2022-10,3727.08,18635.4,straight_line_fee_recognition
REV-0000262,ORG-200089,PTR-001,2022-11,3727.08,22362.48,straight_line_fee_recognition
REV-0000263,ORG-200089,PTR-001,2022-12,3727.08,26089.56,straight_line_fee_recognition
REV-0000264,ORG-200090,PTR-002,2025-04,3057.19,3057.19,straight_line_fee_recognition
REV-0000265,ORG-200090,PTR-002,2025-05,3057.19,6114.38,straight_line_fee_recognition
REV-0000266,ORG-200090,PTR-002,2025-06,3057.19,9171.57,straight_line_fee_recognition
REV-0000267,ORG-200090,PTR-002,2025-07,3057.19,12228.76,straight_line_fee_recognition
REV-0000268,ORG-200091,PTR-002,2023-11,1422.48,1422.48,straight_line_fee_recognition
REV-0000269,ORG-200091,PTR-002,2023-12,1422.48,2844.96,straight_line_fee_recognition
REV-0000270,ORG-200091,PTR-002,2024-01,1422.48,4267.44,straight_line_fee_recognition
REV-0000271,ORG-200092,PTR-001,2022-09,352.83,352.83,straight_line_fee_recognition
REV-0000272,ORG-200092,PTR-001,2022-10,352.83,705.66,straight_line_fee_recognition
REV-0000273,ORG-200092,PTR-001,2022-11,352.83,1058.49,straight_line_fee_recognition
REV-0000274,ORG-200093,PTR-001,2026-05,3374.24,3374.24,straight_line_fee_recognition
REV-0000275,ORG-200093,PTR-001,2026-06,3374.24,6748.48,straight_line_fee_recognition
REV-0000276,ORG-200093,PTR-001,2026-07,3374.24,10122.72,straight_line_fee_recognition
REV-0000277,ORG-200094,PTR-005,2024-03,1057.87,1057.87,straight_line_fee_recognition
REV-0000278,ORG-200094,PTR-005,2024-04,1057.87,2115.74,straight_line_fee_recognition
REV-0000279,ORG-200094,PTR-005,2024-05,1057.87,3173.61,straight_line_fee_recognition
REV-0000280,ORG-200095,PTR-001,2022-08,665.03,665.03,straight_line_fee_recognition
REV-0000281,ORG-200095,PTR-001,2022-09,665.03,1330.06,straight_line_fee_recognition
REV-0000282,ORG-200096,PTR-005,2024-03,4256.41,4256.41,straight_line_fee_recognition
REV-0000283,ORG-200096,PTR-005,2024-04,4256.41,8512.82,straight_line_fee_recognition
REV-0000284,ORG-200097,PTR-006,2024-06,1255.17,1255.17,straight_line_fee_recognition
REV-0000285,ORG-200097,PTR-006,2024-07,1255.17,2510.34,straight_line_fee_recognition
REV-0000286,ORG-200097,PTR-006,2024-08,1255.17,3765.51,straight_line_fee_recognition
REV-0000287,ORG-200097,PTR-006,2024-09,1255.17,5020.68,straight_line_fee_recognition
REV-0000288,ORG-200098,PTR-001,2026-02,2625.22,2625.22,straight_line_fee_recognition
REV-0000289,ORG-200098,PTR-001,2026-03,2625.22,5250.44,straight_line_fee_recognition
REV-0000290,ORG-200099,PTR-001,2022-07,920.65,920.65,straight_line_fee_recognition
REV-0000291,ORG-200099,PTR-001,2022-08,920.65,1841.3,straight_line_fee_recognition
REV-0000292,ORG-200100,PTR-006,2024-08,1760.14,1760.14,straight_line_fee_recognition
REV-0000293,ORG-200100,PTR-006,2024-09,1760.14,3520.28,straight_line_fee_recognition
REV-0000294,ORG-200100,PTR-006,2024-10,1760.14,5280.42,straight_line_fee_recognition
REV-0000295,ORG-200100,PTR-006,2024-11,1760.14,7040.56,straight_line_fee_recognition
REV-0000296,ORG-200100,PTR-006,2024-12,1760.14,8800.7,straight_line_fee_recognition
REV-0000297,ORG-200101,PTR-005,2022-01,4850.76,4850.76,straight_line_fee_recognition
REV-0000298,ORG-200101,PTR-005,2022-02,4850.76,9701.52,straight_line_fee_recognition
REV-0000299,ORG-200101,PTR-005,2022-03,4850.76,14552.28,straight_line_fee_recognition
REV-0000300,ORG-200101,PTR-005,2022-04,4850.76,19403.04,straight_line_fee_recognition
REV-0000301,ORG-200102,PTR-002,2023-04,5471.28,5471.28,straight_line_fee_recognition
REV-0000302,ORG-200102,PTR-002,2023-05,5471.28,10942.56,straight_line_fee_recognition
REV-0000303,ORG-200102,PTR-002,2023-06,5471.28,16413.84,straight_line_fee_recognition
REV-0000304,ORG-200103,PTR-005,2023-07,1353.99,1353.99,straight_line_fee_recognition
REV-0000305,ORG-200103,PTR-005,2023-08,1353.99,2707.98,straight_line_fee_recognition
REV-0000306,ORG-200104,PTR-003,2024-04,250.49,250.49,straight_line_fee_recognition
REV-0000307,ORG-200104,PTR-003,2024-05,250.49,500.98,straight_line_fee_recognition
REV-0000308,ORG-200104,PTR-003,2024-06,250.49,751.47,straight_line_fee_recognition
REV-0000309,ORG-200104,PTR-003,2024-07,250.49,1001.96,straight_line_fee_recognition
REV-0000310,ORG-200104,PTR-003,2024-08,250.49,1252.45,straight_line_fee_recognition
REV-0000311,ORG-200104,PTR-003,2024-09,250.49,1502.94,straight_line_fee_recognition
REV-0000312,ORG-200105,PTR-003,2023-01,4915.74,4915.74,straight_line_fee_recognition
REV-0000313,ORG-200105,PTR-003,2023-02,4915.74,9831.48,straight_line_fee_recognition
REV-0000314,ORG-200106,PTR-005,2024-08,2744.78,2744.78,straight_line_fee_recognition
REV-0000315,ORG-200106,PTR-005,2024-09,2744.78,5489.56,straight_line_fee_recognition
REV-0000316,ORG-200106,PTR-005,2024-10,2744.78,8234.34,straight_line_fee_recognition
REV-0000317,ORG-200107,PTR-004,2026-04,2095.18,2095.18,straight_line_fee_recognition
REV-0000318,ORG-200108,PTR-004,2024-12,7876.37,7876.37,straight_line_fee_recognition
REV-0000319,ORG-200108,PTR-004,2025-01,7876.37,15752.74,straight_line_fee_recognition
REV-0000320,ORG-200108,PTR-004,2025-02,7876.37,23629.11,straight_line_fee_recognition
REV-0000321,ORG-200108,PTR-004,2025-03,7876.37,31505.48,straight_line_fee_recognition
REV-0000322,ORG-200109,PTR-003,2022-04,2403.63,2403.63,straight_line_fee_recognition
REV-0000323,ORG-200109,PTR-003,2022-05,2403.63,4807.26,straight_line_fee_recognition
REV-0000324,ORG-200110,PTR-002,2023-02,3349.69,3349.69,straight_line_fee_recognition
REV-0000325,ORG-200110,PTR-002,2023-03,3349.69,6699.38,straight_line_fee_recognition
REV-0000326,ORG-200110,PTR-002,2023-04,3349.69,10049.07,straight_line_fee_recognition
REV-0000327,ORG-200111,PTR-001,2023-08,4301.58,4301.58,straight_line_fee_recognition
REV-0000328,ORG-200111,PTR-001,2023-09,4301.58,8603.16,straight_line_fee_recognition
REV-0000329,ORG-200112,PTR-006,2025-08,5220.95,5220.95,straight_line_fee_recognition
REV-0000330,ORG-200112,PTR-006,2025-09,5220.95,10441.9,straight_line_fee_recognition
REV-0000331,ORG-200113,PTR-002,2026-03,768.05,768.05,straight_line_fee_recognition
REV-0000332,ORG-200113,PTR-002,2026-04,768.05,1536.1,straight_line_fee_recognition
REV-0000333,ORG-200113,PTR-002,2026-05,768.05,2304.15,straight_line_fee_recognition
REV-0000334,ORG-200114,PTR-005,2023-07,2338.71,2338.71,straight_line_fee_recognition
REV-0000335,ORG-200114,PTR-005,2023-08,2338.71,4677.42,straight_line_fee_recognition
REV-0000336,ORG-200114,PTR-005,2023-09,2338.71,7016.13,straight_line_fee_recognition
REV-0000337,ORG-200114,PTR-005,2023-10,2338.71,9354.84,straight_line_fee_recognition
REV-0000338,ORG-200115,PTR-006,2024-10,1194.74,1194.74,straight_line_fee_recognition
REV-0000339,ORG-200115,PTR-006,2024-11,1194.74,2389.48,straight_line_fee_recognition
REV-0000340,ORG-200116,PTR-004,2026-05,7207.24,7207.24,straight_line_fee_recognition
REV-0000341,ORG-200116,PTR-004,2026-06,7207.24,14414.48,straight_line_fee_recognition
REV-0000342,ORG-200117,PTR-002,2025-07,2184.14,2184.14,straight_line_fee_recognition
REV-0000343,ORG-200117,PTR-002,2025-08,2184.14,4368.28,straight_line_fee_recognition
REV-0000344,ORG-200117,PTR-002,2025-08,2184.14,6552.42,straight_line_fee_recognition
REV-0000345,ORG-200117,PTR-002,2025-09,2184.14,8736.56,straight_line_fee_recognition
REV-0000346,ORG-200117,PTR-002,2025-10,2184.14,10920.7,straight_line_fee_recognition
REV-0000347,ORG-200117,PTR-002,2025-11,2184.14,13104.84,straight_line_fee_recognition
REV-0000348,ORG-200117,PTR-002,2025-12,2184.14,15288.98,straight_line_fee_recognition
REV-0000349,ORG-200118,PTR-004,2024-06,2420.36,2420.36,straight_line_fee_recognition
REV-0000350,ORG-200118,PTR-004,2024-07,2420.36,4840.72,straight_line_fee_recognition
REV-0000351,ORG-200119,PTR-005,2022-04,467.16,467.16,straight_line_fee_recognition
REV-0000352,ORG-200119,PTR-005,2022-05,467.16,934.32,straight_line_fee_recognition
REV-0000353,ORG-200120,PTR-002,2024-01,1369.34,1369.34,straight_line_fee_recognition
REV-0000354,ORG-200120,PTR-002,2024-02,1369.34,2738.68,straight_line_fee_recognition
REV-0000355,ORG-200121,PTR-004,2025-08,935.59,935.59,straight_line_fee_recognition
REV-0000356,ORG-200121,PTR-004,2025-09,935.59,1871.18,straight_line_fee_recognition
REV-0000357,ORG-200121,PTR-004,2025-10,935.59,2806.77,straight_line_fee_recognition
REV-0000358,ORG-200121,PTR-004,2025-11,935.59,3742.36,straight_line_fee_recognition
REV-0000359,ORG-200122,PTR-003,2026-03,3038.01,3038.01,straight_line_fee_recognition
REV-0000360,ORG-200123,PTR-003,2023-03,1098.72,1098.72,straight_line_fee_recognition
REV-0000361,ORG-200123,PTR-003,2023-04,1098.72,2197.44,straight_line_fee_recognition
REV-0000362,ORG-200123,PTR-003,2023-05,1098.72,3296.16,straight_line_fee_recognition
REV-0000363,ORG-200123,PTR-003,2023-06,1098.72,4394.88,straight_line_fee_recognition
REV-0000364,ORG-200124,PTR-005,2025-09,227.9,227.9,straight_line_fee_recognition
REV-0000365,ORG-200124,PTR-005,2025-10,227.9,455.8,straight_line_fee_recognition
REV-0000366,ORG-200124,PTR-005,2025-11,227.9,683.7,straight_line_fee_recognition
REV-0000367,ORG-200124,PTR-005,2025-12,227.9,911.6,straight_line_fee_recognition
REV-0000368,ORG-200124,PTR-005,2026-01,227.9,1139.5,straight_line_fee_recognition
REV-0000369,ORG-200124,PTR-005,2026-02,227.9,1367.4,straight_line_fee_recognition
REV-0000370,ORG-200125,PTR-002,2022-01,431.2,431.2,straight_line_fee_recognition
REV-0000371,ORG-200125,PTR-002,2022-02,431.2,862.4,straight_line_fee_recognition
REV-0000372,ORG-200126,PTR-004,2025-08,871.56,871.56,straight_line_fee_recognition
REV-0000373,ORG-200126,PTR-004,2025-09,871.56,1743.12,straight_line_fee_recognition
REV-0000374,ORG-200126,PTR-004,2025-10,871.56,2614.68,straight_line_fee_recognition
REV-0000375,ORG-200126,PTR-004,2025-11,871.56,3486.24,straight_line_fee_recognition
REV-0000376,ORG-200126,PTR-004,2025-12,871.56,4357.8,straight_line_fee_recognition
REV-0000377,ORG-200126,PTR-004,2026-01,871.56,5229.36,straight_line_fee_recognition
REV-0000378,ORG-200126,PTR-004,2026-02,871.56,6100.92,straight_line_fee_recognition
REV-0000379,ORG-200127,PTR-003,2023-03,7523.64,7523.64,straight_line_fee_recognition
REV-0000380,ORG-200127,PTR-003,2023-04,7523.64,15047.28,straight_line_fee_recognition
REV-0000381,ORG-200127,PTR-003,2023-05,7523.64,22570.92,straight_line_fee_recognition
REV-0000382,ORG-200127,PTR-003,2023-06,7523.64,30094.56,straight_line_fee_recognition
REV-0000383,ORG-200128,PTR-005,2026-05,5017.1,5017.1,straight_line_fee_recognition
REV-0000384,ORG-200128,PTR-005,2026-06,5017.1,10034.2,straight_line_fee_recognition
REV-0000385,ORG-200129,PTR-005,2025-12,424.53,424.53,straight_line_fee_recognition
REV-0000386,ORG-200130,PTR-005,2025-01,2365.59,2365.59,straight_line_fee_recognition
REV-0000387,ORG-200130,PTR-005,2025-02,2365.59,4731.18,straight_line_fee_recognition
REV-0000388,ORG-200131,PTR-003,2024-03,1491.87,1491.87,straight_line_fee_recognition
REV-0000389,ORG-200131,PTR-003,2024-04,1491.87,2983.74,straight_line_fee_recognition
REV-0000390,ORG-200131,PTR-003,2024-05,1491.87,4475.61,straight_line_fee_recognition
REV-0000391,ORG-200131,PTR-003,2024-06,1491.87,5967.48,straight_line_fee_recognition
REV-0000392,ORG-200132,PTR-005,2026-05,1259.72,1259.72,straight_line_fee_recognition
REV-0000393,ORG-200132,PTR-005,2026-06,1259.72,2519.44,straight_line_fee_recognition
REV-0000394,ORG-200133,PTR-002,2022-08,653.59,653.59,straight_line_fee_recognition
REV-0000395,ORG-200133,PTR-002,2022-09,653.59,1307.18,straight_line_fee_recognition
REV-0000396,ORG-200133,PTR-002,2022-10,653.59,1960.77,straight_line_fee_recognition
REV-0000397,ORG-200134,PTR-006,2026-03,2814.28,2814.28,straight_line_fee_recognition
REV-0000398,ORG-200134,PTR-006,2026-04,2814.28,5628.56,straight_line_fee_recognition
REV-0000399,ORG-200134,PTR-006,2026-05,2814.28,8442.84,straight_line_fee_recognition
REV-0000400,ORG-200135,PTR-005,2023-03,2024.69,2024.69,straight_line_fee_recognition
REV-0000401,ORG-200136,PTR-001,2023-03,2166.11,2166.11,straight_line_fee_recognition
REV-0000402,ORG-200136,PTR-001,2023-04,2166.11,4332.22,straight_line_fee_recognition
REV-0000403,ORG-200136,PTR-001,2023-05,2166.11,6498.33,straight_line_fee_recognition
REV-0000404,ORG-200136,PTR-001,2023-06,2166.11,8664.44,straight_line_fee_recognition
REV-0000405,ORG-200136,PTR-001,2023-07,2166.11,10830.55,straight_line_fee_recognition
REV-0000406,ORG-200136,PTR-001,2023-08,2166.11,12996.66,straight_line_fee_recognition
REV-0000407,ORG-200136,PTR-001,2023-09,2166.11,15162.77,straight_line_fee_recognition
REV-0000408,ORG-200136,PTR-001,2023-10,2166.11,17328.88,straight_line_fee_recognition
REV-0000409,ORG-200137,PTR-001,2023-06,1109.05,1109.05,straight_line_fee_recognition
REV-0000410,ORG-200137,PTR-001,2023-07,1109.05,2218.1,straight_line_fee_recognition
REV-0000411,ORG-200138,PTR-004,2024-04,2784.12,2784.12,straight_line_fee_recognition
REV-0000412,ORG-200138,PTR-004,2024-05,2784.12,5568.24,straight_line_fee_recognition
REV-0000413,ORG-200138,PTR-004,2024-06,2784.12,8352.36,straight_line_fee_recognition
REV-0000414,ORG-200138,PTR-004,2024-07,2784.12,11136.48,straight_line_fee_recognition
REV-0000415,ORG-200139,PTR-001,2022-09,1968.62,1968.62,straight_line_fee_recognition
REV-0000416,ORG-200139,PTR-001,2022-10,1968.62,3937.24,straight_line_fee_recognition
REV-0000417,ORG-200140,PTR-006,2025-01,1709.44,1709.44,straight_line_fee_recognition
REV-0000418,ORG-200140,PTR-006,2025-02,1709.44,3418.88,straight_line_fee_recognition
REV-0000419,ORG-200140,PTR-006,2025-03,1709.44,5128.32,straight_line_fee_recognition
REV-0000420,ORG-200140,PTR-006,2025-04,1709.44,6837.76,straight_line_fee_recognition
REV-0000421,ORG-200141,PTR-006,2022-05,3970.12,3970.12,straight_line_fee_recognition
REV-0000422,ORG-200141,PTR-006,2022-06,3970.12,7940.24,straight_line_fee_recognition
REV-0000423,ORG-200141,PTR-006,2022-07,3970.12,11910.36,straight_line_fee_recognition
REV-0000424,ORG-200142,PTR-001,2024-02,1569.39,1569.39,straight_line_fee_recognition
REV-0000425,ORG-200142,PTR-001,2024-03,1569.39,3138.78,straight_line_fee_recognition
REV-0000426,ORG-200143,PTR-001,2023-10,1361.26,1361.26,straight_line_fee_recognition
REV-0000427,ORG-200143,PTR-001,2023-11,1361.26,2722.52,straight_line_fee_recognition
REV-0000428,ORG-200143,PTR-001,2023-12,1361.26,4083.78,straight_line_fee_recognition
REV-0000429,ORG-200144,PTR-001,2024-01,931.91,931.91,straight_line_fee_recognition
REV-0000430,ORG-200144,PTR-001,2024-02,931.91,1863.82,straight_line_fee_recognition
REV-0000431,ORG-200144,PTR-001,2024-03,931.91,2795.73,straight_line_fee_recognition
REV-0000432,ORG-200145,PTR-005,2025-06,2463.17,2463.17,straight_line_fee_recognition
REV-0000433,ORG-200145,PTR-005,2025-07,2463.17,4926.34,straight_line_fee_recognition
REV-0000434,ORG-200145,PTR-005,2025-08,2463.17,7389.51,straight_line_fee_recognition
REV-0000435,ORG-200146,PTR-004,2024-10,2723.2,2723.2,straight_line_fee_recognition
REV-0000436,ORG-200146,PTR-004,2024-11,2723.2,5446.4,straight_line_fee_recognition
REV-0000437,ORG-200146,PTR-004,2024-12,2723.2,8169.6,straight_line_fee_recognition
REV-0000438,ORG-200146,PTR-004,2025-01,2723.2,10892.8,straight_line_fee_recognition
REV-0000439,ORG-200147,PTR-004,2025-01,6045.65,6045.65,straight_line_fee_recognition
REV-0000440,ORG-200147,PTR-004,2025-03,6045.65,12091.3,straight_line_fee_recognition
REV-0000441,ORG-200147,PTR-004,2025-04,6045.65,18136.95,straight_line_fee_recognition
REV-0000442,ORG-200148,PTR-003,2022-07,5473.16,5473.16,straight_line_fee_recognition
REV-0000443,ORG-200148,PTR-003,2022-08,5473.16,10946.32,straight_line_fee_recognition
REV-0000444,ORG-200148,PTR-003,2022-09,5473.16,16419.48,straight_line_fee_recognition
REV-0000445,ORG-200148,PTR-003,2022-10,5473.16,21892.64,straight_line_fee_recognition
REV-0000446,ORG-200149,PTR-005,2024-03,276.71,276.71,straight_line_fee_recognition
REV-0000447,ORG-200149,PTR-005,2024-04,276.71,553.42,straight_line_fee_recognition
REV-0000448,ORG-200150,PTR-002,2025-03,786.41,786.41,straight_line_fee_recognition
REV-0000449,ORG-200150,PTR-002,2025-04,786.41,1572.82,straight_line_fee_recognition
REV-0000450,ORG-200151,PTR-006,2022-08,1697.21,1697.21,straight_line_fee_recognition
REV-0000451,ORG-200151,PTR-006,2022-09,1697.21,3394.42,straight_line_fee_recognition
REV-0000452,ORG-200151,PTR-006,2022-10,1697.21,5091.63,straight_line_fee_recognition
REV-0000453,ORG-200151,PTR-006,2022-11,1697.21,6788.84,straight_line_fee_recognition
REV-0000454,ORG-200152,PTR-006,2023-10,2836.52,2836.52,straight_line_fee_recognition
REV-0000455,ORG-200152,PTR-006,2023-11,2836.52,5673.04,straight_line_fee_recognition
REV-0000456,ORG-200152,PTR-006,2023-12,2836.52,8509.56,straight_line_fee_recognition
REV-0000457,ORG-200152,PTR-006,2024-01,2836.52,11346.08,straight_line_fee_recognition
REV-0000458,ORG-200153,PTR-004,2025-06,4821.91,4821.91,straight_line_fee_recognition
REV-0000459,ORG-200153,PTR-004,2025-07,4821.91,9643.82,straight_line_fee_recognition
REV-0000460,ORG-200154,PTR-004,2023-10,1231.36,1231.36,straight_line_fee_recognition
REV-0000461,ORG-200154,PTR-004,2023-11,1231.36,2462.72,straight_line_fee_recognition
REV-0000462,ORG-200154,PTR-004,2023-12,1231.36,3694.08,straight_line_fee_recognition
REV-0000463,ORG-200154,PTR-004,2024-01,1231.36,4925.44,straight_line_fee_recognition
REV-0000464,ORG-200155,PTR-001,2024-09,1517.38,1517.38,straight_line_fee_recognition
REV-0000465,ORG-200155,PTR-001,2024-10,1517.38,3034.76,straight_line_fee_recognition
REV-0000466,ORG-200156,PTR-001,2022-04,3670.89,3670.89,straight_line_fee_recognition
REV-0000467,ORG-200156,PTR-001,2022-05,3670.89,7341.78,straight_line_fee_recognition
REV-0000468,ORG-200156,PTR-001,2022-06,3670.89,11012.67,straight_line_fee_recognition
REV-0000469,ORG-200157,PTR-003,2025-12,789.05,789.05,straight_line_fee_recognition
REV-0000470,ORG-200157,PTR-003,2026-01,789.05,1578.1,straight_line_fee_recognition
REV-0000471,ORG-200157,PTR-003,2026-02,789.05,2367.15,straight_line_fee_recognition
REV-0000472,ORG-200158,PTR-004,2023-06,1242.77,1242.77,straight_line_fee_recognition
REV-0000473,ORG-200158,PTR-004,2023-07,1242.77,2485.54,straight_line_fee_recognition
REV-0000474,ORG-200159,PTR-002,2022-11,1320.88,1320.88,straight_line_fee_recognition
REV-0000475,ORG-200159,PTR-002,2022-12,1320.88,2641.76,straight_line_fee_recognition
REV-0000476,ORG-200160,PTR-001,2022-04,199.27,199.27,straight_line_fee_recognition
REV-0000477,ORG-200160,PTR-001,2022-05,199.27,398.54,straight_line_fee_recognition
REV-0000478,ORG-200160,PTR-001,2022-06,199.27,597.81,straight_line_fee_recognition
REV-0000479,ORG-200161,PTR-001,2025-02,1710.61,1710.61,straight_line_fee_recognition
REV-0000480,ORG-200161,PTR-001,2025-03,1710.61,3421.22,straight_line_fee_recognition
REV-0000481,ORG-200161,PTR-001,2025-04,1710.61,5131.83,straight_line_fee_recognition
REV-0000482,ORG-200161,PTR-001,2025-05,1710.61,6842.44,straight_line_fee_recognition
REV-0000483,ORG-200161,PTR-001,2025-06,1710.61,8553.05,straight_line_fee_recognition
REV-0000484,ORG-200161,PTR-001,2025-07,1710.61,10263.66,straight_line_fee_recognition
REV-0000485,ORG-200162,PTR-003,2022-08,752.79,752.79,straight_line_fee_recognition
REV-0000486,ORG-200162,PTR-003,2022-09,752.79,1505.58,straight_line_fee_recognition
REV-0000487,ORG-200162,PTR-003,2022-10,752.79,2258.37,straight_line_fee_recognition
REV-0000488,ORG-200162,PTR-003,2022-11,752.79,3011.16,straight_line_fee_recognition
REV-0000489,ORG-200163,PTR-001,2022-04,1516.91,1516.91,straight_line_fee_recognition
REV-0000490,ORG-200163,PTR-001,2022-05,1516.91,3033.82,straight_line_fee_recognition
REV-0000491,ORG-200163,PTR-001,2022-06,1516.91,4550.73,straight_line_fee_recognition
REV-0000492,ORG-200163,PTR-001,2022-07,1516.91,6067.64,straight_line_fee_recognition
REV-0000493,ORG-200164,PTR-005,2025-04,579.81,579.81,straight_line_fee_recognition
REV-0000494,ORG-200164,PTR-005,2025-05,579.81,1159.62,straight_line_fee_recognition
REV-0000495,ORG-200165,PTR-001,2024-01,3382.0,3382.0,straight_line_fee_recognition
REV-0000496,ORG-200165,PTR-001,2024-02,3382.0,6764.0,straight_line_fee_recognition
REV-0000497,ORG-200165,PTR-001,2024-03,3382.0,10146.0,straight_line_fee_recognition
REV-0000498,ORG-200165,PTR-001,2024-04,3382.0,13528.0,straight_line_fee_recognition
REV-0000499,ORG-200165,PTR-001,2024-05,3382.0,16910.0,straight_line_fee_recognition
REV-0000500,ORG-200166,PTR-006,2022-12,3864.2,3864.2,straight_line_fee_recognition
REV-0000501,ORG-200166,PTR-006,2023-01,3864.2,7728.4,straight_line_fee_recognition
REV-0000502,ORG-200166,PTR-006,2023-02,3864.2,11592.6,straight_line_fee_recognition
REV-0000503,ORG-200167,PTR-001,2025-10,1646.05,1646.05,straight_line_fee_recognition
REV-0000504,ORG-200167,PTR-001,2025-11,1646.05,3292.1,straight_line_fee_recognition
REV-0000505,ORG-200168,PTR-003,2023-03,3337.04,3337.04,straight_line_fee_recognition
REV-0000506,ORG-200168,PTR-003,2023-04,3337.04,6674.08,straight_line_fee_recognition
REV-0000507,ORG-200168,PTR-003,2023-05,3337.04,10011.12,straight_line_fee_recognition
REV-0000508,ORG-200168,PTR-003,2023-06,3337.04,13348.16,straight_line_fee_recognition
REV-0000509,ORG-200169,PTR-002,2023-04,2078.61,2078.61,straight_line_fee_recognition
REV-0000510,ORG-200169,PTR-002,2023-05,2078.61,4157.22,straight_line_fee_recognition
REV-0000511,ORG-200170,PTR-006,2025-07,3859.24,3859.24,straight_line_fee_recognition
REV-0000512,ORG-200170,PTR-006,2025-08,3859.24,7718.48,straight_line_fee_recognition
REV-0000513,ORG-200170,PTR-006,2025-09,3859.24,11577.72,straight_line_fee_recognition
REV-0000514,ORG-200171,PTR-006,2024-09,731.21,731.21,straight_line_fee_recognition
REV-0000515,ORG-200171,PTR-006,2024-10,731.21,1462.42,straight_line_fee_recognition
REV-0000516,ORG-200171,PTR-006,2024-11,731.21,2193.63,straight_line_fee_recognition
REV-0000517,ORG-200171,PTR-006,2024-12,731.21,2924.84,straight_line_fee_recognition
REV-0000518,ORG-200171,PTR-006,2025-01,731.21,3656.05,straight_line_fee_recognition
REV-0000519,ORG-200171,PTR-006,2025-02,731.21,4387.26,straight_line_fee_recognition
REV-0000520,ORG-200171,PTR-006,2025-03,731.21,5118.47,straight_line_fee_recognition
REV-0000521,ORG-200172,PTR-001,2024-03,1460.27,1460.27,straight_line_fee_recognition
REV-0000522,ORG-200172,PTR-001,2024-04,1460.27,2920.54,straight_line_fee_recognition
REV-0000523,ORG-200173,PTR-005,2023-03,1157.21,1157.21,straight_line_fee_recognition
REV-0000524,ORG-200173,PTR-005,2023-04,1157.21,2314.42,straight_line_fee_recognition
REV-0000525,ORG-200174,PTR-004,2024-03,1803.97,1803.97,straight_line_fee_recognition
REV-0000526,ORG-200174,PTR-004,2024-04,1803.97,3607.94,straight_line_fee_recognition
REV-0000527,ORG-200174,PTR-004,2024-05,1803.97,5411.91,straight_line_fee_recognition
REV-0000528,ORG-200174,PTR-004,2024-06,1803.97,7215.88,straight_line_fee_recognition
REV-0000529,ORG-200175,PTR-004,2024-10,6652.17,6652.17,straight_line_fee_recognition
REV-0000530,ORG-200175,PTR-004,2024-10,6652.17,13304.34,straight_line_fee_recognition
REV-0000531,ORG-200175,PTR-004,2024-11,6652.17,19956.51,straight_line_fee_recognition
REV-0000532,ORG-200176,PTR-003,2025-11,2056.67,2056.67,straight_line_fee_recognition
REV-0000533,ORG-200176,PTR-003,2025-12,2056.67,4113.34,straight_line_fee_recognition
REV-0000534,ORG-200177,PTR-004,2026-01,1947.77,1947.77,straight_line_fee_recognition
REV-0000535,ORG-200177,PTR-004,2026-02,1947.77,3895.54,straight_line_fee_recognition
REV-0000536,ORG-200177,PTR-004,2026-03,1947.77,5843.31,straight_line_fee_recognition
REV-0000537,ORG-200177,PTR-004,2026-04,1947.77,7791.08,straight_line_fee_recognition
REV-0000538,ORG-200178,PTR-002,2023-03,1303.53,1303.53,straight_line_fee_recognition
REV-0000539,ORG-200178,PTR-002,2023-04,1303.53,2607.06,straight_line_fee_recognition
REV-0000540,ORG-200179,PTR-001,2023-02,241.28,241.28,straight_line_fee_recognition
REV-0000541,ORG-200179,PTR-001,2023-03,241.28,482.56,straight_line_fee_recognition
REV-0000542,ORG-200179,PTR-001,2023-04,241.28,723.84,straight_line_fee_recognition
REV-0000543,ORG-200180,PTR-004,2024-01,268.03,268.03,straight_line_fee_recognition
REV-0000544,ORG-200180,PTR-004,2024-02,268.03,536.06,straight_line_fee_recognition
REV-0000545,ORG-200180,PTR-004,2024-03,268.03,804.09,straight_line_fee_recognition
REV-0000546,ORG-200180,PTR-004,2024-04,268.03,1072.12,straight_line_fee_recognition
REV-0000547,ORG-200180,PTR-004,2024-05,268.03,1340.15,straight_line_fee_recognition
REV-0000548,ORG-200181,PTR-002,2025-11,846.61,846.61,straight_line_fee_recognition
REV-0000549,ORG-200181,PTR-002,2025-12,846.61,1693.22,straight_line_fee_recognition
REV-0000550,ORG-200181,PTR-002,2026-01,846.61,2539.83,straight_line_fee_recognition
REV-0000551,ORG-200181,PTR-002,2026-02,846.61,3386.44,straight_line_fee_recognition
REV-0000552,ORG-200181,PTR-002,2026-03,846.61,4233.05,straight_line_fee_recognition
REV-0000553,ORG-200181,PTR-002,2026-04,846.61,5079.66,straight_line_fee_recognition
REV-0000554,ORG-200181,PTR-002,2026-05,846.61,5926.27,straight_line_fee_recognition
REV-0000555,ORG-200182,PTR-004,2023-05,1183.05,1183.05,straight_line_fee_recognition
REV-0000556,ORG-200182,PTR-004,2023-06,1183.05,2366.1,straight_line_fee_recognition
REV-0000557,ORG-200182,PTR-004,2023-07,1183.05,3549.15,straight_line_fee_recognition
REV-0000558,ORG-200182,PTR-004,2023-08,1183.05,4732.2,straight_line_fee_recognition
REV-0000559,ORG-200183,PTR-001,2022-04,3627.32,3627.32,straight_line_fee_recognition
REV-0000560,ORG-200183,PTR-001,2022-05,3627.32,7254.64,straight_line_fee_recognition
REV-0000561,ORG-200183,PTR-001,2022-06,3627.32,10881.96,straight_line_fee_recognition
REV-0000562,ORG-200184,PTR-005,2024-07,1426.19,1426.19,straight_line_fee_recognition
REV-0000563,ORG-200184,PTR-005,2024-08,1426.19,2852.38,straight_line_fee_recognition
REV-0000564,ORG-200184,PTR-005,2024-09,1426.19,4278.57,straight_line_fee_recognition
REV-0000565,ORG-200185,PTR-003,2025-10,731.65,731.65,straight_line_fee_recognition
REV-0000566,ORG-200185,PTR-003,2025-11,731.65,1463.3,straight_line_fee_recognition
REV-0000567,ORG-200185,PTR-003,2025-12,731.65,2194.95,straight_line_fee_recognition
REV-0000568,ORG-200185,PTR-003,2026-01,731.65,2926.6,straight_line_fee_recognition
REV-0000569,ORG-200185,PTR-003,2026-02,731.65,3658.25,straight_line_fee_recognition
REV-0000570,ORG-200185,PTR-003,2026-03,731.65,4389.9,straight_line_fee_recognition
REV-0000571,ORG-200186,PTR-004,2023-05,2966.2,2966.2,straight_line_fee_recognition
REV-0000572,ORG-200186,PTR-004,2023-06,2966.2,5932.4,straight_line_fee_recognition
REV-0000573,ORG-200186,PTR-004,2023-07,2966.2,8898.6,straight_line_fee_recognition
REV-0000574,ORG-200186,PTR-004,2023-08,2966.2,11864.8,straight_line_fee_recognition
REV-0000575,ORG-200186,PTR-004,2023-08,2966.2,14831.0,straight_line_fee_recognition
REV-0000576,ORG-200186,PTR-004,2023-09,2966.2,17797.2,straight_line_fee_recognition
REV-0000577,ORG-200186,PTR-004,2023-10,2966.2,20763.4,straight_line_fee_recognition
REV-0000578,ORG-200186,PTR-004,2023-11,2966.2,23729.6,straight_line_fee_recognition
REV-0000579,ORG-200187,PTR-006,2025-02,309.67,309.67,straight_line_fee_recognition
REV-0000580,ORG-200187,PTR-006,2025-03,309.67,619.34,straight_line_fee_recognition
REV-0000581,ORG-200188,PTR-001,2023-01,135.64,135.64,straight_line_fee_recognition
REV-0000582,ORG-200188,PTR-001,2023-02,135.64,271.28,straight_line_fee_recognition
REV-0000583,ORG-200188,PTR-001,2023-03,135.64,406.92,straight_line_fee_recognition
REV-0000584,ORG-200188,PTR-001,2023-04,135.64,542.56,straight_line_fee_recognition
REV-0000585,ORG-200188,PTR-001,2023-05,135.64,678.2,straight_line_fee_recognition
REV-0000586,ORG-200188,PTR-001,2023-06,135.64,813.84,straight_line_fee_recognition
REV-0000587,ORG-200189,PTR-002,2025-11,3179.83,3179.83,straight_line_fee_recognition
REV-0000588,ORG-200189,PTR-002,2025-12,3179.83,6359.66,straight_line_fee_recognition
REV-0000589,ORG-200189,PTR-002,2026-01,3179.83,9539.49,straight_line_fee_recognition
REV-0000590,ORG-200189,PTR-002,2026-02,3179.83,12719.32,straight_line_fee_recognition
REV-0000591,ORG-200189,PTR-002,2026-03,3179.83,15899.15,straight_line_fee_recognition
REV-0000592,ORG-200189,PTR-002,2026-04,3179.83,19078.98,straight_line_fee_recognition
REV-0000593,ORG-200189,PTR-002,2026-05,3179.83,22258.81,straight_line_fee_recognition
REV-0000594,ORG-200190,PTR-006,2026-04,997.24,997.24,straight_line_fee_recognition
REV-0000595,ORG-200190,PTR-006,2026-05,997.24,1994.48,straight_line_fee_recognition
REV-0000596,ORG-200190,PTR-006,2026-05,997.24,2991.72,straight_line_fee_recognition
REV-0000597,ORG-200191,PTR-006,2024-10,711.88,711.88,straight_line_fee_recognition
REV-0000598,ORG-200191,PTR-006,2024-11,711.88,1423.76,straight_line_fee_recognition
REV-0000599,ORG-200191,PTR-006,2024-12,711.88,2135.64,straight_line_fee_recognition
REV-0000600,ORG-200192,PTR-006,2023-04,1449.86,1449.86,straight_line_fee_recognition
REV-0000601,ORG-200192,PTR-006,2023-05,1449.86,2899.72,straight_line_fee_recognition
REV-0000602,ORG-200192,PTR-006,2023-06,1449.86,4349.58,straight_line_fee_recognition
REV-0000603,ORG-200193,PTR-004,2022-01,2597.62,2597.62,straight_line_fee_recognition
REV-0000604,ORG-200193,PTR-004,2022-02,2597.62,5195.24,straight_line_fee_recognition
REV-0000605,ORG-200193,PTR-004,2022-03,2597.62,7792.86,straight_line_fee_recognition
REV-0000606,ORG-200193,PTR-004,2022-04,2597.62,10390.48,straight_line_fee_recognition
REV-0000607,ORG-200193,PTR-004,2022-05,2597.62,12988.1,straight_line_fee_recognition
REV-0000608,ORG-200193,PTR-004,2022-06,2597.62,15585.72,straight_line_fee_recognition
REV-0000609,ORG-200194,PTR-004,2024-05,1676.89,1676.89,straight_line_fee_recognition
REV-0000610,ORG-200194,PTR-004,2024-06,1676.89,3353.78,straight_line_fee_recognition
REV-0000611,ORG-200194,PTR-004,2024-07,1676.89,5030.67,straight_line_fee_recognition
REV-0000612,ORG-200195,PTR-002,2022-09,952.13,952.13,straight_line_fee_recognition
REV-0000613,ORG-200195,PTR-002,2022-10,952.13,1904.26,straight_line_fee_recognition
REV-0000614,ORG-200195,PTR-002,2022-11,952.13,2856.39,straight_line_fee_recognition
REV-0000615,ORG-200196,PTR-004,2022-07,296.9,296.9,straight_line_fee_recognition
REV-0000616,ORG-200196,PTR-004,2022-08,296.9,593.8,straight_line_fee_recognition
REV-0000617,ORG-200197,PTR-001,2025-04,1807.49,1807.49,straight_line_fee_recognition
REV-0000618,ORG-200197,PTR-001,2025-05,1807.49,3614.98,straight_line_fee_recognition
REV-0000619,ORG-200197,PTR-001,2025-06,1807.49,5422.47,straight_line_fee_recognition
REV-0000620,ORG-200197,PTR-001,2025-07,1807.49,7229.96,straight_line_fee_recognition
REV-0000621,ORG-200198,PTR-002,2024-06,1684.56,1684.56,straight_line_fee_recognition
REV-0000622,ORG-200198,PTR-002,2024-07,1684.56,3369.12,straight_line_fee_recognition
REV-0000623,ORG-200199,PTR-006,2024-05,3365.57,3365.57,straight_line_fee_recognition
REV-0000624,ORG-200199,PTR-006,2024-06,3365.57,6731.14,straight_line_fee_recognition
REV-0000625,ORG-200200,PTR-006,2025-09,304.35,304.35,straight_line_fee_recognition
REV-0000626,ORG-200200,PTR-006,2025-10,304.35,608.7,straight_line_fee_recognition
REV-0000627,ORG-200200,PTR-006,2025-11,304.35,913.05,straight_line_fee_recognition
REV-0000628,ORG-200200,PTR-006,2025-12,304.35,1217.4,straight_line_fee_recognition
REV-0000629,ORG-200200,PTR-006,2026-01,304.35,1521.75,straight_line_fee_recognition
REV-0000630,ORG-200200,PTR-006,2026-02,304.35,1826.1,straight_line_fee_recognition
REV-0000631,ORG-200201,PTR-006,2024-06,1879.97,1879.97,straight_line_fee_recognition
REV-0000632,ORG-200201,PTR-006,2024-07,1879.97,3759.94,straight_line_fee_recognition
REV-0000633,ORG-200201,PTR-006,2024-08,1879.97,5639.91,straight_line_fee_recognition
REV-0000634,ORG-200201,PTR-006,2024-09,1879.97,7519.88,straight_line_fee_recognition
REV-0000635,ORG-200201,PTR-006,2024-10,1879.97,9399.85,straight_line_fee_recognition
REV-0000636,ORG-200201,PTR-006,2024-11,1879.97,11279.82,straight_line_fee_recognition
REV-0000637,ORG-200201,PTR-006,2024-12,1879.97,13159.79,straight_line_fee_recognition
REV-0000638,ORG-200202,PTR-003,2024-02,2340.7,2340.7,straight_line_fee_recognition
REV-0000639,ORG-200202,PTR-003,2024-03,2340.7,4681.4,straight_line_fee_recognition
REV-0000640,ORG-200202,PTR-003,2024-04,2340.7,7022.1,straight_line_fee_recognition
REV-0000641,ORG-200202,PTR-003,2024-05,2340.7,9362.8,straight_line_fee_recognition
REV-0000642,ORG-200202,PTR-003,2024-06,2340.7,11703.5,straight_line_fee_recognition
REV-0000643,ORG-200203,PTR-002,2022-09,1909.53,1909.53,straight_line_fee_recognition
REV-0000644,ORG-200203,PTR-002,2022-10,1909.53,3819.06,straight_line_fee_recognition
REV-0000645,ORG-200203,PTR-002,2022-11,1909.53,5728.59,straight_line_fee_recognition
REV-0000646,ORG-200203,PTR-002,2022-12,1909.53,7638.12,straight_line_fee_recognition
REV-0000647,ORG-200203,PTR-002,2023-01,1909.53,9547.65,straight_line_fee_recognition
REV-0000648,ORG-200203,PTR-002,2023-02,1909.53,11457.18,straight_line_fee_recognition
REV-0000649,ORG-200204,PTR-005,2023-01,4694.57,4694.57,straight_line_fee_recognition
REV-0000650,ORG-200204,PTR-005,2023-02,4694.57,9389.14,straight_line_fee_recognition
REV-0000651,ORG-200204,PTR-005,2023-03,4694.57,14083.71,straight_line_fee_recognition
REV-0000652,ORG-200204,PTR-005,2023-04,4694.57,18778.28,straight_line_fee_recognition
REV-0000653,ORG-200205,PTR-001,2024-07,1636.12,1636.12,straight_line_fee_recognition
REV-0000654,ORG-200205,PTR-001,2024-08,1636.12,3272.24,straight_line_fee_recognition
REV-0000655,ORG-200206,PTR-002,2023-05,1474.98,1474.98,straight_line_fee_recognition
REV-0000656,ORG-200206,PTR-002,2023-06,1474.98,2949.96,straight_line_fee_recognition
REV-0000657,ORG-200206,PTR-002,2023-07,1474.98,4424.94,straight_line_fee_recognition
REV-0000658,ORG-200206,PTR-002,2023-08,1474.98,5899.92,straight_line_fee_recognition
REV-0000659,ORG-200207,PTR-001,2022-06,1642.56,1642.56,straight_line_fee_recognition
REV-0000660,ORG-200207,PTR-001,2022-07,1642.56,3285.12,straight_line_fee_recognition
REV-0000661,ORG-200207,PTR-001,2022-08,1642.56,4927.68,straight_line_fee_recognition
REV-0000662,ORG-200208,PTR-002,2023-01,532.28,532.28,straight_line_fee_recognition
REV-0000663,ORG-200208,PTR-002,2023-02,532.28,1064.56,straight_line_fee_recognition
REV-0000664,ORG-200208,PTR-002,2023-03,532.28,1596.84,straight_line_fee_recognition
REV-0000665,ORG-200208,PTR-002,2023-04,532.28,2129.12,straight_line_fee_recognition
REV-0000666,ORG-200208,PTR-002,2023-05,532.28,2661.4,straight_line_fee_recognition
REV-0000667,ORG-200209,PTR-002,2023-02,398.26,398.26,straight_line_fee_recognition
REV-0000668,ORG-200209,PTR-002,2023-03,398.26,796.52,straight_line_fee_recognition
REV-0000669,ORG-200209,PTR-002,2023-04,398.26,1194.78,straight_line_fee_recognition
REV-0000670,ORG-200209,PTR-002,2023-05,398.26,1593.04,straight_line_fee_recognition
REV-0000671,ORG-200210,PTR-004,2026-01,2706.99,2706.99,straight_line_fee_recognition
REV-0000672,ORG-200210,PTR-004,2026-02,2706.99,5413.98,straight_line_fee_recognition
REV-0000673,ORG-200211,PTR-005,2024-10,1535.34,1535.34,straight_line_fee_recognition
REV-0000674,ORG-200211,PTR-005,2024-11,1535.34,3070.68,straight_line_fee_recognition
REV-0000675,ORG-200212,PTR-004,2022-11,1414.79,1414.79,straight_line_fee_recognition
REV-0000676,ORG-200212,PTR-004,2022-12,1414.79,2829.58,straight_line_fee_recognition
REV-0000677,ORG-200212,PTR-004,2023-01,1414.79,4244.37,straight_line_fee_recognition
REV-0000678,ORG-200212,PTR-004,2023-02,1414.79,5659.16,straight_line_fee_recognition
REV-0000679,ORG-200212,PTR-004,2023-03,1414.79,7073.95,straight_line_fee_recognition
REV-0000680,ORG-200213,PTR-003,2024-05,751.36,751.36,straight_line_fee_recognition
REV-0000681,ORG-200213,PTR-003,2024-06,751.36,1502.72,straight_line_fee_recognition
REV-0000682,ORG-200213,PTR-003,2024-07,751.36,2254.08,straight_line_fee_recognition
REV-0000683,ORG-200214,PTR-001,2023-08,5076.78,5076.78,straight_line_fee_recognition
REV-0000684,ORG-200214,PTR-001,2023-09,5076.78,10153.56,straight_line_fee_recognition
REV-0000685,ORG-200214,PTR-001,2023-10,5076.78,15230.34,straight_line_fee_recognition
REV-0000686,ORG-200214,PTR-001,2023-11,5076.78,20307.12,straight_line_fee_recognition
REV-0000687,ORG-200214,PTR-001,2023-12,5076.78,25383.9,straight_line_fee_recognition
REV-0000688,ORG-200215,PTR-006,2026-02,220.75,220.75,straight_line_fee_recognition
REV-0000689,ORG-200215,PTR-006,2026-03,220.75,441.5,straight_line_fee_recognition
REV-0000690,ORG-200215,PTR-006,2026-04,220.75,662.25,straight_line_fee_recognition
REV-0000691,ORG-200215,PTR-006,2026-05,220.75,883.0,straight_line_fee_recognition
REV-0000692,ORG-200216,PTR-003,2024-07,1625.66,1625.66,straight_line_fee_recognition
REV-0000693,ORG-200216,PTR-003,2024-08,1625.66,3251.32,straight_line_fee_recognition
REV-0000694,ORG-200217,PTR-006,2024-04,1092.23,1092.23,straight_line_fee_recognition
REV-0000695,ORG-200217,PTR-006,2024-05,1092.23,2184.46,straight_line_fee_recognition
REV-0000696,ORG-200217,PTR-006,2024-06,1092.23,3276.69,straight_line_fee_recognition
REV-0000697,ORG-200217,PTR-006,2024-07,1092.23,4368.92,straight_line_fee_recognition
REV-0000698,ORG-200218,PTR-004,2025-10,1646.86,1646.86,straight_line_fee_recognition
REV-0000699,ORG-200218,PTR-004,2025-11,1646.86,3293.72,straight_line_fee_recognition
REV-0000700,ORG-200218,PTR-004,2025-12,1646.86,4940.58,straight_line_fee_recognition
REV-0000701,ORG-200218,PTR-004,2026-01,1646.86,6587.44,straight_line_fee_recognition
REV-0000702,ORG-200218,PTR-004,2026-02,1646.86,8234.3,straight_line_fee_recognition
REV-0000703,ORG-200218,PTR-004,2026-03,1646.86,9881.16,straight_line_fee_recognition
REV-0000704,ORG-200219,PTR-002,2024-02,2906.31,2906.31,straight_line_fee_recognition
REV-0000705,ORG-200219,PTR-002,2024-03,2906.31,5812.62,straight_line_fee_recognition
REV-0000706,ORG-200219,PTR-002,2024-04,2906.31,8718.93,straight_line_fee_recognition
REV-0000707,ORG-200220,PTR-006,2023-05,1724.17,1724.17,straight_line_fee_recognition
REV-0000708,ORG-200220,PTR-006,2023-06,1724.17,3448.34,straight_line_fee_recognition
REV-0000709,ORG-200220,PTR-006,2023-07,1724.17,5172.51,straight_line_fee_recognition
REV-0000710,ORG-200220,PTR-006,2023-08,1724.17,6896.68,straight_line_fee_recognition
REV-0000711,ORG-200220,PTR-006,2023-09,1724.17,8620.85,straight_line_fee_recognition
REV-0000712,ORG-200221,PTR-005,2025-05,2399.36,2399.36,straight_line_fee_recognition
REV-0000713,ORG-200221,PTR-005,2025-06,2399.36,4798.72,straight_line_fee_recognition
REV-0000714,ORG-200221,PTR-005,2025-07,2399.36,7198.08,straight_line_fee_recognition
REV-0000715,ORG-200222,PTR-004,2024-01,338.97,338.97,straight_line_fee_recognition
REV-0000716,ORG-200222,PTR-004,2024-02,338.97,677.94,straight_line_fee_recognition
REV-0000717,ORG-200223,PTR-002,2025-03,713.87,713.87,straight_line_fee_recognition
REV-0000718,ORG-200223,PTR-002,2025-04,713.87,1427.74,straight_line_fee_recognition
REV-0000719,ORG-200224,PTR-003,2024-05,745.59,745.59,straight_line_fee_recognition
REV-0000720,ORG-200224,PTR-003,2024-06,745.59,1491.18,straight_line_fee_recognition
REV-0000721,ORG-200224,PTR-003,2024-07,745.59,2236.77,straight_line_fee_recognition
REV-0000722,ORG-200224,PTR-003,2024-08,745.59,2982.36,straight_line_fee_recognition
REV-0000723,ORG-200224,PTR-003,2024-09,745.59,3727.95,straight_line_fee_recognition
REV-0000724,ORG-200225,PTR-001,2022-05,2092.64,2092.64,straight_line_fee_recognition
REV-0000725,ORG-200225,PTR-001,2022-06,2092.64,4185.28,straight_line_fee_recognition
REV-0000726,ORG-200225,PTR-001,2022-07,2092.64,6277.92,straight_line_fee_recognition
REV-0000727,ORG-200225,PTR-001,2022-08,2092.64,8370.56,straight_line_fee_recognition
REV-0000728,ORG-200225,PTR-001,2022-09,2092.64,10463.2,straight_line_fee_recognition
REV-0000729,ORG-200225,PTR-001,2022-10,2092.64,12555.84,straight_line_fee_recognition
REV-0000730,ORG-200225,PTR-001,2022-11,2092.64,14648.48,straight_line_fee_recognition
REV-0000731,ORG-200225,PTR-001,2022-12,2092.64,16741.12,straight_line_fee_recognition
REV-0000732,ORG-200226,PTR-005,2024-08,2398.44,2398.44,straight_line_fee_recognition
REV-0000733,ORG-200226,PTR-005,2024-09,2398.44,4796.88,straight_line_fee_recognition
REV-0000734,ORG-200226,PTR-005,2024-10,2398.44,7195.32,straight_line_fee_recognition
REV-0000735,ORG-200227,PTR-003,2023-02,477.44,477.44,straight_line_fee_recognition
REV-0000736,ORG-200227,PTR-003,2023-03,477.44,954.88,straight_line_fee_recognition
REV-0000737,ORG-200228,PTR-006,2024-12,3912.24,3912.24,straight_line_fee_recognition
REV-0000738,ORG-200228,PTR-006,2025-01,3912.24,7824.48,straight_line_fee_recognition
REV-0000739,ORG-200229,PTR-005,2025-04,4345.85,4345.85,straight_line_fee_recognition
REV-0000740,ORG-200229,PTR-005,2025-05,4345.85,8691.7,straight_line_fee_recognition
REV-0000741,ORG-200230,PTR-003,2025-03,3027.34,3027.34,straight_line_fee_recognition
REV-0000742,ORG-200230,PTR-003,2025-04,3027.34,6054.68,straight_line_fee_recognition
REV-0000743,ORG-200230,PTR-003,2025-05,3027.34,9082.02,straight_line_fee_recognition
REV-0000744,ORG-200231,PTR-003,2026-03,3575.88,3575.88,straight_line_fee_recognition
REV-0000745,ORG-200231,PTR-003,2026-04,3575.88,7151.76,straight_line_fee_recognition
REV-0000746,ORG-200231,PTR-003,2026-05,3575.88,10727.64,straight_line_fee_recognition
REV-0000747,ORG-200231,PTR-003,2026-06,3575.88,14303.52,straight_line_fee_recognition
REV-0000748,ORG-200232,PTR-003,2023-09,2921.74,2921.74,straight_line_fee_recognition
REV-0000749,ORG-200232,PTR-003,2023-10,2921.74,5843.48,straight_line_fee_recognition
REV-0000750,ORG-200233,PTR-006,2024-07,1589.47,1589.47,straight_line_fee_recognition
REV-0000751,ORG-200233,PTR-006,2024-08,1589.47,3178.94,straight_line_fee_recognition
REV-0000752,ORG-200234,PTR-002,2022-08,1890.75,1890.75,straight_line_fee_recognition
REV-0000753,ORG-200234,PTR-002,2022-09,1890.75,3781.5,straight_line_fee_recognition
REV-0000754,ORG-200234,PTR-002,2022-10,1890.75,5672.25,straight_line_fee_recognition
REV-0000755,ORG-200235,PTR-004,2023-01,1532.81,1532.81,straight_line_fee_recognition
REV-0000756,ORG-200235,PTR-004,2023-02,1532.81,3065.62,straight_line_fee_recognition
REV-0000757,ORG-200235,PTR-004,2023-03,1532.81,4598.43,straight_line_fee_recognition
REV-0000758,ORG-200235,PTR-004,2023-04,1532.81,6131.24,straight_line_fee_recognition
REV-0000759,ORG-200236,PTR-005,2022-01,272.0,272.0,straight_line_fee_recognition
REV-0000760,ORG-200236,PTR-005,2022-02,272.0,544.0,straight_line_fee_recognition
REV-0000761,ORG-200236,PTR-005,2022-03,272.0,816.0,straight_line_fee_recognition
REV-0000762,ORG-200236,PTR-005,2022-04,272.0,1088.0,straight_line_fee_recognition
REV-0000763,ORG-200237,PTR-004,2024-02,1668.76,1668.76,straight_line_fee_recognition
REV-0000764,ORG-200237,PTR-004,2024-03,1668.76,3337.52,straight_line_fee_recognition
REV-0000765,ORG-200237,PTR-004,2024-04,1668.76,5006.28,straight_line_fee_recognition
REV-0000766,ORG-200237,PTR-004,2024-05,1668.76,6675.04,straight_line_fee_recognition
REV-0000767,ORG-200238,PTR-004,2022-07,1259.54,1259.54,straight_line_fee_recognition
REV-0000768,ORG-200238,PTR-004,2022-08,1259.54,2519.08,straight_line_fee_recognition
REV-0000769,ORG-200239,PTR-006,2022-01,1844.73,1844.73,straight_line_fee_recognition
REV-0000770,ORG-200239,PTR-006,2022-02,1844.73,3689.46,straight_line_fee_recognition
REV-0000771,ORG-200239,PTR-006,2022-03,1844.73,5534.19,straight_line_fee_recognition
REV-0000772,ORG-200240,PTR-005,2023-05,5276.2,5276.2,straight_line_fee_recognition
REV-0000773,ORG-200240,PTR-005,2023-06,5276.2,10552.4,straight_line_fee_recognition
REV-0000774,ORG-200241,PTR-002,2024-07,266.98,266.98,straight_line_fee_recognition
REV-0000775,ORG-200241,PTR-002,2024-08,266.98,533.96,straight_line_fee_recognition
REV-0000776,ORG-200242,PTR-002,2024-08,2897.93,2897.93,straight_line_fee_recognition
REV-0000777,ORG-200242,PTR-002,2024-09,2897.93,5795.86,straight_line_fee_recognition
REV-0000778,ORG-200242,PTR-002,2024-10,2897.93,8693.79,straight_line_fee_recognition
REV-0000779,ORG-200242,PTR-002,2024-11,2897.93,11591.72,straight_line_fee_recognition
REV-0000780,ORG-200243,PTR-001,2026-01,2706.87,2706.87,straight_line_fee_recognition
REV-0000781,ORG-200243,PTR-001,2026-02,2706.87,5413.74,straight_line_fee_recognition
REV-0000782,ORG-200244,PTR-005,2024-03,985.9,985.9,straight_line_fee_recognition
REV-0000783,ORG-200244,PTR-005,2024-04,985.9,1971.8,straight_line_fee_recognition
REV-0000784,ORG-200245,PTR-001,2024-10,3802.33,3802.33,straight_line_fee_recognition
REV-0000785,ORG-200245,PTR-001,2024-11,3802.33,7604.66,straight_line_fee_recognition
REV-0000786,ORG-200245,PTR-001,2024-12,3802.33,11406.99,straight_line_fee_recognition
REV-0000787,ORG-200246,PTR-006,2024-09,921.87,921.87,straight_line_fee_recognition
REV-0000788,ORG-200246,PTR-006,2024-10,921.87,1843.74,straight_line_fee_recognition
REV-0000789,ORG-200247,PTR-003,2024-02,6128.76,6128.76,straight_line_fee_recognition
REV-0000790,ORG-200247,PTR-003,2024-03,6128.76,12257.52,straight_line_fee_recognition
REV-0000791,ORG-200247,PTR-003,2024-04,6128.76,18386.28,straight_line_fee_recognition
REV-0000792,ORG-200247,PTR-003,2024-05,6128.76,24515.04,straight_line_fee_recognition
REV-0000793,ORG-200247,PTR-003,2024-06,6128.76,30643.8,straight_line_fee_recognition
REV-0000794,ORG-200248,PTR-006,2025-01,990.32,990.32,straight_line_fee_recognition
REV-0000795,ORG-200248,PTR-006,2025-02,990.32,1980.64,straight_line_fee_recognition
REV-0000796,ORG-200249,PTR-006,2026-04,5032.32,5032.32,straight_line_fee_recognition
REV-0000797,ORG-200249,PTR-006,2026-05,5032.32,10064.64,straight_line_fee_recognition
REV-0000798,ORG-200250,PTR-001,2024-05,1862.45,1862.45,straight_line_fee_recognition
REV-0000799,ORG-200250,PTR-001,2024-06,1862.45,3724.9,straight_line_fee_recognition
REV-0000800,ORG-200250,PTR-001,2024-07,1862.45,5587.35,straight_line_fee_recognition
REV-0000801,ORG-200251,PTR-004,2025-12,2617.49,2617.49,straight_line_fee_recognition
REV-0000802,ORG-200251,PTR-004,2026-01,2617.49,5234.98,straight_line_fee_recognition
REV-0000803,ORG-200251,PTR-004,2026-02,2617.49,7852.47,straight_line_fee_recognition
REV-0000804,ORG-200251,PTR-004,2026-03,2617.49,10469.96,straight_line_fee_recognition
REV-0000805,ORG-200251,PTR-004,2026-04,2617.49,13087.45,straight_line_fee_recognition
REV-0000806,ORG-200252,PTR-003,2026-02,1179.53,1179.53,straight_line_fee_recognition
REV-0000807,ORG-200252,PTR-003,2026-03,1179.53,2359.06,straight_line_fee_recognition
REV-0000808,ORG-200253,PTR-003,2022-03,4187.46,4187.46,straight_line_fee_recognition
REV-0000809,ORG-200253,PTR-003,2022-04,4187.46,8374.92,straight_line_fee_recognition
REV-0000810,ORG-200253,PTR-003,2022-05,4187.46,12562.38,straight_line_fee_recognition
REV-0000811,ORG-200253,PTR-003,2022-06,4187.46,16749.84,straight_line_fee_recognition
REV-0000812,ORG-200253,PTR-003,2022-07,4187.46,20937.3,straight_line_fee_recognition
REV-0000813,ORG-200254,PTR-006,2025-08,2171.7,2171.7,straight_line_fee_recognition
REV-0000814,ORG-200254,PTR-006,2025-09,2171.7,4343.4,straight_line_fee_recognition
REV-0000815,ORG-200255,PTR-005,2023-08,4957.9,4957.9,straight_line_fee_recognition
REV-0000816,ORG-200255,PTR-005,2023-09,4957.9,9915.8,straight_line_fee_recognition
REV-0000817,ORG-200256,PTR-003,2025-08,2125.82,2125.82,straight_line_fee_recognition
REV-0000818,ORG-200256,PTR-003,2025-09,2125.82,4251.64,straight_line_fee_recognition
REV-0000819,ORG-200256,PTR-003,2025-10,2125.82,6377.46,straight_line_fee_recognition
REV-0000820,ORG-200256,PTR-003,2025-11,2125.82,8503.28,straight_line_fee_recognition
REV-0000821,ORG-200256,PTR-003,2025-12,2125.82,10629.1,straight_line_fee_recognition
REV-0000822,ORG-200257,PTR-002,2022-04,3259.63,3259.63,straight_line_fee_recognition
REV-0000823,ORG-200257,PTR-002,2022-05,3259.63,6519.26,straight_line_fee_recognition
REV-0000824,ORG-200257,PTR-002,2022-06,3259.63,9778.89,straight_line_fee_recognition
REV-0000825,ORG-200257,PTR-002,2022-07,3259.63,13038.52,straight_line_fee_recognition
REV-0000826,ORG-200258,PTR-002,2025-03,1845.76,1845.76,straight_line_fee_recognition
REV-0000827,ORG-200258,PTR-002,2025-04,1845.76,3691.52,straight_line_fee_recognition
REV-0000828,ORG-200258,PTR-002,2025-05,1845.76,5537.28,straight_line_fee_recognition
REV-0000829,ORG-200258,PTR-002,2025-06,1845.76,7383.04,straight_line_fee_recognition
REV-0000830,ORG-200259,PTR-005,2025-10,245.01,245.01,straight_line_fee_recognition
REV-0000831,ORG-200259,PTR-005,2025-11,245.01,490.02,straight_line_fee_recognition
REV-0000832,ORG-200259,PTR-005,2025-12,245.01,735.03,straight_line_fee_recognition
REV-0000833,ORG-200259,PTR-005,2026-01,245.01,980.04,straight_line_fee_recognition
REV-0000834,ORG-200260,PTR-002,2025-09,1206.49,1206.49,straight_line_fee_recognition
REV-0000835,ORG-200260,PTR-002,2025-10,1206.49,2412.98,straight_line_fee_recognition
REV-0000836,ORG-200260,PTR-002,2025-11,1206.49,3619.47,straight_line_fee_recognition
REV-0000837,ORG-200261,PTR-003,2024-10,758.12,758.12,straight_line_fee_recognition
REV-0000838,ORG-200261,PTR-003,2024-11,758.12,1516.24,straight_line_fee_recognition
REV-0000839,ORG-200262,PTR-006,2022-09,641.06,641.06,straight_line_fee_recognition
REV-0000840,ORG-200262,PTR-006,2022-10,641.06,1282.12,straight_line_fee_recognition
REV-0000841,ORG-200262,PTR-006,2022-11,641.06,1923.18,straight_line_fee_recognition
REV-0000842,ORG-200262,PTR-006,2022-12,641.06,2564.24,straight_line_fee_recognition
REV-0000843,ORG-200263,PTR-001,2023-11,679.46,679.46,straight_line_fee_recognition
REV-0000844,ORG-200263,PTR-001,2023-12,679.46,1358.92,straight_line_fee_recognition
REV-0000845,ORG-200264,PTR-002,2022-11,6039.1,6039.1,straight_line_fee_recognition
REV-0000846,ORG-200264,PTR-002,2022-12,6039.1,12078.2,straight_line_fee_recognition
REV-0000847,ORG-200265,PTR-001,2025-11,1576.25,1576.25,straight_line_fee_recognition
REV-0000848,ORG-200265,PTR-001,2025-12,1576.25,3152.5,straight_line_fee_recognition
REV-0000849,ORG-200265,PTR-001,2026-01,1576.25,4728.75,straight_line_fee_recognition
REV-0000850,ORG-200265,PTR-001,2026-02,1576.25,6305.0,straight_line_fee_recognition
REV-0000851,ORG-200265,PTR-001,2026-03,1576.25,7881.25,straight_line_fee_recognition
REV-0000852,ORG-200266,PTR-002,2022-10,163.04,163.04,straight_line_fee_recognition
REV-0000853,ORG-200266,PTR-002,2022-10,163.04,326.08,straight_line_fee_recognition
REV-0000854,ORG-200266,PTR-002,2022-11,163.04,489.12,straight_line_fee_recognition
REV-0000855,ORG-200266,PTR-002,2022-12,163.04,652.16,straight_line_fee_recognition
REV-0000856,ORG-200267,PTR-002,2023-01,1171.39,1171.39,straight_line_fee_recognition
REV-0000857,ORG-200267,PTR-002,2023-02,1171.39,2342.78,straight_line_fee_recognition
REV-0000858,ORG-200268,PTR-002,2022-06,1014.38,1014.38,straight_line_fee_recognition
REV-0000859,ORG-200268,PTR-002,2022-07,1014.38,2028.76,straight_line_fee_recognition
REV-0000860,ORG-200268,PTR-002,2022-08,1014.38,3043.14,straight_line_fee_recognition
REV-0000861,ORG-200268,PTR-002,2022-09,1014.38,4057.52,straight_line_fee_recognition
REV-0000862,ORG-200268,PTR-002,2022-10,1014.38,5071.9,straight_line_fee_recognition
REV-0000863,ORG-200269,PTR-003,2025-05,1977.54,1977.54,straight_line_fee_recognition
REV-0000864,ORG-200269,PTR-003,2025-06,1977.54,3955.08,straight_line_fee_recognition
REV-0000865,ORG-200269,PTR-003,2025-07,1977.54,5932.62,straight_line_fee_recognition
REV-0000866,ORG-200269,PTR-003,2025-08,1977.54,7910.16,straight_line_fee_recognition
REV-0000867,ORG-200270,PTR-004,2025-01,3304.31,3304.31,straight_line_fee_recognition
REV-0000868,ORG-200270,PTR-004,2025-03,3304.31,6608.62,straight_line_fee_recognition
REV-0000869,ORG-200270,PTR-004,2025-03,3304.31,9912.93,straight_line_fee_recognition
REV-0000870,ORG-200271,PTR-005,2024-05,5143.99,5143.99,straight_line_fee_recognition
REV-0000871,ORG-200271,PTR-005,2024-06,5143.99,10287.98,straight_line_fee_recognition
REV-0000872,ORG-200272,PTR-001,2024-08,227.21,227.21,straight_line_fee_recognition
REV-0000873,ORG-200272,PTR-001,2024-09,227.21,454.42,straight_line_fee_recognition
REV-0000874,ORG-200273,PTR-004,2024-12,3272.16,3272.16,straight_line_fee_recognition
REV-0000875,ORG-200273,PTR-004,2025-01,3272.16,6544.32,straight_line_fee_recognition
REV-0000876,ORG-200274,PTR-001,2025-05,544.16,544.16,straight_line_fee_recognition
REV-0000877,ORG-200274,PTR-001,2025-06,544.16,1088.32,straight_line_fee_recognition
REV-0000878,ORG-200275,PTR-005,2026-05,3308.36,3308.36,straight_line_fee_recognition
REV-0000879,ORG-200275,PTR-005,2026-06,3308.36,6616.72,straight_line_fee_recognition
REV-0000880,ORG-200275,PTR-005,2026-07,3308.36,9925.08,straight_line_fee_recognition
REV-0000881,ORG-200276,PTR-003,2025-06,1401.89,1401.89,straight_line_fee_recognition
REV-0000882,ORG-200276,PTR-003,2025-07,1401.89,2803.78,straight_line_fee_recognition
REV-0000883,ORG-200277,PTR-001,2025-08,1209.83,1209.83,straight_line_fee_recognition
REV-0000884,ORG-200277,PTR-001,2025-09,1209.83,2419.66,straight_line_fee_recognition
REV-0000885,ORG-200278,PTR-006,2022-05,2353.78,2353.78,straight_line_fee_recognition
REV-0000886,ORG-200278,PTR-006,2022-06,2353.78,4707.56,straight_line_fee_recognition
REV-0000887,ORG-200279,PTR-002,2026-05,470.61,470.61,straight_line_fee_recognition
REV-0000888,ORG-200279,PTR-002,2026-06,470.61,941.22,straight_line_fee_recognition
REV-0000889,ORG-200280,PTR-006,2022-12,1743.91,1743.91,straight_line_fee_recognition
REV-0000890,ORG-200280,PTR-006,2023-01,1743.91,3487.82,straight_line_fee_recognition
REV-0000891,ORG-200281,PTR-006,2024-12,269.42,269.42,straight_line_fee_recognition
REV-0000892,ORG-200281,PTR-006,2025-01,269.42,538.84,straight_line_fee_recognition
REV-0000893,ORG-200281,PTR-006,2025-01,269.42,808.26,straight_line_fee_recognition
REV-0000894,ORG-200281,PTR-006,2025-03,269.42,1077.68,straight_line_fee_recognition
REV-0000895,ORG-200282,PTR-004,2024-06,5762.44,5762.44,straight_line_fee_recognition
REV-0000896,ORG-200282,PTR-004,2024-07,5762.44,11524.88,straight_line_fee_recognition
REV-0000897,ORG-200282,PTR-004,2024-08,5762.44,17287.32,straight_line_fee_recognition
REV-0000898,ORG-200283,PTR-005,2023-12,5313.46,5313.46,straight_line_fee_recognition
REV-0000899,ORG-200283,PTR-005,2024-01,5313.46,10626.92,straight_line_fee_recognition
REV-0000900,ORG-200284,PTR-002,2024-03,277.71,277.71,straight_line_fee_recognition
REV-0000901,ORG-200284,PTR-002,2024-04,277.71,555.42,straight_line_fee_recognition
REV-0000902,ORG-200284,PTR-002,2024-05,277.71,833.13,straight_line_fee_recognition
REV-0000903,ORG-200284,PTR-002,2024-06,277.71,1110.84,straight_line_fee_recognition
REV-0000904,ORG-200284,PTR-002,2024-07,277.71,1388.55,straight_line_fee_recognition
REV-0000905,ORG-200285,PTR-006,2022-04,754.65,754.65,straight_line_fee_recognition
REV-0000906,ORG-200285,PTR-006,2022-05,754.65,1509.3,straight_line_fee_recognition
REV-0000907,ORG-200285,PTR-006,2022-06,754.65,2263.95,straight_line_fee_recognition
REV-0000908,ORG-200285,PTR-006,2022-07,754.65,3018.6,straight_line_fee_recognition
REV-0000909,ORG-200285,PTR-006,2022-08,754.65,3773.25,straight_line_fee_recognition
REV-0000910,ORG-200285,PTR-006,2022-09,754.65,4527.9,straight_line_fee_recognition
REV-0000911,ORG-200286,PTR-003,2025-02,294.4,294.4,straight_line_fee_recognition
REV-0000912,ORG-200286,PTR-003,2025-03,294.4,588.8,straight_line_fee_recognition
REV-0000913,ORG-200286,PTR-003,2025-04,294.4,883.2,straight_line_fee_recognition
REV-0000914,ORG-200287,PTR-002,2025-03,2044.98,2044.98,straight_line_fee_recognition
REV-0000915,ORG-200287,PTR-002,2025-04,2044.98,4089.96,straight_line_fee_recognition
REV-0000916,ORG-200287,PTR-002,2025-05,2044.98,6134.94,straight_line_fee_recognition
REV-0000917,ORG-200287,PTR-002,2025-06,2044.98,8179.92,straight_line_fee_recognition
REV-0000918,ORG-200287,PTR-002,2025-07,2044.98,10224.9,straight_line_fee_recognition
REV-0000919,ORG-200288,PTR-006,2022-04,1953.23,1953.23,straight_line_fee_recognition
REV-0000920,ORG-200288,PTR-006,2022-05,1953.23,3906.46,straight_line_fee_recognition
REV-0000921,ORG-200288,PTR-006,2022-06,1953.23,5859.69,straight_line_fee_recognition
REV-0000922,ORG-200289,PTR-003,2022-09,2552.13,2552.13,straight_line_fee_recognition
REV-0000923,ORG-200289,PTR-003,2022-10,2552.13,5104.26,straight_line_fee_recognition
REV-0000924,ORG-200290,PTR-001,2022-10,760.03,760.03,straight_line_fee_recognition
REV-0000925,ORG-200290,PTR-001,2022-11,760.03,1520.06,straight_line_fee_recognition
REV-0000926,ORG-200290,PTR-001,2022-12,760.03,2280.09,straight_line_fee_recognition
REV-0000927,ORG-200291,PTR-004,2024-10,473.55,473.55,straight_line_fee_recognition
REV-0000928,ORG-200291,PTR-004,2024-11,473.55,947.1,straight_line_fee_recognition
REV-0000929,ORG-200291,PTR-004,2024-12,473.55,1420.65,straight_line_fee_recognition
REV-0000930,ORG-200291,PTR-004,2025-01,473.55,1894.2,straight_line_fee_recognition
REV-0000931,ORG-200291,PTR-004,2025-02,473.55,2367.75,straight_line_fee_recognition
REV-0000932,ORG-200291,PTR-004,2025-03,473.55,2841.3,straight_line_fee_recognition
REV-0000933,ORG-200291,PTR-004,2025-04,473.55,3314.85,straight_line_fee_recognition
REV-0000934,ORG-200292,PTR-004,2023-07,2289.78,2289.78,straight_line_fee_recognition
REV-0000935,ORG-200292,PTR-004,2023-08,2289.78,4579.56,straight_line_fee_recognition
REV-0000936,ORG-200292,PTR-004,2023-09,2289.78,6869.34,straight_line_fee_recognition
REV-0000937,ORG-200292,PTR-004,2023-10,2289.78,9159.12,straight_line_fee_recognition
REV-0000938,ORG-200293,PTR-001,2025-10,623.13,623.13,straight_line_fee_recognition
REV-0000939,ORG-200293,PTR-001,2025-11,623.13,1246.26,straight_line_fee_recognition
REV-0000940,ORG-200293,PTR-001,2025-12,623.13,1869.39,straight_line_fee_recognition
REV-0000941,ORG-200293,PTR-001,2026-01,623.13,2492.52,straight_line_fee_recognition
REV-0000942,ORG-200293,PTR-001,2026-02,623.13,3115.65,straight_line_fee_recognition
REV-0000943,ORG-200293,PTR-001,2026-03,623.13,3738.78,straight_line_fee_recognition
REV-0000944,ORG-200293,PTR-001,2026-04,623.13,4361.91,straight_line_fee_recognition
REV-0000945,ORG-200293,PTR-001,2026-05,623.13,4985.04,straight_line_fee_recognition
REV-0000946,ORG-200294,PTR-006,2022-03,1659.85,1659.85,straight_line_fee_recognition
REV-0000947,ORG-200294,PTR-006,2022-04,1659.85,3319.7,straight_line_fee_recognition
REV-0000948,ORG-200294,PTR-006,2022-05,1659.85,4979.55,straight_line_fee_recognition
REV-0000949,ORG-200294,PTR-006,2022-06,1659.85,6639.4,straight_line_fee_recognition
REV-0000950,ORG-200294,PTR-006,2022-07,1659.85,8299.25,straight_line_fee_recognition
REV-0000951,ORG-200295,PTR-002,2024-02,1056.6,1056.6,straight_line_fee_recognition
REV-0000952,ORG-200295,PTR-002,2024-03,1056.6,2113.2,straight_line_fee_recognition
REV-0000953,ORG-200296,PTR-003,2024-08,988.62,988.62,straight_line_fee_recognition
REV-0000954,ORG-200296,PTR-003,2024-09,988.62,1977.24,straight_line_fee_recognition
REV-0000955,ORG-200297,PTR-002,2024-09,1639.96,1639.96,straight_line_fee_recognition
REV-0000956,ORG-200297,PTR-002,2024-10,1639.96,3279.92,straight_line_fee_recognition
REV-0000957,ORG-200297,PTR-002,2024-11,1639.96,4919.88,straight_line_fee_recognition
REV-0000958,ORG-200297,PTR-002,2024-12,1639.96,6559.84,straight_line_fee_recognition
REV-0000959,ORG-200297,PTR-002,2025-01,1639.96,8199.8,straight_line_fee_recognition
REV-0000960,ORG-200298,PTR-006,2024-01,554.92,554.92,straight_line_fee_recognition
REV-0000961,ORG-200298,PTR-006,2024-02,554.92,1109.84,straight_line_fee_recognition
REV-0000962,ORG-200299,PTR-005,2024-10,4639.52,4639.52,straight_line_fee_recognition
REV-0000963,ORG-200299,PTR-005,2024-11,4639.52,9279.04,straight_line_fee_recognition
REV-0000964,ORG-200300,PTR-004,2025-06,3579.66,3579.66,straight_line_fee_recognition
REV-0000965,ORG-200300,PTR-004,2025-07,3579.66,7159.32,straight_line_fee_recognition
REV-0000966,ORG-200301,PTR-004,2022-12,1651.09,1651.09,straight_line_fee_recognition
REV-0000967,ORG-200301,PTR-004,2023-01,1651.09,3302.18,straight_line_fee_recognition
REV-0000968,ORG-200301,PTR-004,2023-02,1651.09,4953.27,straight_line_fee_recognition
REV-0000969,ORG-200301,PTR-004,2023-03,1651.09,6604.36,straight_line_fee_recognition
REV-0000970,ORG-200301,PTR-004,2023-04,1651.09,8255.45,straight_line_fee_recognition
REV-0000971,ORG-200302,PTR-002,2022-04,792.33,792.33,straight_line_fee_recognition
REV-0000972,ORG-200302,PTR-002,2022-05,792.33,1584.66,straight_line_fee_recognition
REV-0000973,ORG-200303,PTR-005,2023-06,5974.47,5974.47,straight_line_fee_recognition
REV-0000974,ORG-200303,PTR-005,2023-07,5974.47,11948.94,straight_line_fee_recognition
REV-0000975,ORG-200303,PTR-005,2023-08,5974.47,17923.41,straight_line_fee_recognition
REV-0000976,ORG-200304,PTR-001,2022-06,362.62,362.62,straight_line_fee_recognition
REV-0000977,ORG-200304,PTR-001,2022-07,362.62,725.24,straight_line_fee_recognition
REV-0000978,ORG-200305,PTR-004,2025-06,1047.38,1047.38,straight_line_fee_recognition
REV-0000979,ORG-200305,PTR-004,2025-07,1047.38,2094.76,straight_line_fee_recognition
REV-0000980,ORG-200305,PTR-004,2025-08,1047.38,3142.14,straight_line_fee_recognition
REV-0000981,ORG-200306,PTR-001,2023-05,801.02,801.02,straight_line_fee_recognition
REV-0000982,ORG-200306,PTR-001,2023-06,801.02,1602.04,straight_line_fee_recognition
REV-0000983,ORG-200306,PTR-001,2023-07,801.02,2403.06,straight_line_fee_recognition
REV-0000984,ORG-200306,PTR-001,2023-08,801.02,3204.08,straight_line_fee_recognition
REV-0000985,ORG-200306,PTR-001,2023-09,801.02,4005.1,straight_line_fee_recognition
REV-0000986,ORG-200306,PTR-001,2023-10,801.02,4806.12,straight_line_fee_recognition
REV-0000987,ORG-200307,PTR-001,2022-02,956.6,956.6,straight_line_fee_recognition
REV-0000988,ORG-200307,PTR-001,2022-03,956.6,1913.2,straight_line_fee_recognition
REV-0000989,ORG-200307,PTR-001,2022-04,956.6,2869.8,straight_line_fee_recognition
REV-0000990,ORG-200308,PTR-006,2022-09,2231.61,2231.61,straight_line_fee_recognition
REV-0000991,ORG-200308,PTR-006,2022-10,2231.61,4463.22,straight_line_fee_recognition
REV-0000992,ORG-200309,PTR-003,2022-06,810.61,810.61,straight_line_fee_recognition
REV-0000993,ORG-200309,PTR-003,2022-07,810.61,1621.22,straight_line_fee_recognition
REV-0000994,ORG-200309,PTR-003,2022-08,810.61,2431.83,straight_line_fee_recognition
REV-0000995,ORG-200309,PTR-003,2022-09,810.61,3242.44,straight_line_fee_recognition
REV-0000996,ORG-200309,PTR-003,2022-10,810.61,4053.05,straight_line_fee_recognition
REV-0000997,ORG-200309,PTR-003,2022-11,810.61,4863.66,straight_line_fee_recognition
REV-0000998,ORG-200310,PTR-002,2024-11,1901.54,1901.54,straight_line_fee_recognition
REV-0000999,ORG-200310,PTR-002,2024-12,1901.54,3803.08,straight_line_fee_recognition
REV-0001000,ORG-200310,PTR-002,2025-01,1901.54,5704.62,straight_line_fee_recognition
REV-0001001,ORG-200311,PTR-005,2023-10,1442.83,1442.83,straight_line_fee_recognition
REV-0001002,ORG-200312,PTR-006,2025-03,430.17,430.17,straight_line_fee_recognition
REV-0001003,ORG-200312,PTR-006,2025-04,430.17,860.34,straight_line_fee_recognition
REV-0001004,ORG-200312,PTR-006,2025-05,430.17,1290.51,straight_line_fee_recognition
REV-0001005,ORG-200312,PTR-006,2025-06,430.17,1720.68,straight_line_fee_recognition
REV-0001006,ORG-200313,PTR-005,2025-06,2425.03,2425.03,straight_line_fee_recognition
REV-0001007,ORG-200313,PTR-005,2025-07,2425.03,4850.06,straight_line_fee_recognition
REV-0001008,ORG-200314,PTR-001,2025-03,1160.97,1160.97,straight_line_fee_recognition
REV-0001009,ORG-200314,PTR-001,2025-03,1160.97,2321.94,straight_line_fee_recognition
REV-0001010,ORG-200314,PTR-001,2025-04,1160.97,3482.91,straight_line_fee_recognition
REV-0001011,ORG-200314,PTR-001,2025-05,1160.97,4643.88,straight_line_fee_recognition
REV-0001012,ORG-200315,PTR-001,2023-02,893.3,893.3,straight_line_fee_recognition
REV-0001013,ORG-200315,PTR-001,2023-03,893.3,1786.6,straight_line_fee_recognition
REV-0001014,ORG-200316,PTR-003,2024-11,3050.6,3050.6,straight_line_fee_recognition
REV-0001015,ORG-200316,PTR-003,2024-12,3050.6,6101.2,straight_line_fee_recognition
REV-0001016,ORG-200317,PTR-006,2026-02,1054.03,1054.03,straight_line_fee_recognition
REV-0001017,ORG-200317,PTR-006,2026-03,1054.03,2108.06,straight_line_fee_recognition
REV-0001018,ORG-200318,PTR-001,2023-04,1339.51,1339.51,straight_line_fee_recognition
REV-0001019,ORG-200318,PTR-001,2023-05,1339.51,2679.02,straight_line_fee_recognition
REV-0001020,ORG-200318,PTR-001,2023-06,1339.51,4018.53,straight_line_fee_recognition
REV-0001021,ORG-200318,PTR-001,2023-07,1339.51,5358.04,straight_line_fee_recognition
REV-0001022,ORG-200319,PTR-004,2024-09,1367.23,1367.23,straight_line_fee_recognition
REV-0001023,ORG-200319,PTR-004,2024-10,1367.23,2734.46,straight_line_fee_recognition
REV-0001024,ORG-200319,PTR-004,2024-11,1367.23,4101.69,straight_line_fee_recognition
REV-0001025,ORG-200319,PTR-004,2024-12,1367.23,5468.92,straight_line_fee_recognition
REV-0001026,ORG-200319,PTR-004,2025-01,1367.23,6836.15,straight_line_fee_recognition
REV-0001027,ORG-200319,PTR-004,2025-02,1367.23,8203.38,straight_line_fee_recognition
REV-0001028,ORG-200319,PTR-004,2025-03,1367.23,9570.61,straight_line_fee_recognition
REV-0001029,ORG-200320,PTR-002,2022-09,292.0,292.0,straight_line_fee_recognition
REV-0001030,ORG-200320,PTR-002,2022-10,292.0,584.0,straight_line_fee_recognition
REV-0001031,ORG-200321,PTR-003,2022-07,2471.31,2471.31,straight_line_fee_recognition
REV-0001032,ORG-200321,PTR-003,2022-08,2471.31,4942.62,straight_line_fee_recognition
REV-0001033,ORG-200321,PTR-003,2022-09,2471.31,7413.93,straight_line_fee_recognition
REV-0001034,ORG-200322,PTR-005,2026-04,6287.98,6287.98,straight_line_fee_recognition
REV-0001035,ORG-200322,PTR-005,2026-05,6287.98,12575.96,straight_line_fee_recognition
REV-0001036,ORG-200323,PTR-006,2024-11,675.19,675.19,straight_line_fee_recognition
REV-0001037,ORG-200324,PTR-004,2025-10,1993.06,1993.06,straight_line_fee_recognition
REV-0001038,ORG-200324,PTR-004,2025-11,1993.06,3986.12,straight_line_fee_recognition
REV-0001039,ORG-200324,PTR-004,2025-12,1993.06,5979.18,straight_line_fee_recognition
REV-0001040,ORG-200325,PTR-001,2025-02,373.35,373.35,straight_line_fee_recognition
REV-0001041,ORG-200325,PTR-001,2025-03,373.35,746.7,straight_line_fee_recognition
REV-0001042,ORG-200326,PTR-002,2026-02,445.66,445.66,straight_line_fee_recognition
REV-0001043,ORG-200326,PTR-002,2026-03,445.66,891.32,straight_line_fee_recognition
REV-0001044,ORG-200326,PTR-002,2026-04,445.66,1336.98,straight_line_fee_recognition
REV-0001045,ORG-200326,PTR-002,2026-05,445.66,1782.64,straight_line_fee_recognition
REV-0001046,ORG-200327,PTR-002,2025-08,2633.89,2633.89,straight_line_fee_recognition
REV-0001047,ORG-200327,PTR-002,2025-09,2633.89,5267.78,straight_line_fee_recognition
REV-0001048,ORG-200328,PTR-002,2024-01,676.59,676.59,straight_line_fee_recognition
REV-0001049,ORG-200328,PTR-002,2024-02,676.59,1353.18,straight_line_fee_recognition
REV-0001050,ORG-200328,PTR-002,2024-03,676.59,2029.77,straight_line_fee_recognition
REV-0001051,ORG-200329,PTR-006,2022-09,222.65,222.65,straight_line_fee_recognition
REV-0001052,ORG-200329,PTR-006,2022-10,222.65,445.3,straight_line_fee_recognition
REV-0001053,ORG-200329,PTR-006,2022-11,222.65,667.95,straight_line_fee_recognition
REV-0001054,ORG-200329,PTR-006,2022-12,222.65,890.6,straight_line_fee_recognition
REV-0001055,ORG-200329,PTR-006,2022-12,222.65,1113.25,straight_line_fee_recognition
REV-0001056,ORG-200329,PTR-006,2023-01,222.65,1335.9,straight_line_fee_recognition
REV-0001057,ORG-200330,PTR-002,2026-03,5663.37,5663.37,straight_line_fee_recognition
REV-0001058,ORG-200331,PTR-006,2024-06,1249.86,1249.86,straight_line_fee_recognition
REV-0001059,ORG-200331,PTR-006,2024-07,1249.86,2499.72,straight_line_fee_recognition
REV-0001060,ORG-200331,PTR-006,2024-08,1249.86,3749.58,straight_line_fee_recognition
REV-0001061,ORG-200332,PTR-005,2024-08,716.61,716.61,straight_line_fee_recognition
REV-0001062,ORG-200332,PTR-005,2024-09,716.61,1433.22,straight_line_fee_recognition
REV-0001063,ORG-200333,PTR-002,2025-05,3113.14,3113.14,straight_line_fee_recognition
REV-0001064,ORG-200333,PTR-002,2025-06,3113.14,6226.28,straight_line_fee_recognition
REV-0001065,ORG-200333,PTR-002,2025-07,3113.14,9339.42,straight_line_fee_recognition
REV-0001066,ORG-200334,PTR-005,2024-07,6316.97,6316.97,straight_line_fee_recognition
REV-0001067,ORG-200334,PTR-005,2024-08,6316.97,12633.94,straight_line_fee_recognition
REV-0001068,ORG-200334,PTR-005,2024-09,6316.97,18950.91,straight_line_fee_recognition
REV-0001069,ORG-200335,PTR-004,2023-08,2029.95,2029.95,straight_line_fee_recognition
REV-0001070,ORG-200335,PTR-004,2023-09,2029.95,4059.9,straight_line_fee_recognition
REV-0001071,ORG-200335,PTR-004,2023-10,2029.95,6089.85,straight_line_fee_recognition
REV-0001072,ORG-200335,PTR-004,2023-11,2029.95,8119.8,straight_line_fee_recognition
REV-0001073,ORG-200336,PTR-004,2024-04,2802.91,2802.91,straight_line_fee_recognition
REV-0001074,ORG-200336,PTR-004,2024-05,2802.91,5605.82,straight_line_fee_recognition
REV-0001075,ORG-200336,PTR-004,2024-06,2802.91,8408.73,straight_line_fee_recognition
REV-0001076,ORG-200336,PTR-004,2024-07,2802.91,11211.64,straight_line_fee_recognition
REV-0001077,ORG-200337,PTR-005,2024-05,1558.18,1558.18,straight_line_fee_recognition
REV-0001078,ORG-200337,PTR-005,2024-06,1558.18,3116.36,straight_line_fee_recognition
REV-0001079,ORG-200337,PTR-005,2024-07,1558.18,4674.54,straight_line_fee_recognition
REV-0001080,ORG-200338,PTR-002,2023-05,4581.06,4581.06,straight_line_fee_recognition
REV-0001081,ORG-200338,PTR-002,2023-06,4581.06,9162.12,straight_line_fee_recognition
REV-0001082,ORG-200339,PTR-004,2023-06,1783.58,1783.58,straight_line_fee_recognition
REV-0001083,ORG-200339,PTR-004,2023-07,1783.58,3567.16,straight_line_fee_recognition
REV-0001084,ORG-200339,PTR-004,2023-08,1783.58,5350.74,straight_line_fee_recognition
REV-0001085,ORG-200339,PTR-004,2023-09,1783.58,7134.32,straight_line_fee_recognition
REV-0001086,ORG-200339,PTR-004,2023-10,1783.58,8917.9,straight_line_fee_recognition
REV-0001087,ORG-200340,PTR-004,2023-12,1845.99,1845.99,straight_line_fee_recognition
REV-0001088,ORG-200340,PTR-004,2024-01,1845.99,3691.98,straight_line_fee_recognition
REV-0001089,ORG-200340,PTR-004,2024-02,1845.99,5537.97,straight_line_fee_recognition
REV-0001090,ORG-200341,PTR-001,2023-07,3611.44,3611.44,straight_line_fee_recognition
REV-0001091,ORG-200341,PTR-001,2023-08,3611.44,7222.88,straight_line_fee_recognition
REV-0001092,ORG-200342,PTR-004,2022-07,545.35,545.35,straight_line_fee_recognition
REV-0001093,ORG-200342,PTR-004,2022-08,545.35,1090.7,straight_line_fee_recognition
REV-0001094,ORG-200342,PTR-004,2022-09,545.35,1636.05,straight_line_fee_recognition
REV-0001095,ORG-200342,PTR-004,2022-10,545.35,2181.4,straight_line_fee_recognition
REV-0001096,ORG-200343,PTR-002,2023-05,1509.33,1509.33,straight_line_fee_recognition
REV-0001097,ORG-200343,PTR-002,2023-06,1509.33,3018.66,straight_line_fee_recognition
REV-0001098,ORG-200343,PTR-002,2023-07,1509.33,4527.99,straight_line_fee_recognition
REV-0001099,ORG-200343,PTR-002,2023-08,1509.33,6037.32,straight_line_fee_recognition
REV-0001100,ORG-200344,PTR-003,2025-04,660.52,660.52,straight_line_fee_recognition
REV-0001101,ORG-200345,PTR-004,2026-03,5076.79,5076.79,straight_line_fee_recognition
REV-0001102,ORG-200345,PTR-004,2026-04,5076.79,10153.58,straight_line_fee_recognition
REV-0001103,ORG-200346,PTR-006,2022-02,1995.37,1995.37,straight_line_fee_recognition
REV-0001104,ORG-200346,PTR-006,2022-03,1995.37,3990.74,straight_line_fee_recognition
REV-0001105,ORG-200347,PTR-006,2026-05,1026.98,1026.98,straight_line_fee_recognition
REV-0001106,ORG-200347,PTR-006,2026-06,1026.98,2053.96,straight_line_fee_recognition
REV-0001107,ORG-200347,PTR-006,2026-07,1026.98,3080.94,straight_line_fee_recognition
REV-0001108,ORG-200348,PTR-006,2025-01,6163.1,6163.1,straight_line_fee_recognition
REV-0001109,ORG-200348,PTR-006,2025-02,6163.1,12326.2,straight_line_fee_recognition
REV-0001110,ORG-200349,PTR-001,2025-07,1427.61,1427.61,straight_line_fee_recognition
REV-0001111,ORG-200349,PTR-001,2025-08,1427.61,2855.22,straight_line_fee_recognition
REV-0001112,ORG-200349,PTR-001,2025-09,1427.61,4282.83,straight_line_fee_recognition
REV-0001113,ORG-200349,PTR-001,2025-10,1427.61,5710.44,straight_line_fee_recognition
REV-0001114,ORG-200350,PTR-006,2022-12,2048.87,2048.87,straight_line_fee_recognition
REV-0001115,ORG-200350,PTR-006,2022-12,2048.87,4097.74,straight_line_fee_recognition
REV-0001116,ORG-200350,PTR-006,2023-01,2048.87,6146.61,straight_line_fee_recognition
REV-0001117,ORG-200351,PTR-002,2023-09,2069.55,2069.55,straight_line_fee_recognition
REV-0001118,ORG-200351,PTR-002,2023-10,2069.55,4139.1,straight_line_fee_recognition
REV-0001119,ORG-200351,PTR-002,2023-11,2069.55,6208.65,straight_line_fee_recognition
REV-0001120,ORG-200351,PTR-002,2023-12,2069.55,8278.2,straight_line_fee_recognition
REV-0001121,ORG-200352,PTR-001,2022-06,2406.78,2406.78,straight_line_fee_recognition
REV-0001122,ORG-200352,PTR-001,2022-07,2406.78,4813.56,straight_line_fee_recognition
REV-0001123,ORG-200352,PTR-001,2022-08,2406.78,7220.34,straight_line_fee_recognition
REV-0001124,ORG-200352,PTR-001,2022-08,2406.78,9627.12,straight_line_fee_recognition
REV-0001125,ORG-200352,PTR-001,2022-09,2406.78,12033.9,straight_line_fee_recognition
REV-0001126,ORG-200352,PTR-001,2022-10,2406.78,14440.68,straight_line_fee_recognition
REV-0001127,ORG-200353,PTR-004,2022-02,1447.89,1447.89,straight_line_fee_recognition
REV-0001128,ORG-200353,PTR-004,2022-03,1447.89,2895.78,straight_line_fee_recognition
REV-0001129,ORG-200353,PTR-004,2022-04,1447.89,4343.67,straight_line_fee_recognition
REV-0001130,ORG-200354,PTR-005,2026-02,2834.37,2834.37,straight_line_fee_recognition
REV-0001131,ORG-200354,PTR-005,2026-03,2834.37,5668.74,straight_line_fee_recognition
REV-0001132,ORG-200354,PTR-005,2026-04,2834.37,8503.11,straight_line_fee_recognition
REV-0001133,ORG-200354,PTR-005,2026-05,2834.37,11337.48,straight_line_fee_recognition
REV-0001134,ORG-200355,PTR-002,2023-10,1201.51,1201.51,straight_line_fee_recognition
REV-0001135,ORG-200355,PTR-002,2023-11,1201.51,2403.02,straight_line_fee_recognition
REV-0001136,ORG-200355,PTR-002,2023-12,1201.51,3604.53,straight_line_fee_recognition
REV-0001137,ORG-200355,PTR-002,2024-01,1201.51,4806.04,straight_line_fee_recognition
REV-0001138,ORG-200355,PTR-002,2024-02,1201.51,6007.55,straight_line_fee_recognition
REV-0001139,ORG-200356,PTR-001,2024-08,5554.63,5554.63,straight_line_fee_recognition
REV-0001140,ORG-200356,PTR-001,2024-09,5554.63,11109.26,straight_line_fee_recognition
REV-0001141,ORG-200357,PTR-002,2023-02,541.93,541.93,straight_line_fee_recognition
REV-0001142,ORG-200357,PTR-002,2023-03,541.93,1083.86,straight_line_fee_recognition
REV-0001143,ORG-200357,PTR-002,2023-04,541.93,1625.79,straight_line_fee_recognition
REV-0001144,ORG-200357,PTR-002,2023-05,541.93,2167.72,straight_line_fee_recognition
REV-0001145,ORG-200357,PTR-002,2023-06,541.93,2709.65,straight_line_fee_recognition
REV-0001146,ORG-200357,PTR-002,2023-07,541.93,3251.58,straight_line_fee_recognition
REV-0001147,ORG-200357,PTR-002,2023-08,541.93,3793.51,straight_line_fee_recognition
REV-0001148,ORG-200358,PTR-001,2025-04,4240.38,4240.38,straight_line_fee_recognition
REV-0001149,ORG-200358,PTR-001,2025-05,4240.38,8480.76,straight_line_fee_recognition
REV-0001150,ORG-200358,PTR-001,2025-06,4240.38,12721.14,straight_line_fee_recognition
REV-0001151,ORG-200358,PTR-001,2025-07,4240.38,16961.52,straight_line_fee_recognition
REV-0001152,ORG-200359,PTR-004,2026-03,1880.57,1880.57,straight_line_fee_recognition
REV-0001153,ORG-200359,PTR-004,2026-04,1880.57,3761.14,straight_line_fee_recognition
REV-0001154,ORG-200359,PTR-004,2026-05,1880.57,5641.71,straight_line_fee_recognition
REV-0001155,ORG-200359,PTR-004,2026-06,1880.57,7522.28,straight_line_fee_recognition
REV-0001156,ORG-200359,PTR-004,2026-07,1880.57,9402.85,straight_line_fee_recognition
REV-0001157,ORG-200360,PTR-006,2025-01,472.41,472.41,straight_line_fee_recognition
REV-0001158,ORG-200360,PTR-006,2025-02,472.41,944.82,straight_line_fee_recognition
REV-0001159,ORG-200360,PTR-006,2025-03,472.41,1417.23,straight_line_fee_recognition
REV-0001160,ORG-200361,PTR-004,2026-03,1962.41,1962.41,straight_line_fee_recognition
REV-0001161,ORG-200361,PTR-004,2026-04,1962.41,3924.82,straight_line_fee_recognition
REV-0001162,ORG-200361,PTR-004,2026-05,1962.41,5887.23,straight_line_fee_recognition
REV-0001163,ORG-200361,PTR-004,2026-06,1962.41,7849.64,straight_line_fee_recognition
REV-0001164,ORG-200362,PTR-006,2022-09,133.27,133.27,straight_line_fee_recognition
REV-0001165,ORG-200362,PTR-006,2022-10,133.27,266.54,straight_line_fee_recognition
REV-0001166,ORG-200362,PTR-006,2022-11,133.27,399.81,straight_line_fee_recognition
REV-0001167,ORG-200362,PTR-006,2022-12,133.27,533.08,straight_line_fee_recognition
REV-0001168,ORG-200363,PTR-004,2023-05,2777.39,2777.39,straight_line_fee_recognition
REV-0001169,ORG-200363,PTR-004,2023-06,2777.39,5554.78,straight_line_fee_recognition
REV-0001170,ORG-200363,PTR-004,2023-07,2777.39,8332.17,straight_line_fee_recognition
REV-0001171,ORG-200363,PTR-004,2023-08,2777.39,11109.56,straight_line_fee_recognition
REV-0001172,ORG-200364,PTR-006,2025-10,4702.45,4702.45,straight_line_fee_recognition
REV-0001173,ORG-200364,PTR-006,2025-11,4702.45,9404.9,straight_line_fee_recognition
REV-0001174,ORG-200364,PTR-006,2025-12,4702.45,14107.35,straight_line_fee_recognition
REV-0001175,ORG-200364,PTR-006,2025-12,4702.45,18809.8,straight_line_fee_recognition
REV-0001176,ORG-200365,PTR-002,2025-12,475.97,475.97,straight_line_fee_recognition
REV-0001177,ORG-200365,PTR-002,2026-01,475.97,951.94,straight_line_fee_recognition
REV-0001178,ORG-200365,PTR-002,2026-02,475.97,1427.91,straight_line_fee_recognition
REV-0001179,ORG-200365,PTR-002,2026-03,475.97,1903.88,straight_line_fee_recognition
REV-0001180,ORG-200365,PTR-002,2026-04,475.97,2379.85,straight_line_fee_recognition
REV-0001181,ORG-200365,PTR-002,2026-05,475.97,2855.82,straight_line_fee_recognition
REV-0001182,ORG-200366,PTR-002,2023-04,1375.76,1375.76,straight_line_fee_recognition
REV-0001183,ORG-200366,PTR-002,2023-05,1375.76,2751.52,straight_line_fee_recognition
REV-0001184,ORG-200366,PTR-002,2023-06,1375.76,4127.28,straight_line_fee_recognition
REV-0001185,ORG-200366,PTR-002,2023-07,1375.76,5503.04,straight_line_fee_recognition
REV-0001186,ORG-200366,PTR-002,2023-08,1375.76,6878.8,straight_line_fee_recognition
REV-0001187,ORG-200367,PTR-005,2024-10,1574.86,1574.86,straight_line_fee_recognition
REV-0001188,ORG-200367,PTR-005,2024-11,1574.86,3149.72,straight_line_fee_recognition
REV-0001189,ORG-200367,PTR-005,2024-12,1574.86,4724.58,straight_line_fee_recognition
REV-0001190,ORG-200368,PTR-006,2025-09,699.16,699.16,straight_line_fee_recognition
REV-0001191,ORG-200368,PTR-006,2025-10,699.16,1398.32,straight_line_fee_recognition
REV-0001192,ORG-200368,PTR-006,2025-11,699.16,2097.48,straight_line_fee_recognition
REV-0001193,ORG-200369,PTR-006,2023-11,1887.68,1887.68,straight_line_fee_recognition
REV-0001194,ORG-200369,PTR-006,2023-12,1887.68,3775.36,straight_line_fee_recognition
REV-0001195,ORG-200369,PTR-006,2024-01,1887.68,5663.04,straight_line_fee_recognition
REV-0001196,ORG-200370,PTR-003,2022-01,1235.27,1235.27,straight_line_fee_recognition
REV-0001197,ORG-200370,PTR-003,2022-02,1235.27,2470.54,straight_line_fee_recognition
REV-0001198,ORG-200371,PTR-006,2023-10,611.89,611.89,straight_line_fee_recognition
REV-0001199,ORG-200371,PTR-006,2023-10,611.89,1223.78,straight_line_fee_recognition
REV-0001200,ORG-200371,PTR-006,2023-11,611.89,1835.67,straight_line_fee_recognition
REV-0001201,ORG-200371,PTR-006,2023-12,611.89,2447.56,straight_line_fee_recognition
REV-0001202,ORG-200371,PTR-006,2024-01,611.89,3059.45,straight_line_fee_recognition
REV-0001203,ORG-200371,PTR-006,2024-02,611.89,3671.34,straight_line_fee_recognition
REV-0001204,ORG-200371,PTR-006,2024-03,611.89,4283.23,straight_line_fee_recognition
REV-0001205,ORG-200371,PTR-006,2024-04,611.89,4895.12,straight_line_fee_recognition
REV-0001206,ORG-200371,PTR-006,2024-05,611.89,5507.01,straight_line_fee_recognition
REV-0001207,ORG-200371,PTR-006,2024-06,611.89,6118.9,straight_line_fee_recognition
REV-0001208,ORG-200372,PTR-004,2025-11,1194.45,1194.45,straight_line_fee_recognition
REV-0001209,ORG-200372,PTR-004,2025-12,1194.45,2388.9,straight_line_fee_recognition
REV-0001210,ORG-200372,PTR-004,2026-01,1194.45,3583.35,straight_line_fee_recognition
REV-0001211,ORG-200372,PTR-004,2026-02,1194.45,4777.8,straight_line_fee_recognition
REV-0001212,ORG-200373,PTR-002,2022-11,744.58,744.58,straight_line_fee_recognition
REV-0001213,ORG-200373,PTR-002,2022-12,744.58,1489.16,straight_line_fee_recognition
REV-0001214,ORG-200373,PTR-002,2023-01,744.58,2233.74,straight_line_fee_recognition
REV-0001215,ORG-200374,PTR-004,2024-06,494.37,494.37,straight_line_fee_recognition
REV-0001216,ORG-200374,PTR-004,2024-07,494.37,988.74,straight_line_fee_recognition
REV-0001217,ORG-200375,PTR-001,2023-08,2247.66,2247.66,straight_line_fee_recognition
REV-0001218,ORG-200375,PTR-001,2023-09,2247.66,4495.32,straight_line_fee_recognition
REV-0001219,ORG-200375,PTR-001,2023-10,2247.66,6742.98,straight_line_fee_recognition
REV-0001220,ORG-200376,PTR-006,2025-03,306.81,306.81,straight_line_fee_recognition
REV-0001221,ORG-200376,PTR-006,2025-04,306.81,613.62,straight_line_fee_recognition
REV-0001222,ORG-200377,PTR-004,2022-11,4671.96,4671.96,straight_line_fee_recognition
REV-0001223,ORG-200377,PTR-004,2022-12,4671.96,9343.92,straight_line_fee_recognition
REV-0001224,ORG-200378,PTR-006,2024-03,2998.86,2998.86,straight_line_fee_recognition
REV-0001225,ORG-200378,PTR-006,2024-04,2998.86,5997.72,straight_line_fee_recognition
REV-0001226,ORG-200378,PTR-006,2024-05,2998.86,8996.58,straight_line_fee_recognition
REV-0001227,ORG-200379,PTR-003,2026-03,3493.36,3493.36,straight_line_fee_recognition
REV-0001228,ORG-200379,PTR-003,2026-04,3493.36,6986.72,straight_line_fee_recognition
REV-0001229,ORG-200379,PTR-003,2026-05,3493.36,10480.08,straight_line_fee_recognition
REV-0001230,ORG-200379,PTR-003,2026-06,3493.36,13973.44,straight_line_fee_recognition
REV-0001231,ORG-200379,PTR-003,2026-07,3493.36,17466.8,straight_line_fee_recognition
REV-0001232,ORG-200380,PTR-004,2025-06,3342.63,3342.63,straight_line_fee_recognition
REV-0001233,ORG-200380,PTR-004,2025-07,3342.63,6685.26,straight_line_fee_recognition
REV-0001234,ORG-200380,PTR-004,2025-08,3342.63,10027.89,straight_line_fee_recognition
REV-0001235,ORG-200381,PTR-004,2022-10,3096.52,3096.52,straight_line_fee_recognition
REV-0001236,ORG-200381,PTR-004,2022-11,3096.52,6193.04,straight_line_fee_recognition
REV-0001237,ORG-200381,PTR-004,2022-12,3096.52,9289.56,straight_line_fee_recognition
REV-0001238,ORG-200381,PTR-004,2023-01,3096.52,12386.08,straight_line_fee_recognition
REV-0001239,ORG-200381,PTR-004,2023-02,3096.52,15482.6,straight_line_fee_recognition
REV-0001240,ORG-200381,PTR-004,2023-03,3096.52,18579.12,straight_line_fee_recognition
REV-0001241,ORG-200381,PTR-004,2023-04,3096.52,21675.64,straight_line_fee_recognition
REV-0001242,ORG-200381,PTR-004,2023-05,3096.52,24772.16,straight_line_fee_recognition
REV-0001243,ORG-200381,PTR-004,2023-06,3096.52,27868.68,straight_line_fee_recognition
REV-0001244,ORG-200381,PTR-004,2023-07,3096.52,30965.2,straight_line_fee_recognition
REV-0001245,ORG-200381,PTR-004,2023-07,3096.52,34061.72,straight_line_fee_recognition
REV-0001246,ORG-200382,PTR-005,2023-01,2250.01,2250.01,straight_line_fee_recognition
REV-0001247,ORG-200382,PTR-005,2023-02,2250.01,4500.02,straight_line_fee_recognition
REV-0001248,ORG-200383,PTR-001,2025-12,3145.24,3145.24,straight_line_fee_recognition
REV-0001249,ORG-200384,PTR-002,2022-01,1896.42,1896.42,straight_line_fee_recognition
REV-0001250,ORG-200384,PTR-002,2022-02,1896.42,3792.84,straight_line_fee_recognition
REV-0001251,ORG-200385,PTR-001,2024-09,2471.32,2471.32,straight_line_fee_recognition
REV-0001252,ORG-200385,PTR-001,2024-10,2471.32,4942.64,straight_line_fee_recognition
REV-0001253,ORG-200385,PTR-001,2024-11,2471.32,7413.96,straight_line_fee_recognition
REV-0001254,ORG-200385,PTR-001,2024-12,2471.32,9885.28,straight_line_fee_recognition
REV-0001255,ORG-200386,PTR-003,2024-08,642.31,642.31,straight_line_fee_recognition
REV-0001256,ORG-200386,PTR-003,2024-09,642.31,1284.62,straight_line_fee_recognition
REV-0001257,ORG-200386,PTR-003,2024-10,642.31,1926.93,straight_line_fee_recognition
REV-0001258,ORG-200386,PTR-003,2024-11,642.31,2569.24,straight_line_fee_recognition
REV-0001259,ORG-200387,PTR-006,2023-10,2854.68,2854.68,straight_line_fee_recognition
REV-0001260,ORG-200387,PTR-006,2023-11,2854.68,5709.36,straight_line_fee_recognition
REV-0001261,ORG-200388,PTR-002,2024-08,1687.15,1687.15,straight_line_fee_recognition
REV-0001262,ORG-200388,PTR-002,2024-09,1687.15,3374.3,straight_line_fee_recognition
REV-0001263,ORG-200389,PTR-004,2022-09,7688.73,7688.73,straight_line_fee_recognition
REV-0001264,ORG-200389,PTR-004,2022-10,7688.73,15377.46,straight_line_fee_recognition
REV-0001265,ORG-200389,PTR-004,2022-11,7688.73,23066.19,straight_line_fee_recognition
REV-0001266,ORG-200389,PTR-004,2022-12,7688.73,30754.92,straight_line_fee_recognition
REV-0001267,ORG-200390,PTR-004,2022-09,1166.33,1166.33,straight_line_fee_recognition
REV-0001268,ORG-200390,PTR-004,2022-10,1166.33,2332.66,straight_line_fee_recognition
REV-0001269,ORG-200390,PTR-004,2022-11,1166.33,3498.99,straight_line_fee_recognition
REV-0001270,ORG-200390,PTR-004,2022-12,1166.33,4665.32,straight_line_fee_recognition
REV-0001271,ORG-200391,PTR-001,2024-01,1970.43,1970.43,straight_line_fee_recognition
REV-0001272,ORG-200391,PTR-001,2024-02,1970.43,3940.86,straight_line_fee_recognition
REV-0001273,ORG-200391,PTR-001,2024-03,1970.43,5911.29,straight_line_fee_recognition
REV-0001274,ORG-200392,PTR-002,2022-10,95.33,95.33,straight_line_fee_recognition
REV-0001275,ORG-200392,PTR-002,2022-11,95.33,190.66,straight_line_fee_recognition
REV-0001276,ORG-200392,PTR-002,2022-12,95.33,285.99,straight_line_fee_recognition
REV-0001277,ORG-200393,PTR-006,2023-07,5846.97,5846.97,straight_line_fee_recognition
REV-0001278,ORG-200393,PTR-006,2023-08,5846.97,11693.94,straight_line_fee_recognition
REV-0001279,ORG-200394,PTR-004,2025-07,437.89,437.89,straight_line_fee_recognition
REV-0001280,ORG-200394,PTR-004,2025-08,437.89,875.78,straight_line_fee_recognition
REV-0001281,ORG-200394,PTR-004,2025-09,437.89,1313.67,straight_line_fee_recognition
REV-0001282,ORG-200394,PTR-004,2025-10,437.89,1751.56,straight_line_fee_recognition
REV-0001283,ORG-200394,PTR-004,2025-11,437.89,2189.45,straight_line_fee_recognition
REV-0001284,ORG-200394,PTR-004,2025-12,437.89,2627.34,straight_line_fee_recognition
REV-0001285,ORG-200394,PTR-004,2026-01,437.89,3065.23,straight_line_fee_recognition
REV-0001286,ORG-200394,PTR-004,2026-02,437.89,3503.12,straight_line_fee_recognition
REV-0001287,ORG-200394,PTR-004,2026-03,437.89,3941.01,straight_line_fee_recognition
REV-0001288,ORG-200394,PTR-004,2026-04,437.89,4378.9,straight_line_fee_recognition
REV-0001289,ORG-200395,PTR-003,2025-02,1306.88,1306.88,straight_line_fee_recognition
REV-0001290,ORG-200395,PTR-003,2025-03,1306.88,2613.76,straight_line_fee_recognition
REV-0001291,ORG-200396,PTR-003,2024-04,3617.11,3617.11,straight_line_fee_recognition
REV-0001292,ORG-200396,PTR-003,2024-05,3617.11,7234.22,straight_line_fee_recognition
REV-0001293,ORG-200397,PTR-006,2024-05,2132.95,2132.95,straight_line_fee_recognition
REV-0001294,ORG-200397,PTR-006,2024-06,2132.95,4265.9,straight_line_fee_recognition
REV-0001295,ORG-200397,PTR-006,2024-07,2132.95,6398.85,straight_line_fee_recognition
REV-0001296,ORG-200397,PTR-006,2024-08,2132.95,8531.8,straight_line_fee_recognition
REV-0001297,ORG-200397,PTR-006,2024-09,2132.95,10664.75,straight_line_fee_recognition
REV-0001298,ORG-200397,PTR-006,2024-10,2132.95,12797.7,straight_line_fee_recognition
REV-0001299,ORG-200398,PTR-004,2025-10,1813.34,1813.34,straight_line_fee_recognition
REV-0001300,ORG-200398,PTR-004,2025-11,1813.34,3626.68,straight_line_fee_recognition
REV-0001301,ORG-200398,PTR-004,2025-12,1813.34,5440.02,straight_line_fee_recognition
REV-0001302,ORG-200398,PTR-004,2026-01,1813.34,7253.36,straight_line_fee_recognition
REV-0001303,ORG-200399,PTR-005,2022-03,1311.87,1311.87,straight_line_fee_recognition
REV-0001304,ORG-200399,PTR-005,2022-04,1311.87,2623.74,straight_line_fee_recognition
REV-0001305,ORG-200400,PTR-003,2025-05,1825.27,1825.27,straight_line_fee_recognition
REV-0001306,ORG-200400,PTR-003,2025-06,1825.27,3650.54,straight_line_fee_recognition
REV-0001307,ORG-200400,PTR-003,2025-07,1825.27,5475.81,straight_line_fee_recognition
REV-0001308,ORG-200400,PTR-003,2025-08,1825.27,7301.08,straight_line_fee_recognition
REV-0001309,ORG-200401,PTR-001,2024-12,469.92,469.92,straight_line_fee_recognition
REV-0001310,ORG-200401,PTR-001,2025-01,469.92,939.84,straight_line_fee_recognition
REV-0001311,ORG-200401,PTR-001,2025-02,469.92,1409.76,straight_line_fee_recognition
REV-0001312,ORG-200401,PTR-001,2025-03,469.92,1879.68,straight_line_fee_recognition
REV-0001313,ORG-200401,PTR-001,2025-04,469.92,2349.6,straight_line_fee_recognition
REV-0001314,ORG-200402,PTR-004,2022-10,4378.31,4378.31,straight_line_fee_recognition
REV-0001315,ORG-200402,PTR-004,2022-11,4378.31,8756.62,straight_line_fee_recognition
REV-0001316,ORG-200403,PTR-001,2024-09,289.15,289.15,straight_line_fee_recognition
REV-0001317,ORG-200403,PTR-001,2024-10,289.15,578.3,straight_line_fee_recognition
REV-0001318,ORG-200404,PTR-006,2024-08,800.36,800.36,straight_line_fee_recognition
REV-0001319,ORG-200404,PTR-006,2024-09,800.36,1600.72,straight_line_fee_recognition
REV-0001320,ORG-200404,PTR-006,2024-10,800.36,2401.08,straight_line_fee_recognition
REV-0001321,ORG-200405,PTR-003,2023-11,2476.45,2476.45,straight_line_fee_recognition
REV-0001322,ORG-200405,PTR-003,2023-12,2476.45,4952.9,straight_line_fee_recognition
REV-0001323,ORG-200405,PTR-003,2024-01,2476.45,7429.35,straight_line_fee_recognition
REV-0001324,ORG-200405,PTR-003,2024-02,2476.45,9905.8,straight_line_fee_recognition
REV-0001325,ORG-200405,PTR-003,2024-03,2476.45,12382.25,straight_line_fee_recognition
REV-0001326,ORG-200405,PTR-003,2024-04,2476.45,14858.7,straight_line_fee_recognition
REV-0001327,ORG-200406,PTR-003,2025-02,4276.47,4276.47,straight_line_fee_recognition
REV-0001328,ORG-200406,PTR-003,2025-03,4276.47,8552.94,straight_line_fee_recognition
REV-0001329,ORG-200406,PTR-003,2025-04,4276.47,12829.41,straight_line_fee_recognition
REV-0001330,ORG-200407,PTR-002,2026-03,2675.14,2675.14,straight_line_fee_recognition
REV-0001331,ORG-200407,PTR-002,2026-04,2675.14,5350.28,straight_line_fee_recognition
REV-0001332,ORG-200408,PTR-005,2025-01,2098.08,2098.08,straight_line_fee_recognition
REV-0001333,ORG-200408,PTR-005,2025-02,2098.08,4196.16,straight_line_fee_recognition
REV-0001334,ORG-200408,PTR-005,2025-03,2098.08,6294.24,straight_line_fee_recognition
REV-0001335,ORG-200408,PTR-005,2025-04,2098.08,8392.32,straight_line_fee_recognition
REV-0001336,ORG-200409,PTR-005,2025-05,5225.6,5225.6,straight_line_fee_recognition
REV-0001337,ORG-200409,PTR-005,2025-06,5225.6,10451.2,straight_line_fee_recognition
REV-0001338,ORG-200410,PTR-006,2024-05,1676.56,1676.56,straight_line_fee_recognition
REV-0001339,ORG-200410,PTR-006,2024-06,1676.56,3353.12,straight_line_fee_recognition
REV-0001340,ORG-200411,PTR-001,2024-04,372.92,372.92,straight_line_fee_recognition
REV-0001341,ORG-200411,PTR-001,2024-05,372.92,745.84,straight_line_fee_recognition
REV-0001342,ORG-200411,PTR-001,2024-06,372.92,1118.76,straight_line_fee_recognition
REV-0001343,ORG-200412,PTR-002,2023-01,419.67,419.67,straight_line_fee_recognition
REV-0001344,ORG-200412,PTR-002,2023-02,419.67,839.34,straight_line_fee_recognition
REV-0001345,ORG-200412,PTR-002,2023-03,419.67,1259.01,straight_line_fee_recognition
REV-0001346,ORG-200412,PTR-002,2023-04,419.67,1678.68,straight_line_fee_recognition
REV-0001347,ORG-200413,PTR-005,2024-10,1468.13,1468.13,straight_line_fee_recognition
REV-0001348,ORG-200413,PTR-005,2024-11,1468.13,2936.26,straight_line_fee_recognition
REV-0001349,ORG-200413,PTR-005,2024-12,1468.13,4404.39,straight_line_fee_recognition
REV-0001350,ORG-200413,PTR-005,2025-01,1468.13,5872.52,straight_line_fee_recognition
REV-0001351,ORG-200414,PTR-002,2025-08,928.23,928.23,straight_line_fee_recognition
REV-0001352,ORG-200414,PTR-002,2025-09,928.23,1856.46,straight_line_fee_recognition
REV-0001353,ORG-200415,PTR-005,2025-04,1564.34,1564.34,straight_line_fee_recognition
REV-0001354,ORG-200415,PTR-005,2025-05,1564.34,3128.68,straight_line_fee_recognition
REV-0001355,ORG-200416,PTR-002,2022-11,724.1,724.1,straight_line_fee_recognition
REV-0001356,ORG-200416,PTR-002,2022-12,724.1,1448.2,straight_line_fee_recognition
REV-0001357,ORG-200417,PTR-001,2026-02,2789.73,2789.73,straight_line_fee_recognition
REV-0001358,ORG-200417,PTR-001,2026-03,2789.73,5579.46,straight_line_fee_recognition
REV-0001359,ORG-200417,PTR-001,2026-04,2789.73,8369.19,straight_line_fee_recognition
REV-0001360,ORG-200417,PTR-001,2026-05,2789.73,11158.92,straight_line_fee_recognition
REV-0001361,ORG-200417,PTR-001,2026-06,2789.73,13948.65,straight_line_fee_recognition
REV-0001362,ORG-200418,PTR-006,2022-04,4453.99,4453.99,straight_line_fee_recognition
REV-0001363,ORG-200418,PTR-006,2022-05,4453.99,8907.98,straight_line_fee_recognition
REV-0001364,ORG-200418,PTR-006,2022-06,4453.99,13361.97,straight_line_fee_recognition
REV-0001365,ORG-200418,PTR-006,2022-07,4453.99,17815.96,straight_line_fee_recognition
REV-0001366,ORG-200419,PTR-004,2025-12,7196.6,7196.6,straight_line_fee_recognition
REV-0001367,ORG-200419,PTR-004,2026-01,7196.6,14393.2,straight_line_fee_recognition
REV-0001368,ORG-200420,PTR-004,2026-05,2066.89,2066.89,straight_line_fee_recognition
REV-0001369,ORG-200420,PTR-004,2026-06,2066.89,4133.78,straight_line_fee_recognition
REV-0001370,ORG-200420,PTR-004,2026-07,2066.89,6200.67,straight_line_fee_recognition
REV-0001371,ORG-200421,PTR-004,2025-04,1067.24,1067.24,straight_line_fee_recognition
REV-0001372,ORG-200421,PTR-004,2025-05,1067.24,2134.48,straight_line_fee_recognition
REV-0001373,ORG-200421,PTR-004,2025-06,1067.24,3201.72,straight_line_fee_recognition
REV-0001374,ORG-200422,PTR-003,2023-10,596.69,596.69,straight_line_fee_recognition
REV-0001375,ORG-200422,PTR-003,2023-11,596.69,1193.38,straight_line_fee_recognition
REV-0001376,ORG-200422,PTR-003,2023-12,596.69,1790.07,straight_line_fee_recognition
REV-0001377,ORG-200423,PTR-001,2025-10,1645.53,1645.53,straight_line_fee_recognition
REV-0001378,ORG-200423,PTR-001,2025-11,1645.53,3291.06,straight_line_fee_recognition
REV-0001379,ORG-200423,PTR-001,2025-12,1645.53,4936.59,straight_line_fee_recognition
REV-0001380,ORG-200423,PTR-001,2026-01,1645.53,6582.12,straight_line_fee_recognition
REV-0001381,ORG-200423,PTR-001,2026-02,1645.53,8227.65,straight_line_fee_recognition
REV-0001382,ORG-200423,PTR-001,2026-03,1645.53,9873.18,straight_line_fee_recognition
REV-0001383,ORG-200423,PTR-001,2026-04,1645.53,11518.71,straight_line_fee_recognition
REV-0001384,ORG-200424,PTR-006,2026-01,3766.14,3766.14,straight_line_fee_recognition
REV-0001385,ORG-200424,PTR-006,2026-02,3766.14,7532.28,straight_line_fee_recognition
REV-0001386,ORG-200424,PTR-006,2026-03,3766.14,11298.42,straight_line_fee_recognition
REV-0001387,ORG-200424,PTR-006,2026-04,3766.14,15064.56,straight_line_fee_recognition
REV-0001388,ORG-200424,PTR-006,2026-05,3766.14,18830.7,straight_line_fee_recognition
REV-0001389,ORG-200424,PTR-006,2026-06,3766.14,22596.84,straight_line_fee_recognition
REV-0001390,ORG-200425,PTR-005,2025-01,365.99,365.99,straight_line_fee_recognition
REV-0001391,ORG-200425,PTR-005,2025-02,365.99,731.98,straight_line_fee_recognition
REV-0001392,ORG-200426,PTR-004,2022-05,4809.84,4809.84,straight_line_fee_recognition
REV-0001393,ORG-200426,PTR-004,2022-06,4809.84,9619.68,straight_line_fee_recognition
REV-0001394,ORG-200427,PTR-003,2022-08,3268.75,3268.75,straight_line_fee_recognition
REV-0001395,ORG-200427,PTR-003,2022-09,3268.75,6537.5,straight_line_fee_recognition
REV-0001396,ORG-200428,PTR-001,2024-12,6063.52,6063.52,straight_line_fee_recognition
REV-0001397,ORG-200428,PTR-001,2025-01,6063.52,12127.04,straight_line_fee_recognition
REV-0001398,ORG-200428,PTR-001,2025-02,6063.52,18190.56,straight_line_fee_recognition
REV-0001399,ORG-200429,PTR-003,2022-06,2418.62,2418.62,straight_line_fee_recognition
REV-0001400,ORG-200429,PTR-003,2022-07,2418.62,4837.24,straight_line_fee_recognition
REV-0001401,ORG-200429,PTR-003,2022-08,2418.62,7255.86,straight_line_fee_recognition
REV-0001402,ORG-200430,PTR-004,2022-12,2446.84,2446.84,straight_line_fee_recognition
REV-0001403,ORG-200430,PTR-004,2023-01,2446.84,4893.68,straight_line_fee_recognition
REV-0001404,ORG-200430,PTR-004,2023-02,2446.84,7340.52,straight_line_fee_recognition
REV-0001405,ORG-200430,PTR-004,2023-03,2446.84,9787.36,straight_line_fee_recognition
REV-0001406,ORG-200430,PTR-004,2023-04,2446.84,12234.2,straight_line_fee_recognition
REV-0001407,ORG-200430,PTR-004,2023-05,2446.84,14681.04,straight_line_fee_recognition
REV-0001408,ORG-200430,PTR-004,2023-06,2446.84,17127.88,straight_line_fee_recognition
REV-0001409,ORG-200431,PTR-004,2023-02,339.78,339.78,straight_line_fee_recognition
REV-0001410,ORG-200431,PTR-004,2023-03,339.78,679.56,straight_line_fee_recognition
REV-0001411,ORG-200431,PTR-004,2023-04,339.78,1019.34,straight_line_fee_recognition
REV-0001412,ORG-200431,PTR-004,2023-05,339.78,1359.12,straight_line_fee_recognition
REV-0001413,ORG-200431,PTR-004,2023-06,339.78,1698.9,straight_line_fee_recognition
REV-0001414,ORG-200431,PTR-004,2023-07,339.78,2038.68,straight_line_fee_recognition
REV-0001415,ORG-200431,PTR-004,2023-08,339.78,2378.46,straight_line_fee_recognition
REV-0001416,ORG-200432,PTR-005,2024-06,1125.87,1125.87,straight_line_fee_recognition
REV-0001417,ORG-200432,PTR-005,2024-07,1125.87,2251.74,straight_line_fee_recognition
REV-0001418,ORG-200432,PTR-005,2024-08,1125.87,3377.61,straight_line_fee_recognition
REV-0001419,ORG-200432,PTR-005,2024-09,1125.87,4503.48,straight_line_fee_recognition
REV-0001420,ORG-200432,PTR-005,2024-10,1125.87,5629.35,straight_line_fee_recognition
REV-0001421,ORG-200433,PTR-006,2024-02,1231.14,1231.14,straight_line_fee_recognition
REV-0001422,ORG-200433,PTR-006,2024-03,1231.14,2462.28,straight_line_fee_recognition
REV-0001423,ORG-200433,PTR-006,2024-04,1231.14,3693.42,straight_line_fee_recognition
REV-0001424,ORG-200433,PTR-006,2024-05,1231.14,4924.56,straight_line_fee_recognition
REV-0001425,ORG-200433,PTR-006,2024-06,1231.14,6155.7,straight_line_fee_recognition
REV-0001426,ORG-200434,PTR-001,2026-03,3506.8,3506.8,straight_line_fee_recognition
REV-0001427,ORG-200434,PTR-001,2026-04,3506.8,7013.6,straight_line_fee_recognition
REV-0001428,ORG-200435,PTR-005,2025-03,3283.82,3283.82,straight_line_fee_recognition
REV-0001429,ORG-200435,PTR-005,2025-04,3283.82,6567.64,straight_line_fee_recognition
REV-0001430,ORG-200436,PTR-003,2024-05,1703.22,1703.22,straight_line_fee_recognition
REV-0001431,ORG-200436,PTR-003,2024-06,1703.22,3406.44,straight_line_fee_recognition
REV-0001432,ORG-200437,PTR-002,2023-03,1728.68,1728.68,straight_line_fee_recognition
REV-0001433,ORG-200437,PTR-002,2023-04,1728.68,3457.36,straight_line_fee_recognition
REV-0001434,ORG-200437,PTR-002,2023-05,1728.68,5186.04,straight_line_fee_recognition
REV-0001435,ORG-200437,PTR-002,2023-06,1728.68,6914.72,straight_line_fee_recognition
REV-0001436,ORG-200437,PTR-002,2023-07,1728.68,8643.4,straight_line_fee_recognition
REV-0001437,ORG-200438,PTR-002,2023-11,1183.28,1183.28,straight_line_fee_recognition
REV-0001438,ORG-200438,PTR-002,2023-12,1183.28,2366.56,straight_line_fee_recognition
REV-0001439,ORG-200438,PTR-002,2024-01,1183.28,3549.84,straight_line_fee_recognition
REV-0001440,ORG-200438,PTR-002,2024-02,1183.28,4733.12,straight_line_fee_recognition
REV-0001441,ORG-200439,PTR-005,2023-10,1416.66,1416.66,straight_line_fee_recognition
REV-0001442,ORG-200439,PTR-005,2023-11,1416.66,2833.32,straight_line_fee_recognition
REV-0001443,ORG-200440,PTR-003,2023-04,1640.62,1640.62,straight_line_fee_recognition
REV-0001444,ORG-200440,PTR-003,2023-05,1640.62,3281.24,straight_line_fee_recognition
REV-0001445,ORG-200440,PTR-003,2023-06,1640.62,4921.86,straight_line_fee_recognition
REV-0001446,ORG-200441,PTR-001,2025-01,7063.98,7063.98,straight_line_fee_recognition
REV-0001447,ORG-200441,PTR-001,2025-02,7063.98,14127.96,straight_line_fee_recognition
REV-0001448,ORG-200442,PTR-006,2023-09,1046.67,1046.67,straight_line_fee_recognition
REV-0001449,ORG-200442,PTR-006,2023-10,1046.67,2093.34,straight_line_fee_recognition
REV-0001450,ORG-200442,PTR-006,2023-11,1046.67,3140.01,straight_line_fee_recognition
REV-0001451,ORG-200442,PTR-006,2023-12,1046.67,4186.68,straight_line_fee_recognition
REV-0001452,ORG-200443,PTR-006,2022-02,2374.07,2374.07,straight_line_fee_recognition
REV-0001453,ORG-200443,PTR-006,2022-03,2374.07,4748.14,straight_line_fee_recognition
REV-0001454,ORG-200444,PTR-004,2023-12,241.97,241.97,straight_line_fee_recognition
REV-0001455,ORG-200444,PTR-004,2024-01,241.97,483.94,straight_line_fee_recognition
REV-0001456,ORG-200445,PTR-001,2022-06,264.36,264.36,straight_line_fee_recognition
REV-0001457,ORG-200445,PTR-001,2022-07,264.36,528.72,straight_line_fee_recognition
REV-0001458,ORG-200446,PTR-001,2023-06,567.18,567.18,straight_line_fee_recognition
REV-0001459,ORG-200446,PTR-001,2023-07,567.18,1134.36,straight_line_fee_recognition
REV-0001460,ORG-200447,PTR-005,2024-04,390.64,390.64,straight_line_fee_recognition
REV-0001461,ORG-200447,PTR-005,2024-05,390.64,781.28,straight_line_fee_recognition
REV-0001462,ORG-200447,PTR-005,2024-06,390.64,1171.92,straight_line_fee_recognition
REV-0001463,ORG-200447,PTR-005,2024-07,390.64,1562.56,straight_line_fee_recognition
REV-0001464,ORG-200448,PTR-001,2022-05,2472.32,2472.32,straight_line_fee_recognition
REV-0001465,ORG-200448,PTR-001,2022-06,2472.32,4944.64,straight_line_fee_recognition
REV-0001466,ORG-200448,PTR-001,2022-07,2472.32,7416.96,straight_line_fee_recognition
REV-0001467,ORG-200448,PTR-001,2022-08,2472.32,9889.28,straight_line_fee_recognition
REV-0001468,ORG-200449,PTR-004,2022-09,1835.96,1835.96,straight_line_fee_recognition
REV-0001469,ORG-200449,PTR-004,2022-10,1835.96,3671.92,straight_line_fee_recognition
REV-0001470,ORG-200450,PTR-005,2026-04,4790.51,4790.51,straight_line_fee_recognition
REV-0001471,ORG-200450,PTR-005,2026-05,4790.51,9581.02,straight_line_fee_recognition
REV-0001472,ORG-200450,PTR-005,2026-06,4790.51,14371.53,straight_line_fee_recognition
REV-0001473,ORG-200450,PTR-005,2026-07,4790.51,19162.04,straight_line_fee_recognition
REV-0001474,ORG-200451,PTR-005,2022-03,3750.99,3750.99,straight_line_fee_recognition
REV-0001475,ORG-200451,PTR-005,2022-04,3750.99,7501.98,straight_line_fee_recognition
REV-0001476,ORG-200452,PTR-005,2022-10,2902.33,2902.33,straight_line_fee_recognition
REV-0001477,ORG-200452,PTR-005,2022-11,2902.33,5804.66,straight_line_fee_recognition
REV-0001478,ORG-200452,PTR-005,2022-12,2902.33,8706.99,straight_line_fee_recognition
REV-0001479,ORG-200452,PTR-005,2023-01,2902.33,11609.32,straight_line_fee_recognition
REV-0001480,ORG-200452,PTR-005,2023-02,2902.33,14511.65,straight_line_fee_recognition
REV-0001481,ORG-200452,PTR-005,2023-03,2902.33,17413.98,straight_line_fee_recognition
REV-0001482,ORG-200452,PTR-005,2023-04,2902.33,20316.31,straight_line_fee_recognition
REV-0001483,ORG-200452,PTR-005,2023-05,2902.33,23218.64,straight_line_fee_recognition
REV-0001484,ORG-200452,PTR-005,2023-06,2902.33,26120.97,straight_line_fee_recognition
REV-0001485,ORG-200452,PTR-005,2023-07,2902.33,29023.3,straight_line_fee_recognition
REV-0001486,ORG-200453,PTR-002,2022-07,3057.86,3057.86,straight_line_fee_recognition
REV-0001487,ORG-200453,PTR-002,2022-08,3057.86,6115.72,straight_line_fee_recognition
REV-0001488,ORG-200454,PTR-003,2023-10,1214.5,1214.5,straight_line_fee_recognition
REV-0001489,ORG-200454,PTR-003,2023-11,1214.5,2429.0,straight_line_fee_recognition
REV-0001490,ORG-200454,PTR-003,2023-12,1214.5,3643.5,straight_line_fee_recognition
REV-0001491,ORG-200455,PTR-003,2023-09,3004.6,3004.6,straight_line_fee_recognition
REV-0001492,ORG-200455,PTR-003,2023-10,3004.6,6009.2,straight_line_fee_recognition
REV-0001493,ORG-200456,PTR-001,2025-04,3288.44,3288.44,straight_line_fee_recognition
REV-0001494,ORG-200456,PTR-001,2025-05,3288.44,6576.88,straight_line_fee_recognition
REV-0001495,ORG-200457,PTR-004,2023-10,3074.89,3074.89,straight_line_fee_recognition
REV-0001496,ORG-200457,PTR-004,2023-11,3074.89,6149.78,straight_line_fee_recognition
REV-0001497,ORG-200457,PTR-004,2023-12,3074.89,9224.67,straight_line_fee_recognition
REV-0001498,ORG-200457,PTR-004,2024-01,3074.89,12299.56,straight_line_fee_recognition
REV-0001499,ORG-200458,PTR-004,2025-09,4475.72,4475.72,straight_line_fee_recognition
REV-0001500,ORG-200458,PTR-004,2025-10,4475.72,8951.44,straight_line_fee_recognition
REV-0001501,ORG-200459,PTR-005,2022-11,4302.26,4302.26,straight_line_fee_recognition
REV-0001502,ORG-200459,PTR-005,2022-12,4302.26,8604.52,straight_line_fee_recognition
REV-0001503,ORG-200459,PTR-005,2023-01,4302.26,12906.78,straight_line_fee_recognition
REV-0001504,ORG-200460,PTR-005,2022-07,1669.15,1669.15,straight_line_fee_recognition
REV-0001505,ORG-200460,PTR-005,2022-08,1669.15,3338.3,straight_line_fee_recognition
REV-0001506,ORG-200460,PTR-005,2022-09,1669.15,5007.45,straight_line_fee_recognition
REV-0001507,ORG-200460,PTR-005,2022-10,1669.15,6676.6,straight_line_fee_recognition
REV-0001508,ORG-200461,PTR-004,2025-10,4359.72,4359.72,straight_line_fee_recognition
REV-0001509,ORG-200461,PTR-004,2025-11,4359.72,8719.44,straight_line_fee_recognition
REV-0001510,ORG-200461,PTR-004,2025-12,4359.72,13079.16,straight_line_fee_recognition
REV-0001511,ORG-200461,PTR-004,2026-01,4359.72,17438.88,straight_line_fee_recognition
REV-0001512,ORG-200462,PTR-006,2023-08,1437.16,1437.16,straight_line_fee_recognition
REV-0001513,ORG-200462,PTR-006,2023-09,1437.16,2874.32,straight_line_fee_recognition
REV-0001514,ORG-200463,PTR-003,2024-04,2042.71,2042.71,straight_line_fee_recognition
REV-0001515,ORG-200463,PTR-003,2024-05,2042.71,4085.42,straight_line_fee_recognition
REV-0001516,ORG-200463,PTR-003,2024-06,2042.71,6128.13,straight_line_fee_recognition
REV-0001517,ORG-200463,PTR-003,2024-07,2042.71,8170.84,straight_line_fee_recognition
REV-0001518,ORG-200464,PTR-006,2023-04,464.29,464.29,straight_line_fee_recognition
REV-0001519,ORG-200464,PTR-006,2023-05,464.29,928.58,straight_line_fee_recognition
REV-0001520,ORG-200465,PTR-002,2023-08,6815.11,6815.11,straight_line_fee_recognition
REV-0001521,ORG-200465,PTR-002,2023-09,6815.11,13630.22,straight_line_fee_recognition
REV-0001522,ORG-200465,PTR-002,2023-10,6815.11,20445.33,straight_line_fee_recognition
REV-0001523,ORG-200466,PTR-002,2026-03,3838.57,3838.57,straight_line_fee_recognition
REV-0001524,ORG-200466,PTR-002,2026-04,3838.57,7677.14,straight_line_fee_recognition
REV-0001525,ORG-200466,PTR-002,2026-05,3838.57,11515.71,straight_line_fee_recognition
REV-0001526,ORG-200466,PTR-002,2026-06,3838.57,15354.28,straight_line_fee_recognition
REV-0001527,ORG-200466,PTR-002,2026-07,3838.57,19192.85,straight_line_fee_recognition
REV-0001528,ORG-200467,PTR-001,2025-10,441.95,441.95,straight_line_fee_recognition
REV-0001529,ORG-200467,PTR-001,2025-11,441.95,883.9,straight_line_fee_recognition
REV-0001530,ORG-200467,PTR-001,2025-12,441.95,1325.85,straight_line_fee_recognition
REV-0001531,ORG-200468,PTR-001,2022-12,1216.46,1216.46,straight_line_fee_recognition
REV-0001532,ORG-200468,PTR-001,2023-01,1216.46,2432.92,straight_line_fee_recognition
REV-0001533,ORG-200468,PTR-001,2023-02,1216.46,3649.38,straight_line_fee_recognition
REV-0001534,ORG-200468,PTR-001,2023-03,1216.46,4865.84,straight_line_fee_recognition
REV-0001535,ORG-200469,PTR-002,2025-03,829.94,829.94,straight_line_fee_recognition
REV-0001536,ORG-200469,PTR-002,2025-04,829.94,1659.88,straight_line_fee_recognition
REV-0001537,ORG-200469,PTR-002,2025-05,829.94,2489.82,straight_line_fee_recognition
REV-0001538,ORG-200469,PTR-002,2025-06,829.94,3319.76,straight_line_fee_recognition
REV-0001539,ORG-200470,PTR-006,2022-12,3343.26,3343.26,straight_line_fee_recognition
REV-0001540,ORG-200470,PTR-006,2023-01,3343.26,6686.52,straight_line_fee_recognition
REV-0001541,ORG-200470,PTR-006,2023-02,3343.26,10029.78,straight_line_fee_recognition
REV-0001542,ORG-200470,PTR-006,2023-03,3343.26,13373.04,straight_line_fee_recognition
REV-0001543,ORG-200471,PTR-006,2023-11,497.93,497.93,straight_line_fee_recognition
REV-0001544,ORG-200471,PTR-006,2023-12,497.93,995.86,straight_line_fee_recognition
REV-0001545,ORG-200472,PTR-003,2024-08,3427.32,3427.32,straight_line_fee_recognition
REV-0001546,ORG-200472,PTR-003,2024-09,3427.32,6854.64,straight_line_fee_recognition
REV-0001547,ORG-200472,PTR-003,2024-10,3427.32,10281.96,straight_line_fee_recognition
REV-0001548,ORG-200472,PTR-003,2024-11,3427.32,13709.28,straight_line_fee_recognition
REV-0001549,ORG-200473,PTR-006,2025-03,8896.88,8896.88,straight_line_fee_recognition
REV-0001550,ORG-200473,PTR-006,2025-04,8896.88,17793.76,straight_line_fee_recognition
REV-0001551,ORG-200474,PTR-001,2023-03,168.39,168.39,straight_line_fee_recognition
REV-0001552,ORG-200474,PTR-001,2023-03,168.39,336.78,straight_line_fee_recognition
REV-0001553,ORG-200475,PTR-002,2025-03,1920.59,1920.59,straight_line_fee_recognition
REV-0001554,ORG-200475,PTR-002,2025-04,1920.59,3841.18,straight_line_fee_recognition
REV-0001555,ORG-200475,PTR-002,2025-05,1920.59,5761.77,straight_line_fee_recognition
REV-0001556,ORG-200475,PTR-002,2025-06,1920.59,7682.36,straight_line_fee_recognition
REV-0001557,ORG-200476,PTR-006,2022-07,1600.21,1600.21,straight_line_fee_recognition
REV-0001558,ORG-200476,PTR-006,2022-08,1600.21,3200.42,straight_line_fee_recognition
REV-0001559,ORG-200476,PTR-006,2022-09,1600.21,4800.63,straight_line_fee_recognition
REV-0001560,ORG-200476,PTR-006,2022-10,1600.21,6400.84,straight_line_fee_recognition
REV-0001561,ORG-200477,PTR-005,2025-11,1676.85,1676.85,straight_line_fee_recognition
REV-0001562,ORG-200477,PTR-005,2025-12,1676.85,3353.7,straight_line_fee_recognition
REV-0001563,ORG-200478,PTR-004,2024-05,2449.09,2449.09,straight_line_fee_recognition
REV-0001564,ORG-200478,PTR-004,2024-06,2449.09,4898.18,straight_line_fee_recognition
REV-0001565,ORG-200478,PTR-004,2024-07,2449.09,7347.27,straight_line_fee_recognition
REV-0001566,ORG-200478,PTR-004,2024-08,2449.09,9796.36,straight_line_fee_recognition
REV-0001567,ORG-200479,PTR-005,2025-12,1230.78,1230.78,straight_line_fee_recognition
REV-0001568,ORG-200479,PTR-005,2026-01,1230.78,2461.56,straight_line_fee_recognition
REV-0001569,ORG-200479,PTR-005,2026-02,1230.78,3692.34,straight_line_fee_recognition
REV-0001570,ORG-200479,PTR-005,2026-03,1230.78,4923.12,straight_line_fee_recognition
REV-0001571,ORG-200479,PTR-005,2026-04,1230.78,6153.9,straight_line_fee_recognition
REV-0001572,ORG-200480,PTR-006,2022-05,155.0,155.0,straight_line_fee_recognition
REV-0001573,ORG-200480,PTR-006,2022-06,155.0,310.0,straight_line_fee_recognition
REV-0001574,ORG-200480,PTR-006,2022-07,155.0,465.0,straight_line_fee_recognition
REV-0001575,ORG-200480,PTR-006,2022-08,155.0,620.0,straight_line_fee_recognition
REV-0001576,ORG-200481,PTR-005,2023-08,2699.93,2699.93,straight_line_fee_recognition
REV-0001577,ORG-200481,PTR-005,2023-09,2699.93,5399.86,straight_line_fee_recognition
REV-0001578,ORG-200481,PTR-005,2023-10,2699.93,8099.79,straight_line_fee_recognition
REV-0001579,ORG-200481,PTR-005,2023-11,2699.93,10799.72,straight_line_fee_recognition
REV-0001580,ORG-200482,PTR-005,2025-01,466.76,466.76,straight_line_fee_recognition
REV-0001581,ORG-200482,PTR-005,2025-02,466.76,933.52,straight_line_fee_recognition
REV-0001582,ORG-200482,PTR-005,2025-03,466.76,1400.28,straight_line_fee_recognition
REV-0001583,ORG-200483,PTR-005,2023-12,2785.84,2785.84,straight_line_fee_recognition
REV-0001584,ORG-200483,PTR-005,2024-01,2785.84,5571.68,straight_line_fee_recognition
REV-0001585,ORG-200484,PTR-002,2023-07,3978.59,3978.59,straight_line_fee_recognition
REV-0001586,ORG-200484,PTR-002,2023-08,3978.59,7957.18,straight_line_fee_recognition
REV-0001587,ORG-200484,PTR-002,2023-09,3978.59,11935.77,straight_line_fee_recognition
REV-0001588,ORG-200485,PTR-006,2023-01,1332.55,1332.55,straight_line_fee_recognition
REV-0001589,ORG-200485,PTR-006,2023-02,1332.55,2665.1,straight_line_fee_recognition
REV-0001590,ORG-200485,PTR-006,2023-03,1332.55,3997.65,straight_line_fee_recognition
REV-0001591,ORG-200485,PTR-006,2023-04,1332.55,5330.2,straight_line_fee_recognition
REV-0001592,ORG-200486,PTR-004,2026-05,1791.84,1791.84,straight_line_fee_recognition
REV-0001593,ORG-200486,PTR-004,2026-06,1791.84,3583.68,straight_line_fee_recognition
REV-0001594,ORG-200487,PTR-002,2023-03,3028.49,3028.49,straight_line_fee_recognition
REV-0001595,ORG-200487,PTR-002,2023-04,3028.49,6056.98,straight_line_fee_recognition
REV-0001596,ORG-200487,PTR-002,2023-05,3028.49,9085.47,straight_line_fee_recognition
REV-0001597,ORG-200487,PTR-002,2023-06,3028.49,12113.96,straight_line_fee_recognition
REV-0001598,ORG-200487,PTR-002,2023-07,3028.49,15142.45,straight_line_fee_recognition
REV-0001599,ORG-200487,PTR-002,2023-08,3028.49,18170.94,straight_line_fee_recognition
REV-0001600,ORG-200487,PTR-002,2023-09,3028.49,21199.43,straight_line_fee_recognition
REV-0001601,ORG-200487,PTR-002,2023-10,3028.49,24227.92,straight_line_fee_recognition
REV-0001602,ORG-200487,PTR-002,2023-11,3028.49,27256.41,straight_line_fee_recognition
REV-0001603,ORG-200487,PTR-002,2023-12,3028.49,30284.9,straight_line_fee_recognition
REV-0001604,ORG-200488,PTR-006,2022-04,1678.35,1678.35,straight_line_fee_recognition
REV-0001605,ORG-200488,PTR-006,2022-05,1678.35,3356.7,straight_line_fee_recognition
REV-0001606,ORG-200489,PTR-002,2025-03,205.69,205.69,straight_line_fee_recognition
REV-0001607,ORG-200489,PTR-002,2025-04,205.69,411.38,straight_line_fee_recognition
REV-0001608,ORG-200490,PTR-005,2024-05,2010.87,2010.87,straight_line_fee_recognition
REV-0001609,ORG-200490,PTR-005,2024-06,2010.87,4021.74,straight_line_fee_recognition
REV-0001610,ORG-200491,PTR-004,2022-04,3058.16,3058.16,straight_line_fee_recognition
REV-0001611,ORG-200491,PTR-004,2022-05,3058.16,6116.32,straight_line_fee_recognition
REV-0001612,ORG-200491,PTR-004,2022-06,3058.16,9174.48,straight_line_fee_recognition
REV-0001613,ORG-200492,PTR-005,2024-10,5674.58,5674.58,straight_line_fee_recognition
REV-0001614,ORG-200492,PTR-005,2024-11,5674.58,11349.16,straight_line_fee_recognition
REV-0001615,ORG-200493,PTR-006,2026-03,532.58,532.58,straight_line_fee_recognition
REV-0001616,ORG-200493,PTR-006,2026-04,532.58,1065.16,straight_line_fee_recognition
REV-0001617,ORG-200494,PTR-003,2023-02,341.43,341.43,straight_line_fee_recognition
REV-0001618,ORG-200494,PTR-003,2023-03,341.43,682.86,straight_line_fee_recognition
REV-0001619,ORG-200494,PTR-003,2023-04,341.43,1024.29,straight_line_fee_recognition
REV-0001620,ORG-200495,PTR-006,2022-01,2963.24,2963.24,straight_line_fee_recognition
REV-0001621,ORG-200495,PTR-006,2022-02,2963.24,5926.48,straight_line_fee_recognition
REV-0001622,ORG-200495,PTR-006,2022-03,2963.24,8889.72,straight_line_fee_recognition
REV-0001623,ORG-200495,PTR-006,2022-04,2963.24,11852.96,straight_line_fee_recognition
REV-0001624,ORG-200495,PTR-006,2022-05,2963.24,14816.2,straight_line_fee_recognition
REV-0001625,ORG-200496,PTR-004,2024-01,1547.53,1547.53,straight_line_fee_recognition
REV-0001626,ORG-200496,PTR-004,2024-02,1547.53,3095.06,straight_line_fee_recognition
REV-0001627,ORG-200497,PTR-005,2024-05,3402.42,3402.42,straight_line_fee_recognition
REV-0001628,ORG-200497,PTR-005,2024-06,3402.42,6804.84,straight_line_fee_recognition
REV-0001629,ORG-200497,PTR-005,2024-07,3402.42,10207.26,straight_line_fee_recognition
REV-0001630,ORG-200497,PTR-005,2024-08,3402.42,13609.68,straight_line_fee_recognition
REV-0001631,ORG-200497,PTR-005,2024-09,3402.42,17012.1,straight_line_fee_recognition
REV-0001632,ORG-200498,PTR-002,2022-04,1818.94,1818.94,straight_line_fee_recognition
REV-0001633,ORG-200498,PTR-002,2022-05,1818.94,3637.88,straight_line_fee_recognition
REV-0001634,ORG-200498,PTR-002,2022-06,1818.94,5456.82,straight_line_fee_recognition
REV-0001635,ORG-200498,PTR-002,2022-07,1818.94,7275.76,straight_line_fee_recognition
REV-0001636,ORG-200498,PTR-002,2022-07,1818.94,9094.7,straight_line_fee_recognition
REV-0001637,ORG-200498,PTR-002,2022-08,1818.94,10913.64,straight_line_fee_recognition
REV-0001638,ORG-200499,PTR-001,2022-06,4491.69,4491.69,straight_line_fee_recognition
REV-0001639,ORG-200499,PTR-001,2022-07,4491.69,8983.38,straight_line_fee_recognition
REV-0001640,ORG-200499,PTR-001,2022-08,4491.69,13475.07,straight_line_fee_recognition
REV-0001641,ORG-200499,PTR-001,2022-08,4491.69,17966.76,straight_line_fee_recognition
REV-0001642,ORG-200499,PTR-001,2022-09,4491.69,22458.45,straight_line_fee_recognition
REV-0001643,ORG-200499,PTR-001,2022-10,4491.69,26950.14,straight_line_fee_recognition
REV-0001644,ORG-200500,PTR-006,2024-02,1432.56,1432.56,straight_line_fee_recognition
REV-0001645,ORG-200500,PTR-006,2024-03,1432.56,2865.12,straight_line_fee_recognition
REV-0001646,ORG-200501,PTR-005,2022-07,3004.04,3004.04,straight_line_fee_recognition
REV-0001647,ORG-200501,PTR-005,2022-08,3004.04,6008.08,straight_line_fee_recognition
REV-0001648,ORG-200501,PTR-005,2022-09,3004.04,9012.12,straight_line_fee_recognition
REV-0001649,ORG-200501,PTR-005,2022-10,3004.04,12016.16,straight_line_fee_recognition
REV-0001650,ORG-200501,PTR-005,2022-11,3004.04,15020.2,straight_line_fee_recognition
REV-0001651,ORG-200502,PTR-003,2024-11,1760.85,1760.85,straight_line_fee_recognition
REV-0001652,ORG-200502,PTR-003,2024-12,1760.85,3521.7,straight_line_fee_recognition
REV-0001653,ORG-200502,PTR-003,2024-12,1760.85,5282.55,straight_line_fee_recognition
REV-0001654,ORG-200503,PTR-002,2024-11,1221.22,1221.22,straight_line_fee_recognition
REV-0001655,ORG-200503,PTR-002,2024-12,1221.22,2442.44,straight_line_fee_recognition
REV-0001656,ORG-200504,PTR-001,2023-01,1370.47,1370.47,straight_line_fee_recognition
REV-0001657,ORG-200504,PTR-001,2023-02,1370.47,2740.94,straight_line_fee_recognition
REV-0001658,ORG-200504,PTR-001,2023-03,1370.47,4111.41,straight_line_fee_recognition
REV-0001659,ORG-200504,PTR-001,2023-04,1370.47,5481.88,straight_line_fee_recognition
REV-0001660,ORG-200504,PTR-001,2023-05,1370.47,6852.35,straight_line_fee_recognition
REV-0001661,ORG-200504,PTR-001,2023-06,1370.47,8222.82,straight_line_fee_recognition
REV-0001662,ORG-200505,PTR-005,2024-04,5035.11,5035.11,straight_line_fee_recognition
REV-0001663,ORG-200505,PTR-005,2024-05,5035.11,10070.22,straight_line_fee_recognition
REV-0001664,ORG-200506,PTR-001,2022-12,1103.46,1103.46,straight_line_fee_recognition
REV-0001665,ORG-200506,PTR-001,2023-01,1103.46,2206.92,straight_line_fee_recognition
REV-0001666,ORG-200506,PTR-001,2023-02,1103.46,3310.38,straight_line_fee_recognition
REV-0001667,ORG-200506,PTR-001,2023-03,1103.46,4413.84,straight_line_fee_recognition
REV-0001668,ORG-200506,PTR-001,2023-04,1103.46,5517.3,straight_line_fee_recognition
REV-0001669,ORG-200507,PTR-004,2024-03,2915.87,2915.87,straight_line_fee_recognition
REV-0001670,ORG-200507,PTR-004,2024-04,2915.87,5831.74,straight_line_fee_recognition
REV-0001671,ORG-200507,PTR-004,2024-05,2915.87,8747.61,straight_line_fee_recognition
REV-0001672,ORG-200507,PTR-004,2024-06,2915.87,11663.48,straight_line_fee_recognition
REV-0001673,ORG-200507,PTR-004,2024-07,2915.87,14579.35,straight_line_fee_recognition
REV-0001674,ORG-200507,PTR-004,2024-08,2915.87,17495.22,straight_line_fee_recognition
REV-0001675,ORG-200508,PTR-003,2025-04,863.57,863.57,straight_line_fee_recognition
REV-0001676,ORG-200508,PTR-003,2025-05,863.57,1727.14,straight_line_fee_recognition
REV-0001677,ORG-200508,PTR-003,2025-06,863.57,2590.71,straight_line_fee_recognition
REV-0001678,ORG-200509,PTR-003,2023-03,3360.97,3360.97,straight_line_fee_recognition
REV-0001679,ORG-200509,PTR-003,2023-04,3360.97,6721.94,straight_line_fee_recognition
REV-0001680,ORG-200510,PTR-006,2026-05,1556.37,1556.37,straight_line_fee_recognition
REV-0001681,ORG-200510,PTR-006,2026-06,1556.37,3112.74,straight_line_fee_recognition
REV-0001682,ORG-200511,PTR-003,2022-01,82.0,82.0,straight_line_fee_recognition
REV-0001683,ORG-200511,PTR-003,2022-02,82.0,164.0,straight_line_fee_recognition
REV-0001684,ORG-200511,PTR-003,2022-03,82.0,246.0,straight_line_fee_recognition
REV-0001685,ORG-200512,PTR-006,2022-07,858.0,858.0,straight_line_fee_recognition
REV-0001686,ORG-200512,PTR-006,2022-07,858.0,1716.0,straight_line_fee_recognition
REV-0001687,ORG-200513,PTR-005,2024-05,2703.53,2703.53,straight_line_fee_recognition
REV-0001688,ORG-200513,PTR-005,2024-06,2703.53,5407.06,straight_line_fee_recognition
REV-0001689,ORG-200514,PTR-003,2025-09,3793.88,3793.88,straight_line_fee_recognition
REV-0001690,ORG-200514,PTR-003,2025-10,3793.88,7587.76,straight_line_fee_recognition
REV-0001691,ORG-200514,PTR-003,2025-11,3793.88,11381.64,straight_line_fee_recognition
REV-0001692,ORG-200515,PTR-006,2023-03,2678.47,2678.47,straight_line_fee_recognition
REV-0001693,ORG-200515,PTR-006,2023-04,2678.47,5356.94,straight_line_fee_recognition
REV-0001694,ORG-200515,PTR-006,2023-05,2678.47,8035.41,straight_line_fee_recognition
REV-0001695,ORG-200515,PTR-006,2023-06,2678.47,10713.88,straight_line_fee_recognition
REV-0001696,ORG-200516,PTR-006,2023-02,3888.29,3888.29,straight_line_fee_recognition
REV-0001697,ORG-200516,PTR-006,2023-03,3888.29,7776.58,straight_line_fee_recognition
REV-0001698,ORG-200516,PTR-006,2023-04,3888.29,11664.87,straight_line_fee_recognition
REV-0001699,ORG-200517,PTR-002,2025-05,1875.77,1875.77,straight_line_fee_recognition
REV-0001700,ORG-200517,PTR-002,2025-06,1875.77,3751.54,straight_line_fee_recognition
REV-0001701,ORG-200517,PTR-002,2025-07,1875.77,5627.31,straight_line_fee_recognition
REV-0001702,ORG-200518,PTR-006,2023-02,240.12,240.12,straight_line_fee_recognition
REV-0001703,ORG-200518,PTR-006,2023-03,240.12,480.24,straight_line_fee_recognition
REV-0001704,ORG-200519,PTR-004,2023-02,513.08,513.08,straight_line_fee_recognition
REV-0001705,ORG-200519,PTR-004,2023-03,513.08,1026.16,straight_line_fee_recognition
REV-0001706,ORG-200520,PTR-001,2023-10,7002.57,7002.57,straight_line_fee_recognition
REV-0001707,ORG-200520,PTR-001,2023-11,7002.57,14005.14,straight_line_fee_recognition
REV-0001708,ORG-200520,PTR-001,2023-12,7002.57,21007.71,straight_line_fee_recognition
REV-0001709,ORG-200520,PTR-001,2024-01,7002.57,28010.28,straight_line_fee_recognition
REV-0001710,ORG-200520,PTR-001,2024-02,7002.57,35012.85,straight_line_fee_recognition
REV-0001711,ORG-200521,PTR-003,2024-10,407.93,407.93,straight_line_fee_recognition
REV-0001712,ORG-200521,PTR-003,2024-11,407.93,815.86,straight_line_fee_recognition
REV-0001713,ORG-200521,PTR-003,2024-12,407.93,1223.79,straight_line_fee_recognition
REV-0001714,ORG-200522,PTR-005,2025-03,2309.8,2309.8,straight_line_fee_recognition
REV-0001715,ORG-200522,PTR-005,2025-04,2309.8,4619.6,straight_line_fee_recognition
REV-0001716,ORG-200523,PTR-002,2025-09,3924.84,3924.84,straight_line_fee_recognition
REV-0001717,ORG-200523,PTR-002,2025-10,3924.84,7849.68,straight_line_fee_recognition
REV-0001718,ORG-200523,PTR-002,2025-11,3924.84,11774.52,straight_line_fee_recognition
REV-0001719,ORG-200524,PTR-006,2025-01,1135.06,1135.06,straight_line_fee_recognition
REV-0001720,ORG-200524,PTR-006,2025-02,1135.06,2270.12,straight_line_fee_recognition
REV-0001721,ORG-200524,PTR-006,2025-03,1135.06,3405.18,straight_line_fee_recognition
REV-0001722,ORG-200524,PTR-006,2025-04,1135.06,4540.24,straight_line_fee_recognition
REV-0001723,ORG-200525,PTR-004,2025-08,324.25,324.25,straight_line_fee_recognition
REV-0001724,ORG-200525,PTR-004,2025-09,324.25,648.5,straight_line_fee_recognition
REV-0001725,ORG-200526,PTR-001,2022-09,956.4,956.4,straight_line_fee_recognition
REV-0001726,ORG-200527,PTR-006,2026-05,1228.2,1228.2,straight_line_fee_recognition
REV-0001727,ORG-200527,PTR-006,2026-06,1228.2,2456.4,straight_line_fee_recognition
REV-0001728,ORG-200527,PTR-006,2026-07,1228.2,3684.6,straight_line_fee_recognition
REV-0001729,ORG-200528,PTR-005,2024-11,657.64,657.64,straight_line_fee_recognition
REV-0001730,ORG-200528,PTR-005,2024-12,657.64,1315.28,straight_line_fee_recognition
REV-0001731,ORG-200528,PTR-005,2025-01,657.64,1972.92,straight_line_fee_recognition
REV-0001732,ORG-200529,PTR-001,2025-12,1346.81,1346.81,straight_line_fee_recognition
REV-0001733,ORG-200529,PTR-001,2026-01,1346.81,2693.62,straight_line_fee_recognition
REV-0001734,ORG-200529,PTR-001,2026-02,1346.81,4040.43,straight_line_fee_recognition
REV-0001735,ORG-200530,PTR-003,2023-01,2807.26,2807.26,straight_line_fee_recognition
REV-0001736,ORG-200531,PTR-003,2022-04,2255.47,2255.47,straight_line_fee_recognition
REV-0001737,ORG-200531,PTR-003,2022-05,2255.47,4510.94,straight_line_fee_recognition
REV-0001738,ORG-200531,PTR-003,2022-06,2255.47,6766.41,straight_line_fee_recognition
REV-0001739,ORG-200531,PTR-003,2022-07,2255.47,9021.88,straight_line_fee_recognition
REV-0001740,ORG-200531,PTR-003,2022-08,2255.47,11277.35,straight_line_fee_recognition
REV-0001741,ORG-200531,PTR-003,2022-09,2255.47,13532.82,straight_line_fee_recognition
REV-0001742,ORG-200531,PTR-003,2022-10,2255.47,15788.29,straight_line_fee_recognition
REV-0001743,ORG-200532,PTR-002,2022-07,537.93,537.93,straight_line_fee_recognition
REV-0001744,ORG-200532,PTR-002,2022-08,537.93,1075.86,straight_line_fee_recognition
REV-0001745,ORG-200532,PTR-002,2022-09,537.93,1613.79,straight_line_fee_recognition
REV-0001746,ORG-200533,PTR-004,2023-03,3218.02,3218.02,straight_line_fee_recognition
REV-0001747,ORG-200533,PTR-004,2023-04,3218.02,6436.04,straight_line_fee_recognition
REV-0001748,ORG-200533,PTR-004,2023-05,3218.02,9654.06,straight_line_fee_recognition
REV-0001749,ORG-200534,PTR-004,2025-02,1801.18,1801.18,straight_line_fee_recognition
REV-0001750,ORG-200534,PTR-004,2025-03,1801.18,3602.36,straight_line_fee_recognition
REV-0001751,ORG-200534,PTR-004,2025-04,1801.18,5403.54,straight_line_fee_recognition
REV-0001752,ORG-200535,PTR-003,2025-03,325.13,325.13,straight_line_fee_recognition
REV-0001753,ORG-200535,PTR-003,2025-04,325.13,650.26,straight_line_fee_recognition
REV-0001754,ORG-200536,PTR-003,2022-06,652.91,652.91,straight_line_fee_recognition
REV-0001755,ORG-200536,PTR-003,2022-07,652.91,1305.82,straight_line_fee_recognition
REV-0001756,ORG-200536,PTR-003,2022-08,652.91,1958.73,straight_line_fee_recognition
REV-0001757,ORG-200536,PTR-003,2022-09,652.91,2611.64,straight_line_fee_recognition
REV-0001758,ORG-200537,PTR-003,2025-05,169.0,169.0,straight_line_fee_recognition
REV-0001759,ORG-200537,PTR-003,2025-06,169.0,338.0,straight_line_fee_recognition
REV-0001760,ORG-200538,PTR-001,2026-05,2678.67,2678.67,straight_line_fee_recognition
REV-0001761,ORG-200538,PTR-001,2026-06,2678.67,5357.34,straight_line_fee_recognition
REV-0001762,ORG-200538,PTR-001,2026-07,2678.67,8036.01,straight_line_fee_recognition
REV-0001763,ORG-200539,PTR-001,2022-01,1758.48,1758.48,straight_line_fee_recognition
REV-0001764,ORG-200539,PTR-001,2022-02,1758.48,3516.96,straight_line_fee_recognition
REV-0001765,ORG-200540,PTR-002,2022-03,2315.04,2315.04,straight_line_fee_recognition
REV-0001766,ORG-200540,PTR-002,2022-04,2315.04,4630.08,straight_line_fee_recognition
REV-0001767,ORG-200541,PTR-006,2024-09,1253.12,1253.12,straight_line_fee_recognition
REV-0001768,ORG-200541,PTR-006,2024-10,1253.12,2506.24,straight_line_fee_recognition
REV-0001769,ORG-200542,PTR-001,2026-04,3349.53,3349.53,straight_line_fee_recognition
REV-0001770,ORG-200542,PTR-001,2026-05,3349.53,6699.06,straight_line_fee_recognition
REV-0001771,ORG-200543,PTR-001,2023-10,1585.58,1585.58,straight_line_fee_recognition
REV-0001772,ORG-200543,PTR-001,2023-11,1585.58,3171.16,straight_line_fee_recognition
REV-0001773,ORG-200544,PTR-002,2022-09,2744.84,2744.84,straight_line_fee_recognition
REV-0001774,ORG-200544,PTR-002,2022-10,2744.84,5489.68,straight_line_fee_recognition
REV-0001775,ORG-200545,PTR-003,2025-01,2577.91,2577.91,straight_line_fee_recognition
REV-0001776,ORG-200545,PTR-003,2025-02,2577.91,5155.82,straight_line_fee_recognition
REV-0001777,ORG-200545,PTR-003,2025-03,2577.91,7733.73,straight_line_fee_recognition
REV-0001778,ORG-200546,PTR-001,2025-02,1494.57,1494.57,straight_line_fee_recognition
REV-0001779,ORG-200546,PTR-001,2025-03,1494.57,2989.14,straight_line_fee_recognition
REV-0001780,ORG-200547,PTR-005,2024-03,2041.02,2041.02,straight_line_fee_recognition
REV-0001781,ORG-200548,PTR-002,2025-08,1369.44,1369.44,straight_line_fee_recognition
REV-0001782,ORG-200548,PTR-002,2025-09,1369.44,2738.88,straight_line_fee_recognition
REV-0001783,ORG-200548,PTR-002,2025-10,1369.44,4108.32,straight_line_fee_recognition
REV-0001784,ORG-200549,PTR-002,2024-07,1713.26,1713.26,straight_line_fee_recognition
REV-0001785,ORG-200549,PTR-002,2024-08,1713.26,3426.52,straight_line_fee_recognition
REV-0001786,ORG-200550,PTR-002,2025-09,2166.91,2166.91,straight_line_fee_recognition
REV-0001787,ORG-200550,PTR-002,2025-10,2166.91,4333.82,straight_line_fee_recognition
REV-0001788,ORG-200550,PTR-002,2025-10,2166.91,6500.73,straight_line_fee_recognition
REV-0001789,ORG-200551,PTR-003,2022-08,719.26,719.26,straight_line_fee_recognition
REV-0001790,ORG-200551,PTR-003,2022-09,719.26,1438.52,straight_line_fee_recognition
REV-0001791,ORG-200551,PTR-003,2022-10,719.26,2157.78,straight_line_fee_recognition
REV-0001792,ORG-200551,PTR-003,2022-11,719.26,2877.04,straight_line_fee_recognition
REV-0001793,ORG-200551,PTR-003,2022-12,719.26,3596.3,straight_line_fee_recognition
REV-0001794,ORG-200552,PTR-004,2024-03,2908.93,2908.93,straight_line_fee_recognition
REV-0001795,ORG-200552,PTR-004,2024-04,2908.93,5817.86,straight_line_fee_recognition
REV-0001796,ORG-200553,PTR-006,2022-08,320.42,320.42,straight_line_fee_recognition
REV-0001797,ORG-200553,PTR-006,2022-09,320.42,640.84,straight_line_fee_recognition
REV-0001798,ORG-200554,PTR-005,2024-05,1083.53,1083.53,straight_line_fee_recognition
REV-0001799,ORG-200554,PTR-005,2024-06,1083.53,2167.06,straight_line_fee_recognition
REV-0001800,ORG-200555,PTR-003,2022-12,4559.95,4559.95,straight_line_fee_recognition
REV-0001801,ORG-200555,PTR-003,2023-01,4559.95,9119.9,straight_line_fee_recognition
REV-0001802,ORG-200556,PTR-002,2023-11,2841.41,2841.41,straight_line_fee_recognition
REV-0001803,ORG-200556,PTR-002,2023-12,2841.41,5682.82,straight_line_fee_recognition
REV-0001804,ORG-200556,PTR-002,2024-01,2841.41,8524.23,straight_line_fee_recognition
REV-0001805,ORG-200556,PTR-002,2024-02,2841.41,11365.64,straight_line_fee_recognition
REV-0001806,ORG-200557,PTR-001,2022-03,1723.35,1723.35,straight_line_fee_recognition
REV-0001807,ORG-200557,PTR-001,2022-04,1723.35,3446.7,straight_line_fee_recognition
REV-0001808,ORG-200557,PTR-001,2022-05,1723.35,5170.05,straight_line_fee_recognition
REV-0001809,ORG-200557,PTR-001,2022-06,1723.35,6893.4,straight_line_fee_recognition
REV-0001810,ORG-200557,PTR-001,2022-07,1723.35,8616.75,straight_line_fee_recognition
REV-0001811,ORG-200557,PTR-001,2022-08,1723.35,10340.1,straight_line_fee_recognition
REV-0001812,ORG-200558,PTR-003,2025-07,1098.17,1098.17,straight_line_fee_recognition
REV-0001813,ORG-200558,PTR-003,2025-08,1098.17,2196.34,straight_line_fee_recognition
REV-0001814,ORG-200559,PTR-005,2024-11,955.91,955.91,straight_line_fee_recognition
REV-0001815,ORG-200559,PTR-005,2024-12,955.91,1911.82,straight_line_fee_recognition
REV-0001816,ORG-200559,PTR-005,2025-01,955.91,2867.73,straight_line_fee_recognition
REV-0001817,ORG-200559,PTR-005,2025-02,955.91,3823.64,straight_line_fee_recognition
REV-0001818,ORG-200559,PTR-005,2025-03,955.91,4779.55,straight_line_fee_recognition
REV-0001819,ORG-200560,PTR-005,2022-08,1437.33,1437.33,straight_line_fee_recognition
REV-0001820,ORG-200560,PTR-005,2022-09,1437.33,2874.66,straight_line_fee_recognition
REV-0001821,ORG-200560,PTR-005,2022-10,1437.33,4311.99,straight_line_fee_recognition
REV-0001822,ORG-200561,PTR-001,2025-01,233.0,233.0,straight_line_fee_recognition
REV-0001823,ORG-200561,PTR-001,2025-02,233.0,466.0,straight_line_fee_recognition
REV-0001824,ORG-200562,PTR-002,2022-03,2062.84,2062.84,straight_line_fee_recognition
REV-0001825,ORG-200562,PTR-002,2022-04,2062.84,4125.68,straight_line_fee_recognition
REV-0001826,ORG-200562,PTR-002,2022-05,2062.84,6188.52,straight_line_fee_recognition
REV-0001827,ORG-200563,PTR-003,2022-01,2111.18,2111.18,straight_line_fee_recognition
REV-0001828,ORG-200563,PTR-003,2022-02,2111.18,4222.36,straight_line_fee_recognition
REV-0001829,ORG-200563,PTR-003,2022-03,2111.18,6333.54,straight_line_fee_recognition
REV-0001830,ORG-200563,PTR-003,2022-04,2111.18,8444.72,straight_line_fee_recognition
REV-0001831,ORG-200563,PTR-003,2022-05,2111.18,10555.9,straight_line_fee_recognition
REV-0001832,ORG-200563,PTR-003,2022-06,2111.18,12667.08,straight_line_fee_recognition
REV-0001833,ORG-200564,PTR-006,2024-10,2686.49,2686.49,straight_line_fee_recognition
REV-0001834,ORG-200564,PTR-006,2024-11,2686.49,5372.98,straight_line_fee_recognition
REV-0001835,ORG-200565,PTR-005,2025-05,1875.41,1875.41,straight_line_fee_recognition
REV-0001836,ORG-200565,PTR-005,2025-06,1875.41,3750.82,straight_line_fee_recognition
REV-0001837,ORG-200565,PTR-005,2025-07,1875.41,5626.23,straight_line_fee_recognition
REV-0001838,ORG-200565,PTR-005,2025-08,1875.41,7501.64,straight_line_fee_recognition
REV-0001839,ORG-200565,PTR-005,2025-09,1875.41,9377.05,straight_line_fee_recognition
REV-0001840,ORG-200566,PTR-002,2025-11,1121.96,1121.96,straight_line_fee_recognition
REV-0001841,ORG-200566,PTR-002,2025-12,1121.96,2243.92,straight_line_fee_recognition
REV-0001842,ORG-200566,PTR-002,2026-01,1121.96,3365.88,straight_line_fee_recognition
REV-0001843,ORG-200567,PTR-004,2023-06,1705.39,1705.39,straight_line_fee_recognition
REV-0001844,ORG-200567,PTR-004,2023-07,1705.39,3410.78,straight_line_fee_recognition
REV-0001845,ORG-200568,PTR-006,2024-11,370.01,370.01,straight_line_fee_recognition
REV-0001846,ORG-200569,PTR-004,2024-11,2899.14,2899.14,straight_line_fee_recognition
REV-0001847,ORG-200569,PTR-004,2024-12,2899.14,5798.28,straight_line_fee_recognition
REV-0001848,ORG-200570,PTR-006,2024-12,2404.91,2404.91,straight_line_fee_recognition
REV-0001849,ORG-200570,PTR-006,2025-01,2404.91,4809.82,straight_line_fee_recognition
REV-0001850,ORG-200570,PTR-006,2025-02,2404.91,7214.73,straight_line_fee_recognition
REV-0001851,ORG-200570,PTR-006,2025-03,2404.91,9619.64,straight_line_fee_recognition
REV-0001852,ORG-200571,PTR-003,2022-10,172.03,172.03,straight_line_fee_recognition
REV-0001853,ORG-200571,PTR-003,2022-11,172.03,344.06,straight_line_fee_recognition
REV-0001854,ORG-200571,PTR-003,2022-12,172.03,516.09,straight_line_fee_recognition
REV-0001855,ORG-200571,PTR-003,2023-01,172.03,688.12,straight_line_fee_recognition
REV-0001856,ORG-200571,PTR-003,2023-02,172.03,860.15,straight_line_fee_recognition
REV-0001857,ORG-200572,PTR-004,2022-07,1409.86,1409.86,straight_line_fee_recognition
REV-0001858,ORG-200572,PTR-004,2022-08,1409.86,2819.72,straight_line_fee_recognition
REV-0001859,ORG-200573,PTR-006,2025-01,4412.74,4412.74,straight_line_fee_recognition
REV-0001860,ORG-200573,PTR-006,2025-02,4412.74,8825.48,straight_line_fee_recognition
REV-0001861,ORG-200574,PTR-001,2023-01,1826.29,1826.29,straight_line_fee_recognition
REV-0001862,ORG-200574,PTR-001,2023-02,1826.29,3652.58,straight_line_fee_recognition
REV-0001863,ORG-200574,PTR-001,2023-03,1826.29,5478.87,straight_line_fee_recognition
REV-0001864,ORG-200574,PTR-001,2023-04,1826.29,7305.16,straight_line_fee_recognition
REV-0001865,ORG-200574,PTR-001,2023-05,1826.29,9131.45,straight_line_fee_recognition
REV-0001866,ORG-200575,PTR-002,2026-03,321.67,321.67,straight_line_fee_recognition
REV-0001867,ORG-200575,PTR-002,2026-04,321.67,643.34,straight_line_fee_recognition
REV-0001868,ORG-200575,PTR-002,2026-05,321.67,965.01,straight_line_fee_recognition
REV-0001869,ORG-200576,PTR-005,2025-01,4190.52,4190.52,straight_line_fee_recognition
REV-0001870,ORG-200577,PTR-002,2026-04,6052.35,6052.35,straight_line_fee_recognition
REV-0001871,ORG-200577,PTR-002,2026-05,6052.35,12104.7,straight_line_fee_recognition
REV-0001872,ORG-200577,PTR-002,2026-06,6052.35,18157.05,straight_line_fee_recognition
REV-0001873,ORG-200577,PTR-002,2026-07,6052.35,24209.4,straight_line_fee_recognition
REV-0001874,ORG-200578,PTR-004,2022-06,1029.03,1029.03,straight_line_fee_recognition
REV-0001875,ORG-200578,PTR-004,2022-07,1029.03,2058.06,straight_line_fee_recognition
REV-0001876,ORG-200578,PTR-004,2022-08,1029.03,3087.09,straight_line_fee_recognition
REV-0001877,ORG-200579,PTR-006,2026-02,2103.09,2103.09,straight_line_fee_recognition
REV-0001878,ORG-200580,PTR-002,2023-03,6186.97,6186.97,straight_line_fee_recognition
REV-0001879,ORG-200580,PTR-002,2023-04,6186.97,12373.94,straight_line_fee_recognition
REV-0001880,ORG-200581,PTR-001,2022-01,2546.35,2546.35,straight_line_fee_recognition
REV-0001881,ORG-200581,PTR-001,2022-02,2546.35,5092.7,straight_line_fee_recognition
REV-0001882,ORG-200581,PTR-001,2022-03,2546.35,7639.05,straight_line_fee_recognition
REV-0001883,ORG-200582,PTR-002,2022-10,273.09,273.09,straight_line_fee_recognition
REV-0001884,ORG-200582,PTR-002,2022-11,273.09,546.18,straight_line_fee_recognition
REV-0001885,ORG-200582,PTR-002,2022-12,273.09,819.27,straight_line_fee_recognition
REV-0001886,ORG-200582,PTR-002,2023-01,273.09,1092.36,straight_line_fee_recognition
REV-0001887,ORG-200583,PTR-003,2024-08,5538.45,5538.45,straight_line_fee_recognition
REV-0001888,ORG-200583,PTR-003,2024-09,5538.45,11076.9,straight_line_fee_recognition
REV-0001889,ORG-200583,PTR-003,2024-10,5538.45,16615.35,straight_line_fee_recognition
REV-0001890,ORG-200584,PTR-003,2025-04,1585.64,1585.64,straight_line_fee_recognition
REV-0001891,ORG-200584,PTR-003,2025-05,1585.64,3171.28,straight_line_fee_recognition
REV-0001892,ORG-200585,PTR-001,2022-08,5811.29,5811.29,straight_line_fee_recognition
REV-0001893,ORG-200585,PTR-001,2022-09,5811.29,11622.58,straight_line_fee_recognition
REV-0001894,ORG-200586,PTR-004,2022-11,2381.37,2381.37,straight_line_fee_recognition
REV-0001895,ORG-200586,PTR-004,2022-12,2381.37,4762.74,straight_line_fee_recognition
REV-0001896,ORG-200586,PTR-004,2023-01,2381.37,7144.11,straight_line_fee_recognition
REV-0001897,ORG-200586,PTR-004,2023-02,2381.37,9525.48,straight_line_fee_recognition
REV-0001898,ORG-200586,PTR-004,2023-03,2381.37,11906.85,straight_line_fee_recognition
REV-0001899,ORG-200586,PTR-004,2023-04,2381.37,14288.22,straight_line_fee_recognition
REV-0001900,ORG-200587,PTR-004,2025-01,762.35,762.35,straight_line_fee_recognition
REV-0001901,ORG-200587,PTR-004,2025-02,762.35,1524.7,straight_line_fee_recognition
REV-0001902,ORG-200588,PTR-001,2022-11,542.41,542.41,straight_line_fee_recognition
REV-0001903,ORG-200588,PTR-001,2022-12,542.41,1084.82,straight_line_fee_recognition
REV-0001904,ORG-200589,PTR-005,2022-10,286.45,286.45,straight_line_fee_recognition
REV-0001905,ORG-200589,PTR-005,2022-11,286.45,572.9,straight_line_fee_recognition
REV-0001906,ORG-200589,PTR-005,2022-12,286.45,859.35,straight_line_fee_recognition
REV-0001907,ORG-200589,PTR-005,2023-01,286.45,1145.8,straight_line_fee_recognition
REV-0001908,ORG-200590,PTR-003,2022-05,180.32,180.32,straight_line_fee_recognition
REV-0001909,ORG-200590,PTR-003,2022-06,180.32,360.64,straight_line_fee_recognition
REV-0001910,ORG-200590,PTR-003,2022-07,180.32,540.96,straight_line_fee_recognition
REV-0001911,ORG-200591,PTR-005,2025-07,955.75,955.75,straight_line_fee_recognition
REV-0001912,ORG-200591,PTR-005,2025-08,955.75,1911.5,straight_line_fee_recognition
REV-0001913,ORG-200592,PTR-006,2025-07,1155.8,1155.8,straight_line_fee_recognition
REV-0001914,ORG-200592,PTR-006,2025-08,1155.8,2311.6,straight_line_fee_recognition
REV-0001915,ORG-200592,PTR-006,2025-09,1155.8,3467.4,straight_line_fee_recognition
REV-0001916,ORG-200592,PTR-006,2025-10,1155.8,4623.2,straight_line_fee_recognition
REV-0001917,ORG-200592,PTR-006,2025-11,1155.8,5779.0,straight_line_fee_recognition
REV-0001918,ORG-200592,PTR-006,2025-12,1155.8,6934.8,straight_line_fee_recognition
REV-0001919,ORG-200592,PTR-006,2026-01,1155.8,8090.6,straight_line_fee_recognition
REV-0001920,ORG-200592,PTR-006,2026-02,1155.8,9246.4,straight_line_fee_recognition
REV-0001921,ORG-200593,PTR-004,2024-02,613.05,613.05,straight_line_fee_recognition
REV-0001922,ORG-200593,PTR-004,2024-03,613.05,1226.1,straight_line_fee_recognition
REV-0001923,ORG-200594,PTR-006,2025-10,253.04,253.04,straight_line_fee_recognition
REV-0001924,ORG-200594,PTR-006,2025-10,253.04,506.08,straight_line_fee_recognition
REV-0001925,ORG-200594,PTR-006,2025-11,253.04,759.12,straight_line_fee_recognition
REV-0001926,ORG-200595,PTR-001,2022-06,2898.91,2898.91,straight_line_fee_recognition
REV-0001927,ORG-200595,PTR-001,2022-07,2898.91,5797.82,straight_line_fee_recognition
REV-0001928,ORG-200595,PTR-001,2022-08,2898.91,8696.73,straight_line_fee_recognition
REV-0001929,ORG-200596,PTR-005,2022-08,1314.74,1314.74,straight_line_fee_recognition
REV-0001930,ORG-200596,PTR-005,2022-09,1314.74,2629.48,straight_line_fee_recognition
REV-0001931,ORG-200597,PTR-001,2022-09,1029.26,1029.26,straight_line_fee_recognition
REV-0001932,ORG-200597,PTR-001,2022-10,1029.26,2058.52,straight_line_fee_recognition
REV-0001933,ORG-200597,PTR-001,2022-11,1029.26,3087.78,straight_line_fee_recognition
REV-0001934,ORG-200597,PTR-001,2022-12,1029.26,4117.04,straight_line_fee_recognition
REV-0001935,ORG-200597,PTR-001,2023-01,1029.26,5146.3,straight_line_fee_recognition
REV-0001936,ORG-200597,PTR-001,2023-02,1029.26,6175.56,straight_line_fee_recognition
REV-0001937,ORG-200597,PTR-001,2023-03,1029.26,7204.82,straight_line_fee_recognition
REV-0001938,ORG-200597,PTR-001,2023-04,1029.26,8234.08,straight_line_fee_recognition
REV-0001939,ORG-200598,PTR-005,2025-10,1242.43,1242.43,straight_line_fee_recognition
REV-0001940,ORG-200598,PTR-005,2025-11,1242.43,2484.86,straight_line_fee_recognition
REV-0001941,ORG-200599,PTR-001,2025-08,1262.82,1262.82,straight_line_fee_recognition
REV-0001942,ORG-200599,PTR-001,2025-09,1262.82,2525.64,straight_line_fee_recognition
REV-0001943,ORG-200599,PTR-001,2025-10,1262.82,3788.46,straight_line_fee_recognition
REV-0001944,ORG-200599,PTR-001,2025-11,1262.82,5051.28,straight_line_fee_recognition
REV-0001945,ORG-200600,PTR-001,2024-03,422.85,422.85,straight_line_fee_recognition
REV-0001946,ORG-200600,PTR-001,2024-04,422.85,845.7,straight_line_fee_recognition
REV-0001947,ORG-200600,PTR-001,2024-05,422.85,1268.55,straight_line_fee_recognition
REV-0001948,ORG-200601,PTR-002,2022-08,2858.16,2858.16,straight_line_fee_recognition
REV-0001949,ORG-200601,PTR-002,2022-09,2858.16,5716.32,straight_line_fee_recognition
REV-0001950,ORG-200602,PTR-002,2024-01,135.67,135.67,straight_line_fee_recognition
REV-0001951,ORG-200602,PTR-002,2024-02,135.67,271.34,straight_line_fee_recognition
REV-0001952,ORG-200602,PTR-002,2024-03,135.67,407.01,straight_line_fee_recognition
REV-0001953,ORG-200602,PTR-002,2024-04,135.67,542.68,straight_line_fee_recognition
REV-0001954,ORG-200602,PTR-002,2024-05,135.67,678.35,straight_line_fee_recognition
REV-0001955,ORG-200602,PTR-002,2024-06,135.67,814.02,straight_line_fee_recognition
REV-0001956,ORG-200603,PTR-002,2024-10,6092.51,6092.51,straight_line_fee_recognition
REV-0001957,ORG-200603,PTR-002,2024-11,6092.51,12185.02,straight_line_fee_recognition
REV-0001958,ORG-200604,PTR-005,2023-10,3704.02,3704.02,straight_line_fee_recognition
REV-0001959,ORG-200604,PTR-005,2023-11,3704.02,7408.04,straight_line_fee_recognition
REV-0001960,ORG-200604,PTR-005,2023-12,3704.02,11112.06,straight_line_fee_recognition
REV-0001961,ORG-200605,PTR-004,2024-01,206.15,206.15,straight_line_fee_recognition
REV-0001962,ORG-200605,PTR-004,2024-02,206.15,412.3,straight_line_fee_recognition
REV-0001963,ORG-200606,PTR-005,2023-01,601.07,601.07,straight_line_fee_recognition
REV-0001964,ORG-200606,PTR-005,2023-02,601.07,1202.14,straight_line_fee_recognition
REV-0001965,ORG-200606,PTR-005,2023-03,601.07,1803.21,straight_line_fee_recognition
REV-0001966,ORG-200607,PTR-001,2025-03,2515.71,2515.71,straight_line_fee_recognition
REV-0001967,ORG-200607,PTR-001,2025-04,2515.71,5031.42,straight_line_fee_recognition
REV-0001968,ORG-200607,PTR-001,2025-05,2515.71,7547.13,straight_line_fee_recognition
REV-0001969,ORG-200608,PTR-004,2024-05,3064.51,3064.51,straight_line_fee_recognition
REV-0001970,ORG-200608,PTR-004,2024-06,3064.51,6129.02,straight_line_fee_recognition
REV-0001971,ORG-200609,PTR-005,2022-01,871.94,871.94,straight_line_fee_recognition
REV-0001972,ORG-200609,PTR-005,2022-02,871.94,1743.88,straight_line_fee_recognition
REV-0001973,ORG-200609,PTR-005,2022-03,871.94,2615.82,straight_line_fee_recognition
REV-0001974,ORG-200609,PTR-005,2022-04,871.94,3487.76,straight_line_fee_recognition
REV-0001975,ORG-200609,PTR-005,2022-05,871.94,4359.7,straight_line_fee_recognition
REV-0001976,ORG-200609,PTR-005,2022-06,871.94,5231.64,straight_line_fee_recognition
REV-0001977,ORG-200609,PTR-005,2022-07,871.94,6103.58,straight_line_fee_recognition
REV-0001978,ORG-200609,PTR-005,2022-08,871.94,6975.52,straight_line_fee_recognition
REV-0001979,ORG-200610,PTR-002,2022-08,3782.28,3782.28,straight_line_fee_recognition
REV-0001980,ORG-200610,PTR-002,2022-09,3782.28,7564.56,straight_line_fee_recognition
REV-0001981,ORG-200610,PTR-002,2022-10,3782.28,11346.84,straight_line_fee_recognition
REV-0001982,ORG-200611,PTR-004,2025-06,1784.33,1784.33,straight_line_fee_recognition
REV-0001983,ORG-200611,PTR-004,2025-07,1784.33,3568.66,straight_line_fee_recognition
REV-0001984,ORG-200612,PTR-001,2023-09,2118.15,2118.15,straight_line_fee_recognition
REV-0001985,ORG-200612,PTR-001,2023-10,2118.15,4236.3,straight_line_fee_recognition
REV-0001986,ORG-200613,PTR-006,2025-07,2701.76,2701.76,straight_line_fee_recognition
REV-0001987,ORG-200613,PTR-006,2025-08,2701.76,5403.52,straight_line_fee_recognition
REV-0001988,ORG-200613,PTR-006,2025-09,2701.76,8105.28,straight_line_fee_recognition
REV-0001989,ORG-200614,PTR-004,2026-05,5498.72,5498.72,straight_line_fee_recognition
REV-0001990,ORG-200614,PTR-004,2026-06,5498.72,10997.44,straight_line_fee_recognition
REV-0001991,ORG-200614,PTR-004,2026-07,5498.72,16496.16,straight_line_fee_recognition
REV-0001992,ORG-200614,PTR-004,2026-08,5498.72,21994.88,straight_line_fee_recognition
REV-0001993,ORG-200615,PTR-005,2023-01,3147.27,3147.27,straight_line_fee_recognition
REV-0001994,ORG-200615,PTR-005,2023-02,3147.27,6294.54,straight_line_fee_recognition
REV-0001995,ORG-200615,PTR-005,2023-03,3147.27,9441.81,straight_line_fee_recognition
REV-0001996,ORG-200615,PTR-005,2023-04,3147.27,12589.08,straight_line_fee_recognition
REV-0001997,ORG-200615,PTR-005,2023-05,3147.27,15736.35,straight_line_fee_recognition
REV-0001998,ORG-200616,PTR-001,2022-06,225.06,225.06,straight_line_fee_recognition
REV-0001999,ORG-200616,PTR-001,2022-07,225.06,450.12,straight_line_fee_recognition
REV-0002000,ORG-200617,PTR-006,2025-11,1991.18,1991.18,straight_line_fee_recognition
REV-0002001,ORG-200617,PTR-006,2025-12,1991.18,3982.36,straight_line_fee_recognition
REV-0002002,ORG-200617,PTR-006,2026-01,1991.18,5973.54,straight_line_fee_recognition
REV-0002003,ORG-200618,PTR-002,2026-01,237.44,237.44,straight_line_fee_recognition
REV-0002004,ORG-200618,PTR-002,2026-02,237.44,474.88,straight_line_fee_recognition
REV-0002005,ORG-200618,PTR-002,2026-03,237.44,712.32,straight_line_fee_recognition
REV-0002006,ORG-200619,PTR-001,2023-01,4448.25,4448.25,straight_line_fee_recognition
REV-0002007,ORG-200619,PTR-001,2023-02,4448.25,8896.5,straight_line_fee_recognition
REV-0002008,ORG-200619,PTR-001,2023-03,4448.25,13344.75,straight_line_fee_recognition
REV-0002009,ORG-200619,PTR-001,2023-04,4448.25,17793.0,straight_line_fee_recognition
REV-0002010,ORG-200619,PTR-001,2023-05,4448.25,22241.25,straight_line_fee_recognition
REV-0002011,ORG-200620,PTR-003,2026-05,606.43,606.43,straight_line_fee_recognition
REV-0002012,ORG-200620,PTR-003,2026-06,606.43,1212.86,straight_line_fee_recognition
REV-0002013,ORG-200620,PTR-003,2026-07,606.43,1819.29,straight_line_fee_recognition
REV-0002014,ORG-200621,PTR-004,2024-11,3423.95,3423.95,straight_line_fee_recognition
REV-0002015,ORG-200622,PTR-006,2022-02,3314.24,3314.24,straight_line_fee_recognition
REV-0002016,ORG-200622,PTR-006,2022-03,3314.24,6628.48,straight_line_fee_recognition
REV-0002017,ORG-200623,PTR-002,2022-10,2837.87,2837.87,straight_line_fee_recognition
REV-0002018,ORG-200623,PTR-002,2022-11,2837.87,5675.74,straight_line_fee_recognition
REV-0002019,ORG-200623,PTR-002,2022-12,2837.87,8513.61,straight_line_fee_recognition
REV-0002020,ORG-200623,PTR-002,2023-01,2837.87,11351.48,straight_line_fee_recognition
REV-0002021,ORG-200624,PTR-004,2023-06,1579.21,1579.21,straight_line_fee_recognition
REV-0002022,ORG-200624,PTR-004,2023-07,1579.21,3158.42,straight_line_fee_recognition
REV-0002023,ORG-200624,PTR-004,2023-08,1579.21,4737.63,straight_line_fee_recognition
REV-0002024,ORG-200625,PTR-001,2022-09,2775.19,2775.19,straight_line_fee_recognition
REV-0002025,ORG-200625,PTR-001,2022-10,2775.19,5550.38,straight_line_fee_recognition
REV-0002026,ORG-200625,PTR-001,2022-11,2775.19,8325.57,straight_line_fee_recognition
REV-0002027,ORG-200625,PTR-001,2022-12,2775.19,11100.76,straight_line_fee_recognition
REV-0002028,ORG-200625,PTR-001,2023-01,2775.19,13875.95,straight_line_fee_recognition
REV-0002029,ORG-200625,PTR-001,2023-01,2775.19,16651.14,straight_line_fee_recognition
REV-0002030,ORG-200626,PTR-001,2026-05,2223.59,2223.59,straight_line_fee_recognition
REV-0002031,ORG-200626,PTR-001,2026-06,2223.59,4447.18,straight_line_fee_recognition
REV-0002032,ORG-200626,PTR-001,2026-07,2223.59,6670.77,straight_line_fee_recognition
REV-0002033,ORG-200626,PTR-001,2026-08,2223.59,8894.36,straight_line_fee_recognition
REV-0002034,ORG-200627,PTR-005,2025-05,1568.74,1568.74,straight_line_fee_recognition
REV-0002035,ORG-200627,PTR-005,2025-06,1568.74,3137.48,straight_line_fee_recognition
REV-0002036,ORG-200628,PTR-005,2025-09,5621.1,5621.1,straight_line_fee_recognition
REV-0002037,ORG-200628,PTR-005,2025-10,5621.1,11242.2,straight_line_fee_recognition
REV-0002038,ORG-200628,PTR-005,2025-11,5621.1,16863.3,straight_line_fee_recognition
REV-0002039,ORG-200629,PTR-001,2023-10,1544.79,1544.79,straight_line_fee_recognition
REV-0002040,ORG-200629,PTR-001,2023-11,1544.79,3089.58,straight_line_fee_recognition
REV-0002041,ORG-200629,PTR-001,2023-12,1544.79,4634.37,straight_line_fee_recognition
REV-0002042,ORG-200630,PTR-002,2026-03,1580.69,1580.69,straight_line_fee_recognition
REV-0002043,ORG-200630,PTR-002,2026-04,1580.69,3161.38,straight_line_fee_recognition
REV-0002044,ORG-200630,PTR-002,2026-05,1580.69,4742.07,straight_line_fee_recognition
REV-0002045,ORG-200630,PTR-002,2026-06,1580.69,6322.76,straight_line_fee_recognition
REV-0002046,ORG-200631,PTR-004,2024-02,863.47,863.47,straight_line_fee_recognition
REV-0002047,ORG-200631,PTR-004,2024-03,863.47,1726.94,straight_line_fee_recognition
REV-0002048,ORG-200632,PTR-002,2024-05,1995.85,1995.85,straight_line_fee_recognition
REV-0002049,ORG-200632,PTR-002,2024-06,1995.85,3991.7,straight_line_fee_recognition
REV-0002050,ORG-200632,PTR-002,2024-07,1995.85,5987.55,straight_line_fee_recognition
REV-0002051,ORG-200632,PTR-002,2024-08,1995.85,7983.4,straight_line_fee_recognition
REV-0002052,ORG-200633,PTR-001,2024-12,452.15,452.15,straight_line_fee_recognition
REV-0002053,ORG-200633,PTR-001,2025-01,452.15,904.3,straight_line_fee_recognition
REV-0002054,ORG-200633,PTR-001,2025-02,452.15,1356.45,straight_line_fee_recognition
REV-0002055,ORG-200633,PTR-001,2025-03,452.15,1808.6,straight_line_fee_recognition
REV-0002056,ORG-200633,PTR-001,2025-04,452.15,2260.75,straight_line_fee_recognition
REV-0002057,ORG-200634,PTR-004,2023-08,4153.88,4153.88,straight_line_fee_recognition
REV-0002058,ORG-200634,PTR-004,2023-09,4153.88,8307.76,straight_line_fee_recognition
REV-0002059,ORG-200635,PTR-005,2022-01,2324.1,2324.1,straight_line_fee_recognition
REV-0002060,ORG-200635,PTR-005,2022-02,2324.1,4648.2,straight_line_fee_recognition
REV-0002061,ORG-200635,PTR-005,2022-03,2324.1,6972.3,straight_line_fee_recognition
REV-0002062,ORG-200635,PTR-005,2022-04,2324.1,9296.4,straight_line_fee_recognition
REV-0002063,ORG-200635,PTR-005,2022-05,2324.1,11620.5,straight_line_fee_recognition
REV-0002064,ORG-200636,PTR-004,2023-01,837.37,837.37,straight_line_fee_recognition
REV-0002065,ORG-200636,PTR-004,2023-02,837.37,1674.74,straight_line_fee_recognition
REV-0002066,ORG-200637,PTR-003,2024-06,2994.51,2994.51,straight_line_fee_recognition
REV-0002067,ORG-200638,PTR-001,2026-05,3371.72,3371.72,straight_line_fee_recognition
REV-0002068,ORG-200638,PTR-001,2026-06,3371.72,6743.44,straight_line_fee_recognition
REV-0002069,ORG-200638,PTR-001,2026-07,3371.72,10115.16,straight_line_fee_recognition
REV-0002070,ORG-200639,PTR-003,2024-10,903.34,903.34,straight_line_fee_recognition
REV-0002071,ORG-200639,PTR-003,2024-11,903.34,1806.68,straight_line_fee_recognition
REV-0002072,ORG-200639,PTR-003,2024-12,903.34,2710.02,straight_line_fee_recognition
REV-0002073,ORG-200639,PTR-003,2025-01,903.34,3613.36,straight_line_fee_recognition
REV-0002074,ORG-200639,PTR-003,2025-02,903.34,4516.7,straight_line_fee_recognition
REV-0002075,ORG-200640,PTR-006,2023-02,3427.08,3427.08,straight_line_fee_recognition
REV-0002076,ORG-200640,PTR-006,2023-03,3427.08,6854.16,straight_line_fee_recognition
REV-0002077,ORG-200640,PTR-006,2023-04,3427.08,10281.24,straight_line_fee_recognition
REV-0002078,ORG-200640,PTR-006,2023-05,3427.08,13708.32,straight_line_fee_recognition
REV-0002079,ORG-200640,PTR-006,2023-06,3427.08,17135.4,straight_line_fee_recognition
REV-0002080,ORG-200641,PTR-001,2022-01,2461.28,2461.28,straight_line_fee_recognition
REV-0002081,ORG-200641,PTR-001,2022-02,2461.28,4922.56,straight_line_fee_recognition
REV-0002082,ORG-200642,PTR-004,2024-04,1956.74,1956.74,straight_line_fee_recognition
REV-0002083,ORG-200642,PTR-004,2024-05,1956.74,3913.48,straight_line_fee_recognition
REV-0002084,ORG-200642,PTR-004,2024-06,1956.74,5870.22,straight_line_fee_recognition
REV-0002085,ORG-200642,PTR-004,2024-07,1956.74,7826.96,straight_line_fee_recognition
REV-0002086,ORG-200642,PTR-004,2024-08,1956.74,9783.7,straight_line_fee_recognition
REV-0002087,ORG-200643,PTR-001,2023-02,162.87,162.87,straight_line_fee_recognition
REV-0002088,ORG-200644,PTR-006,2024-10,269.33,269.33,straight_line_fee_recognition
REV-0002089,ORG-200644,PTR-006,2024-11,269.33,538.66,straight_line_fee_recognition
REV-0002090,ORG-200645,PTR-005,2025-05,1799.64,1799.64,straight_line_fee_recognition
REV-0002091,ORG-200645,PTR-005,2025-06,1799.64,3599.28,straight_line_fee_recognition
REV-0002092,ORG-200645,PTR-005,2025-07,1799.64,5398.92,straight_line_fee_recognition
REV-0002093,ORG-200646,PTR-004,2024-06,230.42,230.42,straight_line_fee_recognition
REV-0002094,ORG-200646,PTR-004,2024-07,230.42,460.84,straight_line_fee_recognition
REV-0002095,ORG-200646,PTR-004,2024-08,230.42,691.26,straight_line_fee_recognition
REV-0002096,ORG-200647,PTR-004,2026-02,987.68,987.68,straight_line_fee_recognition
REV-0002097,ORG-200647,PTR-004,2026-03,987.68,1975.36,straight_line_fee_recognition
REV-0002098,ORG-200647,PTR-004,2026-04,987.68,2963.04,straight_line_fee_recognition
REV-0002099,ORG-200648,PTR-006,2022-01,1419.34,1419.34,straight_line_fee_recognition
REV-0002100,ORG-200648,PTR-006,2022-02,1419.34,2838.68,straight_line_fee_recognition
REV-0002101,ORG-200648,PTR-006,2022-03,1419.34,4258.02,straight_line_fee_recognition
REV-0002102,ORG-200648,PTR-006,2022-04,1419.34,5677.36,straight_line_fee_recognition
REV-0002103,ORG-200648,PTR-006,2022-05,1419.34,7096.7,straight_line_fee_recognition
REV-0002104,ORG-200648,PTR-006,2022-06,1419.34,8516.04,straight_line_fee_recognition
REV-0002105,ORG-200649,PTR-003,2023-10,1004.51,1004.51,straight_line_fee_recognition
REV-0002106,ORG-200649,PTR-003,2023-11,1004.51,2009.02,straight_line_fee_recognition
REV-0002107,ORG-200649,PTR-003,2023-12,1004.51,3013.53,straight_line_fee_recognition
REV-0002108,ORG-200649,PTR-003,2024-01,1004.51,4018.04,straight_line_fee_recognition
REV-0002109,ORG-200650,PTR-001,2022-03,1054.23,1054.23,straight_line_fee_recognition
REV-0002110,ORG-200650,PTR-001,2022-04,1054.23,2108.46,straight_line_fee_recognition
REV-0002111,ORG-200651,PTR-002,2022-01,191.29,191.29,straight_line_fee_recognition
REV-0002112,ORG-200651,PTR-002,2022-02,191.29,382.58,straight_line_fee_recognition
REV-0002113,ORG-200651,PTR-002,2022-03,191.29,573.87,straight_line_fee_recognition
REV-0002114,ORG-200652,PTR-006,2026-02,1971.57,1971.57,straight_line_fee_recognition
REV-0002115,ORG-200652,PTR-006,2026-03,1971.57,3943.14,straight_line_fee_recognition
REV-0002116,ORG-200652,PTR-006,2026-04,1971.57,5914.71,straight_line_fee_recognition
REV-0002117,ORG-200652,PTR-006,2026-05,1971.57,7886.28,straight_line_fee_recognition
REV-0002118,ORG-200652,PTR-006,2026-06,1971.57,9857.85,straight_line_fee_recognition
REV-0002119,ORG-200653,PTR-006,2023-09,2284.04,2284.04,straight_line_fee_recognition
REV-0002120,ORG-200653,PTR-006,2023-10,2284.04,4568.08,straight_line_fee_recognition
REV-0002121,ORG-200654,PTR-001,2023-06,5289.74,5289.74,straight_line_fee_recognition
REV-0002122,ORG-200654,PTR-001,2023-07,5289.74,10579.48,straight_line_fee_recognition
REV-0002123,ORG-200655,PTR-006,2023-02,1822.26,1822.26,straight_line_fee_recognition
REV-0002124,ORG-200655,PTR-006,2023-03,1822.26,3644.52,straight_line_fee_recognition
REV-0002125,ORG-200655,PTR-006,2023-04,1822.26,5466.78,straight_line_fee_recognition
REV-0002126,ORG-200655,PTR-006,2023-05,1822.26,7289.04,straight_line_fee_recognition
REV-0002127,ORG-200655,PTR-006,2023-06,1822.26,9111.3,straight_line_fee_recognition
REV-0002128,ORG-200655,PTR-006,2023-07,1822.26,10933.56,straight_line_fee_recognition
REV-0002129,ORG-200656,PTR-004,2023-09,1433.94,1433.94,straight_line_fee_recognition
REV-0002130,ORG-200656,PTR-004,2023-10,1433.94,2867.88,straight_line_fee_recognition
REV-0002131,ORG-200657,PTR-006,2024-04,308.87,308.87,straight_line_fee_recognition
REV-0002132,ORG-200657,PTR-006,2024-05,308.87,617.74,straight_line_fee_recognition
REV-0002133,ORG-200657,PTR-006,2024-06,308.87,926.61,straight_line_fee_recognition
REV-0002134,ORG-200657,PTR-006,2024-07,308.87,1235.48,straight_line_fee_recognition
REV-0002135,ORG-200658,PTR-005,2022-01,3180.53,3180.53,straight_line_fee_recognition
REV-0002136,ORG-200658,PTR-005,2022-03,3180.53,6361.06,straight_line_fee_recognition
REV-0002137,ORG-200658,PTR-005,2022-03,3180.53,9541.59,straight_line_fee_recognition
REV-0002138,ORG-200659,PTR-006,2023-01,2518.0,2518.0,straight_line_fee_recognition
REV-0002139,ORG-200659,PTR-006,2023-02,2518.0,5036.0,straight_line_fee_recognition
REV-0002140,ORG-200659,PTR-006,2023-03,2518.0,7554.0,straight_line_fee_recognition
REV-0002141,ORG-200659,PTR-006,2023-04,2518.0,10072.0,straight_line_fee_recognition
REV-0002142,ORG-200659,PTR-006,2023-05,2518.0,12590.0,straight_line_fee_recognition
REV-0002143,ORG-200660,PTR-004,2024-04,623.65,623.65,straight_line_fee_recognition
REV-0002144,ORG-200660,PTR-004,2024-05,623.65,1247.3,straight_line_fee_recognition
REV-0002145,ORG-200660,PTR-004,2024-06,623.65,1870.95,straight_line_fee_recognition
REV-0002146,ORG-200660,PTR-004,2024-07,623.65,2494.6,straight_line_fee_recognition
REV-0002147,ORG-200661,PTR-002,2025-07,4182.11,4182.11,straight_line_fee_recognition
REV-0002148,ORG-200661,PTR-002,2025-08,4182.11,8364.22,straight_line_fee_recognition
REV-0002149,ORG-200662,PTR-005,2022-04,1288.08,1288.08,straight_line_fee_recognition
REV-0002150,ORG-200662,PTR-005,2022-05,1288.08,2576.16,straight_line_fee_recognition
REV-0002151,ORG-200662,PTR-005,2022-06,1288.08,3864.24,straight_line_fee_recognition
REV-0002152,ORG-200663,PTR-002,2025-07,2856.03,2856.03,straight_line_fee_recognition
REV-0002153,ORG-200663,PTR-002,2025-08,2856.03,5712.06,straight_line_fee_recognition
REV-0002154,ORG-200664,PTR-004,2025-02,188.85,188.85,straight_line_fee_recognition
REV-0002155,ORG-200664,PTR-004,2025-03,188.85,377.7,straight_line_fee_recognition
REV-0002156,ORG-200664,PTR-004,2025-04,188.85,566.55,straight_line_fee_recognition
REV-0002157,ORG-200664,PTR-004,2025-05,188.85,755.4,straight_line_fee_recognition
REV-0002158,ORG-200665,PTR-002,2023-03,5023.1,5023.1,straight_line_fee_recognition
REV-0002159,ORG-200665,PTR-002,2023-04,5023.1,10046.2,straight_line_fee_recognition
REV-0002160,ORG-200665,PTR-002,2023-05,5023.1,15069.3,straight_line_fee_recognition
REV-0002161,ORG-200665,PTR-002,2023-06,5023.1,20092.4,straight_line_fee_recognition
REV-0002162,ORG-200666,PTR-001,2025-04,3369.67,3369.67,straight_line_fee_recognition
REV-0002163,ORG-200666,PTR-001,2025-05,3369.67,6739.34,straight_line_fee_recognition
REV-0002164,ORG-200666,PTR-001,2025-06,3369.67,10109.01,straight_line_fee_recognition
REV-0002165,ORG-200666,PTR-001,2025-07,3369.67,13478.68,straight_line_fee_recognition
REV-0002166,ORG-200667,PTR-002,2025-10,2394.43,2394.43,straight_line_fee_recognition
REV-0002167,ORG-200667,PTR-002,2025-11,2394.43,4788.86,straight_line_fee_recognition
REV-0002168,ORG-200668,PTR-004,2023-03,978.11,978.11,straight_line_fee_recognition
REV-0002169,ORG-200668,PTR-004,2023-03,978.11,1956.22,straight_line_fee_recognition
REV-0002170,ORG-200668,PTR-004,2023-04,978.11,2934.33,straight_line_fee_recognition
REV-0002171,ORG-200668,PTR-004,2023-05,978.11,3912.44,straight_line_fee_recognition
REV-0002172,ORG-200669,PTR-005,2024-03,4744.92,4744.92,straight_line_fee_recognition
REV-0002173,ORG-200669,PTR-005,2024-04,4744.92,9489.84,straight_line_fee_recognition
REV-0002174,ORG-200670,PTR-005,2025-07,694.35,694.35,straight_line_fee_recognition
REV-0002175,ORG-200670,PTR-005,2025-08,694.35,1388.7,straight_line_fee_recognition
REV-0002176,ORG-200670,PTR-005,2025-09,694.35,2083.05,straight_line_fee_recognition
REV-0002177,ORG-200670,PTR-005,2025-10,694.35,2777.4,straight_line_fee_recognition
REV-0002178,ORG-200670,PTR-005,2025-11,694.35,3471.75,straight_line_fee_recognition
REV-0002179,ORG-200670,PTR-005,2025-12,694.35,4166.1,straight_line_fee_recognition
REV-0002180,ORG-200670,PTR-005,2026-01,694.35,4860.45,straight_line_fee_recognition
REV-0002181,ORG-200670,PTR-005,2026-02,694.35,5554.8,straight_line_fee_recognition
REV-0002182,ORG-200671,PTR-005,2023-12,3533.24,3533.24,straight_line_fee_recognition
REV-0002183,ORG-200671,PTR-005,2024-01,3533.24,7066.48,straight_line_fee_recognition
REV-0002184,ORG-200671,PTR-005,2024-02,3533.24,10599.72,straight_line_fee_recognition
REV-0002185,ORG-200671,PTR-005,2024-03,3533.24,14132.96,straight_line_fee_recognition
REV-0002186,ORG-200672,PTR-002,2023-09,3612.41,3612.41,straight_line_fee_recognition
REV-0002187,ORG-200672,PTR-002,2023-10,3612.41,7224.82,straight_line_fee_recognition
REV-0002188,ORG-200673,PTR-002,2022-01,423.17,423.17,straight_line_fee_recognition
REV-0002189,ORG-200673,PTR-002,2022-02,423.17,846.34,straight_line_fee_recognition
REV-0002190,ORG-200674,PTR-004,2022-08,1014.94,1014.94,straight_line_fee_recognition
REV-0002191,ORG-200674,PTR-004,2022-08,1014.94,2029.88,straight_line_fee_recognition
REV-0002192,ORG-200674,PTR-004,2022-09,1014.94,3044.82,straight_line_fee_recognition
REV-0002193,ORG-200675,PTR-002,2025-11,316.0,316.0,straight_line_fee_recognition
REV-0002194,ORG-200675,PTR-002,2025-12,316.0,632.0,straight_line_fee_recognition
REV-0002195,ORG-200676,PTR-004,2025-04,396.88,396.88,straight_line_fee_recognition
REV-0002196,ORG-200676,PTR-004,2025-05,396.88,793.76,straight_line_fee_recognition
REV-0002197,ORG-200676,PTR-004,2025-06,396.88,1190.64,straight_line_fee_recognition
REV-0002198,ORG-200676,PTR-004,2025-07,396.88,1587.52,straight_line_fee_recognition
REV-0002199,ORG-200677,PTR-003,2025-04,5433.9,5433.9,straight_line_fee_recognition
REV-0002200,ORG-200677,PTR-003,2025-05,5433.9,10867.8,straight_line_fee_recognition
REV-0002201,ORG-200678,PTR-005,2025-02,2312.16,2312.16,straight_line_fee_recognition
REV-0002202,ORG-200678,PTR-005,2025-03,2312.16,4624.32,straight_line_fee_recognition
REV-0002203,ORG-200678,PTR-005,2025-04,2312.16,6936.48,straight_line_fee_recognition
REV-0002204,ORG-200678,PTR-005,2025-05,2312.16,9248.64,straight_line_fee_recognition
REV-0002205,ORG-200679,PTR-005,2022-06,1959.1,1959.1,straight_line_fee_recognition
REV-0002206,ORG-200679,PTR-005,2022-07,1959.1,3918.2,straight_line_fee_recognition
REV-0002207,ORG-200679,PTR-005,2022-08,1959.1,5877.3,straight_line_fee_recognition
REV-0002208,ORG-200679,PTR-005,2022-09,1959.1,7836.4,straight_line_fee_recognition
REV-0002209,ORG-200680,PTR-001,2023-03,1919.71,1919.71,straight_line_fee_recognition
REV-0002210,ORG-200680,PTR-001,2023-04,1919.71,3839.42,straight_line_fee_recognition
REV-0002211,ORG-200680,PTR-001,2023-05,1919.71,5759.13,straight_line_fee_recognition
REV-0002212,ORG-200681,PTR-002,2024-06,3705.26,3705.26,straight_line_fee_recognition
REV-0002213,ORG-200681,PTR-002,2024-07,3705.26,7410.52,straight_line_fee_recognition
REV-0002214,ORG-200682,PTR-002,2025-09,1254.02,1254.02,straight_line_fee_recognition
REV-0002215,ORG-200682,PTR-002,2025-10,1254.02,2508.04,straight_line_fee_recognition
REV-0002216,ORG-200683,PTR-004,2022-03,2105.76,2105.76,straight_line_fee_recognition
REV-0002217,ORG-200684,PTR-003,2025-02,2439.86,2439.86,straight_line_fee_recognition
REV-0002218,ORG-200684,PTR-003,2025-03,2439.86,4879.72,straight_line_fee_recognition
REV-0002219,ORG-200684,PTR-003,2025-04,2439.86,7319.58,straight_line_fee_recognition
REV-0002220,ORG-200684,PTR-003,2025-05,2439.86,9759.44,straight_line_fee_recognition
REV-0002221,ORG-200684,PTR-003,2025-06,2439.86,12199.3,straight_line_fee_recognition
REV-0002222,ORG-200685,PTR-002,2024-05,1842.53,1842.53,straight_line_fee_recognition
REV-0002223,ORG-200685,PTR-002,2024-06,1842.53,3685.06,straight_line_fee_recognition
REV-0002224,ORG-200685,PTR-002,2024-07,1842.53,5527.59,straight_line_fee_recognition
REV-0002225,ORG-200685,PTR-002,2024-08,1842.53,7370.12,straight_line_fee_recognition
REV-0002226,ORG-200685,PTR-002,2024-09,1842.53,9212.65,straight_line_fee_recognition
REV-0002227,ORG-200685,PTR-002,2024-10,1842.53,11055.18,straight_line_fee_recognition
REV-0002228,ORG-200685,PTR-002,2024-11,1842.53,12897.71,straight_line_fee_recognition
REV-0002229,ORG-200685,PTR-002,2024-12,1842.53,14740.24,straight_line_fee_recognition
REV-0002230,ORG-200686,PTR-002,2024-06,751.94,751.94,straight_line_fee_recognition
REV-0002231,ORG-200686,PTR-002,2024-07,751.94,1503.88,straight_line_fee_recognition
REV-0002232,ORG-200686,PTR-002,2024-08,751.94,2255.82,straight_line_fee_recognition
REV-0002233,ORG-200687,PTR-001,2025-05,3606.41,3606.41,straight_line_fee_recognition
REV-0002234,ORG-200687,PTR-001,2025-06,3606.41,7212.82,straight_line_fee_recognition
REV-0002235,ORG-200688,PTR-004,2022-03,403.06,403.06,straight_line_fee_recognition
REV-0002236,ORG-200688,PTR-004,2022-04,403.06,806.12,straight_line_fee_recognition
REV-0002237,ORG-200689,PTR-001,2023-01,943.38,943.38,straight_line_fee_recognition
REV-0002238,ORG-200689,PTR-001,2023-02,943.38,1886.76,straight_line_fee_recognition
REV-0002239,ORG-200689,PTR-001,2023-03,943.38,2830.14,straight_line_fee_recognition
REV-0002240,ORG-200690,PTR-005,2022-07,1561.83,1561.83,straight_line_fee_recognition
REV-0002241,ORG-200690,PTR-005,2022-08,1561.83,3123.66,straight_line_fee_recognition
REV-0002242,ORG-200691,PTR-004,2022-03,2950.53,2950.53,straight_line_fee_recognition
REV-0002243,ORG-200691,PTR-004,2022-03,2950.53,5901.06,straight_line_fee_recognition
REV-0002244,ORG-200691,PTR-004,2022-04,2950.53,8851.59,straight_line_fee_recognition
REV-0002245,ORG-200692,PTR-003,2025-06,2861.62,2861.62,straight_line_fee_recognition
REV-0002246,ORG-200692,PTR-003,2025-07,2861.62,5723.24,straight_line_fee_recognition
REV-0002247,ORG-200693,PTR-002,2023-09,4338.18,4338.18,straight_line_fee_recognition
REV-0002248,ORG-200693,PTR-002,2023-10,4338.18,8676.36,straight_line_fee_recognition
REV-0002249,ORG-200693,PTR-002,2023-11,4338.18,13014.54,straight_line_fee_recognition
REV-0002250,ORG-200693,PTR-002,2023-12,4338.18,17352.72,straight_line_fee_recognition
REV-0002251,ORG-200693,PTR-002,2024-01,4338.18,21690.9,straight_line_fee_recognition
REV-0002252,ORG-200694,PTR-002,2025-07,224.61,224.61,straight_line_fee_recognition
REV-0002253,ORG-200694,PTR-002,2025-08,224.61,449.22,straight_line_fee_recognition
REV-0002254,ORG-200694,PTR-002,2025-09,224.61,673.83,straight_line_fee_recognition
REV-0002255,ORG-200695,PTR-001,2025-04,1171.73,1171.73,straight_line_fee_recognition
REV-0002256,ORG-200695,PTR-001,2025-05,1171.73,2343.46,straight_line_fee_recognition
REV-0002257,ORG-200695,PTR-001,2025-06,1171.73,3515.19,straight_line_fee_recognition
REV-0002258,ORG-200696,PTR-001,2022-10,1048.08,1048.08,straight_line_fee_recognition
REV-0002259,ORG-200696,PTR-001,2022-11,1048.08,2096.16,straight_line_fee_recognition
REV-0002260,ORG-200696,PTR-001,2022-12,1048.08,3144.24,straight_line_fee_recognition
REV-0002261,ORG-200697,PTR-003,2023-04,342.35,342.35,straight_line_fee_recognition
REV-0002262,ORG-200697,PTR-003,2023-05,342.35,684.7,straight_line_fee_recognition
REV-0002263,ORG-200698,PTR-003,2022-10,2077.57,2077.57,straight_line_fee_recognition
REV-0002264,ORG-200698,PTR-003,2022-11,2077.57,4155.14,straight_line_fee_recognition
REV-0002265,ORG-200699,PTR-004,2024-05,3736.06,3736.06,straight_line_fee_recognition
REV-0002266,ORG-200699,PTR-004,2024-06,3736.06,7472.12,straight_line_fee_recognition
REV-0002267,ORG-200699,PTR-004,2024-07,3736.06,11208.18,straight_line_fee_recognition
REV-0002268,ORG-200699,PTR-004,2024-08,3736.06,14944.24,straight_line_fee_recognition
REV-0002269,ORG-200699,PTR-004,2024-09,3736.06,18680.3,straight_line_fee_recognition
REV-0002270,ORG-200699,PTR-004,2024-10,3736.06,22416.36,straight_line_fee_recognition
REV-0002271,ORG-200700,PTR-002,2022-11,707.51,707.51,straight_line_fee_recognition
REV-0002272,ORG-200700,PTR-002,2022-12,707.51,1415.02,straight_line_fee_recognition
REV-0002273,ORG-200700,PTR-002,2023-01,707.51,2122.53,straight_line_fee_recognition
REV-0002274,ORG-200700,PTR-002,2023-02,707.51,2830.04,straight_line_fee_recognition
REV-0002275,ORG-200701,PTR-004,2024-04,2215.21,2215.21,straight_line_fee_recognition
REV-0002276,ORG-200701,PTR-004,2024-05,2215.21,4430.42,straight_line_fee_recognition
REV-0002277,ORG-200702,PTR-003,2023-07,2553.77,2553.77,straight_line_fee_recognition
REV-0002278,ORG-200702,PTR-003,2023-08,2553.77,5107.54,straight_line_fee_recognition
REV-0002279,ORG-200702,PTR-003,2023-09,2553.77,7661.31,straight_line_fee_recognition
REV-0002280,ORG-200702,PTR-003,2023-10,2553.77,10215.08,straight_line_fee_recognition
REV-0002281,ORG-200703,PTR-002,2025-10,2014.45,2014.45,straight_line_fee_recognition
REV-0002282,ORG-200703,PTR-002,2025-11,2014.45,4028.9,straight_line_fee_recognition
REV-0002283,ORG-200703,PTR-002,2025-12,2014.45,6043.35,straight_line_fee_recognition
REV-0002284,ORG-200703,PTR-002,2026-01,2014.45,8057.8,straight_line_fee_recognition
REV-0002285,ORG-200704,PTR-003,2025-06,587.07,587.07,straight_line_fee_recognition
REV-0002286,ORG-200704,PTR-003,2025-07,587.07,1174.14,straight_line_fee_recognition
REV-0002287,ORG-200704,PTR-003,2025-08,587.07,1761.21,straight_line_fee_recognition
REV-0002288,ORG-200704,PTR-003,2025-09,587.07,2348.28,straight_line_fee_recognition
REV-0002289,ORG-200705,PTR-004,2022-01,2147.28,2147.28,straight_line_fee_recognition
REV-0002290,ORG-200705,PTR-004,2022-02,2147.28,4294.56,straight_line_fee_recognition
REV-0002291,ORG-200705,PTR-004,2022-03,2147.28,6441.84,straight_line_fee_recognition
REV-0002292,ORG-200705,PTR-004,2022-04,2147.28,8589.12,straight_line_fee_recognition
REV-0002293,ORG-200705,PTR-004,2022-05,2147.28,10736.4,straight_line_fee_recognition
REV-0002294,ORG-200705,PTR-004,2022-06,2147.28,12883.68,straight_line_fee_recognition
REV-0002295,ORG-200706,PTR-002,2022-06,4503.8,4503.8,straight_line_fee_recognition
REV-0002296,ORG-200706,PTR-002,2022-07,4503.8,9007.6,straight_line_fee_recognition
REV-0002297,ORG-200706,PTR-002,2022-08,4503.8,13511.4,straight_line_fee_recognition
REV-0002298,ORG-200707,PTR-001,2023-01,676.14,676.14,straight_line_fee_recognition
REV-0002299,ORG-200707,PTR-001,2023-02,676.14,1352.28,straight_line_fee_recognition
REV-0002300,ORG-200707,PTR-001,2023-03,676.14,2028.42,straight_line_fee_recognition
REV-0002301,ORG-200708,PTR-005,2024-09,4853.02,4853.02,straight_line_fee_recognition
REV-0002302,ORG-200708,PTR-005,2024-10,4853.02,9706.04,straight_line_fee_recognition
REV-0002303,ORG-200708,PTR-005,2024-11,4853.02,14559.06,straight_line_fee_recognition
REV-0002304,ORG-200708,PTR-005,2024-12,4853.02,19412.08,straight_line_fee_recognition
REV-0002305,ORG-200709,PTR-003,2024-01,463.04,463.04,straight_line_fee_recognition
REV-0002306,ORG-200709,PTR-003,2024-02,463.04,926.08,straight_line_fee_recognition
REV-0002307,ORG-200709,PTR-003,2024-03,463.04,1389.12,straight_line_fee_recognition
REV-0002308,ORG-200710,PTR-002,2025-04,145.17,145.17,straight_line_fee_recognition
REV-0002309,ORG-200710,PTR-002,2025-05,145.17,290.34,straight_line_fee_recognition
REV-0002310,ORG-200710,PTR-002,2025-06,145.17,435.51,straight_line_fee_recognition
REV-0002311,ORG-200710,PTR-002,2025-07,145.17,580.68,straight_line_fee_recognition
REV-0002312,ORG-200710,PTR-002,2025-08,145.17,725.85,straight_line_fee_recognition
REV-0002313,ORG-200711,PTR-001,2022-05,1302.65,1302.65,straight_line_fee_recognition
REV-0002314,ORG-200711,PTR-001,2022-06,1302.65,2605.3,straight_line_fee_recognition
REV-0002315,ORG-200711,PTR-001,2022-07,1302.65,3907.95,straight_line_fee_recognition
REV-0002316,ORG-200712,PTR-005,2025-05,433.46,433.46,straight_line_fee_recognition
REV-0002317,ORG-200712,PTR-005,2025-06,433.46,866.92,straight_line_fee_recognition
REV-0002318,ORG-200712,PTR-005,2025-07,433.46,1300.38,straight_line_fee_recognition
REV-0002319,ORG-200712,PTR-005,2025-08,433.46,1733.84,straight_line_fee_recognition
REV-0002320,ORG-200712,PTR-005,2025-09,433.46,2167.3,straight_line_fee_recognition
REV-0002321,ORG-200713,PTR-003,2022-01,536.54,536.54,straight_line_fee_recognition
REV-0002322,ORG-200713,PTR-003,2022-02,536.54,1073.08,straight_line_fee_recognition
REV-0002323,ORG-200714,PTR-005,2025-07,1889.4,1889.4,straight_line_fee_recognition
REV-0002324,ORG-200714,PTR-005,2025-08,1889.4,3778.8,straight_line_fee_recognition
REV-0002325,ORG-200714,PTR-005,2025-09,1889.4,5668.2,straight_line_fee_recognition
REV-0002326,ORG-200715,PTR-003,2022-03,215.68,215.68,straight_line_fee_recognition
REV-0002327,ORG-200715,PTR-003,2022-04,215.68,431.36,straight_line_fee_recognition
REV-0002328,ORG-200715,PTR-003,2022-05,215.68,647.04,straight_line_fee_recognition
REV-0002329,ORG-200715,PTR-003,2022-06,215.68,862.72,straight_line_fee_recognition
REV-0002330,ORG-200715,PTR-003,2022-07,215.68,1078.4,straight_line_fee_recognition
REV-0002331,ORG-200715,PTR-003,2022-08,215.68,1294.08,straight_line_fee_recognition
REV-0002332,ORG-200715,PTR-003,2022-09,215.68,1509.76,straight_line_fee_recognition
REV-0002333,ORG-200715,PTR-003,2022-10,215.68,1725.44,straight_line_fee_recognition
REV-0002334,ORG-200715,PTR-003,2022-11,215.68,1941.12,straight_line_fee_recognition
REV-0002335,ORG-200716,PTR-001,2022-01,6117.41,6117.41,straight_line_fee_recognition
REV-0002336,ORG-200716,PTR-001,2022-02,6117.41,12234.82,straight_line_fee_recognition
REV-0002337,ORG-200716,PTR-001,2022-03,6117.41,18352.23,straight_line_fee_recognition
REV-0002338,ORG-200716,PTR-001,2022-04,6117.41,24469.64,straight_line_fee_recognition
REV-0002339,ORG-200717,PTR-004,2023-04,3381.03,3381.03,straight_line_fee_recognition
REV-0002340,ORG-200717,PTR-004,2023-05,3381.03,6762.06,straight_line_fee_recognition
REV-0002341,ORG-200717,PTR-004,2023-06,3381.03,10143.09,straight_line_fee_recognition
REV-0002342,ORG-200717,PTR-004,2023-07,3381.03,13524.12,straight_line_fee_recognition
REV-0002343,ORG-200718,PTR-006,2025-06,1882.84,1882.84,straight_line_fee_recognition
REV-0002344,ORG-200718,PTR-006,2025-07,1882.84,3765.68,straight_line_fee_recognition
REV-0002345,ORG-200718,PTR-006,2025-08,1882.84,5648.52,straight_line_fee_recognition
REV-0002346,ORG-200718,PTR-006,2025-09,1882.84,7531.36,straight_line_fee_recognition
REV-0002347,ORG-200718,PTR-006,2025-10,1882.84,9414.2,straight_line_fee_recognition
REV-0002348,ORG-200719,PTR-001,2026-01,1244.18,1244.18,straight_line_fee_recognition
REV-0002349,ORG-200719,PTR-001,2026-02,1244.18,2488.36,straight_line_fee_recognition
REV-0002350,ORG-200719,PTR-001,2026-03,1244.18,3732.54,straight_line_fee_recognition
REV-0002351,ORG-200720,PTR-001,2025-09,1796.91,1796.91,straight_line_fee_recognition
REV-0002352,ORG-200720,PTR-001,2025-10,1796.91,3593.82,straight_line_fee_recognition
REV-0002353,ORG-200720,PTR-001,2025-11,1796.91,5390.73,straight_line_fee_recognition
REV-0002354,ORG-200720,PTR-001,2025-12,1796.91,7187.64,straight_line_fee_recognition
REV-0002355,ORG-200720,PTR-001,2026-01,1796.91,8984.55,straight_line_fee_recognition
REV-0002356,ORG-200721,PTR-003,2026-01,3889.55,3889.55,straight_line_fee_recognition
REV-0002357,ORG-200721,PTR-003,2026-02,3889.55,7779.1,straight_line_fee_recognition
REV-0002358,ORG-200721,PTR-003,2026-03,3889.55,11668.65,straight_line_fee_recognition
REV-0002359,ORG-200721,PTR-003,2026-04,3889.55,15558.2,straight_line_fee_recognition
REV-0002360,ORG-200721,PTR-003,2026-05,3889.55,19447.75,straight_line_fee_recognition
REV-0002361,ORG-200721,PTR-003,2026-06,3889.55,23337.3,straight_line_fee_recognition
REV-0002362,ORG-200721,PTR-003,2026-07,3889.55,27226.85,straight_line_fee_recognition
REV-0002363,ORG-200722,PTR-005,2022-12,2656.54,2656.54,straight_line_fee_recognition
REV-0002364,ORG-200722,PTR-005,2023-01,2656.54,5313.08,straight_line_fee_recognition
REV-0002365,ORG-200722,PTR-005,2023-02,2656.54,7969.62,straight_line_fee_recognition
REV-0002366,ORG-200722,PTR-005,2023-03,2656.54,10626.16,straight_line_fee_recognition
REV-0002367,ORG-200723,PTR-006,2025-11,2041.34,2041.34,straight_line_fee_recognition
REV-0002368,ORG-200723,PTR-006,2025-12,2041.34,4082.68,straight_line_fee_recognition
REV-0002369,ORG-200723,PTR-006,2026-01,2041.34,6124.02,straight_line_fee_recognition
REV-0002370,ORG-200724,PTR-002,2023-11,1792.42,1792.42,straight_line_fee_recognition
REV-0002371,ORG-200724,PTR-002,2023-12,1792.42,3584.84,straight_line_fee_recognition
REV-0002372,ORG-200724,PTR-002,2024-01,1792.42,5377.26,straight_line_fee_recognition
REV-0002373,ORG-200724,PTR-002,2024-02,1792.42,7169.68,straight_line_fee_recognition
REV-0002374,ORG-200725,PTR-003,2023-12,3745.22,3745.22,straight_line_fee_recognition
REV-0002375,ORG-200725,PTR-003,2024-01,3745.22,7490.44,straight_line_fee_recognition
REV-0002376,ORG-200726,PTR-004,2023-06,1676.87,1676.87,straight_line_fee_recognition
REV-0002377,ORG-200726,PTR-004,2023-07,1676.87,3353.74,straight_line_fee_recognition
REV-0002378,ORG-200726,PTR-004,2023-08,1676.87,5030.61,straight_line_fee_recognition
REV-0002379,ORG-200726,PTR-004,2023-09,1676.87,6707.48,straight_line_fee_recognition
REV-0002380,ORG-200727,PTR-006,2026-04,940.0,940.0,straight_line_fee_recognition
REV-0002381,ORG-200727,PTR-006,2026-05,940.0,1880.0,straight_line_fee_recognition
REV-0002382,ORG-200727,PTR-006,2026-06,940.0,2820.0,straight_line_fee_recognition
REV-0002383,ORG-200727,PTR-006,2026-07,940.0,3760.0,straight_line_fee_recognition
REV-0002384,ORG-200728,PTR-001,2025-04,2167.46,2167.46,straight_line_fee_recognition
REV-0002385,ORG-200728,PTR-001,2025-05,2167.46,4334.92,straight_line_fee_recognition
REV-0002386,ORG-200728,PTR-001,2025-06,2167.46,6502.38,straight_line_fee_recognition
REV-0002387,ORG-200728,PTR-001,2025-07,2167.46,8669.84,straight_line_fee_recognition
REV-0002388,ORG-200729,PTR-005,2025-10,4034.65,4034.65,straight_line_fee_recognition
REV-0002389,ORG-200729,PTR-005,2025-11,4034.65,8069.3,straight_line_fee_recognition
REV-0002390,ORG-200729,PTR-005,2025-12,4034.65,12103.95,straight_line_fee_recognition
REV-0002391,ORG-200729,PTR-005,2026-01,4034.65,16138.6,straight_line_fee_recognition
REV-0002392,ORG-200730,PTR-002,2024-03,1281.14,1281.14,straight_line_fee_recognition
REV-0002393,ORG-200730,PTR-002,2024-04,1281.14,2562.28,straight_line_fee_recognition
REV-0002394,ORG-200730,PTR-002,2024-05,1281.14,3843.42,straight_line_fee_recognition
REV-0002395,ORG-200730,PTR-002,2024-06,1281.14,5124.56,straight_line_fee_recognition
REV-0002396,ORG-200730,PTR-002,2024-07,1281.14,6405.7,straight_line_fee_recognition
REV-0002397,ORG-200731,PTR-004,2022-03,1654.92,1654.92,straight_line_fee_recognition
REV-0002398,ORG-200731,PTR-004,2022-04,1654.92,3309.84,straight_line_fee_recognition
REV-0002399,ORG-200732,PTR-006,2023-12,1134.17,1134.17,straight_line_fee_recognition
REV-0002400,ORG-200732,PTR-006,2024-01,1134.17,2268.34,straight_line_fee_recognition
REV-0002401,ORG-200732,PTR-006,2024-02,1134.17,3402.51,straight_line_fee_recognition
REV-0002402,ORG-200732,PTR-006,2024-03,1134.17,4536.68,straight_line_fee_recognition
REV-0002403,ORG-200732,PTR-006,2024-04,1134.17,5670.85,straight_line_fee_recognition
REV-0002404,ORG-200732,PTR-006,2024-05,1134.17,6805.02,straight_line_fee_recognition
REV-0002405,ORG-200733,PTR-004,2022-04,1299.71,1299.71,straight_line_fee_recognition
REV-0002406,ORG-200733,PTR-004,2022-05,1299.71,2599.42,straight_line_fee_recognition
REV-0002407,ORG-200733,PTR-004,2022-06,1299.71,3899.13,straight_line_fee_recognition
REV-0002408,ORG-200733,PTR-004,2022-07,1299.71,5198.84,straight_line_fee_recognition
REV-0002409,ORG-200733,PTR-004,2022-08,1299.71,6498.55,straight_line_fee_recognition
REV-0002410,ORG-200734,PTR-004,2025-08,1082.77,1082.77,straight_line_fee_recognition
REV-0002411,ORG-200734,PTR-004,2025-09,1082.77,2165.54,straight_line_fee_recognition
REV-0002412,ORG-200735,PTR-001,2024-09,650.62,650.62,straight_line_fee_recognition
REV-0002413,ORG-200735,PTR-001,2024-10,650.62,1301.24,straight_line_fee_recognition
REV-0002414,ORG-200736,PTR-003,2023-11,1145.65,1145.65,straight_line_fee_recognition
REV-0002415,ORG-200736,PTR-003,2023-12,1145.65,2291.3,straight_line_fee_recognition
REV-0002416,ORG-200737,PTR-002,2024-05,2964.9,2964.9,straight_line_fee_recognition
REV-0002417,ORG-200737,PTR-002,2024-06,2964.9,5929.8,straight_line_fee_recognition
REV-0002418,ORG-200737,PTR-002,2024-07,2964.9,8894.7,straight_line_fee_recognition
REV-0002419,ORG-200738,PTR-002,2025-11,904.53,904.53,straight_line_fee_recognition
REV-0002420,ORG-200738,PTR-002,2025-12,904.53,1809.06,straight_line_fee_recognition
REV-0002421,ORG-200738,PTR-002,2026-01,904.53,2713.59,straight_line_fee_recognition
REV-0002422,ORG-200738,PTR-002,2026-02,904.53,3618.12,straight_line_fee_recognition
REV-0002423,ORG-200738,PTR-002,2026-03,904.53,4522.65,straight_line_fee_recognition
REV-0002424,ORG-200738,PTR-002,2026-04,904.53,5427.18,straight_line_fee_recognition
REV-0002425,ORG-200739,PTR-003,2024-03,1984.43,1984.43,straight_line_fee_recognition
REV-0002426,ORG-200739,PTR-003,2024-04,1984.43,3968.86,straight_line_fee_recognition
REV-0002427,ORG-200739,PTR-003,2024-05,1984.43,5953.29,straight_line_fee_recognition
REV-0002428,ORG-200740,PTR-006,2026-03,2832.41,2832.41,straight_line_fee_recognition
REV-0002429,ORG-200740,PTR-006,2026-04,2832.41,5664.82,straight_line_fee_recognition
REV-0002430,ORG-200741,PTR-004,2022-09,1922.58,1922.58,straight_line_fee_recognition
REV-0002431,ORG-200741,PTR-004,2022-10,1922.58,3845.16,straight_line_fee_recognition
REV-0002432,ORG-200741,PTR-004,2022-11,1922.58,5767.74,straight_line_fee_recognition
REV-0002433,ORG-200741,PTR-004,2022-12,1922.58,7690.32,straight_line_fee_recognition
REV-0002434,ORG-200741,PTR-004,2023-01,1922.58,9612.9,straight_line_fee_recognition
REV-0002435,ORG-200741,PTR-004,2023-02,1922.58,11535.48,straight_line_fee_recognition
REV-0002436,ORG-200741,PTR-004,2023-03,1922.58,13458.06,straight_line_fee_recognition
REV-0002437,ORG-200742,PTR-006,2022-04,1051.95,1051.95,straight_line_fee_recognition
REV-0002438,ORG-200742,PTR-006,2022-05,1051.95,2103.9,straight_line_fee_recognition
REV-0002439,ORG-200743,PTR-002,2025-01,2738.6,2738.6,straight_line_fee_recognition
REV-0002440,ORG-200743,PTR-002,2025-02,2738.6,5477.2,straight_line_fee_recognition
REV-0002441,ORG-200743,PTR-002,2025-03,2738.6,8215.8,straight_line_fee_recognition
REV-0002442,ORG-200743,PTR-002,2025-04,2738.6,10954.4,straight_line_fee_recognition
REV-0002443,ORG-200743,PTR-002,2025-05,2738.6,13693.0,straight_line_fee_recognition
REV-0002444,ORG-200744,PTR-003,2022-02,922.32,922.32,straight_line_fee_recognition
REV-0002445,ORG-200744,PTR-003,2022-03,922.32,1844.64,straight_line_fee_recognition
REV-0002446,ORG-200744,PTR-003,2022-04,922.32,2766.96,straight_line_fee_recognition
REV-0002447,ORG-200744,PTR-003,2022-05,922.32,3689.28,straight_line_fee_recognition
REV-0002448,ORG-200745,PTR-004,2022-10,1131.4,1131.4,straight_line_fee_recognition
REV-0002449,ORG-200745,PTR-004,2022-11,1131.4,2262.8,straight_line_fee_recognition
REV-0002450,ORG-200746,PTR-001,2022-02,2205.01,2205.01,straight_line_fee_recognition
REV-0002451,ORG-200746,PTR-001,2022-03,2205.01,4410.02,straight_line_fee_recognition
REV-0002452,ORG-200747,PTR-003,2026-01,389.75,389.75,straight_line_fee_recognition
REV-0002453,ORG-200747,PTR-003,2026-02,389.75,779.5,straight_line_fee_recognition
REV-0002454,ORG-200747,PTR-003,2026-03,389.75,1169.25,straight_line_fee_recognition
REV-0002455,ORG-200747,PTR-003,2026-04,389.75,1559.0,straight_line_fee_recognition
REV-0002456,ORG-200747,PTR-003,2026-05,389.75,1948.75,straight_line_fee_recognition
REV-0002457,ORG-200748,PTR-002,2022-09,424.96,424.96,straight_line_fee_recognition
REV-0002458,ORG-200748,PTR-002,2022-10,424.96,849.92,straight_line_fee_recognition
REV-0002459,ORG-200748,PTR-002,2022-11,424.96,1274.88,straight_line_fee_recognition
REV-0002460,ORG-200749,PTR-006,2025-03,905.49,905.49,straight_line_fee_recognition
REV-0002461,ORG-200749,PTR-006,2025-04,905.49,1810.98,straight_line_fee_recognition
REV-0002462,ORG-200750,PTR-004,2024-05,850.42,850.42,straight_line_fee_recognition
REV-0002463,ORG-200750,PTR-004,2024-06,850.42,1700.84,straight_line_fee_recognition
REV-0002464,ORG-200750,PTR-004,2024-07,850.42,2551.26,straight_line_fee_recognition
REV-0002465,ORG-200751,PTR-004,2025-02,1589.81,1589.81,straight_line_fee_recognition
REV-0002466,ORG-200751,PTR-004,2025-03,1589.81,3179.62,straight_line_fee_recognition
REV-0002467,ORG-200752,PTR-003,2024-05,648.47,648.47,straight_line_fee_recognition
REV-0002468,ORG-200752,PTR-003,2024-06,648.47,1296.94,straight_line_fee_recognition
REV-0002469,ORG-200753,PTR-001,2023-08,2004.96,2004.96,straight_line_fee_recognition
REV-0002470,ORG-200753,PTR-001,2023-09,2004.96,4009.92,straight_line_fee_recognition
REV-0002471,ORG-200753,PTR-001,2023-10,2004.96,6014.88,straight_line_fee_recognition
REV-0002472,ORG-200754,PTR-001,2025-09,163.0,163.0,straight_line_fee_recognition
REV-0002473,ORG-200754,PTR-001,2025-10,163.0,326.0,straight_line_fee_recognition
REV-0002474,ORG-200755,PTR-006,2024-04,2224.64,2224.64,straight_line_fee_recognition
REV-0002475,ORG-200755,PTR-006,2024-05,2224.64,4449.28,straight_line_fee_recognition
REV-0002476,ORG-200755,PTR-006,2024-06,2224.64,6673.92,straight_line_fee_recognition
REV-0002477,ORG-200756,PTR-001,2023-08,1968.31,1968.31,straight_line_fee_recognition
REV-0002478,ORG-200756,PTR-001,2023-09,1968.31,3936.62,straight_line_fee_recognition
REV-0002479,ORG-200756,PTR-001,2023-10,1968.31,5904.93,straight_line_fee_recognition
REV-0002480,ORG-200756,PTR-001,2023-11,1968.31,7873.24,straight_line_fee_recognition
REV-0002481,ORG-200757,PTR-006,2024-04,5696.81,5696.81,straight_line_fee_recognition
REV-0002482,ORG-200757,PTR-006,2024-05,5696.81,11393.62,straight_line_fee_recognition
REV-0002483,ORG-200757,PTR-006,2024-06,5696.81,17090.43,straight_line_fee_recognition
REV-0002484,ORG-200757,PTR-006,2024-07,5696.81,22787.24,straight_line_fee_recognition
REV-0002485,ORG-200758,PTR-005,2024-11,2631.25,2631.25,straight_line_fee_recognition
REV-0002486,ORG-200758,PTR-005,2024-12,2631.25,5262.5,straight_line_fee_recognition
REV-0002487,ORG-200758,PTR-005,2025-01,2631.25,7893.75,straight_line_fee_recognition
REV-0002488,ORG-200758,PTR-005,2025-02,2631.25,10525.0,straight_line_fee_recognition
REV-0002489,ORG-200758,PTR-005,2025-03,2631.25,13156.25,straight_line_fee_recognition
REV-0002490,ORG-200759,PTR-001,2022-05,214.26,214.26,straight_line_fee_recognition
REV-0002491,ORG-200759,PTR-001,2022-05,214.26,428.52,straight_line_fee_recognition
REV-0002492,ORG-200759,PTR-001,2022-06,214.26,642.78,straight_line_fee_recognition
REV-0002493,ORG-200759,PTR-001,2022-07,214.26,857.04,straight_line_fee_recognition
REV-0002494,ORG-200759,PTR-001,2022-08,214.26,1071.3,straight_line_fee_recognition
REV-0002495,ORG-200759,PTR-001,2022-09,214.26,1285.56,straight_line_fee_recognition
REV-0002496,ORG-200759,PTR-001,2022-10,214.26,1499.82,straight_line_fee_recognition
REV-0002497,ORG-200759,PTR-001,2022-11,214.26,1714.08,straight_line_fee_recognition
REV-0002498,ORG-200759,PTR-001,2022-12,214.26,1928.34,straight_line_fee_recognition
REV-0002499,ORG-200759,PTR-001,2023-01,214.26,2142.6,straight_line_fee_recognition
REV-0002500,ORG-200760,PTR-001,2022-09,599.71,599.71,straight_line_fee_recognition
REV-0002501,ORG-200760,PTR-001,2022-10,599.71,1199.42,straight_line_fee_recognition
REV-0002502,ORG-200760,PTR-001,2022-11,599.71,1799.13,straight_line_fee_recognition
REV-0002503,ORG-200760,PTR-001,2022-12,599.71,2398.84,straight_line_fee_recognition
REV-0002504,ORG-200761,PTR-003,2024-10,2432.85,2432.85,straight_line_fee_recognition
REV-0002505,ORG-200761,PTR-003,2024-11,2432.85,4865.7,straight_line_fee_recognition
REV-0002506,ORG-200762,PTR-004,2022-09,2017.68,2017.68,straight_line_fee_recognition
REV-0002507,ORG-200762,PTR-004,2022-10,2017.68,4035.36,straight_line_fee_recognition
REV-0002508,ORG-200763,PTR-005,2023-09,2439.88,2439.88,straight_line_fee_recognition
REV-0002509,ORG-200763,PTR-005,2023-10,2439.88,4879.76,straight_line_fee_recognition
REV-0002510,ORG-200763,PTR-005,2023-11,2439.88,7319.64,straight_line_fee_recognition
REV-0002511,ORG-200763,PTR-005,2023-12,2439.88,9759.52,straight_line_fee_recognition
REV-0002512,ORG-200764,PTR-005,2022-01,6087.06,6087.06,straight_line_fee_recognition
REV-0002513,ORG-200765,PTR-002,2024-04,456.29,456.29,straight_line_fee_recognition
REV-0002514,ORG-200765,PTR-002,2024-05,456.29,912.58,straight_line_fee_recognition
REV-0002515,ORG-200765,PTR-002,2024-06,456.29,1368.87,straight_line_fee_recognition
REV-0002516,ORG-200766,PTR-003,2023-08,4595.63,4595.63,straight_line_fee_recognition
REV-0002517,ORG-200766,PTR-003,2023-09,4595.63,9191.26,straight_line_fee_recognition
REV-0002518,ORG-200766,PTR-003,2023-10,4595.63,13786.89,straight_line_fee_recognition
REV-0002519,ORG-200767,PTR-006,2023-02,2740.14,2740.14,straight_line_fee_recognition
REV-0002520,ORG-200767,PTR-006,2023-03,2740.14,5480.28,straight_line_fee_recognition
REV-0002521,ORG-200767,PTR-006,2023-04,2740.14,8220.42,straight_line_fee_recognition
REV-0002522,ORG-200767,PTR-006,2023-05,2740.14,10960.56,straight_line_fee_recognition
REV-0002523,ORG-200767,PTR-006,2023-06,2740.14,13700.7,straight_line_fee_recognition
REV-0002524,ORG-200768,PTR-001,2024-12,3846.86,3846.86,straight_line_fee_recognition
REV-0002525,ORG-200768,PTR-001,2025-01,3846.86,7693.72,straight_line_fee_recognition
REV-0002526,ORG-200768,PTR-001,2025-02,3846.86,11540.58,straight_line_fee_recognition
REV-0002527,ORG-200769,PTR-004,2024-10,2428.85,2428.85,straight_line_fee_recognition
REV-0002528,ORG-200769,PTR-004,2024-11,2428.85,4857.7,straight_line_fee_recognition
REV-0002529,ORG-200769,PTR-004,2024-12,2428.85,7286.55,straight_line_fee_recognition
REV-0002530,ORG-200769,PTR-004,2025-01,2428.85,9715.4,straight_line_fee_recognition
REV-0002531,ORG-200769,PTR-004,2025-02,2428.85,12144.25,straight_line_fee_recognition
REV-0002532,ORG-200770,PTR-003,2025-03,2931.72,2931.72,straight_line_fee_recognition
REV-0002533,ORG-200770,PTR-003,2025-04,2931.72,5863.44,straight_line_fee_recognition
REV-0002534,ORG-200770,PTR-003,2025-05,2931.72,8795.16,straight_line_fee_recognition
REV-0002535,ORG-200771,PTR-004,2025-12,1204.34,1204.34,straight_line_fee_recognition
REV-0002536,ORG-200771,PTR-004,2026-01,1204.34,2408.68,straight_line_fee_recognition
REV-0002537,ORG-200772,PTR-006,2023-11,2478.11,2478.11,straight_line_fee_recognition
REV-0002538,ORG-200772,PTR-006,2023-12,2478.11,4956.22,straight_line_fee_recognition
REV-0002539,ORG-200772,PTR-006,2024-01,2478.11,7434.33,straight_line_fee_recognition
REV-0002540,ORG-200772,PTR-006,2024-02,2478.11,9912.44,straight_line_fee_recognition
REV-0002541,ORG-200772,PTR-006,2024-03,2478.11,12390.55,straight_line_fee_recognition
REV-0002542,ORG-200772,PTR-006,2024-04,2478.11,14868.66,straight_line_fee_recognition
REV-0002543,ORG-200772,PTR-006,2024-05,2478.11,17346.77,straight_line_fee_recognition
REV-0002544,ORG-200773,PTR-005,2023-06,1937.03,1937.03,straight_line_fee_recognition
REV-0002545,ORG-200773,PTR-005,2023-07,1937.03,3874.06,straight_line_fee_recognition
REV-0002546,ORG-200774,PTR-003,2025-11,6297.89,6297.89,straight_line_fee_recognition
REV-0002547,ORG-200774,PTR-003,2025-12,6297.89,12595.78,straight_line_fee_recognition
REV-0002548,ORG-200774,PTR-003,2026-01,6297.89,18893.67,straight_line_fee_recognition
REV-0002549,ORG-200775,PTR-004,2022-07,2765.99,2765.99,straight_line_fee_recognition
REV-0002550,ORG-200775,PTR-004,2022-08,2765.99,5531.98,straight_line_fee_recognition
REV-0002551,ORG-200775,PTR-004,2022-09,2765.99,8297.97,straight_line_fee_recognition
REV-0002552,ORG-200775,PTR-004,2022-10,2765.99,11063.96,straight_line_fee_recognition
REV-0002553,ORG-200776,PTR-001,2023-09,2288.97,2288.97,straight_line_fee_recognition
REV-0002554,ORG-200776,PTR-001,2023-10,2288.97,4577.94,straight_line_fee_recognition
REV-0002555,ORG-200777,PTR-006,2024-03,4347.24,4347.24,straight_line_fee_recognition
REV-0002556,ORG-200777,PTR-006,2024-04,4347.24,8694.48,straight_line_fee_recognition
REV-0002557,ORG-200777,PTR-006,2024-05,4347.24,13041.72,straight_line_fee_recognition
REV-0002558,ORG-200778,PTR-002,2025-08,665.97,665.97,straight_line_fee_recognition
REV-0002559,ORG-200778,PTR-002,2025-09,665.97,1331.94,straight_line_fee_recognition
REV-0002560,ORG-200778,PTR-002,2025-10,665.97,1997.91,straight_line_fee_recognition
REV-0002561,ORG-200779,PTR-001,2025-08,972.07,972.07,straight_line_fee_recognition
REV-0002562,ORG-200779,PTR-001,2025-09,972.07,1944.14,straight_line_fee_recognition
REV-0002563,ORG-200780,PTR-003,2022-01,921.97,921.97,straight_line_fee_recognition
REV-0002564,ORG-200780,PTR-003,2022-02,921.97,1843.94,straight_line_fee_recognition
REV-0002565,ORG-200781,PTR-004,2024-03,3531.7,3531.7,straight_line_fee_recognition
REV-0002566,ORG-200781,PTR-004,2024-04,3531.7,7063.4,straight_line_fee_recognition
REV-0002567,ORG-200782,PTR-004,2025-03,2187.23,2187.23,straight_line_fee_recognition
REV-0002568,ORG-200782,PTR-004,2025-04,2187.23,4374.46,straight_line_fee_recognition
REV-0002569,ORG-200782,PTR-004,2025-05,2187.23,6561.69,straight_line_fee_recognition
REV-0002570,ORG-200782,PTR-004,2025-06,2187.23,8748.92,straight_line_fee_recognition
REV-0002571,ORG-200783,PTR-004,2025-12,2617.99,2617.99,straight_line_fee_recognition
REV-0002572,ORG-200783,PTR-004,2026-01,2617.99,5235.98,straight_line_fee_recognition
REV-0002573,ORG-200783,PTR-004,2026-02,2617.99,7853.97,straight_line_fee_recognition
REV-0002574,ORG-200783,PTR-004,2026-03,2617.99,10471.96,straight_line_fee_recognition
REV-0002575,ORG-200784,PTR-003,2026-04,1362.92,1362.92,straight_line_fee_recognition
REV-0002576,ORG-200784,PTR-003,2026-05,1362.92,2725.84,straight_line_fee_recognition
REV-0002577,ORG-200784,PTR-003,2026-06,1362.92,4088.76,straight_line_fee_recognition
REV-0002578,ORG-200785,PTR-006,2024-07,1240.28,1240.28,straight_line_fee_recognition
REV-0002579,ORG-200785,PTR-006,2024-08,1240.28,2480.56,straight_line_fee_recognition
REV-0002580,ORG-200785,PTR-006,2024-09,1240.28,3720.84,straight_line_fee_recognition
REV-0002581,ORG-200785,PTR-006,2024-10,1240.28,4961.12,straight_line_fee_recognition
REV-0002582,ORG-200785,PTR-006,2024-11,1240.28,6201.4,straight_line_fee_recognition
REV-0002583,ORG-200785,PTR-006,2024-12,1240.28,7441.68,straight_line_fee_recognition
REV-0002584,ORG-200786,PTR-003,2023-03,6957.59,6957.59,straight_line_fee_recognition
REV-0002585,ORG-200786,PTR-003,2023-04,6957.59,13915.18,straight_line_fee_recognition
REV-0002586,ORG-200786,PTR-003,2023-05,6957.59,20872.77,straight_line_fee_recognition
REV-0002587,ORG-200787,PTR-004,2025-10,524.55,524.55,straight_line_fee_recognition
REV-0002588,ORG-200787,PTR-004,2025-11,524.55,1049.1,straight_line_fee_recognition
REV-0002589,ORG-200787,PTR-004,2025-12,524.55,1573.65,straight_line_fee_recognition
REV-0002590,ORG-200788,PTR-004,2024-10,2409.59,2409.59,straight_line_fee_recognition
REV-0002591,ORG-200788,PTR-004,2024-11,2409.59,4819.18,straight_line_fee_recognition
REV-0002592,ORG-200788,PTR-004,2024-12,2409.59,7228.77,straight_line_fee_recognition
REV-0002593,ORG-200788,PTR-004,2025-01,2409.59,9638.36,straight_line_fee_recognition
REV-0002594,ORG-200789,PTR-001,2024-02,1321.81,1321.81,straight_line_fee_recognition
REV-0002595,ORG-200789,PTR-001,2024-03,1321.81,2643.62,straight_line_fee_recognition
REV-0002596,ORG-200789,PTR-001,2024-04,1321.81,3965.43,straight_line_fee_recognition
REV-0002597,ORG-200790,PTR-001,2025-03,598.8,598.8,straight_line_fee_recognition
REV-0002598,ORG-200790,PTR-001,2025-04,598.8,1197.6,straight_line_fee_recognition
REV-0002599,ORG-200790,PTR-001,2025-05,598.8,1796.4,straight_line_fee_recognition
REV-0002600,ORG-200790,PTR-001,2025-06,598.8,2395.2,straight_line_fee_recognition
REV-0002601,ORG-200790,PTR-001,2025-07,598.8,2994.0,straight_line_fee_recognition
REV-0002602,ORG-200790,PTR-001,2025-08,598.8,3592.8,straight_line_fee_recognition
REV-0002603,ORG-200791,PTR-006,2022-06,3511.9,3511.9,straight_line_fee_recognition
REV-0002604,ORG-200791,PTR-006,2022-07,3511.9,7023.8,straight_line_fee_recognition
REV-0002605,ORG-200791,PTR-006,2022-08,3511.9,10535.7,straight_line_fee_recognition
REV-0002606,ORG-200792,PTR-002,2022-10,407.28,407.28,straight_line_fee_recognition
REV-0002607,ORG-200792,PTR-002,2022-11,407.28,814.56,straight_line_fee_recognition
REV-0002608,ORG-200792,PTR-002,2022-12,407.28,1221.84,straight_line_fee_recognition
REV-0002609,ORG-200793,PTR-006,2025-12,746.75,746.75,straight_line_fee_recognition
REV-0002610,ORG-200793,PTR-006,2026-01,746.75,1493.5,straight_line_fee_recognition
REV-0002611,ORG-200794,PTR-005,2022-02,264.3,264.3,straight_line_fee_recognition
REV-0002612,ORG-200794,PTR-005,2022-03,264.3,528.6,straight_line_fee_recognition
REV-0002613,ORG-200794,PTR-005,2022-04,264.3,792.9,straight_line_fee_recognition
REV-0002614,ORG-200794,PTR-005,2022-05,264.3,1057.2,straight_line_fee_recognition
REV-0002615,ORG-200795,PTR-001,2025-08,6306.94,6306.94,straight_line_fee_recognition
REV-0002616,ORG-200795,PTR-001,2025-09,6306.94,12613.88,straight_line_fee_recognition
REV-0002617,ORG-200795,PTR-001,2025-10,6306.94,18920.82,straight_line_fee_recognition
REV-0002618,ORG-200796,PTR-004,2025-08,1492.93,1492.93,straight_line_fee_recognition
REV-0002619,ORG-200796,PTR-004,2025-09,1492.93,2985.86,straight_line_fee_recognition
REV-0002620,ORG-200796,PTR-004,2025-10,1492.93,4478.79,straight_line_fee_recognition
REV-0002621,ORG-200796,PTR-004,2025-11,1492.93,5971.72,straight_line_fee_recognition
REV-0002622,ORG-200796,PTR-004,2025-12,1492.93,7464.65,straight_line_fee_recognition
REV-0002623,ORG-200797,PTR-003,2025-12,475.57,475.57,straight_line_fee_recognition
REV-0002624,ORG-200797,PTR-003,2026-01,475.57,951.14,straight_line_fee_recognition
REV-0002625,ORG-200797,PTR-003,2026-01,475.57,1426.71,straight_line_fee_recognition
REV-0002626,ORG-200797,PTR-003,2026-03,475.57,1902.28,straight_line_fee_recognition
REV-0002627,ORG-200797,PTR-003,2026-04,475.57,2377.85,straight_line_fee_recognition
REV-0002628,ORG-200797,PTR-003,2026-05,475.57,2853.42,straight_line_fee_recognition
REV-0002629,ORG-200797,PTR-003,2026-05,475.57,3328.99,straight_line_fee_recognition
REV-0002630,ORG-200798,PTR-001,2024-07,2131.01,2131.01,straight_line_fee_recognition
REV-0002631,ORG-200798,PTR-001,2024-08,2131.01,4262.02,straight_line_fee_recognition
REV-0002632,ORG-200799,PTR-002,2025-02,2701.83,2701.83,straight_line_fee_recognition
REV-0002633,ORG-200799,PTR-002,2025-03,2701.83,5403.66,straight_line_fee_recognition
REV-0002634,ORG-200799,PTR-002,2025-04,2701.83,8105.49,straight_line_fee_recognition
REV-0002635,ORG-200800,PTR-004,2023-03,1439.45,1439.45,straight_line_fee_recognition
REV-0002636,ORG-200800,PTR-004,2023-04,1439.45,2878.9,straight_line_fee_recognition
REV-0002637,ORG-200801,PTR-005,2023-04,747.31,747.31,straight_line_fee_recognition
REV-0002638,ORG-200801,PTR-005,2023-05,747.31,1494.62,straight_line_fee_recognition
REV-0002639,ORG-200801,PTR-005,2023-06,747.31,2241.93,straight_line_fee_recognition
REV-0002640,ORG-200801,PTR-005,2023-07,747.31,2989.24,straight_line_fee_recognition
REV-0002641,ORG-200801,PTR-005,2023-08,747.31,3736.55,straight_line_fee_recognition
REV-0002642,ORG-200802,PTR-005,2022-11,662.15,662.15,straight_line_fee_recognition
REV-0002643,ORG-200802,PTR-005,2022-12,662.15,1324.3,straight_line_fee_recognition
REV-0002644,ORG-200802,PTR-005,2023-01,662.15,1986.45,straight_line_fee_recognition
REV-0002645,ORG-200802,PTR-005,2023-02,662.15,2648.6,straight_line_fee_recognition
REV-0002646,ORG-200803,PTR-003,2024-03,2047.18,2047.18,straight_line_fee_recognition
REV-0002647,ORG-200803,PTR-003,2024-04,2047.18,4094.36,straight_line_fee_recognition
REV-0002648,ORG-200803,PTR-003,2024-05,2047.18,6141.54,straight_line_fee_recognition
REV-0002649,ORG-200803,PTR-003,2024-06,2047.18,8188.72,straight_line_fee_recognition
REV-0002650,ORG-200803,PTR-003,2024-07,2047.18,10235.9,straight_line_fee_recognition
REV-0002651,ORG-200803,PTR-003,2024-08,2047.18,12283.08,straight_line_fee_recognition
REV-0002652,ORG-200804,PTR-006,2026-02,1682.73,1682.73,straight_line_fee_recognition
REV-0002653,ORG-200804,PTR-006,2026-03,1682.73,3365.46,straight_line_fee_recognition
REV-0002654,ORG-200805,PTR-004,2024-03,2516.46,2516.46,straight_line_fee_recognition
REV-0002655,ORG-200805,PTR-004,2024-04,2516.46,5032.92,straight_line_fee_recognition
REV-0002656,ORG-200805,PTR-004,2024-05,2516.46,7549.38,straight_line_fee_recognition
REV-0002657,ORG-200806,PTR-002,2024-12,1325.57,1325.57,straight_line_fee_recognition
REV-0002658,ORG-200806,PTR-002,2025-01,1325.57,2651.14,straight_line_fee_recognition
REV-0002659,ORG-200806,PTR-002,2025-02,1325.57,3976.71,straight_line_fee_recognition
REV-0002660,ORG-200806,PTR-002,2025-03,1325.57,5302.28,straight_line_fee_recognition
REV-0002661,ORG-200806,PTR-002,2025-04,1325.57,6627.85,straight_line_fee_recognition
REV-0002662,ORG-200806,PTR-002,2025-05,1325.57,7953.42,straight_line_fee_recognition
REV-0002663,ORG-200806,PTR-002,2025-06,1325.57,9278.99,straight_line_fee_recognition
REV-0002664,ORG-200807,PTR-005,2024-02,187.19,187.19,straight_line_fee_recognition
REV-0002665,ORG-200807,PTR-005,2024-03,187.19,374.38,straight_line_fee_recognition
REV-0002666,ORG-200808,PTR-005,2026-04,1636.17,1636.17,straight_line_fee_recognition
REV-0002667,ORG-200808,PTR-005,2026-05,1636.17,3272.34,straight_line_fee_recognition
REV-0002668,ORG-200808,PTR-005,2026-06,1636.17,4908.51,straight_line_fee_recognition
REV-0002669,ORG-200809,PTR-004,2024-07,1207.65,1207.65,straight_line_fee_recognition
REV-0002670,ORG-200809,PTR-004,2024-08,1207.65,2415.3,straight_line_fee_recognition
REV-0002671,ORG-200810,PTR-001,2026-05,522.0,522.0,straight_line_fee_recognition
REV-0002672,ORG-200810,PTR-001,2026-05,522.0,1044.0,straight_line_fee_recognition
REV-0002673,ORG-200810,PTR-001,2026-06,522.0,1566.0,straight_line_fee_recognition
REV-0002674,ORG-200811,PTR-003,2023-01,2212.22,2212.22,straight_line_fee_recognition
REV-0002675,ORG-200811,PTR-003,2023-02,2212.22,4424.44,straight_line_fee_recognition
REV-0002676,ORG-200812,PTR-002,2022-06,1491.31,1491.31,straight_line_fee_recognition
REV-0002677,ORG-200812,PTR-002,2022-07,1491.31,2982.62,straight_line_fee_recognition
REV-0002678,ORG-200812,PTR-002,2022-08,1491.31,4473.93,straight_line_fee_recognition
REV-0002679,ORG-200812,PTR-002,2022-09,1491.31,5965.24,straight_line_fee_recognition
REV-0002680,ORG-200812,PTR-002,2022-10,1491.31,7456.55,straight_line_fee_recognition
REV-0002681,ORG-200812,PTR-002,2022-11,1491.31,8947.86,straight_line_fee_recognition
REV-0002682,ORG-200813,PTR-004,2026-04,556.72,556.72,straight_line_fee_recognition
REV-0002683,ORG-200813,PTR-004,2026-05,556.72,1113.44,straight_line_fee_recognition
REV-0002684,ORG-200814,PTR-005,2025-07,1740.8,1740.8,straight_line_fee_recognition
REV-0002685,ORG-200814,PTR-005,2025-08,1740.8,3481.6,straight_line_fee_recognition
REV-0002686,ORG-200814,PTR-005,2025-09,1740.8,5222.4,straight_line_fee_recognition
REV-0002687,ORG-200814,PTR-005,2025-10,1740.8,6963.2,straight_line_fee_recognition
REV-0002688,ORG-200814,PTR-005,2025-11,1740.8,8704.0,straight_line_fee_recognition
REV-0002689,ORG-200814,PTR-005,2025-12,1740.8,10444.8,straight_line_fee_recognition
REV-0002690,ORG-200815,PTR-006,2022-02,2966.76,2966.76,straight_line_fee_recognition
REV-0002691,ORG-200815,PTR-006,2022-03,2966.76,5933.52,straight_line_fee_recognition
REV-0002692,ORG-200815,PTR-006,2022-04,2966.76,8900.28,straight_line_fee_recognition
REV-0002693,ORG-200816,PTR-004,2023-08,3712.61,3712.61,straight_line_fee_recognition
REV-0002694,ORG-200816,PTR-004,2023-09,3712.61,7425.22,straight_line_fee_recognition
REV-0002695,ORG-200817,PTR-006,2025-07,2308.41,2308.41,straight_line_fee_recognition
REV-0002696,ORG-200817,PTR-006,2025-08,2308.41,4616.82,straight_line_fee_recognition
REV-0002697,ORG-200817,PTR-006,2025-09,2308.41,6925.23,straight_line_fee_recognition
REV-0002698,ORG-200817,PTR-006,2025-10,2308.41,9233.64,straight_line_fee_recognition
REV-0002699,ORG-200818,PTR-005,2025-12,2257.91,2257.91,straight_line_fee_recognition
REV-0002700,ORG-200818,PTR-005,2026-01,2257.91,4515.82,straight_line_fee_recognition
REV-0002701,ORG-200818,PTR-005,2026-02,2257.91,6773.73,straight_line_fee_recognition
REV-0002702,ORG-200818,PTR-005,2026-03,2257.91,9031.64,straight_line_fee_recognition
REV-0002703,ORG-200818,PTR-005,2026-04,2257.91,11289.55,straight_line_fee_recognition
REV-0002704,ORG-200818,PTR-005,2026-05,2257.91,13547.46,straight_line_fee_recognition
REV-0002705,ORG-200819,PTR-006,2022-02,1319.41,1319.41,straight_line_fee_recognition
REV-0002706,ORG-200819,PTR-006,2022-03,1319.41,2638.82,straight_line_fee_recognition
REV-0002707,ORG-200819,PTR-006,2022-04,1319.41,3958.23,straight_line_fee_recognition
REV-0002708,ORG-200819,PTR-006,2022-05,1319.41,5277.64,straight_line_fee_recognition
REV-0002709,ORG-200819,PTR-006,2022-06,1319.41,6597.05,straight_line_fee_recognition
REV-0002710,ORG-200820,PTR-002,2025-02,4003.09,4003.09,straight_line_fee_recognition
REV-0002711,ORG-200820,PTR-002,2025-03,4003.09,8006.18,straight_line_fee_recognition
REV-0002712,ORG-200820,PTR-002,2025-04,4003.09,12009.27,straight_line_fee_recognition
REV-0002713,ORG-200820,PTR-002,2025-05,4003.09,16012.36,straight_line_fee_recognition
REV-0002714,ORG-200821,PTR-003,2025-11,1784.62,1784.62,straight_line_fee_recognition
REV-0002715,ORG-200821,PTR-003,2025-12,1784.62,3569.24,straight_line_fee_recognition
REV-0002716,ORG-200821,PTR-003,2026-01,1784.62,5353.86,straight_line_fee_recognition
REV-0002717,ORG-200822,PTR-002,2022-07,3671.08,3671.08,straight_line_fee_recognition
REV-0002718,ORG-200822,PTR-002,2022-08,3671.08,7342.16,straight_line_fee_recognition
REV-0002719,ORG-200822,PTR-002,2022-09,3671.08,11013.24,straight_line_fee_recognition
REV-0002720,ORG-200822,PTR-002,2022-10,3671.08,14684.32,straight_line_fee_recognition
REV-0002721,ORG-200822,PTR-002,2022-11,3671.08,18355.4,straight_line_fee_recognition
REV-0002722,ORG-200823,PTR-006,2023-12,2740.43,2740.43,straight_line_fee_recognition
REV-0002723,ORG-200823,PTR-006,2024-01,2740.43,5480.86,straight_line_fee_recognition
REV-0002724,ORG-200823,PTR-006,2024-02,2740.43,8221.29,straight_line_fee_recognition
REV-0002725,ORG-200823,PTR-006,2024-03,2740.43,10961.72,straight_line_fee_recognition
REV-0002726,ORG-200823,PTR-006,2024-04,2740.43,13702.15,straight_line_fee_recognition
REV-0002727,ORG-200823,PTR-006,2024-05,2740.43,16442.58,straight_line_fee_recognition
REV-0002728,ORG-200823,PTR-006,2024-06,2740.43,19183.01,straight_line_fee_recognition
REV-0002729,ORG-200823,PTR-006,2024-07,2740.43,21923.44,straight_line_fee_recognition
REV-0002730,ORG-200824,PTR-004,2023-04,4050.9,4050.9,straight_line_fee_recognition
REV-0002731,ORG-200824,PTR-004,2023-05,4050.9,8101.8,straight_line_fee_recognition
REV-0002732,ORG-200824,PTR-004,2023-06,4050.9,12152.7,straight_line_fee_recognition
REV-0002733,ORG-200824,PTR-004,2023-07,4050.9,16203.6,straight_line_fee_recognition
REV-0002734,ORG-200825,PTR-002,2024-01,896.21,896.21,straight_line_fee_recognition
REV-0002735,ORG-200825,PTR-002,2024-02,896.21,1792.42,straight_line_fee_recognition
REV-0002736,ORG-200825,PTR-002,2024-03,896.21,2688.63,straight_line_fee_recognition
REV-0002737,ORG-200825,PTR-002,2024-04,896.21,3584.84,straight_line_fee_recognition
REV-0002738,ORG-200826,PTR-005,2025-02,474.12,474.12,straight_line_fee_recognition
REV-0002739,ORG-200826,PTR-005,2025-03,474.12,948.24,straight_line_fee_recognition
REV-0002740,ORG-200826,PTR-005,2025-04,474.12,1422.36,straight_line_fee_recognition
REV-0002741,ORG-200826,PTR-005,2025-05,474.12,1896.48,straight_line_fee_recognition
REV-0002742,ORG-200827,PTR-005,2025-03,1013.1,1013.1,straight_line_fee_recognition
REV-0002743,ORG-200827,PTR-005,2025-04,1013.1,2026.2,straight_line_fee_recognition
REV-0002744,ORG-200827,PTR-005,2025-05,1013.1,3039.3,straight_line_fee_recognition
REV-0002745,ORG-200827,PTR-005,2025-06,1013.1,4052.4,straight_line_fee_recognition
REV-0002746,ORG-200827,PTR-005,2025-07,1013.1,5065.5,straight_line_fee_recognition
REV-0002747,ORG-200828,PTR-003,2023-03,1511.65,1511.65,straight_line_fee_recognition
REV-0002748,ORG-200828,PTR-003,2023-04,1511.65,3023.3,straight_line_fee_recognition
REV-0002749,ORG-200828,PTR-003,2023-05,1511.65,4534.95,straight_line_fee_recognition
REV-0002750,ORG-200829,PTR-006,2022-06,2616.48,2616.48,straight_line_fee_recognition
REV-0002751,ORG-200829,PTR-006,2022-07,2616.48,5232.96,straight_line_fee_recognition
REV-0002752,ORG-200829,PTR-006,2022-08,2616.48,7849.44,straight_line_fee_recognition
REV-0002753,ORG-200830,PTR-001,2022-01,2345.12,2345.12,straight_line_fee_recognition
REV-0002754,ORG-200830,PTR-001,2022-02,2345.12,4690.24,straight_line_fee_recognition
REV-0002755,ORG-200830,PTR-001,2022-03,2345.12,7035.36,straight_line_fee_recognition
REV-0002756,ORG-200831,PTR-006,2026-05,7216.48,7216.48,straight_line_fee_recognition
REV-0002757,ORG-200831,PTR-006,2026-06,7216.48,14432.96,straight_line_fee_recognition
REV-0002758,ORG-200831,PTR-006,2026-07,7216.48,21649.44,straight_line_fee_recognition
REV-0002759,ORG-200832,PTR-005,2023-06,3191.01,3191.01,straight_line_fee_recognition
REV-0002760,ORG-200832,PTR-005,2023-07,3191.01,6382.02,straight_line_fee_recognition
REV-0002761,ORG-200832,PTR-005,2023-08,3191.01,9573.03,straight_line_fee_recognition
REV-0002762,ORG-200833,PTR-002,2024-01,3198.95,3198.95,straight_line_fee_recognition
REV-0002763,ORG-200833,PTR-002,2024-02,3198.95,6397.9,straight_line_fee_recognition
REV-0002764,ORG-200834,PTR-002,2024-03,2481.12,2481.12,straight_line_fee_recognition
REV-0002765,ORG-200834,PTR-002,2024-04,2481.12,4962.24,straight_line_fee_recognition
REV-0002766,ORG-200834,PTR-002,2024-05,2481.12,7443.36,straight_line_fee_recognition
REV-0002767,ORG-200835,PTR-001,2025-12,314.57,314.57,straight_line_fee_recognition
REV-0002768,ORG-200835,PTR-001,2026-01,314.57,629.14,straight_line_fee_recognition
REV-0002769,ORG-200836,PTR-005,2022-03,1810.38,1810.38,straight_line_fee_recognition
REV-0002770,ORG-200836,PTR-005,2022-04,1810.38,3620.76,straight_line_fee_recognition
REV-0002771,ORG-200836,PTR-005,2022-05,1810.38,5431.14,straight_line_fee_recognition
REV-0002772,ORG-200837,PTR-004,2025-12,1660.08,1660.08,straight_line_fee_recognition
REV-0002773,ORG-200837,PTR-004,2026-01,1660.08,3320.16,straight_line_fee_recognition
REV-0002774,ORG-200837,PTR-004,2026-02,1660.08,4980.24,straight_line_fee_recognition
REV-0002775,ORG-200837,PTR-004,2026-03,1660.08,6640.32,straight_line_fee_recognition
REV-0002776,ORG-200837,PTR-004,2026-04,1660.08,8300.4,straight_line_fee_recognition
REV-0002777,ORG-200837,PTR-004,2026-05,1660.08,9960.48,straight_line_fee_recognition
REV-0002778,ORG-200837,PTR-004,2026-06,1660.08,11620.56,straight_line_fee_recognition
REV-0002779,ORG-200838,PTR-006,2024-08,393.05,393.05,straight_line_fee_recognition
REV-0002780,ORG-200838,PTR-006,2024-09,393.05,786.1,straight_line_fee_recognition
REV-0002781,ORG-200838,PTR-006,2024-10,393.05,1179.15,straight_line_fee_recognition
REV-0002782,ORG-200839,PTR-006,2022-11,500.71,500.71,straight_line_fee_recognition
REV-0002783,ORG-200839,PTR-006,2022-12,500.71,1001.42,straight_line_fee_recognition
REV-0002784,ORG-200840,PTR-002,2025-02,363.02,363.02,straight_line_fee_recognition
REV-0002785,ORG-200840,PTR-002,2025-03,363.02,726.04,straight_line_fee_recognition
REV-0002786,ORG-200840,PTR-002,2025-04,363.02,1089.06,straight_line_fee_recognition
REV-0002787,ORG-200840,PTR-002,2025-05,363.02,1452.08,straight_line_fee_recognition
REV-0002788,ORG-200841,PTR-003,2024-06,96.33,96.33,straight_line_fee_recognition
REV-0002789,ORG-200841,PTR-003,2024-07,96.33,192.66,straight_line_fee_recognition
REV-0002790,ORG-200841,PTR-003,2024-08,96.33,288.99,straight_line_fee_recognition
REV-0002791,ORG-200841,PTR-003,2024-09,96.33,385.32,straight_line_fee_recognition
REV-0002792,ORG-200841,PTR-003,2024-10,96.33,481.65,straight_line_fee_recognition
REV-0002793,ORG-200841,PTR-003,2024-11,96.33,577.98,straight_line_fee_recognition
REV-0002794,ORG-200842,PTR-003,2022-06,816.37,816.37,straight_line_fee_recognition
REV-0002795,ORG-200842,PTR-003,2022-07,816.37,1632.74,straight_line_fee_recognition
REV-0002796,ORG-200843,PTR-002,2025-01,1451.3,1451.3,straight_line_fee_recognition
REV-0002797,ORG-200843,PTR-002,2025-02,1451.3,2902.6,straight_line_fee_recognition
REV-0002798,ORG-200843,PTR-002,2025-03,1451.3,4353.9,straight_line_fee_recognition
REV-0002799,ORG-200844,PTR-002,2025-06,404.69,404.69,straight_line_fee_recognition
REV-0002800,ORG-200844,PTR-002,2025-07,404.69,809.38,straight_line_fee_recognition
REV-0002801,ORG-200845,PTR-003,2025-08,1096.32,1096.32,straight_line_fee_recognition
REV-0002802,ORG-200845,PTR-003,2025-09,1096.32,2192.64,straight_line_fee_recognition
REV-0002803,ORG-200845,PTR-003,2025-10,1096.32,3288.96,straight_line_fee_recognition
REV-0002804,ORG-200845,PTR-003,2025-11,1096.32,4385.28,straight_line_fee_recognition
REV-0002805,ORG-200845,PTR-003,2025-12,1096.32,5481.6,straight_line_fee_recognition
REV-0002806,ORG-200845,PTR-003,2026-01,1096.32,6577.92,straight_line_fee_recognition
REV-0002807,ORG-200846,PTR-005,2023-11,2740.8,2740.8,straight_line_fee_recognition
REV-0002808,ORG-200846,PTR-005,2023-12,2740.8,5481.6,straight_line_fee_recognition
REV-0002809,ORG-200847,PTR-005,2025-03,1436.75,1436.75,straight_line_fee_recognition
REV-0002810,ORG-200847,PTR-005,2025-04,1436.75,2873.5,straight_line_fee_recognition
REV-0002811,ORG-200847,PTR-005,2025-05,1436.75,4310.25,straight_line_fee_recognition
REV-0002812,ORG-200847,PTR-005,2025-06,1436.75,5747.0,straight_line_fee_recognition
REV-0002813,ORG-200848,PTR-005,2025-05,4757.81,4757.81,straight_line_fee_recognition
REV-0002814,ORG-200848,PTR-005,2025-06,4757.81,9515.62,straight_line_fee_recognition
REV-0002815,ORG-200848,PTR-005,2025-07,4757.81,14273.43,straight_line_fee_recognition
REV-0002816,ORG-200848,PTR-005,2025-08,4757.81,19031.24,straight_line_fee_recognition
REV-0002817,ORG-200849,PTR-002,2023-08,3124.09,3124.09,straight_line_fee_recognition
REV-0002818,ORG-200849,PTR-002,2023-09,3124.09,6248.18,straight_line_fee_recognition
REV-0002819,ORG-200849,PTR-002,2023-10,3124.09,9372.27,straight_line_fee_recognition
REV-0002820,ORG-200849,PTR-002,2023-11,3124.09,12496.36,straight_line_fee_recognition
REV-0002821,ORG-200850,PTR-005,2025-10,723.6,723.6,straight_line_fee_recognition
REV-0002822,ORG-200850,PTR-005,2025-11,723.6,1447.2,straight_line_fee_recognition
REV-0002823,ORG-200850,PTR-005,2025-12,723.6,2170.8,straight_line_fee_recognition
REV-0002824,ORG-200851,PTR-003,2024-06,1705.15,1705.15,straight_line_fee_recognition
REV-0002825,ORG-200851,PTR-003,2024-07,1705.15,3410.3,straight_line_fee_recognition
REV-0002826,ORG-200851,PTR-003,2024-08,1705.15,5115.45,straight_line_fee_recognition
REV-0002827,ORG-200851,PTR-003,2024-09,1705.15,6820.6,straight_line_fee_recognition
REV-0002828,ORG-200851,PTR-003,2024-10,1705.15,8525.75,straight_line_fee_recognition
REV-0002829,ORG-200851,PTR-003,2024-11,1705.15,10230.9,straight_line_fee_recognition
REV-0002830,ORG-200852,PTR-004,2025-12,251.89,251.89,straight_line_fee_recognition
REV-0002831,ORG-200852,PTR-004,2026-01,251.89,503.78,straight_line_fee_recognition
REV-0002832,ORG-200853,PTR-006,2025-01,1478.53,1478.53,straight_line_fee_recognition
REV-0002833,ORG-200853,PTR-006,2025-02,1478.53,2957.06,straight_line_fee_recognition
REV-0002834,ORG-200854,PTR-004,2022-03,1340.45,1340.45,straight_line_fee_recognition
REV-0002835,ORG-200854,PTR-004,2022-03,1340.45,2680.9,straight_line_fee_recognition
REV-0002836,ORG-200855,PTR-005,2025-08,768.93,768.93,straight_line_fee_recognition
REV-0002837,ORG-200855,PTR-005,2025-09,768.93,1537.86,straight_line_fee_recognition
REV-0002838,ORG-200855,PTR-005,2025-10,768.93,2306.79,straight_line_fee_recognition
REV-0002839,ORG-200855,PTR-005,2025-11,768.93,3075.72,straight_line_fee_recognition
REV-0002840,ORG-200856,PTR-004,2022-05,2911.59,2911.59,straight_line_fee_recognition
REV-0002841,ORG-200856,PTR-004,2022-06,2911.59,5823.18,straight_line_fee_recognition
REV-0002842,ORG-200857,PTR-003,2025-05,1807.92,1807.92,straight_line_fee_recognition
REV-0002843,ORG-200857,PTR-003,2025-06,1807.92,3615.84,straight_line_fee_recognition
REV-0002844,ORG-200857,PTR-003,2025-07,1807.92,5423.76,straight_line_fee_recognition
REV-0002845,ORG-200857,PTR-003,2025-08,1807.92,7231.68,straight_line_fee_recognition
REV-0002846,ORG-200858,PTR-006,2024-02,4926.56,4926.56,straight_line_fee_recognition
REV-0002847,ORG-200858,PTR-006,2024-03,4926.56,9853.12,straight_line_fee_recognition
REV-0002848,ORG-200859,PTR-001,2024-08,2176.89,2176.89,straight_line_fee_recognition
REV-0002849,ORG-200859,PTR-001,2024-09,2176.89,4353.78,straight_line_fee_recognition
REV-0002850,ORG-200859,PTR-001,2024-10,2176.89,6530.67,straight_line_fee_recognition
REV-0002851,ORG-200859,PTR-001,2024-11,2176.89,8707.56,straight_line_fee_recognition
REV-0002852,ORG-200860,PTR-001,2026-05,2635.66,2635.66,straight_line_fee_recognition
REV-0002853,ORG-200860,PTR-001,2026-06,2635.66,5271.32,straight_line_fee_recognition
REV-0002854,ORG-200861,PTR-002,2023-09,2848.58,2848.58,straight_line_fee_recognition
REV-0002855,ORG-200861,PTR-002,2023-10,2848.58,5697.16,straight_line_fee_recognition
REV-0002856,ORG-200862,PTR-006,2022-12,882.42,882.42,straight_line_fee_recognition
REV-0002857,ORG-200862,PTR-006,2023-01,882.42,1764.84,straight_line_fee_recognition
REV-0002858,ORG-200862,PTR-006,2023-02,882.42,2647.26,straight_line_fee_recognition
REV-0002859,ORG-200862,PTR-006,2023-03,882.42,3529.68,straight_line_fee_recognition
REV-0002860,ORG-200862,PTR-006,2023-04,882.42,4412.1,straight_line_fee_recognition
REV-0002861,ORG-200863,PTR-001,2025-12,1317.39,1317.39,straight_line_fee_recognition
REV-0002862,ORG-200863,PTR-001,2026-01,1317.39,2634.78,straight_line_fee_recognition
REV-0002863,ORG-200864,PTR-001,2023-02,3589.07,3589.07,straight_line_fee_recognition
REV-0002864,ORG-200864,PTR-001,2023-03,3589.07,7178.14,straight_line_fee_recognition
REV-0002865,ORG-200865,PTR-005,2023-05,2093.61,2093.61,straight_line_fee_recognition
REV-0002866,ORG-200865,PTR-005,2023-06,2093.61,4187.22,straight_line_fee_recognition
REV-0002867,ORG-200865,PTR-005,2023-07,2093.61,6280.83,straight_line_fee_recognition
REV-0002868,ORG-200865,PTR-005,2023-08,2093.61,8374.44,straight_line_fee_recognition
REV-0002869,ORG-200866,PTR-006,2022-02,4575.46,4575.46,straight_line_fee_recognition
REV-0002870,ORG-200866,PTR-006,2022-03,4575.46,9150.92,straight_line_fee_recognition
REV-0002871,ORG-200866,PTR-006,2022-04,4575.46,13726.38,straight_line_fee_recognition
REV-0002872,ORG-200867,PTR-004,2023-11,965.31,965.31,straight_line_fee_recognition
REV-0002873,ORG-200867,PTR-004,2023-12,965.31,1930.62,straight_line_fee_recognition
REV-0002874,ORG-200868,PTR-006,2025-03,1786.4,1786.4,straight_line_fee_recognition
REV-0002875,ORG-200868,PTR-006,2025-04,1786.4,3572.8,straight_line_fee_recognition
REV-0002876,ORG-200868,PTR-006,2025-05,1786.4,5359.2,straight_line_fee_recognition
REV-0002877,ORG-200868,PTR-006,2025-06,1786.4,7145.6,straight_line_fee_recognition
REV-0002878,ORG-200868,PTR-006,2025-07,1786.4,8932.0,straight_line_fee_recognition
REV-0002879,ORG-200868,PTR-006,2025-08,1786.4,10718.4,straight_line_fee_recognition
REV-0002880,ORG-200869,PTR-003,2022-08,1098.4,1098.4,straight_line_fee_recognition
REV-0002881,ORG-200869,PTR-003,2022-09,1098.4,2196.8,straight_line_fee_recognition
REV-0002882,ORG-200869,PTR-003,2022-10,1098.4,3295.2,straight_line_fee_recognition
REV-0002883,ORG-200869,PTR-003,2022-11,1098.4,4393.6,straight_line_fee_recognition
REV-0002884,ORG-200870,PTR-006,2022-06,1409.23,1409.23,straight_line_fee_recognition
REV-0002885,ORG-200870,PTR-006,2022-07,1409.23,2818.46,straight_line_fee_recognition
REV-0002886,ORG-200870,PTR-006,2022-08,1409.23,4227.69,straight_line_fee_recognition
REV-0002887,ORG-200870,PTR-006,2022-09,1409.23,5636.92,straight_line_fee_recognition
REV-0002888,ORG-200870,PTR-006,2022-10,1409.23,7046.15,straight_line_fee_recognition
REV-0002889,ORG-200870,PTR-006,2022-11,1409.23,8455.38,straight_line_fee_recognition
REV-0002890,ORG-200871,PTR-006,2025-12,285.19,285.19,straight_line_fee_recognition
REV-0002891,ORG-200871,PTR-006,2026-01,285.19,570.38,straight_line_fee_recognition
REV-0002892,ORG-200871,PTR-006,2026-02,285.19,855.57,straight_line_fee_recognition
REV-0002893,ORG-200871,PTR-006,2026-03,285.19,1140.76,straight_line_fee_recognition
REV-0002894,ORG-200871,PTR-006,2026-04,285.19,1425.95,straight_line_fee_recognition
REV-0002895,ORG-200872,PTR-002,2022-01,1186.88,1186.88,straight_line_fee_recognition
REV-0002896,ORG-200872,PTR-002,2022-02,1186.88,2373.76,straight_line_fee_recognition
REV-0002897,ORG-200872,PTR-002,2022-03,1186.88,3560.64,straight_line_fee_recognition
REV-0002898,ORG-200872,PTR-002,2022-04,1186.88,4747.52,straight_line_fee_recognition
REV-0002899,ORG-200872,PTR-002,2022-05,1186.88,5934.4,straight_line_fee_recognition
REV-0002900,ORG-200872,PTR-002,2022-06,1186.88,7121.28,straight_line_fee_recognition
REV-0002901,ORG-200873,PTR-006,2026-01,2212.39,2212.39,straight_line_fee_recognition
REV-0002902,ORG-200873,PTR-006,2026-02,2212.39,4424.78,straight_line_fee_recognition
REV-0002903,ORG-200873,PTR-006,2026-03,2212.39,6637.17,straight_line_fee_recognition
REV-0002904,ORG-200873,PTR-006,2026-04,2212.39,8849.56,straight_line_fee_recognition
REV-0002905,ORG-200873,PTR-006,2026-05,2212.39,11061.95,straight_line_fee_recognition
REV-0002906,ORG-200873,PTR-006,2026-06,2212.39,13274.34,straight_line_fee_recognition
REV-0002907,ORG-200873,PTR-006,2026-07,2212.39,15486.73,straight_line_fee_recognition
REV-0002908,ORG-200874,PTR-004,2024-07,4676.44,4676.44,straight_line_fee_recognition
REV-0002909,ORG-200874,PTR-004,2024-08,4676.44,9352.88,straight_line_fee_recognition
REV-0002910,ORG-200875,PTR-005,2026-03,1038.85,1038.85,straight_line_fee_recognition
REV-0002911,ORG-200875,PTR-005,2026-04,1038.85,2077.7,straight_line_fee_recognition
REV-0002912,ORG-200875,PTR-005,2026-05,1038.85,3116.55,straight_line_fee_recognition
REV-0002913,ORG-200875,PTR-005,2026-06,1038.85,4155.4,straight_line_fee_recognition
REV-0002914,ORG-200875,PTR-005,2026-07,1038.85,5194.25,straight_line_fee_recognition
REV-0002915,ORG-200876,PTR-002,2023-05,583.32,583.32,straight_line_fee_recognition
REV-0002916,ORG-200876,PTR-002,2023-06,583.32,1166.64,straight_line_fee_recognition
REV-0002917,ORG-200876,PTR-002,2023-07,583.32,1749.96,straight_line_fee_recognition
REV-0002918,ORG-200877,PTR-001,2022-09,1126.46,1126.46,straight_line_fee_recognition
REV-0002919,ORG-200877,PTR-001,2022-10,1126.46,2252.92,straight_line_fee_recognition
REV-0002920,ORG-200878,PTR-004,2023-07,1323.55,1323.55,straight_line_fee_recognition
REV-0002921,ORG-200878,PTR-004,2023-08,1323.55,2647.1,straight_line_fee_recognition
REV-0002922,ORG-200878,PTR-004,2023-08,1323.55,3970.65,straight_line_fee_recognition
REV-0002923,ORG-200879,PTR-005,2025-07,2001.95,2001.95,straight_line_fee_recognition
REV-0002924,ORG-200879,PTR-005,2025-08,2001.95,4003.9,straight_line_fee_recognition
REV-0002925,ORG-200880,PTR-006,2024-12,1751.18,1751.18,straight_line_fee_recognition
REV-0002926,ORG-200880,PTR-006,2025-01,1751.18,3502.36,straight_line_fee_recognition
REV-0002927,ORG-200880,PTR-006,2025-02,1751.18,5253.54,straight_line_fee_recognition
REV-0002928,ORG-200881,PTR-005,2023-12,553.12,553.12,straight_line_fee_recognition
REV-0002929,ORG-200881,PTR-005,2024-01,553.12,1106.24,straight_line_fee_recognition
REV-0002930,ORG-200881,PTR-005,2024-02,553.12,1659.36,straight_line_fee_recognition
REV-0002931,ORG-200882,PTR-005,2022-10,1272.65,1272.65,straight_line_fee_recognition
REV-0002932,ORG-200882,PTR-005,2022-11,1272.65,2545.3,straight_line_fee_recognition
REV-0002933,ORG-200882,PTR-005,2022-12,1272.65,3817.95,straight_line_fee_recognition
REV-0002934,ORG-200882,PTR-005,2023-01,1272.65,5090.6,straight_line_fee_recognition
REV-0002935,ORG-200882,PTR-005,2023-02,1272.65,6363.25,straight_line_fee_recognition
REV-0002936,ORG-200883,PTR-002,2023-07,2162.84,2162.84,straight_line_fee_recognition
REV-0002937,ORG-200883,PTR-002,2023-08,2162.84,4325.68,straight_line_fee_recognition
REV-0002938,ORG-200884,PTR-004,2023-07,2665.34,2665.34,straight_line_fee_recognition
REV-0002939,ORG-200884,PTR-004,2023-08,2665.34,5330.68,straight_line_fee_recognition
REV-0002940,ORG-200884,PTR-004,2023-09,2665.34,7996.02,straight_line_fee_recognition
REV-0002941,ORG-200885,PTR-002,2024-06,1436.53,1436.53,straight_line_fee_recognition
REV-0002942,ORG-200885,PTR-002,2024-07,1436.53,2873.06,straight_line_fee_recognition
REV-0002943,ORG-200886,PTR-005,2025-03,974.54,974.54,straight_line_fee_recognition
REV-0002944,ORG-200886,PTR-005,2025-04,974.54,1949.08,straight_line_fee_recognition
REV-0002945,ORG-200886,PTR-005,2025-05,974.54,2923.62,straight_line_fee_recognition
REV-0002946,ORG-200887,PTR-004,2025-04,2536.34,2536.34,straight_line_fee_recognition
REV-0002947,ORG-200887,PTR-004,2025-05,2536.34,5072.68,straight_line_fee_recognition
REV-0002948,ORG-200888,PTR-006,2023-09,1567.3,1567.3,straight_line_fee_recognition
REV-0002949,ORG-200888,PTR-006,2023-10,1567.3,3134.6,straight_line_fee_recognition
REV-0002950,ORG-200888,PTR-006,2023-11,1567.3,4701.9,straight_line_fee_recognition
REV-0002951,ORG-200889,PTR-003,2025-05,813.1,813.1,straight_line_fee_recognition
REV-0002952,ORG-200889,PTR-003,2025-06,813.1,1626.2,straight_line_fee_recognition
REV-0002953,ORG-200889,PTR-003,2025-07,813.1,2439.3,straight_line_fee_recognition
REV-0002954,ORG-200890,PTR-001,2026-05,4978.14,4978.14,straight_line_fee_recognition
REV-0002955,ORG-200890,PTR-001,2026-06,4978.14,9956.28,straight_line_fee_recognition
REV-0002956,ORG-200890,PTR-001,2026-07,4978.14,14934.42,straight_line_fee_recognition
REV-0002957,ORG-200891,PTR-004,2023-01,1008.49,1008.49,straight_line_fee_recognition
REV-0002958,ORG-200891,PTR-004,2023-02,1008.49,2016.98,straight_line_fee_recognition
REV-0002959,ORG-200891,PTR-004,2023-03,1008.49,3025.47,straight_line_fee_recognition
REV-0002960,ORG-200892,PTR-002,2024-11,2381.86,2381.86,straight_line_fee_recognition
REV-0002961,ORG-200893,PTR-002,2025-03,4848.38,4848.38,straight_line_fee_recognition
REV-0002962,ORG-200893,PTR-002,2025-04,4848.38,9696.76,straight_line_fee_recognition
REV-0002963,ORG-200893,PTR-002,2025-05,4848.38,14545.14,straight_line_fee_recognition
REV-0002964,ORG-200894,PTR-004,2024-05,2071.0,2071.0,straight_line_fee_recognition
REV-0002965,ORG-200894,PTR-004,2024-06,2071.0,4142.0,straight_line_fee_recognition
REV-0002966,ORG-200894,PTR-004,2024-07,2071.0,6213.0,straight_line_fee_recognition
REV-0002967,ORG-200894,PTR-004,2024-08,2071.0,8284.0,straight_line_fee_recognition
REV-0002968,ORG-200895,PTR-005,2025-06,1245.64,1245.64,straight_line_fee_recognition
REV-0002969,ORG-200895,PTR-005,2025-07,1245.64,2491.28,straight_line_fee_recognition
REV-0002970,ORG-200895,PTR-005,2025-08,1245.64,3736.92,straight_line_fee_recognition
REV-0002971,ORG-200896,PTR-003,2022-01,2749.69,2749.69,straight_line_fee_recognition
REV-0002972,ORG-200896,PTR-003,2022-03,2749.69,5499.38,straight_line_fee_recognition
REV-0002973,ORG-200896,PTR-003,2022-03,2749.69,8249.07,straight_line_fee_recognition
REV-0002974,ORG-200897,PTR-001,2022-09,689.0,689.0,straight_line_fee_recognition
REV-0002975,ORG-200897,PTR-001,2022-10,689.0,1378.0,straight_line_fee_recognition
REV-0002976,ORG-200898,PTR-001,2023-07,668.16,668.16,straight_line_fee_recognition
REV-0002977,ORG-200898,PTR-001,2023-08,668.16,1336.32,straight_line_fee_recognition
REV-0002978,ORG-200898,PTR-001,2023-09,668.16,2004.48,straight_line_fee_recognition
REV-0002979,ORG-200898,PTR-001,2023-10,668.16,2672.64,straight_line_fee_recognition
REV-0002980,ORG-200899,PTR-004,2023-09,2589.82,2589.82,straight_line_fee_recognition
REV-0002981,ORG-200899,PTR-004,2023-10,2589.82,5179.64,straight_line_fee_recognition
REV-0002982,ORG-200899,PTR-004,2023-11,2589.82,7769.46,straight_line_fee_recognition
REV-0002983,ORG-200899,PTR-004,2023-12,2589.82,10359.28,straight_line_fee_recognition
REV-0002984,ORG-200899,PTR-004,2024-01,2589.82,12949.1,straight_line_fee_recognition
REV-0002985,ORG-200899,PTR-004,2024-02,2589.82,15538.92,straight_line_fee_recognition
REV-0002986,ORG-200899,PTR-004,2024-03,2589.82,18128.74,straight_line_fee_recognition
REV-0002987,ORG-200900,PTR-005,2024-12,8138.96,8138.96,straight_line_fee_recognition
REV-0002988,ORG-200900,PTR-005,2025-01,8138.96,16277.92,straight_line_fee_recognition
REV-0002989,ORG-200901,PTR-003,2023-03,770.37,770.37,straight_line_fee_recognition
REV-0002990,ORG-200901,PTR-003,2023-04,770.37,1540.74,straight_line_fee_recognition
REV-0002991,ORG-200901,PTR-003,2023-05,770.37,2311.11,straight_line_fee_recognition
REV-0002992,ORG-200902,PTR-005,2023-04,778.65,778.65,straight_line_fee_recognition
REV-0002993,ORG-200902,PTR-005,2023-05,778.65,1557.3,straight_line_fee_recognition
REV-0002994,ORG-200903,PTR-004,2024-10,904.96,904.96,straight_line_fee_recognition
REV-0002995,ORG-200903,PTR-004,2024-11,904.96,1809.92,straight_line_fee_recognition
REV-0002996,ORG-200904,PTR-006,2024-04,743.63,743.63,straight_line_fee_recognition
REV-0002997,ORG-200904,PTR-006,2024-05,743.63,1487.26,straight_line_fee_recognition
REV-0002998,ORG-200904,PTR-006,2024-06,743.63,2230.89,straight_line_fee_recognition
REV-0002999,ORG-200904,PTR-006,2024-07,743.63,2974.52,straight_line_fee_recognition
REV-0003000,ORG-200904,PTR-006,2024-08,743.63,3718.15,straight_line_fee_recognition
REV-0003001,ORG-200904,PTR-006,2024-09,743.63,4461.78,straight_line_fee_recognition
REV-0003002,ORG-200904,PTR-006,2024-10,743.63,5205.41,straight_line_fee_recognition
REV-0003003,ORG-200905,PTR-005,2024-03,1933.33,1933.33,straight_line_fee_recognition
REV-0003004,ORG-200906,PTR-002,2025-02,5840.78,5840.78,straight_line_fee_recognition
REV-0003005,ORG-200906,PTR-002,2025-03,5840.78,11681.56,straight_line_fee_recognition
REV-0003006,ORG-200906,PTR-002,2025-04,5840.78,17522.34,straight_line_fee_recognition
REV-0003007,ORG-200907,PTR-004,2026-05,404.67,404.67,straight_line_fee_recognition
REV-0003008,ORG-200907,PTR-004,2026-06,404.67,809.34,straight_line_fee_recognition
REV-0003009,ORG-200907,PTR-004,2026-07,404.67,1214.01,straight_line_fee_recognition
REV-0003010,ORG-200908,PTR-005,2023-05,650.88,650.88,straight_line_fee_recognition
REV-0003011,ORG-200908,PTR-005,2023-06,650.88,1301.76,straight_line_fee_recognition
REV-0003012,ORG-200909,PTR-004,2022-12,1883.51,1883.51,straight_line_fee_recognition
REV-0003013,ORG-200909,PTR-004,2023-01,1883.51,3767.02,straight_line_fee_recognition
REV-0003014,ORG-200909,PTR-004,2023-02,1883.51,5650.53,straight_line_fee_recognition
REV-0003015,ORG-200909,PTR-004,2023-03,1883.51,7534.04,straight_line_fee_recognition
REV-0003016,ORG-200909,PTR-004,2023-04,1883.51,9417.55,straight_line_fee_recognition
REV-0003017,ORG-200910,PTR-006,2023-03,1053.46,1053.46,straight_line_fee_recognition
REV-0003018,ORG-200910,PTR-006,2023-04,1053.46,2106.92,straight_line_fee_recognition
REV-0003019,ORG-200910,PTR-006,2023-05,1053.46,3160.38,straight_line_fee_recognition
REV-0003020,ORG-200910,PTR-006,2023-06,1053.46,4213.84,straight_line_fee_recognition
REV-0003021,ORG-200910,PTR-006,2023-07,1053.46,5267.3,straight_line_fee_recognition
REV-0003022,ORG-200910,PTR-006,2023-08,1053.46,6320.76,straight_line_fee_recognition
REV-0003023,ORG-200910,PTR-006,2023-09,1053.46,7374.22,straight_line_fee_recognition
REV-0003024,ORG-200911,PTR-004,2023-05,821.54,821.54,straight_line_fee_recognition
REV-0003025,ORG-200911,PTR-004,2023-06,821.54,1643.08,straight_line_fee_recognition
REV-0003026,ORG-200911,PTR-004,2023-07,821.54,2464.62,straight_line_fee_recognition
REV-0003027,ORG-200911,PTR-004,2023-08,821.54,3286.16,straight_line_fee_recognition
REV-0003028,ORG-200912,PTR-002,2025-08,2824.43,2824.43,straight_line_fee_recognition
REV-0003029,ORG-200912,PTR-002,2025-09,2824.43,5648.86,straight_line_fee_recognition
REV-0003030,ORG-200912,PTR-002,2025-10,2824.43,8473.29,straight_line_fee_recognition
REV-0003031,ORG-200913,PTR-005,2022-04,935.12,935.12,straight_line_fee_recognition
REV-0003032,ORG-200913,PTR-005,2022-05,935.12,1870.24,straight_line_fee_recognition
REV-0003033,ORG-200914,PTR-001,2023-12,894.33,894.33,straight_line_fee_recognition
REV-0003034,ORG-200914,PTR-001,2023-12,894.33,1788.66,straight_line_fee_recognition
REV-0003035,ORG-200914,PTR-001,2024-01,894.33,2682.99,straight_line_fee_recognition
REV-0003036,ORG-200914,PTR-001,2024-02,894.33,3577.32,straight_line_fee_recognition
REV-0003037,ORG-200915,PTR-003,2024-09,2926.47,2926.47,straight_line_fee_recognition
REV-0003038,ORG-200915,PTR-003,2024-10,2926.47,5852.94,straight_line_fee_recognition
REV-0003039,ORG-200916,PTR-003,2024-06,4379.38,4379.38,straight_line_fee_recognition
REV-0003040,ORG-200916,PTR-003,2024-07,4379.38,8758.76,straight_line_fee_recognition
REV-0003041,ORG-200917,PTR-003,2025-09,2990.74,2990.74,straight_line_fee_recognition
REV-0003042,ORG-200917,PTR-003,2025-10,2990.74,5981.48,straight_line_fee_recognition
REV-0003043,ORG-200917,PTR-003,2025-11,2990.74,8972.22,straight_line_fee_recognition
REV-0003044,ORG-200917,PTR-003,2025-12,2990.74,11962.96,straight_line_fee_recognition
REV-0003045,ORG-200917,PTR-003,2026-01,2990.74,14953.7,straight_line_fee_recognition
REV-0003046,ORG-200917,PTR-003,2026-02,2990.74,17944.44,straight_line_fee_recognition
REV-0003047,ORG-200918,PTR-001,2024-08,575.23,575.23,straight_line_fee_recognition
REV-0003048,ORG-200918,PTR-001,2024-09,575.23,1150.46,straight_line_fee_recognition
REV-0003049,ORG-200918,PTR-001,2024-10,575.23,1725.69,straight_line_fee_recognition
REV-0003050,ORG-200918,PTR-001,2024-11,575.23,2300.92,straight_line_fee_recognition
REV-0003051,ORG-200919,PTR-003,2025-04,1723.4,1723.4,straight_line_fee_recognition
REV-0003052,ORG-200919,PTR-003,2025-05,1723.4,3446.8,straight_line_fee_recognition
REV-0003053,ORG-200919,PTR-003,2025-06,1723.4,5170.2,straight_line_fee_recognition
REV-0003054,ORG-200920,PTR-002,2024-12,4235.18,4235.18,straight_line_fee_recognition
REV-0003055,ORG-200920,PTR-002,2025-01,4235.18,8470.36,straight_line_fee_recognition
REV-0003056,ORG-200921,PTR-003,2026-02,1726.47,1726.47,straight_line_fee_recognition
REV-0003057,ORG-200921,PTR-003,2026-03,1726.47,3452.94,straight_line_fee_recognition
REV-0003058,ORG-200921,PTR-003,2026-04,1726.47,5179.41,straight_line_fee_recognition
REV-0003059,ORG-200921,PTR-003,2026-05,1726.47,6905.88,straight_line_fee_recognition
REV-0003060,ORG-200921,PTR-003,2026-06,1726.47,8632.35,straight_line_fee_recognition
REV-0003061,ORG-200921,PTR-003,2026-07,1726.47,10358.82,straight_line_fee_recognition
REV-0003062,ORG-200922,PTR-003,2024-05,3001.63,3001.63,straight_line_fee_recognition
REV-0003063,ORG-200922,PTR-003,2024-06,3001.63,6003.26,straight_line_fee_recognition
REV-0003064,ORG-200922,PTR-003,2024-07,3001.63,9004.89,straight_line_fee_recognition
REV-0003065,ORG-200922,PTR-003,2024-08,3001.63,12006.52,straight_line_fee_recognition
REV-0003066,ORG-200922,PTR-003,2024-09,3001.63,15008.15,straight_line_fee_recognition
REV-0003067,ORG-200922,PTR-003,2024-10,3001.63,18009.78,straight_line_fee_recognition
REV-0003068,ORG-200922,PTR-003,2024-11,3001.63,21011.41,straight_line_fee_recognition
REV-0003069,ORG-200922,PTR-003,2024-12,3001.63,24013.04,straight_line_fee_recognition
REV-0003070,ORG-200922,PTR-003,2025-01,3001.63,27014.67,straight_line_fee_recognition
REV-0003071,ORG-200922,PTR-003,2025-02,3001.63,30016.3,straight_line_fee_recognition
REV-0003072,ORG-200923,PTR-002,2026-04,120.55,120.55,straight_line_fee_recognition
REV-0003073,ORG-200923,PTR-002,2026-05,120.55,241.1,straight_line_fee_recognition
REV-0003074,ORG-200923,PTR-002,2026-06,120.55,361.65,straight_line_fee_recognition
REV-0003075,ORG-200924,PTR-001,2024-07,2277.12,2277.12,straight_line_fee_recognition
REV-0003076,ORG-200924,PTR-001,2024-08,2277.12,4554.24,straight_line_fee_recognition
REV-0003077,ORG-200924,PTR-001,2024-09,2277.12,6831.36,straight_line_fee_recognition
REV-0003078,ORG-200924,PTR-001,2024-10,2277.12,9108.48,straight_line_fee_recognition
REV-0003079,ORG-200925,PTR-006,2025-09,459.5,459.5,straight_line_fee_recognition
REV-0003080,ORG-200925,PTR-006,2025-10,459.5,919.0,straight_line_fee_recognition
REV-0003081,ORG-200926,PTR-005,2022-09,2744.96,2744.96,straight_line_fee_recognition
REV-0003082,ORG-200926,PTR-005,2022-10,2744.96,5489.92,straight_line_fee_recognition
REV-0003083,ORG-200926,PTR-005,2022-11,2744.96,8234.88,straight_line_fee_recognition
REV-0003084,ORG-200926,PTR-005,2022-12,2744.96,10979.84,straight_line_fee_recognition
REV-0003085,ORG-200926,PTR-005,2023-01,2744.96,13724.8,straight_line_fee_recognition
REV-0003086,ORG-200926,PTR-005,2023-02,2744.96,16469.76,straight_line_fee_recognition
REV-0003087,ORG-200927,PTR-003,2022-04,3455.46,3455.46,straight_line_fee_recognition
REV-0003088,ORG-200927,PTR-003,2022-05,3455.46,6910.92,straight_line_fee_recognition
REV-0003089,ORG-200927,PTR-003,2022-06,3455.46,10366.38,straight_line_fee_recognition
REV-0003090,ORG-200928,PTR-004,2023-12,1983.79,1983.79,straight_line_fee_recognition
REV-0003091,ORG-200928,PTR-004,2024-01,1983.79,3967.58,straight_line_fee_recognition
REV-0003092,ORG-200929,PTR-002,2025-11,3432.95,3432.95,straight_line_fee_recognition
REV-0003093,ORG-200929,PTR-002,2025-12,3432.95,6865.9,straight_line_fee_recognition
REV-0003094,ORG-200929,PTR-002,2026-01,3432.95,10298.85,straight_line_fee_recognition
REV-0003095,ORG-200930,PTR-003,2022-08,1527.95,1527.95,straight_line_fee_recognition
REV-0003096,ORG-200930,PTR-003,2022-09,1527.95,3055.9,straight_line_fee_recognition
REV-0003097,ORG-200931,PTR-002,2022-11,2617.43,2617.43,straight_line_fee_recognition
REV-0003098,ORG-200931,PTR-002,2022-12,2617.43,5234.86,straight_line_fee_recognition
REV-0003099,ORG-200931,PTR-002,2023-01,2617.43,7852.29,straight_line_fee_recognition
REV-0003100,ORG-200931,PTR-002,2023-02,2617.43,10469.72,straight_line_fee_recognition
REV-0003101,ORG-200931,PTR-002,2023-03,2617.43,13087.15,straight_line_fee_recognition
REV-0003102,ORG-200932,PTR-001,2024-07,187.49,187.49,straight_line_fee_recognition
REV-0003103,ORG-200932,PTR-001,2024-08,187.49,374.98,straight_line_fee_recognition
REV-0003104,ORG-200932,PTR-001,2024-09,187.49,562.47,straight_line_fee_recognition
REV-0003105,ORG-200933,PTR-001,2026-03,655.09,655.09,straight_line_fee_recognition
REV-0003106,ORG-200933,PTR-001,2026-04,655.09,1310.18,straight_line_fee_recognition
REV-0003107,ORG-200934,PTR-006,2024-05,1642.75,1642.75,straight_line_fee_recognition
REV-0003108,ORG-200934,PTR-006,2024-06,1642.75,3285.5,straight_line_fee_recognition
REV-0003109,ORG-200935,PTR-002,2022-12,270.0,270.0,straight_line_fee_recognition
REV-0003110,ORG-200935,PTR-002,2023-01,270.0,540.0,straight_line_fee_recognition
REV-0003111,ORG-200936,PTR-004,2022-05,280.75,280.75,straight_line_fee_recognition
REV-0003112,ORG-200936,PTR-004,2022-06,280.75,561.5,straight_line_fee_recognition
REV-0003113,ORG-200936,PTR-004,2022-07,280.75,842.25,straight_line_fee_recognition
REV-0003114,ORG-200936,PTR-004,2022-08,280.75,1123.0,straight_line_fee_recognition
REV-0003115,ORG-200937,PTR-004,2026-01,93.51,93.51,straight_line_fee_recognition
REV-0003116,ORG-200937,PTR-004,2026-02,93.51,187.02,straight_line_fee_recognition
REV-0003117,ORG-200937,PTR-004,2026-03,93.51,280.53,straight_line_fee_recognition
REV-0003118,ORG-200937,PTR-004,2026-04,93.51,374.04,straight_line_fee_recognition
REV-0003119,ORG-200937,PTR-004,2026-05,93.51,467.55,straight_line_fee_recognition
REV-0003120,ORG-200938,PTR-005,2025-05,2529.77,2529.77,straight_line_fee_recognition
REV-0003121,ORG-200938,PTR-005,2025-06,2529.77,5059.54,straight_line_fee_recognition
REV-0003122,ORG-200939,PTR-003,2023-12,6056.23,6056.23,straight_line_fee_recognition
REV-0003123,ORG-200939,PTR-003,2024-01,6056.23,12112.46,straight_line_fee_recognition
REV-0003124,ORG-200939,PTR-003,2024-02,6056.23,18168.69,straight_line_fee_recognition
REV-0003125,ORG-200939,PTR-003,2024-03,6056.23,24224.92,straight_line_fee_recognition
REV-0003126,ORG-200940,PTR-001,2024-05,1063.95,1063.95,straight_line_fee_recognition
REV-0003127,ORG-200940,PTR-001,2024-06,1063.95,2127.9,straight_line_fee_recognition
REV-0003128,ORG-200940,PTR-001,2024-07,1063.95,3191.85,straight_line_fee_recognition
REV-0003129,ORG-200941,PTR-006,2024-04,388.1,388.1,straight_line_fee_recognition
REV-0003130,ORG-200941,PTR-006,2024-05,388.1,776.2,straight_line_fee_recognition
REV-0003131,ORG-200942,PTR-001,2024-09,2539.68,2539.68,straight_line_fee_recognition
REV-0003132,ORG-200942,PTR-001,2024-10,2539.68,5079.36,straight_line_fee_recognition
REV-0003133,ORG-200942,PTR-001,2024-11,2539.68,7619.04,straight_line_fee_recognition
REV-0003134,ORG-200942,PTR-001,2024-12,2539.68,10158.72,straight_line_fee_recognition
REV-0003135,ORG-200943,PTR-006,2025-03,1997.38,1997.38,straight_line_fee_recognition
REV-0003136,ORG-200943,PTR-006,2025-04,1997.38,3994.76,straight_line_fee_recognition
REV-0003137,ORG-200943,PTR-006,2025-05,1997.38,5992.14,straight_line_fee_recognition
REV-0003138,ORG-200943,PTR-006,2025-06,1997.38,7989.52,straight_line_fee_recognition
REV-0003139,ORG-200943,PTR-006,2025-07,1997.38,9986.9,straight_line_fee_recognition
REV-0003140,ORG-200943,PTR-006,2025-08,1997.38,11984.28,straight_line_fee_recognition
REV-0003141,ORG-200944,PTR-002,2024-01,4013.56,4013.56,straight_line_fee_recognition
REV-0003142,ORG-200944,PTR-002,2024-02,4013.56,8027.12,straight_line_fee_recognition
REV-0003143,ORG-200944,PTR-002,2024-03,4013.56,12040.68,straight_line_fee_recognition
REV-0003144,ORG-200945,PTR-002,2024-02,1603.54,1603.54,straight_line_fee_recognition
REV-0003145,ORG-200945,PTR-002,2024-03,1603.54,3207.08,straight_line_fee_recognition
REV-0003146,ORG-200945,PTR-002,2024-04,1603.54,4810.62,straight_line_fee_recognition
REV-0003147,ORG-200945,PTR-002,2024-05,1603.54,6414.16,straight_line_fee_recognition
REV-0003148,ORG-200946,PTR-005,2024-01,1295.38,1295.38,straight_line_fee_recognition
REV-0003149,ORG-200947,PTR-005,2025-01,4800.26,4800.26,straight_line_fee_recognition
REV-0003150,ORG-200947,PTR-005,2025-02,4800.26,9600.52,straight_line_fee_recognition
REV-0003151,ORG-200947,PTR-005,2025-03,4800.26,14400.78,straight_line_fee_recognition
REV-0003152,ORG-200948,PTR-005,2022-11,3110.6,3110.6,straight_line_fee_recognition
REV-0003153,ORG-200948,PTR-005,2022-12,3110.6,6221.2,straight_line_fee_recognition
REV-0003154,ORG-200948,PTR-005,2023-01,3110.6,9331.8,straight_line_fee_recognition
REV-0003155,ORG-200949,PTR-005,2022-09,2872.09,2872.09,straight_line_fee_recognition
REV-0003156,ORG-200949,PTR-005,2022-10,2872.09,5744.18,straight_line_fee_recognition
REV-0003157,ORG-200949,PTR-005,2022-11,2872.09,8616.27,straight_line_fee_recognition
REV-0003158,ORG-200950,PTR-004,2026-04,673.01,673.01,straight_line_fee_recognition
REV-0003159,ORG-200950,PTR-004,2026-05,673.01,1346.02,straight_line_fee_recognition
REV-0003160,ORG-200951,PTR-004,2023-01,698.06,698.06,straight_line_fee_recognition
REV-0003161,ORG-200951,PTR-004,2023-01,698.06,1396.12,straight_line_fee_recognition
REV-0003162,ORG-200952,PTR-002,2025-04,1041.8,1041.8,straight_line_fee_recognition
REV-0003163,ORG-200952,PTR-002,2025-05,1041.8,2083.6,straight_line_fee_recognition
REV-0003164,ORG-200952,PTR-002,2025-06,1041.8,3125.4,straight_line_fee_recognition
REV-0003165,ORG-200952,PTR-002,2025-07,1041.8,4167.2,straight_line_fee_recognition
REV-0003166,ORG-200953,PTR-002,2025-03,1331.74,1331.74,straight_line_fee_recognition
REV-0003167,ORG-200953,PTR-002,2025-04,1331.74,2663.48,straight_line_fee_recognition
REV-0003168,ORG-200953,PTR-002,2025-05,1331.74,3995.22,straight_line_fee_recognition
REV-0003169,ORG-200954,PTR-003,2026-04,3278.03,3278.03,straight_line_fee_recognition
REV-0003170,ORG-200954,PTR-003,2026-05,3278.03,6556.06,straight_line_fee_recognition
REV-0003171,ORG-200954,PTR-003,2026-06,3278.03,9834.09,straight_line_fee_recognition
REV-0003172,ORG-200955,PTR-006,2024-04,330.18,330.18,straight_line_fee_recognition
REV-0003173,ORG-200955,PTR-006,2024-05,330.18,660.36,straight_line_fee_recognition
REV-0003174,ORG-200955,PTR-006,2024-06,330.18,990.54,straight_line_fee_recognition
REV-0003175,ORG-200956,PTR-002,2025-09,1799.94,1799.94,straight_line_fee_recognition
REV-0003176,ORG-200956,PTR-002,2025-10,1799.94,3599.88,straight_line_fee_recognition
REV-0003177,ORG-200956,PTR-002,2025-10,1799.94,5399.82,straight_line_fee_recognition
REV-0003178,ORG-200957,PTR-003,2023-11,4452.72,4452.72,straight_line_fee_recognition
REV-0003179,ORG-200957,PTR-003,2023-12,4452.72,8905.44,straight_line_fee_recognition
REV-0003180,ORG-200958,PTR-003,2024-07,249.32,249.32,straight_line_fee_recognition
REV-0003181,ORG-200958,PTR-003,2024-07,249.32,498.64,straight_line_fee_recognition
REV-0003182,ORG-200958,PTR-003,2024-08,249.32,747.96,straight_line_fee_recognition
REV-0003183,ORG-200958,PTR-003,2024-09,249.32,997.28,straight_line_fee_recognition
REV-0003184,ORG-200959,PTR-001,2022-04,2141.6,2141.6,straight_line_fee_recognition
REV-0003185,ORG-200959,PTR-001,2022-05,2141.6,4283.2,straight_line_fee_recognition
REV-0003186,ORG-200959,PTR-001,2022-06,2141.6,6424.8,straight_line_fee_recognition
REV-0003187,ORG-200959,PTR-001,2022-07,2141.6,8566.4,straight_line_fee_recognition
REV-0003188,ORG-200960,PTR-003,2024-07,2309.29,2309.29,straight_line_fee_recognition
REV-0003189,ORG-200960,PTR-003,2024-08,2309.29,4618.58,straight_line_fee_recognition
REV-0003190,ORG-200960,PTR-003,2024-09,2309.29,6927.87,straight_line_fee_recognition
REV-0003191,ORG-200960,PTR-003,2024-10,2309.29,9237.16,straight_line_fee_recognition
REV-0003192,ORG-200961,PTR-001,2026-01,3839.63,3839.63,straight_line_fee_recognition
REV-0003193,ORG-200961,PTR-001,2026-02,3839.63,7679.26,straight_line_fee_recognition
REV-0003194,ORG-200961,PTR-001,2026-03,3839.63,11518.89,straight_line_fee_recognition
REV-0003195,ORG-200962,PTR-003,2024-04,4093.13,4093.13,straight_line_fee_recognition
REV-0003196,ORG-200962,PTR-003,2024-05,4093.13,8186.26,straight_line_fee_recognition
REV-0003197,ORG-200962,PTR-003,2024-06,4093.13,12279.39,straight_line_fee_recognition
REV-0003198,ORG-200963,PTR-003,2023-07,4924.33,4924.33,straight_line_fee_recognition
REV-0003199,ORG-200963,PTR-003,2023-08,4924.33,9848.66,straight_line_fee_recognition
REV-0003200,ORG-200963,PTR-003,2023-09,4924.33,14772.99,straight_line_fee_recognition
REV-0003201,ORG-200964,PTR-005,2026-03,3143.96,3143.96,straight_line_fee_recognition
REV-0003202,ORG-200964,PTR-005,2026-04,3143.96,6287.92,straight_line_fee_recognition
REV-0003203,ORG-200964,PTR-005,2026-05,3143.96,9431.88,straight_line_fee_recognition
REV-0003204,ORG-200964,PTR-005,2026-06,3143.96,12575.84,straight_line_fee_recognition
REV-0003205,ORG-200964,PTR-005,2026-07,3143.96,15719.8,straight_line_fee_recognition
REV-0003206,ORG-200965,PTR-003,2026-04,1245.98,1245.98,straight_line_fee_recognition
REV-0003207,ORG-200965,PTR-003,2026-05,1245.98,2491.96,straight_line_fee_recognition
REV-0003208,ORG-200965,PTR-003,2026-06,1245.98,3737.94,straight_line_fee_recognition
REV-0003209,ORG-200965,PTR-003,2026-07,1245.98,4983.92,straight_line_fee_recognition
REV-0003210,ORG-200965,PTR-003,2026-08,1245.98,6229.9,straight_line_fee_recognition
REV-0003211,ORG-200966,PTR-004,2023-06,1470.59,1470.59,straight_line_fee_recognition
REV-0003212,ORG-200966,PTR-004,2023-07,1470.59,2941.18,straight_line_fee_recognition
REV-0003213,ORG-200967,PTR-005,2026-04,880.7,880.7,straight_line_fee_recognition
REV-0003214,ORG-200967,PTR-005,2026-05,880.7,1761.4,straight_line_fee_recognition
REV-0003215,ORG-200967,PTR-005,2026-06,880.7,2642.1,straight_line_fee_recognition
REV-0003216,ORG-200968,PTR-002,2026-01,2167.65,2167.65,straight_line_fee_recognition
REV-0003217,ORG-200968,PTR-002,2026-02,2167.65,4335.3,straight_line_fee_recognition
REV-0003218,ORG-200969,PTR-003,2024-05,1152.86,1152.86,straight_line_fee_recognition
REV-0003219,ORG-200969,PTR-003,2024-06,1152.86,2305.72,straight_line_fee_recognition
REV-0003220,ORG-200969,PTR-003,2024-07,1152.86,3458.58,straight_line_fee_recognition
REV-0003221,ORG-200969,PTR-003,2024-08,1152.86,4611.44,straight_line_fee_recognition
REV-0003222,ORG-200969,PTR-003,2024-09,1152.86,5764.3,straight_line_fee_recognition
REV-0003223,ORG-200969,PTR-003,2024-10,1152.86,6917.16,straight_line_fee_recognition
REV-0003224,ORG-200970,PTR-004,2025-06,405.57,405.57,straight_line_fee_recognition
REV-0003225,ORG-200970,PTR-004,2025-07,405.57,811.14,straight_line_fee_recognition
REV-0003226,ORG-200971,PTR-003,2023-07,3747.11,3747.11,straight_line_fee_recognition
REV-0003227,ORG-200971,PTR-003,2023-08,3747.11,7494.22,straight_line_fee_recognition
REV-0003228,ORG-200972,PTR-005,2025-09,6170.3,6170.3,straight_line_fee_recognition
REV-0003229,ORG-200972,PTR-005,2025-10,6170.3,12340.6,straight_line_fee_recognition
REV-0003230,ORG-200972,PTR-005,2025-11,6170.3,18510.9,straight_line_fee_recognition
REV-0003231,ORG-200973,PTR-005,2026-01,1500.01,1500.01,straight_line_fee_recognition
REV-0003232,ORG-200973,PTR-005,2026-02,1500.01,3000.02,straight_line_fee_recognition
REV-0003233,ORG-200974,PTR-006,2026-03,1741.58,1741.58,straight_line_fee_recognition
REV-0003234,ORG-200974,PTR-006,2026-04,1741.58,3483.16,straight_line_fee_recognition
REV-0003235,ORG-200974,PTR-006,2026-05,1741.58,5224.74,straight_line_fee_recognition
REV-0003236,ORG-200975,PTR-006,2022-05,5120.21,5120.21,straight_line_fee_recognition
REV-0003237,ORG-200975,PTR-006,2022-06,5120.21,10240.42,straight_line_fee_recognition
REV-0003238,ORG-200975,PTR-006,2022-07,5120.21,15360.63,straight_line_fee_recognition
REV-0003239,ORG-200975,PTR-006,2022-08,5120.21,20480.84,straight_line_fee_recognition
REV-0003240,ORG-200976,PTR-003,2025-08,3211.78,3211.78,straight_line_fee_recognition
REV-0003241,ORG-200976,PTR-003,2025-08,3211.78,6423.56,straight_line_fee_recognition
REV-0003242,ORG-200976,PTR-003,2025-09,3211.78,9635.34,straight_line_fee_recognition
REV-0003243,ORG-200976,PTR-003,2025-10,3211.78,12847.12,straight_line_fee_recognition
REV-0003244,ORG-200977,PTR-005,2022-05,914.18,914.18,straight_line_fee_recognition
REV-0003245,ORG-200977,PTR-005,2022-06,914.18,1828.36,straight_line_fee_recognition
REV-0003246,ORG-200977,PTR-005,2022-07,914.18,2742.54,straight_line_fee_recognition
REV-0003247,ORG-200977,PTR-005,2022-08,914.18,3656.72,straight_line_fee_recognition
REV-0003248,ORG-200977,PTR-005,2022-09,914.18,4570.9,straight_line_fee_recognition
REV-0003249,ORG-200977,PTR-005,2022-10,914.18,5485.08,straight_line_fee_recognition
REV-0003250,ORG-200977,PTR-005,2022-11,914.18,6399.26,straight_line_fee_recognition
REV-0003251,ORG-200978,PTR-003,2026-04,2591.01,2591.01,straight_line_fee_recognition
REV-0003252,ORG-200978,PTR-003,2026-05,2591.01,5182.02,straight_line_fee_recognition
REV-0003253,ORG-200978,PTR-003,2026-06,2591.01,7773.03,straight_line_fee_recognition
REV-0003254,ORG-200979,PTR-004,2024-01,7747.04,7747.04,straight_line_fee_recognition
REV-0003255,ORG-200979,PTR-004,2024-02,7747.04,15494.08,straight_line_fee_recognition
REV-0003256,ORG-200979,PTR-004,2024-03,7747.04,23241.12,straight_line_fee_recognition
REV-0003257,ORG-200980,PTR-001,2023-06,1818.04,1818.04,straight_line_fee_recognition
REV-0003258,ORG-200980,PTR-001,2023-07,1818.04,3636.08,straight_line_fee_recognition
REV-0003259,ORG-200980,PTR-001,2023-08,1818.04,5454.12,straight_line_fee_recognition
REV-0003260,ORG-200980,PTR-001,2023-09,1818.04,7272.16,straight_line_fee_recognition
REV-0003261,ORG-200981,PTR-002,2023-01,178.14,178.14,straight_line_fee_recognition
REV-0003262,ORG-200981,PTR-002,2023-02,178.14,356.28,straight_line_fee_recognition
REV-0003263,ORG-200981,PTR-002,2023-03,178.14,534.42,straight_line_fee_recognition
REV-0003264,ORG-200982,PTR-002,2024-11,2718.28,2718.28,straight_line_fee_recognition
REV-0003265,ORG-200982,PTR-002,2024-12,2718.28,5436.56,straight_line_fee_recognition
REV-0003266,ORG-200982,PTR-002,2025-01,2718.28,8154.84,straight_line_fee_recognition
REV-0003267,ORG-200982,PTR-002,2025-02,2718.28,10873.12,straight_line_fee_recognition
REV-0003268,ORG-200982,PTR-002,2025-03,2718.28,13591.4,straight_line_fee_recognition
REV-0003269,ORG-200982,PTR-002,2025-04,2718.28,16309.68,straight_line_fee_recognition
REV-0003270,ORG-200982,PTR-002,2025-05,2718.28,19027.96,straight_line_fee_recognition
REV-0003271,ORG-200983,PTR-004,2023-04,2308.99,2308.99,straight_line_fee_recognition
REV-0003272,ORG-200983,PTR-004,2023-05,2308.99,4617.98,straight_line_fee_recognition
REV-0003273,ORG-200984,PTR-002,2022-09,856.54,856.54,straight_line_fee_recognition
REV-0003274,ORG-200984,PTR-002,2022-10,856.54,1713.08,straight_line_fee_recognition
REV-0003275,ORG-200985,PTR-004,2024-06,1762.35,1762.35,straight_line_fee_recognition
REV-0003276,ORG-200985,PTR-004,2024-07,1762.35,3524.7,straight_line_fee_recognition
REV-0003277,ORG-200985,PTR-004,2024-08,1762.35,5287.05,straight_line_fee_recognition
REV-0003278,ORG-200985,PTR-004,2024-09,1762.35,7049.4,straight_line_fee_recognition
REV-0003279,ORG-200985,PTR-004,2024-10,1762.35,8811.75,straight_line_fee_recognition
REV-0003280,ORG-200986,PTR-004,2025-05,3939.77,3939.77,straight_line_fee_recognition
REV-0003281,ORG-200986,PTR-004,2025-06,3939.77,7879.54,straight_line_fee_recognition
REV-0003282,ORG-200986,PTR-004,2025-07,3939.77,11819.31,straight_line_fee_recognition
REV-0003283,ORG-200986,PTR-004,2025-08,3939.77,15759.08,straight_line_fee_recognition
REV-0003284,ORG-200987,PTR-003,2023-06,595.83,595.83,straight_line_fee_recognition
REV-0003285,ORG-200987,PTR-003,2023-07,595.83,1191.66,straight_line_fee_recognition
REV-0003286,ORG-200988,PTR-005,2024-08,1979.49,1979.49,straight_line_fee_recognition
REV-0003287,ORG-200988,PTR-005,2024-09,1979.49,3958.98,straight_line_fee_recognition
REV-0003288,ORG-200988,PTR-005,2024-10,1979.49,5938.47,straight_line_fee_recognition
REV-0003289,ORG-200988,PTR-005,2024-11,1979.49,7917.96,straight_line_fee_recognition
REV-0003290,ORG-200988,PTR-005,2024-12,1979.49,9897.45,straight_line_fee_recognition
REV-0003291,ORG-200988,PTR-005,2025-01,1979.49,11876.94,straight_line_fee_recognition
REV-0003292,ORG-200989,PTR-006,2022-09,2096.37,2096.37,straight_line_fee_recognition
REV-0003293,ORG-200989,PTR-006,2022-10,2096.37,4192.74,straight_line_fee_recognition
REV-0003294,ORG-200989,PTR-006,2022-11,2096.37,6289.11,straight_line_fee_recognition
REV-0003295,ORG-200989,PTR-006,2022-12,2096.37,8385.48,straight_line_fee_recognition
REV-0003296,ORG-200990,PTR-004,2023-08,1409.26,1409.26,straight_line_fee_recognition
REV-0003297,ORG-200990,PTR-004,2023-09,1409.26,2818.52,straight_line_fee_recognition
REV-0003298,ORG-200991,PTR-001,2025-10,257.06,257.06,straight_line_fee_recognition
REV-0003299,ORG-200991,PTR-001,2025-11,257.06,514.12,straight_line_fee_recognition
REV-0003300,ORG-200992,PTR-003,2022-07,453.72,453.72,straight_line_fee_recognition
REV-0003301,ORG-200992,PTR-003,2022-08,453.72,907.44,straight_line_fee_recognition
REV-0003302,ORG-200992,PTR-003,2022-09,453.72,1361.16,straight_line_fee_recognition
REV-0003303,ORG-200993,PTR-005,2025-03,3174.0,3174.0,straight_line_fee_recognition
REV-0003304,ORG-200993,PTR-005,2025-04,3174.0,6348.0,straight_line_fee_recognition
REV-0003305,ORG-200993,PTR-005,2025-05,3174.0,9522.0,straight_line_fee_recognition
REV-0003306,ORG-200993,PTR-005,2025-06,3174.0,12696.0,straight_line_fee_recognition
REV-0003307,ORG-200993,PTR-005,2025-07,3174.0,15870.0,straight_line_fee_recognition
REV-0003308,ORG-200993,PTR-005,2025-07,3174.0,19044.0,straight_line_fee_recognition
REV-0003309,ORG-200993,PTR-005,2025-08,3174.0,22218.0,straight_line_fee_recognition
REV-0003310,ORG-200994,PTR-005,2025-09,453.73,453.73,straight_line_fee_recognition
REV-0003311,ORG-200994,PTR-005,2025-10,453.73,907.46,straight_line_fee_recognition
REV-0003312,ORG-200995,PTR-006,2023-12,5442.84,5442.84,straight_line_fee_recognition
REV-0003313,ORG-200995,PTR-006,2024-01,5442.84,10885.68,straight_line_fee_recognition
REV-0003314,ORG-200996,PTR-001,2023-11,2844.1,2844.1,straight_line_fee_recognition
REV-0003315,ORG-200996,PTR-001,2023-12,2844.1,5688.2,straight_line_fee_recognition
REV-0003316,ORG-200996,PTR-001,2024-01,2844.1,8532.3,straight_line_fee_recognition
REV-0003317,ORG-200997,PTR-006,2023-07,1185.54,1185.54,straight_line_fee_recognition
REV-0003318,ORG-200997,PTR-006,2023-08,1185.54,2371.08,straight_line_fee_recognition
REV-0003319,ORG-200997,PTR-006,2023-09,1185.54,3556.62,straight_line_fee_recognition
REV-0003320,ORG-200998,PTR-002,2024-06,1555.82,1555.82,straight_line_fee_recognition
REV-0003321,ORG-200998,PTR-002,2024-07,1555.82,3111.64,straight_line_fee_recognition
REV-0003322,ORG-200998,PTR-002,2024-08,1555.82,4667.46,straight_line_fee_recognition
REV-0003323,ORG-200998,PTR-002,2024-09,1555.82,6223.28,straight_line_fee_recognition
REV-0003324,ORG-200998,PTR-002,2024-10,1555.82,7779.1,straight_line_fee_recognition
REV-0003325,ORG-200998,PTR-002,2024-11,1555.82,9334.92,straight_line_fee_recognition
REV-0003326,ORG-200998,PTR-002,2024-12,1555.82,10890.74,straight_line_fee_recognition
REV-0003327,ORG-200998,PTR-002,2024-12,1555.82,12446.56,straight_line_fee_recognition
REV-0003328,ORG-200999,PTR-004,2024-03,2780.89,2780.89,straight_line_fee_recognition
REV-0003329,ORG-200999,PTR-004,2024-04,2780.89,5561.78,straight_line_fee_recognition
REV-0003330,ORG-201000,PTR-005,2025-06,6489.96,6489.96,straight_line_fee_recognition
REV-0003331,ORG-201000,PTR-005,2025-07,6489.96,12979.92,straight_line_fee_recognition
REV-0003332,ORG-201000,PTR-005,2025-08,6489.96,19469.88,straight_line_fee_recognition
REV-0003333,ORG-201000,PTR-005,2025-09,6489.96,25959.84,straight_line_fee_recognition
REV-0003334,ORG-201001,PTR-002,2022-02,1257.72,1257.72,straight_line_fee_recognition
REV-0003335,ORG-201001,PTR-002,2022-03,1257.72,2515.44,straight_line_fee_recognition
REV-0003336,ORG-201002,PTR-005,2022-08,236.39,236.39,straight_line_fee_recognition
REV-0003337,ORG-201002,PTR-005,2022-09,236.39,472.78,straight_line_fee_recognition
REV-0003338,ORG-201002,PTR-005,2022-10,236.39,709.17,straight_line_fee_recognition
REV-0003339,ORG-201002,PTR-005,2022-11,236.39,945.56,straight_line_fee_recognition
REV-0003340,ORG-201002,PTR-005,2022-12,236.39,1181.95,straight_line_fee_recognition
REV-0003341,ORG-201002,PTR-005,2023-01,236.39,1418.34,straight_line_fee_recognition
REV-0003342,ORG-201002,PTR-005,2023-02,236.39,1654.73,straight_line_fee_recognition
REV-0003343,ORG-201002,PTR-005,2023-03,236.39,1891.12,straight_line_fee_recognition
REV-0003344,ORG-201003,PTR-003,2022-03,430.86,430.86,straight_line_fee_recognition
REV-0003345,ORG-201003,PTR-003,2022-04,430.86,861.72,straight_line_fee_recognition
REV-0003346,ORG-201003,PTR-003,2022-05,430.86,1292.58,straight_line_fee_recognition
REV-0003347,ORG-201004,PTR-004,2022-02,114.7,114.7,straight_line_fee_recognition
REV-0003348,ORG-201004,PTR-004,2022-03,114.7,229.4,straight_line_fee_recognition
REV-0003349,ORG-201004,PTR-004,2022-04,114.7,344.1,straight_line_fee_recognition
REV-0003350,ORG-201004,PTR-004,2022-05,114.7,458.8,straight_line_fee_recognition
REV-0003351,ORG-201004,PTR-004,2022-06,114.7,573.5,straight_line_fee_recognition
REV-0003352,ORG-201004,PTR-004,2022-07,114.7,688.2,straight_line_fee_recognition
REV-0003353,ORG-201004,PTR-004,2022-08,114.7,802.9,straight_line_fee_recognition
REV-0003354,ORG-201005,PTR-006,2024-02,156.25,156.25,straight_line_fee_recognition
REV-0003355,ORG-201005,PTR-006,2024-03,156.25,312.5,straight_line_fee_recognition
REV-0003356,ORG-201006,PTR-004,2025-02,3252.78,3252.78,straight_line_fee_recognition
REV-0003357,ORG-201006,PTR-004,2025-03,3252.78,6505.56,straight_line_fee_recognition
REV-0003358,ORG-201006,PTR-004,2025-04,3252.78,9758.34,straight_line_fee_recognition
REV-0003359,ORG-201006,PTR-004,2025-05,3252.78,13011.12,straight_line_fee_recognition
REV-0003360,ORG-201007,PTR-001,2023-07,2994.33,2994.33,straight_line_fee_recognition
REV-0003361,ORG-201007,PTR-001,2023-08,2994.33,5988.66,straight_line_fee_recognition
REV-0003362,ORG-201007,PTR-001,2023-09,2994.33,8982.99,straight_line_fee_recognition
REV-0003363,ORG-201007,PTR-001,2023-10,2994.33,11977.32,straight_line_fee_recognition
REV-0003364,ORG-201008,PTR-006,2022-12,1182.72,1182.72,straight_line_fee_recognition
REV-0003365,ORG-201008,PTR-006,2023-01,1182.72,2365.44,straight_line_fee_recognition
REV-0003366,ORG-201008,PTR-006,2023-02,1182.72,3548.16,straight_line_fee_recognition
REV-0003367,ORG-201009,PTR-006,2026-01,1281.4,1281.4,straight_line_fee_recognition
REV-0003368,ORG-201010,PTR-006,2022-01,1765.42,1765.42,straight_line_fee_recognition
REV-0003369,ORG-201010,PTR-006,2022-02,1765.42,3530.84,straight_line_fee_recognition
REV-0003370,ORG-201010,PTR-006,2022-03,1765.42,5296.26,straight_line_fee_recognition
REV-0003371,ORG-201010,PTR-006,2022-04,1765.42,7061.68,straight_line_fee_recognition
REV-0003372,ORG-201011,PTR-002,2026-04,444.25,444.25,straight_line_fee_recognition
REV-0003373,ORG-201011,PTR-002,2026-05,444.25,888.5,straight_line_fee_recognition
REV-0003374,ORG-201011,PTR-002,2026-06,444.25,1332.75,straight_line_fee_recognition
REV-0003375,ORG-201012,PTR-002,2022-01,3123.33,3123.33,straight_line_fee_recognition
REV-0003376,ORG-201012,PTR-002,2022-02,3123.33,6246.66,straight_line_fee_recognition
REV-0003377,ORG-201012,PTR-002,2022-03,3123.33,9369.99,straight_line_fee_recognition
REV-0003378,ORG-201012,PTR-002,2022-04,3123.33,12493.32,straight_line_fee_recognition
REV-0003379,ORG-201013,PTR-006,2026-03,567.03,567.03,straight_line_fee_recognition
REV-0003380,ORG-201013,PTR-006,2026-04,567.03,1134.06,straight_line_fee_recognition
REV-0003381,ORG-201013,PTR-006,2026-05,567.03,1701.09,straight_line_fee_recognition
REV-0003382,ORG-201013,PTR-006,2026-06,567.03,2268.12,straight_line_fee_recognition
REV-0003383,ORG-201013,PTR-006,2026-07,567.03,2835.15,straight_line_fee_recognition
REV-0003384,ORG-201014,PTR-001,2024-09,487.71,487.71,straight_line_fee_recognition
REV-0003385,ORG-201014,PTR-001,2024-10,487.71,975.42,straight_line_fee_recognition
REV-0003386,ORG-201014,PTR-001,2024-11,487.71,1463.13,straight_line_fee_recognition
REV-0003387,ORG-201014,PTR-001,2024-12,487.71,1950.84,straight_line_fee_recognition
REV-0003388,ORG-201015,PTR-001,2024-12,966.7,966.7,straight_line_fee_recognition
REV-0003389,ORG-201015,PTR-001,2025-01,966.7,1933.4,straight_line_fee_recognition
REV-0003390,ORG-201015,PTR-001,2025-02,966.7,2900.1,straight_line_fee_recognition
REV-0003391,ORG-201015,PTR-001,2025-03,966.7,3866.8,straight_line_fee_recognition
REV-0003392,ORG-201016,PTR-001,2022-04,2502.38,2502.38,straight_line_fee_recognition
REV-0003393,ORG-201016,PTR-001,2022-05,2502.38,5004.76,straight_line_fee_recognition
REV-0003394,ORG-201016,PTR-001,2022-06,2502.38,7507.14,straight_line_fee_recognition
REV-0003395,ORG-201016,PTR-001,2022-07,2502.38,10009.52,straight_line_fee_recognition
REV-0003396,ORG-201017,PTR-001,2023-07,1548.03,1548.03,straight_line_fee_recognition
REV-0003397,ORG-201017,PTR-001,2023-08,1548.03,3096.06,straight_line_fee_recognition
REV-0003398,ORG-201017,PTR-001,2023-09,1548.03,4644.09,straight_line_fee_recognition
REV-0003399,ORG-201017,PTR-001,2023-10,1548.03,6192.12,straight_line_fee_recognition
REV-0003400,ORG-201017,PTR-001,2023-11,1548.03,7740.15,straight_line_fee_recognition
REV-0003401,ORG-201017,PTR-001,2023-12,1548.03,9288.18,straight_line_fee_recognition
REV-0003402,ORG-201017,PTR-001,2024-01,1548.03,10836.21,straight_line_fee_recognition
REV-0003403,ORG-201017,PTR-001,2024-02,1548.03,12384.24,straight_line_fee_recognition
REV-0003404,ORG-201018,PTR-006,2023-06,1668.46,1668.46,straight_line_fee_recognition
REV-0003405,ORG-201018,PTR-006,2023-07,1668.46,3336.92,straight_line_fee_recognition
REV-0003406,ORG-201019,PTR-006,2025-12,1252.34,1252.34,straight_line_fee_recognition
REV-0003407,ORG-201019,PTR-006,2026-01,1252.34,2504.68,straight_line_fee_recognition
REV-0003408,ORG-201019,PTR-006,2026-02,1252.34,3757.02,straight_line_fee_recognition
REV-0003409,ORG-201019,PTR-006,2026-03,1252.34,5009.36,straight_line_fee_recognition
REV-0003410,ORG-201019,PTR-006,2026-04,1252.34,6261.7,straight_line_fee_recognition
REV-0003411,ORG-201020,PTR-004,2025-08,399.38,399.38,straight_line_fee_recognition
REV-0003412,ORG-201020,PTR-004,2025-09,399.38,798.76,straight_line_fee_recognition
REV-0003413,ORG-201020,PTR-004,2025-10,399.38,1198.14,straight_line_fee_recognition
REV-0003414,ORG-201021,PTR-002,2024-07,3706.82,3706.82,straight_line_fee_recognition
REV-0003415,ORG-201021,PTR-002,2024-08,3706.82,7413.64,straight_line_fee_recognition
REV-0003416,ORG-201021,PTR-002,2024-09,3706.82,11120.46,straight_line_fee_recognition
REV-0003417,ORG-201021,PTR-002,2024-10,3706.82,14827.28,straight_line_fee_recognition
REV-0003418,ORG-201021,PTR-002,2024-11,3706.82,18534.1,straight_line_fee_recognition
REV-0003419,ORG-201022,PTR-001,2024-05,960.02,960.02,straight_line_fee_recognition
REV-0003420,ORG-201022,PTR-001,2024-06,960.02,1920.04,straight_line_fee_recognition
REV-0003421,ORG-201023,PTR-003,2024-09,950.65,950.65,straight_line_fee_recognition
REV-0003422,ORG-201023,PTR-003,2024-10,950.65,1901.3,straight_line_fee_recognition
REV-0003423,ORG-201024,PTR-006,2025-12,2380.66,2380.66,straight_line_fee_recognition
REV-0003424,ORG-201024,PTR-006,2026-01,2380.66,4761.32,straight_line_fee_recognition
REV-0003425,ORG-201024,PTR-006,2026-02,2380.66,7141.98,straight_line_fee_recognition
REV-0003426,ORG-201024,PTR-006,2026-03,2380.66,9522.64,straight_line_fee_recognition
REV-0003427,ORG-201024,PTR-006,2026-04,2380.66,11903.3,straight_line_fee_recognition
REV-0003428,ORG-201024,PTR-006,2026-05,2380.66,14283.96,straight_line_fee_recognition
REV-0003429,ORG-201025,PTR-006,2022-04,1730.04,1730.04,straight_line_fee_recognition
REV-0003430,ORG-201025,PTR-006,2022-05,1730.04,3460.08,straight_line_fee_recognition
REV-0003431,ORG-201026,PTR-006,2024-09,596.73,596.73,straight_line_fee_recognition
REV-0003432,ORG-201026,PTR-006,2024-10,596.73,1193.46,straight_line_fee_recognition
REV-0003433,ORG-201026,PTR-006,2024-11,596.73,1790.19,straight_line_fee_recognition
REV-0003434,ORG-201027,PTR-006,2025-10,7322.29,7322.29,straight_line_fee_recognition
REV-0003435,ORG-201027,PTR-006,2025-11,7322.29,14644.58,straight_line_fee_recognition
REV-0003436,ORG-201027,PTR-006,2025-12,7322.29,21966.87,straight_line_fee_recognition
REV-0003437,ORG-201028,PTR-004,2023-03,2075.43,2075.43,straight_line_fee_recognition
REV-0003438,ORG-201028,PTR-004,2023-03,2075.43,4150.86,straight_line_fee_recognition
REV-0003439,ORG-201028,PTR-004,2023-04,2075.43,6226.29,straight_line_fee_recognition
REV-0003440,ORG-201029,PTR-005,2023-12,1738.18,1738.18,straight_line_fee_recognition
REV-0003441,ORG-201029,PTR-005,2024-01,1738.18,3476.36,straight_line_fee_recognition
REV-0003442,ORG-201029,PTR-005,2024-02,1738.18,5214.54,straight_line_fee_recognition
REV-0003443,ORG-201029,PTR-005,2024-03,1738.18,6952.72,straight_line_fee_recognition
REV-0003444,ORG-201030,PTR-004,2024-07,3293.94,3293.94,straight_line_fee_recognition
REV-0003445,ORG-201030,PTR-004,2024-08,3293.94,6587.88,straight_line_fee_recognition
REV-0003446,ORG-201030,PTR-004,2024-09,3293.94,9881.82,straight_line_fee_recognition
REV-0003447,ORG-201031,PTR-002,2022-06,1789.92,1789.92,straight_line_fee_recognition
REV-0003448,ORG-201031,PTR-002,2022-07,1789.92,3579.84,straight_line_fee_recognition
REV-0003449,ORG-201032,PTR-006,2025-07,2211.55,2211.55,straight_line_fee_recognition
REV-0003450,ORG-201032,PTR-006,2025-08,2211.55,4423.1,straight_line_fee_recognition
REV-0003451,ORG-201033,PTR-001,2023-04,3370.11,3370.11,straight_line_fee_recognition
REV-0003452,ORG-201033,PTR-001,2023-05,3370.11,6740.22,straight_line_fee_recognition
REV-0003453,ORG-201033,PTR-001,2023-06,3370.11,10110.33,straight_line_fee_recognition
REV-0003454,ORG-201033,PTR-001,2023-07,3370.11,13480.44,straight_line_fee_recognition
REV-0003455,ORG-201033,PTR-001,2023-08,3370.11,16850.55,straight_line_fee_recognition
REV-0003456,ORG-201033,PTR-001,2023-09,3370.11,20220.66,straight_line_fee_recognition
REV-0003457,ORG-201033,PTR-001,2023-10,3370.11,23590.77,straight_line_fee_recognition
REV-0003458,ORG-201033,PTR-001,2023-11,3370.11,26960.88,straight_line_fee_recognition
REV-0003459,ORG-201034,PTR-003,2022-10,2272.86,2272.86,straight_line_fee_recognition
REV-0003460,ORG-201034,PTR-003,2022-11,2272.86,4545.72,straight_line_fee_recognition
REV-0003461,ORG-201035,PTR-002,2025-01,5303.95,5303.95,straight_line_fee_recognition
REV-0003462,ORG-201035,PTR-002,2025-02,5303.95,10607.9,straight_line_fee_recognition
REV-0003463,ORG-201035,PTR-002,2025-03,5303.95,15911.85,straight_line_fee_recognition
REV-0003464,ORG-201036,PTR-006,2024-04,1835.78,1835.78,straight_line_fee_recognition
REV-0003465,ORG-201036,PTR-006,2024-05,1835.78,3671.56,straight_line_fee_recognition
REV-0003466,ORG-201036,PTR-006,2024-06,1835.78,5507.34,straight_line_fee_recognition
REV-0003467,ORG-201037,PTR-001,2025-08,886.77,886.77,straight_line_fee_recognition
REV-0003468,ORG-201037,PTR-001,2025-09,886.77,1773.54,straight_line_fee_recognition
REV-0003469,ORG-201037,PTR-001,2025-10,886.77,2660.31,straight_line_fee_recognition
REV-0003470,ORG-201037,PTR-001,2025-11,886.77,3547.08,straight_line_fee_recognition
REV-0003471,ORG-201037,PTR-001,2025-12,886.77,4433.85,straight_line_fee_recognition
REV-0003472,ORG-201038,PTR-005,2026-01,6834.66,6834.66,straight_line_fee_recognition
REV-0003473,ORG-201038,PTR-005,2026-02,6834.66,13669.32,straight_line_fee_recognition
REV-0003474,ORG-201038,PTR-005,2026-03,6834.66,20503.98,straight_line_fee_recognition
REV-0003475,ORG-201039,PTR-003,2022-03,219.62,219.62,straight_line_fee_recognition
REV-0003476,ORG-201039,PTR-003,2022-04,219.62,439.24,straight_line_fee_recognition
REV-0003477,ORG-201039,PTR-003,2022-05,219.62,658.86,straight_line_fee_recognition
REV-0003478,ORG-201039,PTR-003,2022-06,219.62,878.48,straight_line_fee_recognition
REV-0003479,ORG-201040,PTR-002,2022-06,477.19,477.19,straight_line_fee_recognition
REV-0003480,ORG-201040,PTR-002,2022-07,477.19,954.38,straight_line_fee_recognition
REV-0003481,ORG-201040,PTR-002,2022-08,477.19,1431.57,straight_line_fee_recognition
REV-0003482,ORG-201040,PTR-002,2022-09,477.19,1908.76,straight_line_fee_recognition
REV-0003483,ORG-201040,PTR-002,2022-10,477.19,2385.95,straight_line_fee_recognition
REV-0003484,ORG-201040,PTR-002,2022-11,477.19,2863.14,straight_line_fee_recognition
REV-0003485,ORG-201040,PTR-002,2022-12,477.19,3340.33,straight_line_fee_recognition
REV-0003486,ORG-201041,PTR-004,2022-12,3104.55,3104.55,straight_line_fee_recognition
REV-0003487,ORG-201041,PTR-004,2023-01,3104.55,6209.1,straight_line_fee_recognition
REV-0003488,ORG-201041,PTR-004,2023-02,3104.55,9313.65,straight_line_fee_recognition
REV-0003489,ORG-201041,PTR-004,2023-03,3104.55,12418.2,straight_line_fee_recognition
REV-0003490,ORG-201042,PTR-002,2024-08,572.54,572.54,straight_line_fee_recognition
REV-0003491,ORG-201042,PTR-002,2024-09,572.54,1145.08,straight_line_fee_recognition
REV-0003492,ORG-201043,PTR-001,2024-11,1029.43,1029.43,straight_line_fee_recognition
REV-0003493,ORG-201043,PTR-001,2024-12,1029.43,2058.86,straight_line_fee_recognition
REV-0003494,ORG-201043,PTR-001,2025-01,1029.43,3088.29,straight_line_fee_recognition
REV-0003495,ORG-201043,PTR-001,2025-02,1029.43,4117.72,straight_line_fee_recognition
REV-0003496,ORG-201044,PTR-001,2025-12,116.5,116.5,straight_line_fee_recognition
REV-0003497,ORG-201044,PTR-001,2026-01,116.5,233.0,straight_line_fee_recognition
REV-0003498,ORG-201044,PTR-001,2026-02,116.5,349.5,straight_line_fee_recognition
REV-0003499,ORG-201044,PTR-001,2026-03,116.5,466.0,straight_line_fee_recognition
REV-0003500,ORG-201044,PTR-001,2026-04,116.5,582.5,straight_line_fee_recognition
REV-0003501,ORG-201044,PTR-001,2026-05,116.5,699.0,straight_line_fee_recognition
REV-0003502,ORG-201045,PTR-005,2023-07,2254.0,2254.0,straight_line_fee_recognition
REV-0003503,ORG-201045,PTR-005,2023-08,2254.0,4508.0,straight_line_fee_recognition
REV-0003504,ORG-201045,PTR-005,2023-09,2254.0,6762.0,straight_line_fee_recognition
REV-0003505,ORG-201046,PTR-006,2025-01,624.17,624.17,straight_line_fee_recognition
REV-0003506,ORG-201046,PTR-006,2025-02,624.17,1248.34,straight_line_fee_recognition
REV-0003507,ORG-201046,PTR-006,2025-03,624.17,1872.51,straight_line_fee_recognition
REV-0003508,ORG-201046,PTR-006,2025-04,624.17,2496.68,straight_line_fee_recognition
REV-0003509,ORG-201046,PTR-006,2025-05,624.17,3120.85,straight_line_fee_recognition
REV-0003510,ORG-201047,PTR-002,2023-09,394.1,394.1,straight_line_fee_recognition
REV-0003511,ORG-201047,PTR-002,2023-10,394.1,788.2,straight_line_fee_recognition
REV-0003512,ORG-201047,PTR-002,2023-11,394.1,1182.3,straight_line_fee_recognition
REV-0003513,ORG-201048,PTR-006,2022-11,580.87,580.87,straight_line_fee_recognition
REV-0003514,ORG-201048,PTR-006,2022-12,580.87,1161.74,straight_line_fee_recognition
REV-0003515,ORG-201049,PTR-006,2022-03,1910.53,1910.53,straight_line_fee_recognition
REV-0003516,ORG-201049,PTR-006,2022-04,1910.53,3821.06,straight_line_fee_recognition
REV-0003517,ORG-201050,PTR-004,2024-02,2416.87,2416.87,straight_line_fee_recognition
REV-0003518,ORG-201050,PTR-004,2024-03,2416.87,4833.74,straight_line_fee_recognition
REV-0003519,ORG-201050,PTR-004,2024-04,2416.87,7250.61,straight_line_fee_recognition
REV-0003520,ORG-201051,PTR-004,2022-12,984.94,984.94,straight_line_fee_recognition
REV-0003521,ORG-201051,PTR-004,2023-01,984.94,1969.88,straight_line_fee_recognition
REV-0003522,ORG-201051,PTR-004,2023-02,984.94,2954.82,straight_line_fee_recognition
REV-0003523,ORG-201051,PTR-004,2023-03,984.94,3939.76,straight_line_fee_recognition
REV-0003524,ORG-201052,PTR-006,2025-02,976.4,976.4,straight_line_fee_recognition
REV-0003525,ORG-201052,PTR-006,2025-03,976.4,1952.8,straight_line_fee_recognition
REV-0003526,ORG-201052,PTR-006,2025-04,976.4,2929.2,straight_line_fee_recognition
REV-0003527,ORG-201053,PTR-001,2023-11,517.36,517.36,straight_line_fee_recognition
REV-0003528,ORG-201053,PTR-001,2023-12,517.36,1034.72,straight_line_fee_recognition
REV-0003529,ORG-201054,PTR-001,2025-10,476.87,476.87,straight_line_fee_recognition
REV-0003530,ORG-201054,PTR-001,2025-11,476.87,953.74,straight_line_fee_recognition
REV-0003531,ORG-201054,PTR-001,2025-12,476.87,1430.61,straight_line_fee_recognition
REV-0003532,ORG-201054,PTR-001,2026-01,476.87,1907.48,straight_line_fee_recognition
REV-0003533,ORG-201054,PTR-001,2026-02,476.87,2384.35,straight_line_fee_recognition
REV-0003534,ORG-201054,PTR-001,2026-03,476.87,2861.22,straight_line_fee_recognition
REV-0003535,ORG-201055,PTR-001,2026-03,3880.66,3880.66,straight_line_fee_recognition
REV-0003536,ORG-201055,PTR-001,2026-04,3880.66,7761.32,straight_line_fee_recognition
REV-0003537,ORG-201055,PTR-001,2026-05,3880.66,11641.98,straight_line_fee_recognition
REV-0003538,ORG-201056,PTR-006,2023-11,187.0,187.0,straight_line_fee_recognition
REV-0003539,ORG-201056,PTR-006,2023-12,187.0,374.0,straight_line_fee_recognition
REV-0003540,ORG-201057,PTR-003,2024-11,2565.73,2565.73,straight_line_fee_recognition
REV-0003541,ORG-201057,PTR-003,2024-12,2565.73,5131.46,straight_line_fee_recognition
REV-0003542,ORG-201057,PTR-003,2025-01,2565.73,7697.19,straight_line_fee_recognition
REV-0003543,ORG-201058,PTR-001,2025-09,1002.06,1002.06,straight_line_fee_recognition
REV-0003544,ORG-201058,PTR-001,2025-10,1002.06,2004.12,straight_line_fee_recognition
REV-0003545,ORG-201058,PTR-001,2025-10,1002.06,3006.18,straight_line_fee_recognition
REV-0003546,ORG-201058,PTR-001,2025-11,1002.06,4008.24,straight_line_fee_recognition
REV-0003547,ORG-201059,PTR-004,2025-08,3308.11,3308.11,straight_line_fee_recognition
REV-0003548,ORG-201059,PTR-004,2025-08,3308.11,6616.22,straight_line_fee_recognition
REV-0003549,ORG-201059,PTR-004,2025-09,3308.11,9924.33,straight_line_fee_recognition
REV-0003550,ORG-201059,PTR-004,2025-10,3308.11,13232.44,straight_line_fee_recognition
REV-0003551,ORG-201060,PTR-001,2022-05,4962.19,4962.19,straight_line_fee_recognition
REV-0003552,ORG-201060,PTR-001,2022-06,4962.19,9924.38,straight_line_fee_recognition
REV-0003553,ORG-201060,PTR-001,2022-07,4962.19,14886.57,straight_line_fee_recognition
REV-0003554,ORG-201061,PTR-005,2022-07,1755.6,1755.6,straight_line_fee_recognition
REV-0003555,ORG-201061,PTR-005,2022-08,1755.6,3511.2,straight_line_fee_recognition
REV-0003556,ORG-201061,PTR-005,2022-09,1755.6,5266.8,straight_line_fee_recognition
REV-0003557,ORG-201062,PTR-002,2025-04,2137.9,2137.9,straight_line_fee_recognition
REV-0003558,ORG-201062,PTR-002,2025-05,2137.9,4275.8,straight_line_fee_recognition
REV-0003559,ORG-201062,PTR-002,2025-06,2137.9,6413.7,straight_line_fee_recognition
REV-0003560,ORG-201063,PTR-006,2022-10,8598.11,8598.11,straight_line_fee_recognition
REV-0003561,ORG-201063,PTR-006,2022-11,8598.11,17196.22,straight_line_fee_recognition
REV-0003562,ORG-201063,PTR-006,2022-12,8598.11,25794.33,straight_line_fee_recognition
REV-0003563,ORG-201064,PTR-001,2025-12,5010.36,5010.36,straight_line_fee_recognition
REV-0003564,ORG-201064,PTR-001,2026-01,5010.36,10020.72,straight_line_fee_recognition
REV-0003565,ORG-201065,PTR-006,2024-04,1263.64,1263.64,straight_line_fee_recognition
REV-0003566,ORG-201065,PTR-006,2024-05,1263.64,2527.28,straight_line_fee_recognition
REV-0003567,ORG-201066,PTR-005,2024-08,2483.14,2483.14,straight_line_fee_recognition
REV-0003568,ORG-201066,PTR-005,2024-09,2483.14,4966.28,straight_line_fee_recognition
REV-0003569,ORG-201067,PTR-004,2023-10,3118.14,3118.14,straight_line_fee_recognition
REV-0003570,ORG-201067,PTR-004,2023-11,3118.14,6236.28,straight_line_fee_recognition
REV-0003571,ORG-201067,PTR-004,2023-12,3118.14,9354.42,straight_line_fee_recognition
REV-0003572,ORG-201067,PTR-004,2024-01,3118.14,12472.56,straight_line_fee_recognition
REV-0003573,ORG-201067,PTR-004,2024-02,3118.14,15590.7,straight_line_fee_recognition
REV-0003574,ORG-201068,PTR-005,2023-08,3177.56,3177.56,straight_line_fee_recognition
REV-0003575,ORG-201068,PTR-005,2023-09,3177.56,6355.12,straight_line_fee_recognition
REV-0003576,ORG-201068,PTR-005,2023-10,3177.56,9532.68,straight_line_fee_recognition
REV-0003577,ORG-201068,PTR-005,2023-11,3177.56,12710.24,straight_line_fee_recognition
REV-0003578,ORG-201068,PTR-005,2023-12,3177.56,15887.8,straight_line_fee_recognition
REV-0003579,ORG-201069,PTR-002,2024-12,411.45,411.45,straight_line_fee_recognition
REV-0003580,ORG-201069,PTR-002,2025-01,411.45,822.9,straight_line_fee_recognition
REV-0003581,ORG-201069,PTR-002,2025-01,411.45,1234.35,straight_line_fee_recognition
REV-0003582,ORG-201069,PTR-002,2025-03,411.45,1645.8,straight_line_fee_recognition
REV-0003583,ORG-201069,PTR-002,2025-04,411.45,2057.25,straight_line_fee_recognition
REV-0003584,ORG-201070,PTR-005,2026-04,406.92,406.92,straight_line_fee_recognition
REV-0003585,ORG-201070,PTR-005,2026-05,406.92,813.84,straight_line_fee_recognition
REV-0003586,ORG-201070,PTR-005,2026-06,406.92,1220.76,straight_line_fee_recognition
REV-0003587,ORG-201071,PTR-005,2026-01,536.91,536.91,straight_line_fee_recognition
REV-0003588,ORG-201071,PTR-005,2026-02,536.91,1073.82,straight_line_fee_recognition
REV-0003589,ORG-201071,PTR-005,2026-03,536.91,1610.73,straight_line_fee_recognition
REV-0003590,ORG-201072,PTR-004,2024-07,437.21,437.21,straight_line_fee_recognition
REV-0003591,ORG-201072,PTR-004,2024-08,437.21,874.42,straight_line_fee_recognition
REV-0003592,ORG-201072,PTR-004,2024-09,437.21,1311.63,straight_line_fee_recognition
REV-0003593,ORG-201072,PTR-004,2024-10,437.21,1748.84,straight_line_fee_recognition
REV-0003594,ORG-201072,PTR-004,2024-11,437.21,2186.05,straight_line_fee_recognition
REV-0003595,ORG-201072,PTR-004,2024-12,437.21,2623.26,straight_line_fee_recognition
REV-0003596,ORG-201073,PTR-002,2023-03,1720.39,1720.39,straight_line_fee_recognition
REV-0003597,ORG-201073,PTR-002,2023-04,1720.39,3440.78,straight_line_fee_recognition
REV-0003598,ORG-201073,PTR-002,2023-05,1720.39,5161.17,straight_line_fee_recognition
REV-0003599,ORG-201074,PTR-002,2025-06,2099.79,2099.79,straight_line_fee_recognition
REV-0003600,ORG-201074,PTR-002,2025-07,2099.79,4199.58,straight_line_fee_recognition
REV-0003601,ORG-201074,PTR-002,2025-08,2099.79,6299.37,straight_line_fee_recognition
REV-0003602,ORG-201075,PTR-005,2025-10,1275.22,1275.22,straight_line_fee_recognition
REV-0003603,ORG-201075,PTR-005,2025-11,1275.22,2550.44,straight_line_fee_recognition
REV-0003604,ORG-201075,PTR-005,2025-12,1275.22,3825.66,straight_line_fee_recognition
REV-0003605,ORG-201076,PTR-002,2024-05,6256.85,6256.85,straight_line_fee_recognition
REV-0003606,ORG-201076,PTR-002,2024-06,6256.85,12513.7,straight_line_fee_recognition
REV-0003607,ORG-201076,PTR-002,2024-07,6256.85,18770.55,straight_line_fee_recognition
REV-0003608,ORG-201076,PTR-002,2024-08,6256.85,25027.4,straight_line_fee_recognition
REV-0003609,ORG-201077,PTR-002,2024-07,458.62,458.62,straight_line_fee_recognition
REV-0003610,ORG-201077,PTR-002,2024-08,458.62,917.24,straight_line_fee_recognition
REV-0003611,ORG-201077,PTR-002,2024-08,458.62,1375.86,straight_line_fee_recognition
REV-0003612,ORG-201077,PTR-002,2024-09,458.62,1834.48,straight_line_fee_recognition
REV-0003613,ORG-201077,PTR-002,2024-10,458.62,2293.1,straight_line_fee_recognition
REV-0003614,ORG-201078,PTR-001,2024-08,1458.42,1458.42,straight_line_fee_recognition
REV-0003615,ORG-201078,PTR-001,2024-09,1458.42,2916.84,straight_line_fee_recognition
REV-0003616,ORG-201078,PTR-001,2024-10,1458.42,4375.26,straight_line_fee_recognition
REV-0003617,ORG-201079,PTR-004,2025-03,1514.09,1514.09,straight_line_fee_recognition
REV-0003618,ORG-201079,PTR-004,2025-04,1514.09,3028.18,straight_line_fee_recognition
REV-0003619,ORG-201079,PTR-004,2025-05,1514.09,4542.27,straight_line_fee_recognition
REV-0003620,ORG-201079,PTR-004,2025-06,1514.09,6056.36,straight_line_fee_recognition
REV-0003621,ORG-201079,PTR-004,2025-07,1514.09,7570.45,straight_line_fee_recognition
REV-0003622,ORG-201079,PTR-004,2025-08,1514.09,9084.54,straight_line_fee_recognition
REV-0003623,ORG-201080,PTR-006,2023-01,122.8,122.8,straight_line_fee_recognition
REV-0003624,ORG-201080,PTR-006,2023-02,122.8,245.6,straight_line_fee_recognition
REV-0003625,ORG-201080,PTR-006,2023-03,122.8,368.4,straight_line_fee_recognition
REV-0003626,ORG-201080,PTR-006,2023-04,122.8,491.2,straight_line_fee_recognition
REV-0003627,ORG-201080,PTR-006,2023-05,122.8,614.0,straight_line_fee_recognition
REV-0003628,ORG-201081,PTR-004,2022-11,2807.57,2807.57,straight_line_fee_recognition
REV-0003629,ORG-201082,PTR-003,2026-05,1206.18,1206.18,straight_line_fee_recognition
REV-0003630,ORG-201082,PTR-003,2026-06,1206.18,2412.36,straight_line_fee_recognition
REV-0003631,ORG-201082,PTR-003,2026-07,1206.18,3618.54,straight_line_fee_recognition
REV-0003632,ORG-201083,PTR-005,2024-04,551.07,551.07,straight_line_fee_recognition
REV-0003633,ORG-201083,PTR-005,2024-05,551.07,1102.14,straight_line_fee_recognition
REV-0003634,ORG-201084,PTR-006,2026-02,790.86,790.86,straight_line_fee_recognition
REV-0003635,ORG-201084,PTR-006,2026-03,790.86,1581.72,straight_line_fee_recognition
REV-0003636,ORG-201084,PTR-006,2026-04,790.86,2372.58,straight_line_fee_recognition
REV-0003637,ORG-201084,PTR-006,2026-05,790.86,3163.44,straight_line_fee_recognition
REV-0003638,ORG-201084,PTR-006,2026-06,790.86,3954.3,straight_line_fee_recognition
REV-0003639,ORG-201085,PTR-001,2022-10,2311.71,2311.71,straight_line_fee_recognition
REV-0003640,ORG-201085,PTR-001,2022-11,2311.71,4623.42,straight_line_fee_recognition
REV-0003641,ORG-201086,PTR-006,2026-02,3820.5,3820.5,straight_line_fee_recognition
REV-0003642,ORG-201086,PTR-006,2026-03,3820.5,7641.0,straight_line_fee_recognition
REV-0003643,ORG-201086,PTR-006,2026-04,3820.5,11461.5,straight_line_fee_recognition
REV-0003644,ORG-201087,PTR-001,2025-01,1949.68,1949.68,straight_line_fee_recognition
REV-0003645,ORG-201087,PTR-001,2025-02,1949.68,3899.36,straight_line_fee_recognition
REV-0003646,ORG-201087,PTR-001,2025-03,1949.68,5849.04,straight_line_fee_recognition
REV-0003647,ORG-201087,PTR-001,2025-04,1949.68,7798.72,straight_line_fee_recognition
REV-0003648,ORG-201088,PTR-003,2022-02,2091.22,2091.22,straight_line_fee_recognition
REV-0003649,ORG-201088,PTR-003,2022-03,2091.22,4182.44,straight_line_fee_recognition
REV-0003650,ORG-201088,PTR-003,2022-04,2091.22,6273.66,straight_line_fee_recognition
REV-0003651,ORG-201088,PTR-003,2022-05,2091.22,8364.88,straight_line_fee_recognition
REV-0003652,ORG-201088,PTR-003,2022-06,2091.22,10456.1,straight_line_fee_recognition
REV-0003653,ORG-201089,PTR-001,2022-02,2886.86,2886.86,straight_line_fee_recognition
REV-0003654,ORG-201090,PTR-001,2024-06,4677.69,4677.69,straight_line_fee_recognition
REV-0003655,ORG-201090,PTR-001,2024-07,4677.69,9355.38,straight_line_fee_recognition
REV-0003656,ORG-201090,PTR-001,2024-08,4677.69,14033.07,straight_line_fee_recognition
REV-0003657,ORG-201090,PTR-001,2024-09,4677.69,18710.76,straight_line_fee_recognition
REV-0003658,ORG-201091,PTR-004,2024-08,2609.01,2609.01,straight_line_fee_recognition
REV-0003659,ORG-201091,PTR-004,2024-09,2609.01,5218.02,straight_line_fee_recognition
REV-0003660,ORG-201091,PTR-004,2024-10,2609.01,7827.03,straight_line_fee_recognition
REV-0003661,ORG-201091,PTR-004,2024-11,2609.01,10436.04,straight_line_fee_recognition
REV-0003662,ORG-201091,PTR-004,2024-12,2609.01,13045.05,straight_line_fee_recognition
REV-0003663,ORG-201091,PTR-004,2025-01,2609.01,15654.06,straight_line_fee_recognition
REV-0003664,ORG-201092,PTR-004,2022-11,867.83,867.83,straight_line_fee_recognition
REV-0003665,ORG-201092,PTR-004,2022-12,867.83,1735.66,straight_line_fee_recognition
REV-0003666,ORG-201093,PTR-002,2024-06,2178.05,2178.05,straight_line_fee_recognition
REV-0003667,ORG-201093,PTR-002,2024-07,2178.05,4356.1,straight_line_fee_recognition
REV-0003668,ORG-201094,PTR-001,2025-10,2004.65,2004.65,straight_line_fee_recognition
REV-0003669,ORG-201094,PTR-001,2025-11,2004.65,4009.3,straight_line_fee_recognition
REV-0003670,ORG-201094,PTR-001,2025-12,2004.65,6013.95,straight_line_fee_recognition
REV-0003671,ORG-201095,PTR-002,2024-02,2026.1,2026.1,straight_line_fee_recognition
REV-0003672,ORG-201095,PTR-002,2024-03,2026.1,4052.2,straight_line_fee_recognition
REV-0003673,ORG-201095,PTR-002,2024-04,2026.1,6078.3,straight_line_fee_recognition
REV-0003674,ORG-201096,PTR-005,2024-07,1457.12,1457.12,straight_line_fee_recognition
REV-0003675,ORG-201096,PTR-005,2024-08,1457.12,2914.24,straight_line_fee_recognition
REV-0003676,ORG-201096,PTR-005,2024-09,1457.12,4371.36,straight_line_fee_recognition
REV-0003677,ORG-201096,PTR-005,2024-10,1457.12,5828.48,straight_line_fee_recognition
REV-0003678,ORG-201096,PTR-005,2024-11,1457.12,7285.6,straight_line_fee_recognition
REV-0003679,ORG-201097,PTR-006,2023-11,209.91,209.91,straight_line_fee_recognition
REV-0003680,ORG-201097,PTR-006,2023-12,209.91,419.82,straight_line_fee_recognition
REV-0003681,ORG-201097,PTR-006,2024-01,209.91,629.73,straight_line_fee_recognition
REV-0003682,ORG-201098,PTR-005,2022-08,5265.76,5265.76,straight_line_fee_recognition
REV-0003683,ORG-201098,PTR-005,2022-09,5265.76,10531.52,straight_line_fee_recognition
REV-0003684,ORG-201099,PTR-003,2024-04,2294.98,2294.98,straight_line_fee_recognition
REV-0003685,ORG-201099,PTR-003,2024-05,2294.98,4589.96,straight_line_fee_recognition
REV-0003686,ORG-201099,PTR-003,2024-06,2294.98,6884.94,straight_line_fee_recognition
REV-0003687,ORG-201100,PTR-002,2022-11,4427.77,4427.77,straight_line_fee_recognition
REV-0003688,ORG-201100,PTR-002,2022-12,4427.77,8855.54,straight_line_fee_recognition
REV-0003689,ORG-201100,PTR-002,2023-01,4427.77,13283.31,straight_line_fee_recognition
REV-0003690,ORG-201100,PTR-002,2023-02,4427.77,17711.08,straight_line_fee_recognition
REV-0003691,ORG-201101,PTR-001,2025-06,1756.55,1756.55,straight_line_fee_recognition
REV-0003692,ORG-201101,PTR-001,2025-07,1756.55,3513.1,straight_line_fee_recognition
REV-0003693,ORG-201102,PTR-002,2022-03,1647.28,1647.28,straight_line_fee_recognition
REV-0003694,ORG-201102,PTR-002,2022-04,1647.28,3294.56,straight_line_fee_recognition
REV-0003695,ORG-201102,PTR-002,2022-05,1647.28,4941.84,straight_line_fee_recognition
REV-0003696,ORG-201102,PTR-002,2022-06,1647.28,6589.12,straight_line_fee_recognition
REV-0003697,ORG-201102,PTR-002,2022-07,1647.28,8236.4,straight_line_fee_recognition
REV-0003698,ORG-201103,PTR-006,2023-03,917.26,917.26,straight_line_fee_recognition
REV-0003699,ORG-201103,PTR-006,2023-04,917.26,1834.52,straight_line_fee_recognition
REV-0003700,ORG-201104,PTR-001,2024-05,486.0,486.0,straight_line_fee_recognition
REV-0003701,ORG-201104,PTR-001,2024-06,486.0,972.0,straight_line_fee_recognition
REV-0003702,ORG-201104,PTR-001,2024-07,486.0,1458.0,straight_line_fee_recognition
REV-0003703,ORG-201105,PTR-006,2022-03,2282.01,2282.01,straight_line_fee_recognition
REV-0003704,ORG-201105,PTR-006,2022-04,2282.01,4564.02,straight_line_fee_recognition
REV-0003705,ORG-201106,PTR-006,2025-03,1539.21,1539.21,straight_line_fee_recognition
REV-0003706,ORG-201106,PTR-006,2025-04,1539.21,3078.42,straight_line_fee_recognition
REV-0003707,ORG-201106,PTR-006,2025-05,1539.21,4617.63,straight_line_fee_recognition
REV-0003708,ORG-201107,PTR-004,2023-01,826.8,826.8,straight_line_fee_recognition
REV-0003709,ORG-201107,PTR-004,2023-02,826.8,1653.6,straight_line_fee_recognition
REV-0003710,ORG-201108,PTR-006,2024-09,744.19,744.19,straight_line_fee_recognition
REV-0003711,ORG-201108,PTR-006,2024-10,744.19,1488.38,straight_line_fee_recognition
REV-0003712,ORG-201108,PTR-006,2024-11,744.19,2232.57,straight_line_fee_recognition
REV-0003713,ORG-201108,PTR-006,2024-12,744.19,2976.76,straight_line_fee_recognition
REV-0003714,ORG-201109,PTR-004,2024-11,1224.66,1224.66,straight_line_fee_recognition
REV-0003715,ORG-201109,PTR-004,2024-12,1224.66,2449.32,straight_line_fee_recognition
REV-0003716,ORG-201110,PTR-004,2024-06,1696.99,1696.99,straight_line_fee_recognition
REV-0003717,ORG-201110,PTR-004,2024-07,1696.99,3393.98,straight_line_fee_recognition
REV-0003718,ORG-201110,PTR-004,2024-08,1696.99,5090.97,straight_line_fee_recognition
REV-0003719,ORG-201110,PTR-004,2024-09,1696.99,6787.96,straight_line_fee_recognition
REV-0003720,ORG-201111,PTR-001,2025-05,440.12,440.12,straight_line_fee_recognition
REV-0003721,ORG-201111,PTR-001,2025-06,440.12,880.24,straight_line_fee_recognition
REV-0003722,ORG-201111,PTR-001,2025-07,440.12,1320.36,straight_line_fee_recognition
REV-0003723,ORG-201112,PTR-001,2025-08,60.0,60.0,straight_line_fee_recognition
REV-0003724,ORG-201112,PTR-001,2025-09,60.0,120.0,straight_line_fee_recognition
REV-0003725,ORG-201112,PTR-001,2025-10,60.0,180.0,straight_line_fee_recognition
REV-0003726,ORG-201113,PTR-005,2024-05,3264.3,3264.3,straight_line_fee_recognition
REV-0003727,ORG-201113,PTR-005,2024-06,3264.3,6528.6,straight_line_fee_recognition
REV-0003728,ORG-201114,PTR-004,2022-11,768.15,768.15,straight_line_fee_recognition
REV-0003729,ORG-201114,PTR-004,2022-12,768.15,1536.3,straight_line_fee_recognition
REV-0003730,ORG-201114,PTR-004,2023-01,768.15,2304.45,straight_line_fee_recognition
REV-0003731,ORG-201114,PTR-004,2023-02,768.15,3072.6,straight_line_fee_recognition
REV-0003732,ORG-201114,PTR-004,2023-03,768.15,3840.75,straight_line_fee_recognition
REV-0003733,ORG-201114,PTR-004,2023-04,768.15,4608.9,straight_line_fee_recognition
REV-0003734,ORG-201114,PTR-004,2023-05,768.15,5377.05,straight_line_fee_recognition
REV-0003735,ORG-201114,PTR-004,2023-06,768.15,6145.2,straight_line_fee_recognition
REV-0003736,ORG-201115,PTR-003,2023-01,1310.06,1310.06,straight_line_fee_recognition
REV-0003737,ORG-201115,PTR-003,2023-02,1310.06,2620.12,straight_line_fee_recognition
REV-0003738,ORG-201115,PTR-003,2023-03,1310.06,3930.18,straight_line_fee_recognition
REV-0003739,ORG-201115,PTR-003,2023-04,1310.06,5240.24,straight_line_fee_recognition
REV-0003740,ORG-201115,PTR-003,2023-05,1310.06,6550.3,straight_line_fee_recognition
REV-0003741,ORG-201115,PTR-003,2023-06,1310.06,7860.36,straight_line_fee_recognition
REV-0003742,ORG-201115,PTR-003,2023-07,1310.06,9170.42,straight_line_fee_recognition
REV-0003743,ORG-201115,PTR-003,2023-08,1310.06,10480.48,straight_line_fee_recognition
REV-0003744,ORG-201115,PTR-003,2023-09,1310.06,11790.54,straight_line_fee_recognition
REV-0003745,ORG-201115,PTR-003,2023-10,1310.06,13100.6,straight_line_fee_recognition
REV-0003746,ORG-201116,PTR-005,2024-07,1342.62,1342.62,straight_line_fee_recognition
REV-0003747,ORG-201116,PTR-005,2024-07,1342.62,2685.24,straight_line_fee_recognition
REV-0003748,ORG-201117,PTR-005,2024-12,1251.61,1251.61,straight_line_fee_recognition
REV-0003749,ORG-201117,PTR-005,2025-01,1251.61,2503.22,straight_line_fee_recognition
REV-0003750,ORG-201117,PTR-005,2025-02,1251.61,3754.83,straight_line_fee_recognition
REV-0003751,ORG-201117,PTR-005,2025-03,1251.61,5006.44,straight_line_fee_recognition
REV-0003752,ORG-201118,PTR-006,2022-04,633.86,633.86,straight_line_fee_recognition
REV-0003753,ORG-201118,PTR-006,2022-05,633.86,1267.72,straight_line_fee_recognition
REV-0003754,ORG-201118,PTR-006,2022-06,633.86,1901.58,straight_line_fee_recognition
REV-0003755,ORG-201119,PTR-001,2022-03,906.26,906.26,straight_line_fee_recognition
REV-0003756,ORG-201119,PTR-001,2022-04,906.26,1812.52,straight_line_fee_recognition
REV-0003757,ORG-201119,PTR-001,2022-05,906.26,2718.78,straight_line_fee_recognition
REV-0003758,ORG-201119,PTR-001,2022-06,906.26,3625.04,straight_line_fee_recognition
REV-0003759,ORG-201120,PTR-002,2024-03,3026.43,3026.43,straight_line_fee_recognition
REV-0003760,ORG-201120,PTR-002,2024-04,3026.43,6052.86,straight_line_fee_recognition
REV-0003761,ORG-201120,PTR-002,2024-05,3026.43,9079.29,straight_line_fee_recognition
REV-0003762,ORG-201120,PTR-002,2024-06,3026.43,12105.72,straight_line_fee_recognition
REV-0003763,ORG-201121,PTR-006,2024-09,2297.9,2297.9,straight_line_fee_recognition
REV-0003764,ORG-201121,PTR-006,2024-10,2297.9,4595.8,straight_line_fee_recognition
REV-0003765,ORG-201121,PTR-006,2024-11,2297.9,6893.7,straight_line_fee_recognition
REV-0003766,ORG-201121,PTR-006,2024-12,2297.9,9191.6,straight_line_fee_recognition
REV-0003767,ORG-201121,PTR-006,2025-01,2297.9,11489.5,straight_line_fee_recognition
REV-0003768,ORG-201121,PTR-006,2025-02,2297.9,13787.4,straight_line_fee_recognition
REV-0003769,ORG-201121,PTR-006,2025-03,2297.9,16085.3,straight_line_fee_recognition
REV-0003770,ORG-201121,PTR-006,2025-04,2297.9,18383.2,straight_line_fee_recognition
REV-0003771,ORG-201121,PTR-006,2025-05,2297.9,20681.1,straight_line_fee_recognition
REV-0003772,ORG-201121,PTR-006,2025-06,2297.9,22979.0,straight_line_fee_recognition
REV-0003773,ORG-201122,PTR-002,2022-03,3590.47,3590.47,straight_line_fee_recognition
REV-0003774,ORG-201122,PTR-002,2022-04,3590.47,7180.94,straight_line_fee_recognition
REV-0003775,ORG-201122,PTR-002,2022-05,3590.47,10771.41,straight_line_fee_recognition
REV-0003776,ORG-201123,PTR-001,2024-10,768.7,768.7,straight_line_fee_recognition
REV-0003777,ORG-201123,PTR-001,2024-11,768.7,1537.4,straight_line_fee_recognition
REV-0003778,ORG-201123,PTR-001,2024-12,768.7,2306.1,straight_line_fee_recognition
REV-0003779,ORG-201124,PTR-006,2023-01,1908.92,1908.92,straight_line_fee_recognition
REV-0003780,ORG-201124,PTR-006,2023-02,1908.92,3817.84,straight_line_fee_recognition
REV-0003781,ORG-201124,PTR-006,2023-03,1908.92,5726.76,straight_line_fee_recognition
REV-0003782,ORG-201125,PTR-001,2025-10,3075.7,3075.7,straight_line_fee_recognition
REV-0003783,ORG-201125,PTR-001,2025-11,3075.7,6151.4,straight_line_fee_recognition
REV-0003784,ORG-201125,PTR-001,2025-12,3075.7,9227.1,straight_line_fee_recognition
REV-0003785,ORG-201125,PTR-001,2026-01,3075.7,12302.8,straight_line_fee_recognition
REV-0003786,ORG-201125,PTR-001,2026-02,3075.7,15378.5,straight_line_fee_recognition
REV-0003787,ORG-201126,PTR-002,2024-12,2257.08,2257.08,straight_line_fee_recognition
REV-0003788,ORG-201126,PTR-002,2025-01,2257.08,4514.16,straight_line_fee_recognition
REV-0003789,ORG-201127,PTR-005,2023-09,4300.59,4300.59,straight_line_fee_recognition
REV-0003790,ORG-201127,PTR-005,2023-10,4300.59,8601.18,straight_line_fee_recognition
REV-0003791,ORG-201128,PTR-004,2023-12,2281.68,2281.68,straight_line_fee_recognition
REV-0003792,ORG-201128,PTR-004,2024-01,2281.68,4563.36,straight_line_fee_recognition
REV-0003793,ORG-201128,PTR-004,2024-02,2281.68,6845.04,straight_line_fee_recognition
REV-0003794,ORG-201128,PTR-004,2024-03,2281.68,9126.72,straight_line_fee_recognition
REV-0003795,ORG-201129,PTR-002,2023-04,1421.99,1421.99,straight_line_fee_recognition
REV-0003796,ORG-201129,PTR-002,2023-05,1421.99,2843.98,straight_line_fee_recognition
REV-0003797,ORG-201129,PTR-002,2023-06,1421.99,4265.97,straight_line_fee_recognition
REV-0003798,ORG-201130,PTR-001,2023-08,5581.82,5581.82,straight_line_fee_recognition
REV-0003799,ORG-201130,PTR-001,2023-09,5581.82,11163.64,straight_line_fee_recognition
REV-0003800,ORG-201130,PTR-001,2023-10,5581.82,16745.46,straight_line_fee_recognition
REV-0003801,ORG-201131,PTR-004,2022-02,388.12,388.12,straight_line_fee_recognition
REV-0003802,ORG-201131,PTR-004,2022-03,388.12,776.24,straight_line_fee_recognition
REV-0003803,ORG-201131,PTR-004,2022-04,388.12,1164.36,straight_line_fee_recognition
REV-0003804,ORG-201132,PTR-006,2025-07,1554.47,1554.47,straight_line_fee_recognition
REV-0003805,ORG-201132,PTR-006,2025-08,1554.47,3108.94,straight_line_fee_recognition
REV-0003806,ORG-201132,PTR-006,2025-09,1554.47,4663.41,straight_line_fee_recognition
REV-0003807,ORG-201132,PTR-006,2025-10,1554.47,6217.88,straight_line_fee_recognition
REV-0003808,ORG-201132,PTR-006,2025-11,1554.47,7772.35,straight_line_fee_recognition
REV-0003809,ORG-201132,PTR-006,2025-12,1554.47,9326.82,straight_line_fee_recognition
REV-0003810,ORG-201133,PTR-003,2023-06,325.54,325.54,straight_line_fee_recognition
REV-0003811,ORG-201133,PTR-003,2023-07,325.54,651.08,straight_line_fee_recognition
REV-0003812,ORG-201134,PTR-004,2022-08,2528.77,2528.77,straight_line_fee_recognition
REV-0003813,ORG-201134,PTR-004,2022-09,2528.77,5057.54,straight_line_fee_recognition
REV-0003814,ORG-201134,PTR-004,2022-10,2528.77,7586.31,straight_line_fee_recognition
REV-0003815,ORG-201134,PTR-004,2022-11,2528.77,10115.08,straight_line_fee_recognition
REV-0003816,ORG-201134,PTR-004,2022-12,2528.77,12643.85,straight_line_fee_recognition
REV-0003817,ORG-201135,PTR-001,2026-04,1292.04,1292.04,straight_line_fee_recognition
REV-0003818,ORG-201135,PTR-001,2026-05,1292.04,2584.08,straight_line_fee_recognition
REV-0003819,ORG-201135,PTR-001,2026-06,1292.04,3876.12,straight_line_fee_recognition
REV-0003820,ORG-201135,PTR-001,2026-07,1292.04,5168.16,straight_line_fee_recognition
REV-0003821,ORG-201135,PTR-001,2026-08,1292.04,6460.2,straight_line_fee_recognition
REV-0003822,ORG-201136,PTR-006,2023-08,2267.2,2267.2,straight_line_fee_recognition
REV-0003823,ORG-201136,PTR-006,2023-09,2267.2,4534.4,straight_line_fee_recognition
REV-0003824,ORG-201137,PTR-001,2025-03,1671.29,1671.29,straight_line_fee_recognition
REV-0003825,ORG-201137,PTR-001,2025-04,1671.29,3342.58,straight_line_fee_recognition
REV-0003826,ORG-201137,PTR-001,2025-05,1671.29,5013.87,straight_line_fee_recognition
REV-0003827,ORG-201138,PTR-004,2025-07,1152.24,1152.24,straight_line_fee_recognition
REV-0003828,ORG-201138,PTR-004,2025-08,1152.24,2304.48,straight_line_fee_recognition
REV-0003829,ORG-201138,PTR-004,2025-09,1152.24,3456.72,straight_line_fee_recognition
REV-0003830,ORG-201138,PTR-004,2025-10,1152.24,4608.96,straight_line_fee_recognition
REV-0003831,ORG-201138,PTR-004,2025-11,1152.24,5761.2,straight_line_fee_recognition
REV-0003832,ORG-201139,PTR-004,2023-11,1827.66,1827.66,straight_line_fee_recognition
REV-0003833,ORG-201139,PTR-004,2023-12,1827.66,3655.32,straight_line_fee_recognition
REV-0003834,ORG-201139,PTR-004,2024-01,1827.66,5482.98,straight_line_fee_recognition
REV-0003835,ORG-201140,PTR-004,2022-05,2804.72,2804.72,straight_line_fee_recognition
REV-0003836,ORG-201140,PTR-004,2022-06,2804.72,5609.44,straight_line_fee_recognition
REV-0003837,ORG-201141,PTR-003,2024-03,330.82,330.82,straight_line_fee_recognition
REV-0003838,ORG-201141,PTR-003,2024-04,330.82,661.64,straight_line_fee_recognition
REV-0003839,ORG-201142,PTR-006,2024-09,1899.61,1899.61,straight_line_fee_recognition
REV-0003840,ORG-201142,PTR-006,2024-10,1899.61,3799.22,straight_line_fee_recognition
REV-0003841,ORG-201142,PTR-006,2024-11,1899.61,5698.83,straight_line_fee_recognition
REV-0003842,ORG-201143,PTR-004,2022-08,4212.38,4212.38,straight_line_fee_recognition
REV-0003843,ORG-201143,PTR-004,2022-09,4212.38,8424.76,straight_line_fee_recognition
REV-0003844,ORG-201143,PTR-004,2022-10,4212.38,12637.14,straight_line_fee_recognition
REV-0003845,ORG-201143,PTR-004,2022-11,4212.38,16849.52,straight_line_fee_recognition
REV-0003846,ORG-201144,PTR-005,2023-08,2442.26,2442.26,straight_line_fee_recognition
REV-0003847,ORG-201144,PTR-005,2023-09,2442.26,4884.52,straight_line_fee_recognition
REV-0003848,ORG-201144,PTR-005,2023-10,2442.26,7326.78,straight_line_fee_recognition
REV-0003849,ORG-201144,PTR-005,2023-11,2442.26,9769.04,straight_line_fee_recognition
REV-0003850,ORG-201144,PTR-005,2023-12,2442.26,12211.3,straight_line_fee_recognition
REV-0003851,ORG-201145,PTR-002,2025-05,3975.78,3975.78,straight_line_fee_recognition
REV-0003852,ORG-201145,PTR-002,2025-06,3975.78,7951.56,straight_line_fee_recognition
REV-0003853,ORG-201145,PTR-002,2025-07,3975.78,11927.34,straight_line_fee_recognition
REV-0003854,ORG-201145,PTR-002,2025-07,3975.78,15903.12,straight_line_fee_recognition
REV-0003855,ORG-201146,PTR-001,2023-05,2175.02,2175.02,straight_line_fee_recognition
REV-0003856,ORG-201146,PTR-001,2023-06,2175.02,4350.04,straight_line_fee_recognition
REV-0003857,ORG-201147,PTR-001,2026-01,2451.23,2451.23,straight_line_fee_recognition
REV-0003858,ORG-201147,PTR-001,2026-02,2451.23,4902.46,straight_line_fee_recognition
REV-0003859,ORG-201147,PTR-001,2026-03,2451.23,7353.69,straight_line_fee_recognition
REV-0003860,ORG-201148,PTR-003,2022-02,1262.51,1262.51,straight_line_fee_recognition
REV-0003861,ORG-201148,PTR-003,2022-03,1262.51,2525.02,straight_line_fee_recognition
REV-0003862,ORG-201148,PTR-003,2022-04,1262.51,3787.53,straight_line_fee_recognition
REV-0003863,ORG-201149,PTR-006,2023-11,5285.14,5285.14,straight_line_fee_recognition
REV-0003864,ORG-201149,PTR-006,2023-12,5285.14,10570.28,straight_line_fee_recognition
REV-0003865,ORG-201149,PTR-006,2024-01,5285.14,15855.42,straight_line_fee_recognition
REV-0003866,ORG-201149,PTR-006,2024-02,5285.14,21140.56,straight_line_fee_recognition
REV-0003867,ORG-201149,PTR-006,2024-03,5285.14,26425.7,straight_line_fee_recognition
REV-0003868,ORG-201150,PTR-006,2026-05,2928.43,2928.43,straight_line_fee_recognition
REV-0003869,ORG-201150,PTR-006,2026-06,2928.43,5856.86,straight_line_fee_recognition
REV-0003870,ORG-201150,PTR-006,2026-07,2928.43,8785.29,straight_line_fee_recognition
REV-0003871,ORG-201150,PTR-006,2026-08,2928.43,11713.72,straight_line_fee_recognition
REV-0003872,ORG-201151,PTR-002,2023-04,1545.1,1545.1,straight_line_fee_recognition
REV-0003873,ORG-201151,PTR-002,2023-05,1545.1,3090.2,straight_line_fee_recognition
REV-0003874,ORG-201151,PTR-002,2023-06,1545.1,4635.3,straight_line_fee_recognition
REV-0003875,ORG-201152,PTR-004,2025-10,368.94,368.94,straight_line_fee_recognition
REV-0003876,ORG-201152,PTR-004,2025-11,368.94,737.88,straight_line_fee_recognition
REV-0003877,ORG-201152,PTR-004,2025-12,368.94,1106.82,straight_line_fee_recognition
REV-0003878,ORG-201152,PTR-004,2026-01,368.94,1475.76,straight_line_fee_recognition
REV-0003879,ORG-201153,PTR-006,2025-02,1661.65,1661.65,straight_line_fee_recognition
REV-0003880,ORG-201154,PTR-003,2024-12,6022.24,6022.24,straight_line_fee_recognition
REV-0003881,ORG-201154,PTR-003,2025-01,6022.24,12044.48,straight_line_fee_recognition
REV-0003882,ORG-201155,PTR-005,2024-04,2656.59,2656.59,straight_line_fee_recognition
REV-0003883,ORG-201155,PTR-005,2024-05,2656.59,5313.18,straight_line_fee_recognition
REV-0003884,ORG-201156,PTR-005,2024-04,672.47,672.47,straight_line_fee_recognition
REV-0003885,ORG-201156,PTR-005,2024-05,672.47,1344.94,straight_line_fee_recognition
REV-0003886,ORG-201156,PTR-005,2024-06,672.47,2017.41,straight_line_fee_recognition
REV-0003887,ORG-201157,PTR-003,2024-08,4033.78,4033.78,straight_line_fee_recognition
REV-0003888,ORG-201157,PTR-003,2024-09,4033.78,8067.56,straight_line_fee_recognition
REV-0003889,ORG-201158,PTR-002,2024-04,659.51,659.51,straight_line_fee_recognition
REV-0003890,ORG-201158,PTR-002,2024-05,659.51,1319.02,straight_line_fee_recognition
REV-0003891,ORG-201159,PTR-006,2023-01,152.29,152.29,straight_line_fee_recognition
REV-0003892,ORG-201159,PTR-006,2023-02,152.29,304.58,straight_line_fee_recognition
REV-0003893,ORG-201159,PTR-006,2023-03,152.29,456.87,straight_line_fee_recognition
REV-0003894,ORG-201160,PTR-001,2022-04,1084.68,1084.68,straight_line_fee_recognition
REV-0003895,ORG-201160,PTR-001,2022-05,1084.68,2169.36,straight_line_fee_recognition
REV-0003896,ORG-201160,PTR-001,2022-06,1084.68,3254.04,straight_line_fee_recognition
REV-0003897,ORG-201160,PTR-001,2022-07,1084.68,4338.72,straight_line_fee_recognition
REV-0003898,ORG-201160,PTR-001,2022-08,1084.68,5423.4,straight_line_fee_recognition
REV-0003899,ORG-201161,PTR-005,2022-11,1400.1,1400.1,straight_line_fee_recognition
REV-0003900,ORG-201161,PTR-005,2022-12,1400.1,2800.2,straight_line_fee_recognition
REV-0003901,ORG-201161,PTR-005,2023-01,1400.1,4200.3,straight_line_fee_recognition
REV-0003902,ORG-201161,PTR-005,2023-02,1400.1,5600.4,straight_line_fee_recognition
REV-0003903,ORG-201162,PTR-004,2026-02,596.7,596.7,straight_line_fee_recognition
REV-0003904,ORG-201162,PTR-004,2026-03,596.7,1193.4,straight_line_fee_recognition
REV-0003905,ORG-201162,PTR-004,2026-04,596.7,1790.1,straight_line_fee_recognition
REV-0003906,ORG-201163,PTR-004,2025-11,3565.18,3565.18,straight_line_fee_recognition
REV-0003907,ORG-201163,PTR-004,2025-12,3565.18,7130.36,straight_line_fee_recognition
REV-0003908,ORG-201164,PTR-002,2024-08,4047.73,4047.73,straight_line_fee_recognition
REV-0003909,ORG-201164,PTR-002,2024-09,4047.73,8095.46,straight_line_fee_recognition
REV-0003910,ORG-201164,PTR-002,2024-10,4047.73,12143.19,straight_line_fee_recognition
REV-0003911,ORG-201164,PTR-002,2024-11,4047.73,16190.92,straight_line_fee_recognition
REV-0003912,ORG-201165,PTR-006,2025-09,1593.07,1593.07,straight_line_fee_recognition
REV-0003913,ORG-201165,PTR-006,2025-10,1593.07,3186.14,straight_line_fee_recognition
REV-0003914,ORG-201166,PTR-005,2022-02,1352.04,1352.04,straight_line_fee_recognition
REV-0003915,ORG-201166,PTR-005,2022-03,1352.04,2704.08,straight_line_fee_recognition
REV-0003916,ORG-201166,PTR-005,2022-04,1352.04,4056.12,straight_line_fee_recognition
REV-0003917,ORG-201167,PTR-005,2023-10,1466.03,1466.03,straight_line_fee_recognition
REV-0003918,ORG-201167,PTR-005,2023-11,1466.03,2932.06,straight_line_fee_recognition
REV-0003919,ORG-201167,PTR-005,2023-12,1466.03,4398.09,straight_line_fee_recognition
REV-0003920,ORG-201167,PTR-005,2024-01,1466.03,5864.12,straight_line_fee_recognition
REV-0003921,ORG-201167,PTR-005,2024-02,1466.03,7330.15,straight_line_fee_recognition
REV-0003922,ORG-201168,PTR-005,2024-06,150.2,150.2,straight_line_fee_recognition
REV-0003923,ORG-201168,PTR-005,2024-07,150.2,300.4,straight_line_fee_recognition
REV-0003924,ORG-201168,PTR-005,2024-08,150.2,450.6,straight_line_fee_recognition
REV-0003925,ORG-201169,PTR-005,2023-08,1539.52,1539.52,straight_line_fee_recognition
REV-0003926,ORG-201169,PTR-005,2023-09,1539.52,3079.04,straight_line_fee_recognition
REV-0003927,ORG-201170,PTR-005,2025-06,2590.17,2590.17,straight_line_fee_recognition
REV-0003928,ORG-201170,PTR-005,2025-07,2590.17,5180.34,straight_line_fee_recognition
REV-0003929,ORG-201170,PTR-005,2025-08,2590.17,7770.51,straight_line_fee_recognition
REV-0003930,ORG-201170,PTR-005,2025-09,2590.17,10360.68,straight_line_fee_recognition
REV-0003931,ORG-201170,PTR-005,2025-10,2590.17,12950.85,straight_line_fee_recognition
REV-0003932,ORG-201171,PTR-004,2026-02,2010.42,2010.42,straight_line_fee_recognition
REV-0003933,ORG-201171,PTR-004,2026-03,2010.42,4020.84,straight_line_fee_recognition
REV-0003934,ORG-201171,PTR-004,2026-04,2010.42,6031.26,straight_line_fee_recognition
REV-0003935,ORG-201171,PTR-004,2026-05,2010.42,8041.68,straight_line_fee_recognition
REV-0003936,ORG-201172,PTR-006,2024-11,4724.47,4724.47,straight_line_fee_recognition
REV-0003937,ORG-201172,PTR-006,2024-12,4724.47,9448.94,straight_line_fee_recognition
REV-0003938,ORG-201172,PTR-006,2025-01,4724.47,14173.41,straight_line_fee_recognition
REV-0003939,ORG-201173,PTR-001,2023-09,1276.71,1276.71,straight_line_fee_recognition
REV-0003940,ORG-201174,PTR-002,2023-12,4562.7,4562.7,straight_line_fee_recognition
REV-0003941,ORG-201174,PTR-002,2024-01,4562.7,9125.4,straight_line_fee_recognition
REV-0003942,ORG-201174,PTR-002,2024-02,4562.7,13688.1,straight_line_fee_recognition
REV-0003943,ORG-201175,PTR-002,2022-10,3933.96,3933.96,straight_line_fee_recognition
REV-0003944,ORG-201175,PTR-002,2022-11,3933.96,7867.92,straight_line_fee_recognition
REV-0003945,ORG-201175,PTR-002,2022-12,3933.96,11801.88,straight_line_fee_recognition
REV-0003946,ORG-201176,PTR-006,2026-01,5520.59,5520.59,straight_line_fee_recognition
REV-0003947,ORG-201176,PTR-006,2026-02,5520.59,11041.18,straight_line_fee_recognition
REV-0003948,ORG-201176,PTR-006,2026-03,5520.59,16561.77,straight_line_fee_recognition
REV-0003949,ORG-201177,PTR-002,2026-05,4105.16,4105.16,straight_line_fee_recognition
REV-0003950,ORG-201177,PTR-002,2026-06,4105.16,8210.32,straight_line_fee_recognition
REV-0003951,ORG-201177,PTR-002,2026-07,4105.16,12315.48,straight_line_fee_recognition
REV-0003952,ORG-201178,PTR-001,2023-08,2070.66,2070.66,straight_line_fee_recognition
REV-0003953,ORG-201178,PTR-001,2023-09,2070.66,4141.32,straight_line_fee_recognition
REV-0003954,ORG-201179,PTR-002,2024-01,490.79,490.79,straight_line_fee_recognition
REV-0003955,ORG-201179,PTR-002,2024-02,490.79,981.58,straight_line_fee_recognition
REV-0003956,ORG-201179,PTR-002,2024-03,490.79,1472.37,straight_line_fee_recognition
REV-0003957,ORG-201179,PTR-002,2024-04,490.79,1963.16,straight_line_fee_recognition
REV-0003958,ORG-201180,PTR-006,2023-07,2981.82,2981.82,straight_line_fee_recognition
REV-0003959,ORG-201180,PTR-006,2023-08,2981.82,5963.64,straight_line_fee_recognition
REV-0003960,ORG-201180,PTR-006,2023-09,2981.82,8945.46,straight_line_fee_recognition
REV-0003961,ORG-201180,PTR-006,2023-10,2981.82,11927.28,straight_line_fee_recognition
REV-0003962,ORG-201181,PTR-006,2022-05,2766.38,2766.38,straight_line_fee_recognition
REV-0003963,ORG-201181,PTR-006,2022-06,2766.38,5532.76,straight_line_fee_recognition
REV-0003964,ORG-201181,PTR-006,2022-07,2766.38,8299.14,straight_line_fee_recognition
REV-0003965,ORG-201181,PTR-006,2022-08,2766.38,11065.52,straight_line_fee_recognition
REV-0003966,ORG-201181,PTR-006,2022-09,2766.38,13831.9,straight_line_fee_recognition
REV-0003967,ORG-201182,PTR-006,2022-12,503.85,503.85,straight_line_fee_recognition
REV-0003968,ORG-201182,PTR-006,2023-01,503.85,1007.7,straight_line_fee_recognition
REV-0003969,ORG-201183,PTR-004,2025-09,649.25,649.25,straight_line_fee_recognition
REV-0003970,ORG-201183,PTR-004,2025-10,649.25,1298.5,straight_line_fee_recognition
REV-0003971,ORG-201183,PTR-004,2025-11,649.25,1947.75,straight_line_fee_recognition
REV-0003972,ORG-201183,PTR-004,2025-12,649.25,2597.0,straight_line_fee_recognition
REV-0003973,ORG-201184,PTR-003,2022-07,2213.16,2213.16,straight_line_fee_recognition
REV-0003974,ORG-201184,PTR-003,2022-07,2213.16,4426.32,straight_line_fee_recognition
REV-0003975,ORG-201184,PTR-003,2022-08,2213.16,6639.48,straight_line_fee_recognition
REV-0003976,ORG-201185,PTR-006,2026-01,3899.69,3899.69,straight_line_fee_recognition
REV-0003977,ORG-201185,PTR-006,2026-02,3899.69,7799.38,straight_line_fee_recognition
REV-0003978,ORG-201185,PTR-006,2026-03,3899.69,11699.07,straight_line_fee_recognition
REV-0003979,ORG-201186,PTR-005,2026-01,1433.97,1433.97,straight_line_fee_recognition
REV-0003980,ORG-201186,PTR-005,2026-02,1433.97,2867.94,straight_line_fee_recognition
REV-0003981,ORG-201187,PTR-001,2024-05,2821.13,2821.13,straight_line_fee_recognition
REV-0003982,ORG-201187,PTR-001,2024-06,2821.13,5642.26,straight_line_fee_recognition
REV-0003983,ORG-201187,PTR-001,2024-07,2821.13,8463.39,straight_line_fee_recognition
REV-0003984,ORG-201188,PTR-005,2022-05,1278.55,1278.55,straight_line_fee_recognition
REV-0003985,ORG-201188,PTR-005,2022-06,1278.55,2557.1,straight_line_fee_recognition
REV-0003986,ORG-201188,PTR-005,2022-07,1278.55,3835.65,straight_line_fee_recognition
REV-0003987,ORG-201188,PTR-005,2022-08,1278.55,5114.2,straight_line_fee_recognition
REV-0003988,ORG-201189,PTR-004,2023-03,535.22,535.22,straight_line_fee_recognition
REV-0003989,ORG-201189,PTR-004,2023-04,535.22,1070.44,straight_line_fee_recognition
REV-0003990,ORG-201190,PTR-005,2026-05,1951.78,1951.78,straight_line_fee_recognition
REV-0003991,ORG-201190,PTR-005,2026-06,1951.78,3903.56,straight_line_fee_recognition
REV-0003992,ORG-201191,PTR-003,2022-07,198.0,198.0,straight_line_fee_recognition
REV-0003993,ORG-201191,PTR-003,2022-08,198.0,396.0,straight_line_fee_recognition
REV-0003994,ORG-201191,PTR-003,2022-09,198.0,594.0,straight_line_fee_recognition
REV-0003995,ORG-201192,PTR-005,2023-08,4082.76,4082.76,straight_line_fee_recognition
REV-0003996,ORG-201192,PTR-005,2023-09,4082.76,8165.52,straight_line_fee_recognition
REV-0003997,ORG-201192,PTR-005,2023-10,4082.76,12248.28,straight_line_fee_recognition
REV-0003998,ORG-201193,PTR-004,2025-08,3648.02,3648.02,straight_line_fee_recognition
REV-0003999,ORG-201193,PTR-004,2025-09,3648.02,7296.04,straight_line_fee_recognition
REV-0004000,ORG-201193,PTR-004,2025-10,3648.02,10944.06,straight_line_fee_recognition
REV-0004001,ORG-201193,PTR-004,2025-11,3648.02,14592.08,straight_line_fee_recognition
REV-0004002,ORG-201194,PTR-005,2023-03,3350.03,3350.03,straight_line_fee_recognition
REV-0004003,ORG-201194,PTR-005,2023-04,3350.03,6700.06,straight_line_fee_recognition
REV-0004004,ORG-201195,PTR-006,2025-05,2454.28,2454.28,straight_line_fee_recognition
REV-0004005,ORG-201195,PTR-006,2025-06,2454.28,4908.56,straight_line_fee_recognition
REV-0004006,ORG-201196,PTR-004,2023-02,2126.98,2126.98,straight_line_fee_recognition
REV-0004007,ORG-201196,PTR-004,2023-03,2126.98,4253.96,straight_line_fee_recognition
REV-0004008,ORG-201196,PTR-004,2023-04,2126.98,6380.94,straight_line_fee_recognition
REV-0004009,ORG-201197,PTR-002,2025-03,342.82,342.82,straight_line_fee_recognition
REV-0004010,ORG-201197,PTR-002,2025-04,342.82,685.64,straight_line_fee_recognition
REV-0004011,ORG-201198,PTR-002,2024-07,3878.68,3878.68,straight_line_fee_recognition
REV-0004012,ORG-201198,PTR-002,2024-08,3878.68,7757.36,straight_line_fee_recognition
REV-0004013,ORG-201199,PTR-003,2024-08,3539.33,3539.33,straight_line_fee_recognition
REV-0004014,ORG-201199,PTR-003,2024-09,3539.33,7078.66,straight_line_fee_recognition
REV-0004015,ORG-201200,PTR-003,2024-02,1805.79,1805.79,straight_line_fee_recognition
REV-0004016,ORG-201200,PTR-003,2024-03,1805.79,3611.58,straight_line_fee_recognition
